{
"type": "FeatureCollection",
"name": "1973_busv3",
"crs": { "type": "name", "properties": { "name": "urn:ogc:def:crs:OGC:1.3:CRS84" } },
"features": [
{ "type": "Feature", "properties": { "CADRE_NO": "10.701", "DDT_URL": null, "ETC_NOM": "Transports de la région Morges - Bière - Cossonay", "ETC_SIGLE": "MBC", "ETC_URL": "https://mbc.ch", "GO_CENTRE": 0, "HORAIR_URL": "https://www.tableaux-horaires.ch/fileadmin/fap_pdf_fields/2025/10.701.pdf", "LIGNE_NO": "701", "LIGNE_NOM": "Tolochenaz - Morges - St-Sulpice VD - Ecublens VD - Lausanne", "LIGNE_SIGL": "TPM", "LIGNE_TYPE": "Bus urbain", "PLAN_URL": "https://prestations.vd.ch/pub/101587/api/download/2_Cartographie_et_geodonnees/2.1_Carte_des_reseaux/Carte_des_lignes_TP/topo/ligne_10.701.pdf", "SHAPE_LEN": 11352.987 }, "geometry": { "type": "MultiLineString", "coordinates": [ [ [ 6.583677803981138, 46.520777645017738 ], [ 6.583948432509438, 46.520840507029391 ], [ 6.5843883914511, 46.520952107139799 ], [ 6.584893162280107, 46.521107482674324 ], [ 6.585219285021359, 46.521221614371377 ], [ 6.585297521639892, 46.521247895827671 ] ], [ [ 6.583505256911364, 46.520740405004695 ], [ 6.583507684715326, 46.520735223537933 ], [ 6.583511066761828, 46.520729860344858 ], [ 6.583515441858637, 46.520724333710206 ], [ 6.583520222702217, 46.520719520828436 ], [ 6.583525650109212, 46.520715027684588 ], [ 6.583531183979556, 46.520711219049225 ], [ 6.583538194038415, 46.520707187640511 ], [ 6.583544641005686, 46.520704150558331 ], [ 6.583552036238743, 46.520701309541813 ], [ 6.583560390918735, 46.520698781624922 ], [ 6.583568434505324, 46.520696971053532 ], [ 6.58357606445914, 46.520695769101252 ], [ 6.583585095914436, 46.520694946552965 ], [ 6.583592905253695, 46.520694762514928 ], [ 6.58360203534862, 46.520695119202507 ], [ 6.583609750852577, 46.520695924030981 ], [ 6.583617965313527, 46.520697317368167 ], [ 6.583626573062013, 46.520699388378972 ], [ 6.583634262247273, 46.520701857292536 ], [ 6.583641022399284, 46.520704562099695 ], [ 6.583647941568035, 46.520707924822716 ], [ 6.583654835614225, 46.520712052027534 ], [ 6.583660685483384, 46.520716279316424 ], [ 6.583665545006009, 46.520720499141646 ], [ 6.583670518051297, 46.520725781366103 ], [ 6.583674424129459, 46.520730956592139 ], [ 6.583677648476436, 46.520736387568419 ], [ 6.583679912805843, 46.520741541425885 ], [ 6.583681757244767, 46.520747699686112 ], [ 6.583682655692387, 46.520753517960379 ], [ 6.583682745655548, 46.520759366126384 ], [ 6.583682067364777, 46.520765172518331 ], [ 6.583680568696225, 46.52077093674334 ], [ 6.583677803981138, 46.520777645017738 ], [ 6.583674802262803, 46.52078285814752 ], [ 6.583670634533894, 46.520788458320041 ], [ 6.583666418294418, 46.520793005578959 ], [ 6.583661249375453, 46.520797635619545 ], [ 6.583655012632541, 46.52080221263185 ], [ 6.583648631041257, 46.520806059865222 ], [ 6.583641760961096, 46.520809480598466 ], [ 6.58363504474796, 46.520812236776884 ], [ 6.58362739414989, 46.52081474301729 ], [ 6.583619438776451, 46.520816743176617 ], [ 6.583610603560474, 46.520818340874428 ], [ 6.583602261727347, 46.520819231595262 ], [ 6.583594449524652, 46.520819595535229 ], [ 6.583585329594147, 46.520819418846536 ], [ 6.583570095580706, 46.520817711713264 ], [ 6.583561743880785, 46.520815930504526 ], [ 6.583554530281303, 46.520813878992946 ], [ 6.583547013758101, 46.520811204464373 ], [ 6.58353935295892, 46.520807764176276 ], [ 6.583532724732687, 46.520804133755568 ], [ 6.583527075675054, 46.520800393764979 ], [ 6.583521502301997, 46.520795988630567 ], [ 6.583516559820217, 46.520791246398019 ], [ 6.58351198012994, 46.520785814197346 ], [ 6.583508695277947, 46.520780913532214 ], [ 6.583505863010596, 46.52077541353728 ], [ 6.583503763462272, 46.520769730146313 ], [ 6.583502447191154, 46.520763962697956 ], [ 6.583501907853756, 46.520757688326093 ], [ 6.583502201580155, 46.520752301854735 ], [ 6.583503355974459, 46.520746058241755 ], [ 6.583505256911364, 46.520740405004695 ], [ 6.582821340357252, 46.520603742362354 ], [ 6.582788771255736, 46.520597226362284 ], [ 6.582277668091094, 46.520495086709161 ], [ 6.582180129748223, 46.520475593462422 ], [ 6.58202858765566, 46.520442791922193 ], [ 6.58098643582939, 46.520254977496947 ], [ 6.580059843217989, 46.520086362196274 ], [ 6.579453394765569, 46.519971793159591 ], [ 6.579088411405858, 46.519898129837806 ], [ 6.578629591363178, 46.519796144873808 ], [ 6.578089589487288, 46.519672428328377 ], [ 6.577634312462166, 46.519563422208599 ], [ 6.577278142974207, 46.519471827632024 ], [ 6.577253586587385, 46.519465523805394 ], [ 6.576769736439567, 46.519337531281217 ], [ 6.576208092650874, 46.519185492363604 ], [ 6.575363939654715, 46.518958594388153 ], [ 6.574737970537333, 46.518793140167183 ], [ 6.574612370955649, 46.518757089680868 ], [ 6.574058098063127, 46.518597971223137 ], [ 6.573855016401941, 46.518534727758876 ], [ 6.572888267379867, 46.518233701937646 ], [ 6.572362535407189, 46.518067829904908 ], [ 6.57219214891295, 46.518013064571171 ], [ 6.57141401737331, 46.517762981302269 ], [ 6.570966440506694, 46.517618535251302 ], [ 6.570702639082984, 46.517541444385536 ], [ 6.570466108539787, 46.517485774533981 ], [ 6.57023026778825, 46.517443981535635 ], [ 6.570042570927843, 46.517409204829953 ], [ 6.569797682222761, 46.517380673952403 ] ], [ [ 6.585297521639892, 46.521247895827671 ], [ 6.585375784254465, 46.521274186421181 ], [ 6.585802736216689, 46.521417610450314 ], [ 6.586436147415755, 46.521658968444719 ], [ 6.587504165490911, 46.522046883549926 ], [ 6.58832268386996, 46.522339583951144 ], [ 6.588640154944185, 46.522450357278458 ], [ 6.589452601902487, 46.522754492006662 ], [ 6.589525701846861, 46.522782810174327 ], [ 6.589773739136, 46.522875275269456 ] ], [ [ 6.590748786871908, 46.523245803016181 ], [ 6.590230813489941, 46.523181953626406 ], [ 6.589977926187888, 46.523146740602314 ], [ 6.589802106661383, 46.523122107335809 ], [ 6.589734721881986, 46.523108261901733 ], [ 6.589696488894351, 46.523082993577283 ], [ 6.589692077553165, 46.523075088957242 ], [ 6.589673034906349, 46.52304115701115 ], [ 6.589680921302034, 46.522999572952216 ], [ 6.589695935736916, 46.522964690368021 ], [ 6.589773739136, 46.522875275269456 ], [ 6.590067305801444, 46.52298987797522 ], [ 6.590748786871908, 46.523245803016181 ], [ 6.590230813489941, 46.523181953626406 ], [ 6.589977926187888, 46.523146740602314 ], [ 6.589802106661383, 46.523122107335809 ], [ 6.589734721881986, 46.523108261901733 ], [ 6.589696488894351, 46.523082993577283 ], [ 6.589692077553165, 46.523075088957242 ], [ 6.589673034906349, 46.52304115701115 ], [ 6.589680921302034, 46.522999572952216 ], [ 6.589695935736916, 46.522964690368021 ], [ 6.589773739136, 46.522875275269456 ] ], [ [ 6.559921267055455, 46.514896662368642 ], [ 6.559856191056071, 46.514871733670461 ], [ 6.559573659542941, 46.514748600158093 ], [ 6.559127133590824, 46.514575021524898 ] ], [ [ 6.559921267055455, 46.514896662368642 ], [ 6.560434829559787, 46.515118418515883 ], [ 6.560501823718567, 46.515149641050982 ], [ 6.561016569416873, 46.515389512970252 ], [ 6.561299146731772, 46.515517456141119 ], [ 6.562491404421597, 46.516060763899404 ], [ 6.56355183262602, 46.516516355081997 ], [ 6.563775149089793, 46.516597117777678 ], [ 6.563841365255777, 46.516621081404836 ], [ 6.564210651870089, 46.516736281547473 ], [ 6.564671319330993, 46.516852157518237 ], [ 6.565163746516762, 46.516944652228354 ], [ 6.565334515722538, 46.51697750749279 ], [ 6.565559909821656, 46.517058201670473 ] ], [ [ 6.565681596251856, 46.517082573112106 ], [ 6.565681768108237, 46.517088071088246 ], [ 6.565680794010623, 46.51709432491986 ], [ 6.565678825754402, 46.517100004343234 ], [ 6.56567609875049, 46.517105057193021 ], [ 6.565672222638194, 46.517110254134892 ], [ 6.565667030641742, 46.517115431954636 ], [ 6.565661818436306, 46.517119440117803 ], [ 6.565655448885059, 46.517123295436129 ], [ 6.565648450159308, 46.517126570158212 ], [ 6.565640901165345, 46.517129219910267 ], [ 6.565632933220011, 46.517131182729692 ], [ 6.565617657337492, 46.51713297235991 ], [ 6.565609630427364, 46.517132937576406 ], [ 6.565600587075765, 46.517132094311847 ], [ 6.565592414598139, 46.517130583036661 ], [ 6.565584579346153, 46.517128363659481 ], [ 6.56557721060316, 46.51712550014846 ], [ 6.565570915694642, 46.517122312043206 ], [ 6.565564751420866, 46.517118297296307 ], [ 6.565558965497086, 46.517113448817938 ], [ 6.565554471576534, 46.517108484336489 ], [ 6.565550921335682, 46.517103185263529 ], [ 6.565548352992661, 46.517097605870156 ], [ 6.56554692678528, 46.517092314147853 ], [ 6.565546337591319, 46.517086030293534 ], [ 6.565546913832258, 46.517080205216686 ], [ 6.56554854404853, 46.517074478213033 ], [ 6.565551201163021, 46.51706891204725 ], [ 6.565554831021837, 46.517063632248757 ], [ 6.565559909821656, 46.517058201670473 ], [ 6.565565679601148, 46.51705355907567 ], [ 6.565571458879856, 46.517049942116003 ], [ 6.565578368278945, 46.517046549761169 ], [ 6.565586404312089, 46.517043597892048 ], [ 6.56559433460888, 46.517041544824643 ], [ 6.565601939403328, 46.517040280913783 ], [ 6.56561605162837, 46.517039534881526 ], [ 6.565623980052273, 46.517040018714816 ], [ 6.565632885100379, 46.517041355702091 ], [ 6.565640257944317, 46.517043157694275 ], [ 6.565647852691613, 46.517045744059502 ], [ 6.565654902753072, 46.51704897395625 ], [ 6.565661317935757, 46.517052783717432 ], [ 6.565667020931372, 46.517057118771255 ], [ 6.56567188274737, 46.517061897159863 ], [ 6.565676080284057, 46.517067462098623 ], [ 6.565678989015871, 46.517072945150552 ], [ 6.565681596251856, 46.517082573112106 ], [ 6.565852162448088, 46.517065893174824 ], [ 6.566070643086732, 46.517059063482975 ], [ 6.566711257047957, 46.517099029057981 ], [ 6.567514594746867, 46.517156154865944 ], [ 6.568165596919852, 46.517209884140158 ], [ 6.568876579773733, 46.517283375302227 ], [ 6.569619672196754, 46.517357009014283 ], [ 6.569797682222761, 46.517380673952403 ] ] ] } },
{ "type": "Feature", "properties": { "CADRE_NO": "10.033", "DDT_URL": null, "ETC_NOM": "Transports publics de la région lausannoise", "ETC_SIGLE": "TL", "ETC_URL": "https://www.t-l.ch", "GO_CENTRE": 0, "HORAIR_URL": "https://www.tableaux-horaires.ch/fileadmin/fap_pdf_fields/2025/10.033.pdf", "LIGNE_NO": "33", "LIGNE_NOM": "St-Sulpice VD - Ecublens VD - Renens VD - Prilly", "LIGNE_SIGL": null, "LIGNE_TYPE": "Bus urbain", "PLAN_URL": "https://prestations.vd.ch/pub/101587/api/download/2_Cartographie_et_geodonnees/2.1_Carte_des_reseaux/Carte_des_lignes_TP/topo/ligne_10.033.pdf", "SHAPE_LEN": 11255.068 }, "geometry": { "type": "MultiLineString", "coordinates": [ [ [ 6.610120537029958, 46.544958998363008 ], [ 6.610126010074993, 46.544703026773981 ], [ 6.610164321389986, 46.54401792040639 ], [ 6.610065806580458, 46.543445737034155 ], [ 6.60979215433164, 46.542534748431798 ], [ 6.609693639522054, 46.54224112074867 ], [ 6.60952944817269, 46.54206042600056 ], [ 6.608960251494829, 46.541751737748022 ], [ 6.608503703211185, 46.541439420026713 ], [ 6.608632386880299, 46.541352541341283 ], [ 6.608664135955939, 46.541331119931712 ], [ 6.608818016684067, 46.54121561081508 ], [ 6.608962519049506, 46.541083372164522 ], [ 6.609289434999126, 46.540707547831957 ], [ 6.609586486490877, 46.540389826104523 ] ], [ [ 6.565910224550798, 46.529065621186795 ], [ 6.565859015308894, 46.529063805917794 ], [ 6.565752329406022, 46.529063722952202 ], [ 6.565705282324193, 46.529069721305866 ], [ 6.565644814321124, 46.529080276393699 ], [ 6.565528494579336, 46.529107710306285 ], [ 6.565385424550228, 46.529148261542339 ], [ 6.565026309159601, 46.529260468129472 ], [ 6.564815475036946, 46.529310491644203 ], [ 6.564563505908446, 46.529365199773707 ], [ 6.564389011052572, 46.529407180977465 ], [ 6.564301824021879, 46.529424834370914 ], [ 6.564173569099835, 46.529443844499802 ], [ 6.564047833180704, 46.529456198751667 ], [ 6.56389320486642, 46.529465001559281 ], [ 6.563642056881764, 46.52946807604436 ], [ 6.563301754521823, 46.529463769113761 ], [ 6.563169054743587, 46.529459416785699 ], [ 6.5629856978298, 46.529451335819026 ], [ 6.562852971144487, 46.529448647202983 ], [ 6.562809519285197, 46.529448311826762 ], [ 6.562741889355791, 46.529451127377698 ], [ 6.562637892818667, 46.529461992585475 ], [ 6.562485608519459, 46.529474131157563 ], [ 6.562287311735497, 46.52949593589647 ], [ 6.562063579255107, 46.529517246927071 ], [ 6.562028592114661, 46.52952060209514 ], [ 6.561866527857651, 46.529541003725178 ], [ 6.561764711990889, 46.52956687258802 ], [ 6.56151747869386, 46.529628276745548 ], [ 6.561413225325357, 46.529654126454233 ], [ 6.561302047892702, 46.529663270640178 ], [ 6.561211554402459, 46.529657281186779 ], [ 6.56120956678462, 46.529663293244838 ], [ 6.561206376442495, 46.529668720248409 ], [ 6.56120239075737, 46.529673358435858 ], [ 6.5611970125845, 46.529677859909249 ], [ 6.561190705963959, 46.529681742463993 ], [ 6.561183589653041, 46.529684917056741 ], [ 6.56117355876682, 46.529687772237658 ], [ 6.561165784122725, 46.529688944590838 ], [ 6.561157344466423, 46.529689329134953 ], [ 6.56114828225597, 46.529688719286504 ], [ 6.561140095119272, 46.529687198596093 ], [ 6.561132351653228, 46.529684844693143 ], [ 6.561120599574052, 46.529678906306302 ], [ 6.561115141194875, 46.529674698872199 ], [ 6.561110247872975, 46.529669407272237 ], [ 6.561107121636671, 46.529664462195733 ], [ 6.56110490621477, 46.529658813466277 ], [ 6.561104030235617, 46.529652554360275 ], [ 6.561104495668659, 46.529647169259505 ], [ 6.561106230851481, 46.529641452124267 ], [ 6.561109291310222, 46.529635997130498 ], [ 6.561113505279061, 46.529630946888304 ], [ 6.561118832052426, 46.529626400040577 ], [ 6.561125638890426, 46.529622215488658 ], [ 6.561132203429987, 46.529619306517425 ], [ 6.561139932614049, 46.529616919333407 ], [ 6.561148535190012, 46.529615330565015 ], [ 6.561156521600821, 46.529614762593468 ], [ 6.5611656139537, 46.529615120781934 ], [ 6.561173870333855, 46.529616390113532 ], [ 6.561181151029366, 46.529618344604131 ], [ 6.561188520510894, 46.52962125337379 ], [ 6.561195573149885, 46.529625212243715 ], [ 6.561201185151829, 46.529629591788961 ], [ 6.561205413029072, 46.529634122561866 ], [ 6.561209099874628, 46.529639863632667 ], [ 6.561211236962635, 46.529645520750442 ], [ 6.561212036178985, 46.529650888642067 ], [ 6.561211554402459, 46.529657281186779 ] ], [ [ 6.611189805777438, 46.538493770885509 ], [ 6.611253361025805, 46.53839405377397 ] ], [ [ 6.580809024831453, 46.536016242838869 ], [ 6.580805019643935, 46.536010688937608 ], [ 6.580802231853332, 46.536005639026087 ], [ 6.580799987760987, 46.536000008475796 ], [ 6.580798567130915, 46.535994240212062 ], [ 6.580797962782287, 46.535987965339231 ], [ 6.580798191687621, 46.535982578386168 ], [ 6.580799411891513, 46.53597633529786 ], [ 6.580801215978921, 46.535971086197804 ], [ 6.580804178386246, 46.535965135159209 ], [ 6.580807730102301, 46.535959836296776 ], [ 6.580811675751536, 46.535955179137432 ], [ 6.580816639665557, 46.535950430717662 ], [ 6.580822249452352, 46.535946056021281 ], [ 6.58082845254537, 46.535942081639249 ], [ 6.580835209127098, 46.535938552251146 ], [ 6.580842440276459, 46.535935512241039 ], [ 6.580850080820828, 46.535932961116146 ], [ 6.58086555579758, 46.53592960558008 ], [ 6.580873300130759, 46.535928728518819 ], [ 6.58088175379707, 46.535928333613469 ], [ 6.580890875408857, 46.535928564489346 ], [ 6.580898607364198, 46.53592928864439 ], [ 6.580906877062854, 46.535930628600269 ], [ 6.58091487721986, 46.53593252427855 ], [ 6.58092315228845, 46.535935168713074 ], [ 6.580929887710917, 46.535937900467651 ], [ 6.580936755521832, 46.535941325924647 ], [ 6.580943068459241, 46.53594521498637 ], [ 6.580948827379738, 46.535949513682617 ], [ 6.580954261766094, 46.535954547608625 ], [ 6.580958307880223, 46.535959166216074 ], [ 6.580962232588294, 46.535964863441691 ], [ 6.580964850514255, 46.535969939053857 ], [ 6.580966937636823, 46.535975604398942 ], [ 6.580968246727558, 46.535981830620194 ], [ 6.580968617428891, 46.53598722210517 ], [ 6.580968185741759, 46.535993066328629 ], [ 6.580966933733625, 46.535998850375485 ], [ 6.580964646998369, 46.536004941466771 ], [ 6.580961718384293, 46.536010406973631 ], [ 6.580958290700505, 46.536015283959976 ], [ 6.580953896602321, 46.536020270591926 ], [ 6.580948368067598, 46.536025275638153 ], [ 6.580939035238011, 46.536031781273763 ], [ 6.580932027282865, 46.536035542667619 ], [ 6.580924834372331, 46.536038636949293 ], [ 6.580917860863907, 46.536041049182735 ], [ 6.580909338810405, 46.536043287781105 ], [ 6.580901794734332, 46.536044688134247 ], [ 6.580892796210692, 46.536045735640606 ], [ 6.580884330062608, 46.536046094467963 ], [ 6.580876771723236, 46.536045929384613 ], [ 6.58086772454455, 46.53604511432178 ], [ 6.580860130913913, 46.536043887426921 ], [ 6.580852091210321, 46.536042018434379 ], [ 6.580843789203085, 46.536039427767967 ], [ 6.580836483820536, 46.536036466796801 ], [ 6.58083015931538, 46.536033306328477 ], [ 6.580823342596427, 46.536029125576171 ], [ 6.580818034747351, 46.536025154144021 ], [ 6.580809024831453, 46.536016242838869 ], [ 6.580704227805284, 46.536059738576078 ], [ 6.58024649719568, 46.536147911796661 ], [ 6.580118020318597, 46.536180261593195 ], [ 6.58002102298301, 46.536207856571686 ], [ 6.579928663640726, 46.536245472271467 ], [ 6.579863053988524, 46.536271631337456 ], [ 6.579777716134867, 46.536324314597643 ], [ 6.579599952079124, 46.536419596583201 ], [ 6.579441711675141, 46.536511031828695 ], [ 6.579261222076352, 46.536615315779791 ], [ 6.579180851869799, 46.536659678808817 ], [ 6.579100733165145, 46.536687400838176 ], [ 6.579006159404881, 46.536713340035718 ], [ 6.578911810916323, 46.536724293301489 ], [ 6.578757310226716, 46.536723122738934 ], [ 6.57857607212736, 46.536733417321813 ] ], [ [ 6.603485607968159, 46.527310987966025 ], [ 6.603476911221191, 46.527312030472693 ], [ 6.603468126132636, 46.527313729044259 ], [ 6.603460810659459, 46.527315636347311 ], [ 6.603452621696833, 46.527318400846497 ], [ 6.603445392830499, 46.527321451291805 ], [ 6.603438613429594, 46.527324936858449 ], [ 6.603432309698069, 46.527328848743245 ], [ 6.603426982987258, 46.527332794808103 ], [ 6.603421405705751, 46.527337773580619 ], [ 6.603417203509423, 46.527342330662158 ] ], [ [ 6.586782735224596, 46.532023492698684 ], [ 6.586783641281716, 46.53202886119216 ], [ 6.586783802853638, 46.532035150697695 ], [ 6.58678315039632, 46.532040984285921 ], [ 6.586781828413525, 46.532046291072589 ], [ 6.586779438372653, 46.532052372504211 ], [ 6.586776673484979, 46.532057425563274 ], [ 6.586772673937068, 46.532063072093969 ], [ 6.586768202777457, 46.532068040374476 ], [ 6.58676350750331, 46.532072341258967 ], [ 6.586757359541015, 46.532077009074825 ], [ 6.586751041299937, 46.532080901945044 ], [ 6.586744785684276, 46.532084129571729 ], [ 6.586737555381237, 46.532087169958032 ], [ 6.586729941441214, 46.532089739665103 ], [ 6.586722009599628, 46.532091803201922 ], [ 6.586713838625615, 46.532093325175204 ], [ 6.586705493829343, 46.532094297079162 ], [ 6.586696388272252, 46.532094741495435 ], [ 6.586687931288325, 46.532094561051572 ], [ 6.586680562760126, 46.532093965961231 ], [ 6.586672291094433, 46.532092779341362 ], [ 6.58666357445379, 46.532090878685949 ], [ 6.586655789582354, 46.532088580199996 ], [ 6.586648934495011, 46.532086009814748 ], [ 6.586641868329694, 46.532082772130771 ], [ 6.586635291499435, 46.532079088314177 ], [ 6.586628804783074, 46.532074649499137 ], [ 6.586621731578848, 46.532068550992669 ], [ 6.586617029207393, 46.532063378896169 ], [ 6.586613227149459, 46.532058150586693 ], [ 6.586610158520163, 46.532052702880961 ], [ 6.58660786185298, 46.532047072052833 ], [ 6.586606349188668, 46.532041321165707 ], [ 6.586605645885212, 46.53203549539068 ], [ 6.586605691866854, 46.532030098059728 ], [ 6.586606624855684, 46.532023834764694 ], [ 6.586608155251127, 46.532018538540953 ], [ 6.586610778780345, 46.532012530834997 ], [ 6.58661401870512, 46.532007112505511 ], [ 6.586617971507317, 46.532001951420156 ], [ 6.586622610977761, 46.531997056378216 ], [ 6.586627474417263, 46.531992837727358 ], [ 6.586633341585499, 46.531988617616541 ], [ 6.58664026277328, 46.531984513372954 ], [ 6.586649861378992, 46.531980078382901 ], [ 6.586635828407476, 46.531962340609446 ], [ 6.586562000603787, 46.531896816225363 ], [ 6.586449265579946, 46.53185098000089 ], [ 6.586254445376656, 46.531804527085356 ], [ 6.586035487231739, 46.531757901465845 ], [ 6.585970591173123, 46.531742669182037 ], [ 6.585609786554543, 46.531658002683145 ], [ 6.585294645256798, 46.531584041979976 ], [ 6.584546811053388, 46.531396801727652 ] ], [ [ 6.586649861378992, 46.531980078382901 ], [ 6.586656927612445, 46.531977522561185 ], [ 6.586664770898624, 46.531975287437739 ], [ 6.586672853315039, 46.531973593876764 ], [ 6.586681175145491, 46.531972423888135 ], [ 6.586689592311627, 46.531971821370639 ], [ 6.58669871781839, 46.531971763938294 ], [ 6.586707142902676, 46.531972312983207 ], [ 6.586714818266064, 46.531973288212889 ], [ 6.586722979123512, 46.531974887819707 ], [ 6.586731467796048, 46.531977191584993 ], [ 6.586738429269088, 46.53197962782216 ], [ 6.586746145263829, 46.531982987328405 ], [ 6.586752814742986, 46.531986581872914 ], [ 6.586758982282377, 46.531990595466802 ], [ 6.586764557072096, 46.53199500043997 ], [ 6.586769141875535, 46.531999361996263 ], [ 6.586773761942793, 46.532004794356226 ], [ 6.586777074122713, 46.532009677129814 ], [ 6.586779946411525, 46.532015177333811 ], [ 6.586782735224596, 46.532023492698684 ], [ 6.58687639670875, 46.532015802401489 ], [ 6.587011423879786, 46.532026810571239 ], [ 6.587136609388424, 46.532049412704581 ], [ 6.587288069052286, 46.532090527941072 ], [ 6.587420435933666, 46.532116521201445 ], [ 6.587543564857443, 46.532115780501726 ], [ 6.587669222839033, 46.532108401501759 ], [ 6.587811995551731, 46.532087800441133 ], [ 6.587945332937236, 46.532052149918208 ], [ 6.58806665353814, 46.532013071602535 ], [ 6.58820289988701, 46.531947440507786 ], [ 6.588336891746872, 46.531870151372388 ], [ 6.588458303613117, 46.531824398202687 ], [ 6.588637811298914, 46.531782048825931 ], [ 6.588635312704326, 46.531776812357144 ], [ 6.58863334238439, 46.531771139035399 ], [ 6.588632019621516, 46.531764903808508 ], [ 6.588631556950706, 46.531759511664063 ], [ 6.588631812380008, 46.531753216290234 ], [ 6.588632665532201, 46.531747869986972 ], [ 6.588634457222678, 46.53174169407454 ], [ 6.588636865893696, 46.531736071547364 ], [ 6.588639923412289, 46.531730633803079 ], [ 6.588643681771034, 46.531725390227137 ], [ 6.588648062061166, 46.531720385209063 ], [ 6.588653037366704, 46.531715672523859 ], [ 6.588658581761953, 46.531711242981181 ], [ 6.58866466804808, 46.531707168346166 ], [ 6.58867070504755, 46.531703741062579 ], [ 6.588677652979502, 46.531700410563353 ], [ 6.588691483995146, 46.531695386372419 ], [ 6.588698787830347, 46.531693461933145 ], [ 6.588707548875171, 46.531691710338464 ], [ 6.588715869628087, 46.531690603166204 ], [ 6.588723647942894, 46.531690004709553 ], [ 6.588732748605921, 46.53168986596301 ], [ 6.588740564202504, 46.531690212377484 ], [ 6.588752431269849, 46.531691542725504 ], [ 6.588760333313028, 46.531693023297812 ], [ 6.588768876425328, 46.531695183380265 ], [ 6.588776527741333, 46.531697687631777 ], [ 6.588783859463891, 46.531700621303102 ], [ 6.588790276293413, 46.531703710052113 ], [ 6.588796800524811, 46.531707429333828 ], [ 6.588802849609141, 46.531711522893843 ], [ 6.588808345769464, 46.531715963161339 ], [ 6.588813661886878, 46.531721076789516 ], [ 6.588817923136594, 46.531726128540527 ], [ 6.588821581025137, 46.531731418668066 ], [ 6.588824356734615, 46.531736441300986 ], [ 6.588826719069885, 46.531742054582296 ], [ 6.588828349405208, 46.531747797323369 ], [ 6.588829287689624, 46.53175361584664 ], [ 6.5888294494985, 46.531759905349368 ], [ 6.588828888641364, 46.531765730637623 ], [ 6.588827585578465, 46.531771505386757 ], [ 6.588825579975993, 46.531777193909342 ], [ 6.588822551673655, 46.531783261606044 ], [ 6.58881921054365, 46.531788499316328 ], [ 6.588815115304996, 46.531793614429255 ], [ 6.588810014783849, 46.531798829966661 ], [ 6.588804690123947, 46.531803378111988 ], [ 6.588799284270343, 46.531807286924142 ], [ 6.588792440621773, 46.531811445855361 ], [ 6.588786159516234, 46.531814646414041 ], [ 6.588778403919328, 46.531817943882587 ], [ 6.588771392062863, 46.531820365300717 ], [ 6.588763549593394, 46.53182255559431 ], [ 6.588754800572641, 46.531824370256373 ], [ 6.588747170296312, 46.531825500595446 ], [ 6.588738124876924, 46.531826269485826 ], [ 6.5887303136658, 46.531826471867731 ], [ 6.588721715045177, 46.531826182560636 ], [ 6.588713969972158, 46.531825494820481 ], [ 6.588705048887673, 46.531824159546389 ], [ 6.588697565740029, 46.531822565158443 ], [ 6.588689117098965, 46.5318201988675 ], [ 6.588682142807966, 46.531817744662057 ], [ 6.588674943532631, 46.531814677034511 ], [ 6.588668154947353, 46.531811189664907 ], [ 6.588661351188376, 46.531807009479685 ], [ 6.588655552429612, 46.531802746860883 ], [ 6.588650306174142, 46.531798164519948 ], [ 6.588645625172568, 46.53179328054469 ], [ 6.588641867149813, 46.531788556417204 ], [ 6.588637811298914, 46.531782048825931 ] ], [ [ 6.605177870544717, 46.534492697143804 ], [ 6.605184490852658, 46.534489435202836 ], [ 6.605191771328301, 46.534486474981641 ], [ 6.605200038105123, 46.534483800883265 ], [ 6.605208007446561, 46.534481817299614 ], [ 6.605216203635591, 46.53448033916326 ], [ 6.605224548466992, 46.534479365899792 ], [ 6.605232989665314, 46.534478906121286 ], [ 6.60524146178218, 46.534478977339347 ], [ 6.605249887028524, 46.534479551994224 ], [ 6.605257562526608, 46.534480561951327 ], [ 6.605265724726178, 46.534482133240623 ], [ 6.605273657576532, 46.534484206626757 ], [ 6.605281283288539, 46.534486754550187 ], [ 6.605288536829845, 46.534489767537202 ], [ 6.60529537979137, 46.534493200325429 ], [ 6.605306053974316, 46.53450009775991 ], [ 6.605311704438047, 46.534504781244102 ], [ 6.60531615949696, 46.534509213054648 ], [ 6.605320383126722, 46.534514281888832 ], [ 6.605324179674987, 46.534519995305899 ], [ 6.605326975360711, 46.534525521451002 ], [ 6.605329038909724, 46.534531186157146 ], [ 6.605330286294323, 46.534536521010075 ], [ 6.605330932435748, 46.53454280503464 ], [ 6.60533073814685, 46.534548642078526 ], [ 6.60532991253027, 46.534553997692782 ], [ 6.605328272686757, 46.534559743156315 ], [ 6.605325715867609, 46.534565778757354 ], [ 6.605322835830095, 46.534570795425161 ], [ 6.605318747069574, 46.534576423947613 ], [ 6.605312411972684, 46.534583169482609 ], [ 6.605307035734268, 46.534587753998046 ], [ 6.605301592108147, 46.534591636322418 ], [ 6.605295223464362, 46.534595484865036 ], [ 6.605287840643426, 46.53459916402953 ], [ 6.6052805080208, 46.534602123873981 ], [ 6.605272856614711, 46.534604622575522 ], [ 6.605264912632558, 46.534606651330577 ], [ 6.6052573822832, 46.534608062391733 ], [ 6.60524839653389, 46.534609174888381 ], [ 6.60524060675149, 46.534609657444555 ], [ 6.605232758872024, 46.534609680772263 ], [ 6.605223693955326, 46.534609164390936 ], [ 6.605215327900734, 46.534608131367698 ], [ 6.60520778883165, 46.534606726581401 ], [ 6.60519982851012, 46.534604742950052 ], [ 6.605191592394213, 46.534602046600426 ], [ 6.6051848427406, 46.53459932518345 ], [ 6.605174276422923, 46.534593885898616 ], [ 6.605168223419632, 46.534589946127426 ], [ 6.605162182347652, 46.534585232778809 ], [ 6.60515718415655, 46.534580518093662 ], [ 6.605153123045945, 46.53457590025225 ], [ 6.605149116992543, 46.534570248263243 ], [ 6.605146098630425, 46.534564792446901 ], [ 6.605143962714087, 46.534559595003124 ], [ 6.605142246120348, 46.534553411067932 ], [ 6.605141494610535, 46.534548043870679 ], [ 6.605141409241445, 46.534541745971559 ], [ 6.605142013571651, 46.534536370740994 ], [ 6.605143582303898, 46.534530165956447 ], [ 6.605145754905643, 46.534524532361864 ], [ 6.605148681412444, 46.534519039246284 ], [ 6.605151989790071, 46.534514142678276 ], [ 6.605156597158556, 46.534508697892974 ], [ 6.605161110089712, 46.534504304957849 ], [ 6.605167010753927, 46.534499526386846 ], [ 6.605177870544717, 46.534492697143804 ], [ 6.605038533844653, 46.534368328083545 ], [ 6.604996079993656, 46.534303037353013 ], [ 6.604975366860179, 46.534236242050213 ], [ 6.604966826631412, 46.534164534341464 ], [ 6.604982836533011, 46.534064678265274 ], [ 6.605031543242696, 46.533881767468387 ], [ 6.605121875400746, 46.533502552578035 ], [ 6.605145646095536, 46.533371087201765 ], [ 6.605174534297041, 46.533219679063215 ], [ 6.605189134347771, 46.533056516018725 ], [ 6.605210667091188, 46.532598475630529 ], [ 6.60522134337261, 46.532375288743701 ], [ 6.605219856916277, 46.532315300802246 ], [ 6.605213368222824, 46.532266935070602 ], [ 6.605196848853736, 46.532241822561005 ], [ 6.605177905776251, 46.532218347529444 ], [ 6.605130194137842, 46.532181346942821 ], [ 6.605027113244832, 46.532133944907891 ], [ 6.604847412167715, 46.532045974116691 ], [ 6.604619691793096, 46.531939325034848 ], [ 6.604449302432946, 46.531873093662 ], [ 6.604257225074293, 46.531805047270396 ], [ 6.60382517761457, 46.53166917690907 ], [ 6.603809196131727, 46.53166414745624 ], [ 6.603752689850961, 46.531646387217762 ], [ 6.603483557634309, 46.531564422304044 ], [ 6.603084798966147, 46.531434866475358 ], [ 6.602892583655968, 46.531376793417735 ], [ 6.602625942496665, 46.531289851959585 ], [ 6.602489018257192, 46.53124552679629 ], [ 6.602277655925302, 46.531175661632936 ], [ 6.602087904929474, 46.531112603527738 ], [ 6.601994370589082, 46.531073599481644 ], [ 6.601924832403141, 46.531043093706785 ], [ 6.601819293476168, 46.530997334876353 ], [ 6.601627545379095, 46.530909279070478 ], [ 6.601543695203936, 46.530866999531099 ], [ 6.60145041972569, 46.530811336146357 ], [ 6.601354681565343, 46.530757309795455 ], [ 6.601228140181471, 46.530666405884929 ], [ 6.601118632334992, 46.530565623883788 ], [ 6.601009112137271, 46.530468188235197 ], [ 6.600933206849775, 46.530380977339739 ], [ 6.600871347459043, 46.53030675252721 ], [ 6.600854980666854, 46.530287101129808 ], [ 6.600786477261624, 46.53018995010482 ], [ 6.600752969654456, 46.53012491269088 ], [ 6.6007115025931, 46.530044442135342 ], [ 6.600646198517703, 46.529895667976611 ], [ 6.600506902730572, 46.529538096284924 ], [ 6.60045142529831, 46.529379399908287 ], [ 6.600587262273114, 46.529337078005646 ], [ 6.600868683571886, 46.529247503850087 ], [ 6.601300535284341, 46.529109074840704 ], [ 6.601584403832347, 46.529017870700599 ], [ 6.602079263204334, 46.528863233771652 ] ], [ [ 6.602033331763149, 46.524001747988024 ], [ 6.602025647901015, 46.524003904370616 ], [ 6.602016950488449, 46.524005864360355 ], [ 6.602008769526175, 46.524007297387229 ], [ 6.602001077837246, 46.524008275219884 ], [ 6.601992008684891, 46.524008991003079 ], [ 6.601984197816469, 46.524009248266793 ], [ 6.601975727760578, 46.524009149820508 ], [ 6.60196770635212, 46.524008694837711 ], [ 6.601959326321279, 46.524007832384662 ], [ 6.601951043499689, 46.524006583815044 ], [ 6.601942909875127, 46.524004958508442 ], [ 6.601934964403658, 46.524002965748231 ], [ 6.601926623582436, 46.524000412312986 ], [ 6.60191971611078, 46.523997878444121 ], [ 6.601912490783675, 46.523994829452214 ], [ 6.601905596401968, 46.523991450044562 ], [ 6.60189852918488, 46.523987448630045 ], [ 6.601892838595395, 46.523983763235819 ], [ 6.601887039911408, 46.523979483300707 ], [ 6.601881675034143, 46.523974963669751 ], [ 6.601876770166216, 46.523970195540116 ], [ 6.601872017977336, 46.523964825796895 ], [ 6.601868123096656, 46.523959642298664 ], [ 6.60186496726388, 46.523954707146153 ], [ 6.60186209331292, 46.523949243301971 ], [ 6.601739734438068, 46.523975554018705 ], [ 6.601490122408736, 46.524038691385051 ], [ 6.601224100772069, 46.524108571121332 ], [ 6.601082923741165, 46.524145654520012 ], [ 6.600886440638819, 46.524209182772154 ], [ 6.600799271467266, 46.524238793005779 ], [ 6.600670462999056, 46.52428256138554 ], [ 6.600464322099042, 46.524344353301416 ], [ 6.599526079010905, 46.524607337348854 ], [ 6.598985223635251, 46.524771626237929 ], [ 6.598682202012562, 46.524854360566415 ], [ 6.598221316893989, 46.524997557233156 ], [ 6.597897447787, 46.525105720012071 ], [ 6.597801544728517, 46.525137737178447 ], [ 6.597355016681412, 46.525289376163748 ], [ 6.596760251014373, 46.525504901507105 ], [ 6.596590269213347, 46.52557170470795 ], [ 6.596424155567279, 46.525636989038951 ], [ 6.596356028852941, 46.525663759534112 ], [ 6.595433788653433, 46.526043598502028 ], [ 6.595351237072068, 46.526077602030995 ], [ 6.59496001667988, 46.526242975012671 ], [ 6.594486092187431, 46.526447719120199 ], [ 6.593864026707231, 46.526709662240357 ], [ 6.593015946964623, 46.527066572074816 ], [ 6.59227850150526, 46.527357747661881 ], [ 6.592239654430174, 46.527373093140014 ], [ 6.59186458740279, 46.527521177589811 ], [ 6.591417239554014, 46.527722778825634 ], [ 6.591113563008834, 46.527847131326894 ], [ 6.591041546846191, 46.527879708103974 ], [ 6.590921484962065, 46.527934002371211 ], [ 6.590855655368355, 46.527975171570532 ], [ 6.590774014728743, 46.528037975211596 ], [ 6.59071352869725, 46.528109069382502 ], [ 6.590669045230342, 46.528175389226263 ], [ 6.590550518185569, 46.528344458129048 ], [ 6.590404488606272, 46.528573289475567 ], [ 6.590317839869271, 46.528710930097205 ], [ 6.590204263548506, 46.528873360541169 ], [ 6.590088550145559, 46.529015785506033 ], [ 6.590073036304354, 46.529032573202755 ], [ 6.589995242004735, 46.529116725878801 ], [ 6.58987749587806, 46.529235799485804 ], [ 6.58971324487729, 46.529394530813192 ], [ 6.58960531197336, 46.529503682870434 ], [ 6.589413935111507, 46.529698870007451 ], [ 6.589364548204887, 46.529770136511395 ], [ 6.589337214377502, 46.52981992338681 ], [ 6.589299817408191, 46.529894617169177 ], [ 6.589277148667313, 46.52995443364442 ], [ 6.589262248501758, 46.529990198653962 ], [ 6.589225902363608, 46.530142329923315 ], [ 6.589209236311248, 46.530282157871888 ], [ 6.589192282289114, 46.530438644484477 ], [ 6.589181380897577, 46.530518538421347 ], [ 6.589165617832709, 46.530600069240215 ], [ 6.5891056686299, 46.530727914155776 ], [ 6.589055390113128, 46.530854158169348 ], [ 6.588940364784995, 46.531108229062852 ], [ 6.588912218103757, 46.531207992221724 ], [ 6.588847783480746, 46.531397192971589 ], [ 6.588792431116303, 46.531555065233952 ], [ 6.588752431269849, 46.531691542725504 ] ], [ [ 6.60186209331292, 46.523949243301971 ], [ 6.601859880219351, 46.523944027226896 ], [ 6.601857903007564, 46.523937886291989 ], [ 6.601856734539056, 46.5239325429798 ], [ 6.601855958332422, 46.523926275961266 ], [ 6.601855840336747, 46.523920427618492 ], [ 6.601856282703732, 46.523914583408718 ], [ 6.601857212755353, 46.523909228585836 ], [ 6.601858885531268, 46.523903042602591 ], [ 6.60186099330774, 46.523897381602126 ], [ 6.601863685838558, 46.523891832867804 ], [ 6.601866630508446, 46.523886834755871 ], [ 6.601870614984781, 46.523881178600597 ], [ 6.601874480168375, 46.52387649314543 ], [ 6.601879540006458, 46.523871249746044 ], [ 6.601885684536123, 46.523865816431965 ], [ 6.601891698133739, 46.52386126377079 ], [ 6.601897321140818, 46.523857526874792 ], [ 6.601904291422232, 46.523853476054832 ], [ 6.601911122056856, 46.523850026943983 ], [ 6.601917722658667, 46.523847124899035 ], [ 6.601925168786861, 46.523844328046678 ], [ 6.601933459745169, 46.523841681362136 ], [ 6.601941363734007, 46.523839616570406 ], [ 6.601949483552116, 46.52383792221034 ], [ 6.601957074862872, 46.523836691749942 ], [ 6.601965443896596, 46.523835736907813 ], [ 6.601974511488763, 46.523835120072675 ], [ 6.601982985276541, 46.523834975651809 ], [ 6.601990815082643, 46.523835177329637 ], [ 6.601999212295651, 46.523835770024007 ], [ 6.602007577458919, 46.523836749314121 ], [ 6.602016429890359, 46.523838244975217 ], [ 6.602023872395832, 46.523839892168702 ], [ 6.602031763910105, 46.523842001474364 ], [ 6.602040011401897, 46.52384468915556 ], [ 6.602046852169891, 46.52384732148262 ], [ 6.602054501822287, 46.523850742435513 ], [ 6.602060785934074, 46.52385397339647 ], [ 6.602067682063386, 46.523858081492691 ], [ 6.602073718242288, 46.52386217425147 ], [ 6.602078921229996, 46.523866206889657 ], [ 6.602084500551772, 46.523871186894169 ], [ 6.602089234764297, 46.523876034721475 ], [ 6.602093457261882, 46.523881103678214 ], [ 6.602096914510398, 46.52388593309341 ], [ 6.602100180406669, 46.52389133684872 ], [ 6.602102896884716, 46.523896871494479 ], [ 6.602105090146953, 46.523902528227936 ], [ 6.602106708901736, 46.523908252694213 ], [ 6.602108142771078, 46.523917502272816 ], [ 6.602108297661787, 46.523923494824921 ], [ 6.602107927579933, 46.523928880766789 ], [ 6.602107003484945, 46.523934694437131 ], [ 6.602103425141212, 46.523946111106227 ], [ 6.602100608386595, 46.523952108735678 ], [ 6.602097702829874, 46.523957107141896 ], [ 6.602094024225996, 46.523962369731436 ], [ 6.60208986595419, 46.523967466854018 ], [ 6.602084844944182, 46.523972728541167 ], [ 6.602079690190028, 46.523977368510209 ], [ 6.60207410928664, 46.523981753445696 ], [ 6.602068576108675, 46.523985580973907 ], [ 6.60206222137551, 46.523989438428423 ], [ 6.602055493316008, 46.523992996258052 ], [ 6.602048457367171, 46.523996236953082 ], [ 6.602041100775809, 46.523999142427215 ], [ 6.602033331763149, 46.524001747988024 ], [ 6.602111721448799, 46.524114921330707 ], [ 6.602236341455749, 46.524329101923229 ], [ 6.602330213283408, 46.524503077004603 ], [ 6.602344240692003, 46.524533173436687 ], [ 6.602525698618953, 46.524922773972577 ], [ 6.602570846186068, 46.525019688917737 ], [ 6.602882424055057, 46.525788426088084 ], [ 6.603094380659958, 46.526288173743758 ], [ 6.603109450841213, 46.526327597720389 ], [ 6.603255285902819, 46.526668274684518 ], [ 6.603299326706101, 46.526771199559441 ], [ 6.603462062040808, 46.52717560314327 ], [ 6.603485607968159, 46.527310987966025 ], [ 6.603493683291821, 46.527310516635573 ], [ 6.603502154562106, 46.527310569993226 ], [ 6.603510591567455, 46.527311153868425 ], [ 6.603519527112251, 46.527312371139935 ], [ 6.603527036971578, 46.527313910773302 ], [ 6.603534902708067, 46.527316037772493 ], [ 6.603542473808261, 46.527318675380698 ], [ 6.603550190320285, 46.527322024751179 ], [ 6.603556395895561, 46.52732530902383 ], [ 6.603562643317623, 46.527329259316168 ], [ 6.603568736265141, 46.527333928159862 ], [ 6.603573785917532, 46.527338634305153 ], [ 6.603578192530364, 46.527343623592955 ], [ 6.603581649993643, 46.527348461957239 ], [ 6.603584922192236, 46.527354324514206 ], [ 6.603587044502896, 46.527359530888347 ], [ 6.603588721454108, 46.527365723556557 ], [ 6.603589433612535, 46.527371090478226 ], [ 6.603589460575432, 46.52737693814678 ], [ 6.603588719175109, 46.527382744175995 ], [ 6.603587033178944, 46.527388948077942 ], [ 6.603584717482477, 46.527394571594485 ], [ 6.603581661432699, 46.527400027732135 ], [ 6.603577866280165, 46.527405235535056 ], [ 6.603573780550743, 46.527409847456155 ], [ 6.603568742055858, 46.527414542325857 ], [ 6.603562819988149, 46.527419059766139 ], [ 6.603556606648548, 46.527423026299779 ], [ 6.603549891292964, 46.527426584313304 ], [ 6.603537418410244, 46.527431602299792 ], [ 6.60352913017692, 46.527434042214033 ], [ 6.603521701288225, 46.527435696795315 ], [ 6.603512790997923, 46.52743706159292 ], [ 6.603504398983046, 46.527437782484895 ], [ 6.603496575567275, 46.527437976791092 ], [ 6.603488134094758, 46.5274376807576 ], [ 6.603479102993585, 46.527436741659706 ], [ 6.603470886998623, 46.527435349759422 ], [ 6.603462874970575, 46.527433410597332 ], [ 6.603455753325481, 46.52743120810554 ], [ 6.603447811358791, 46.527428108960194 ], [ 6.603441393921874, 46.527425039028657 ], [ 6.603434882649999, 46.527421293697969 ], [ 6.603428911828793, 46.527417156516513 ], [ 6.603423493934804, 46.527412663560646 ], [ 6.603418347673174, 46.527407461911508 ], [ 6.603414562322457, 46.527402756070117 ] ], [ [ 6.609996781714637, 46.53994069695208 ], [ 6.610082568190449, 46.539845281001 ], [ 6.610222751577507, 46.539679678725797 ], [ 6.610288483815976, 46.539601442709142 ], [ 6.610328480898568, 46.539553830445165 ], [ 6.610370461168392, 46.539506961325365 ], [ 6.610694525602295, 46.539144957238314 ], [ 6.610869283928504, 46.538927959853666 ], [ 6.611059020560176, 46.538679432176515 ], [ 6.611189805777438, 46.538493770885509 ], [ 6.61099755655332, 46.538435720558496 ], [ 6.610891894016719, 46.538398299817409 ], [ 6.610820236209011, 46.538347785826701 ], [ 6.610842552129442, 46.538307969968599 ], [ 6.610951162345703, 46.538312090723814 ], [ 6.611078580025247, 46.538347996786072 ], [ 6.611215605577132, 46.538387328300082 ], [ 6.611253361025805, 46.53839405377397 ] ] ] } },
{ "type": "Feature", "properties": { "CADRE_NO": "10.017", "DDT_URL": null, "ETC_NOM": "Transports publics de la région lausannoise", "ETC_SIGLE": "TL", "ETC_URL": "https://www.t-l.ch", "GO_CENTRE": 0, "HORAIR_URL": "https://www.tableaux-horaires.ch/fileadmin/fap_pdf_fields/2025/10.017.pdf", "LIGNE_NO": "17", "LIGNE_NOM": "Lausanne-Flon - Prilly - Renens VD - Bussigny - Villars-Ste-Croix", "LIGNE_SIGL": null, "LIGNE_TYPE": "Bus urbain", "PLAN_URL": "https://prestations.vd.ch/pub/101587/api/download/2_Cartographie_et_geodonnees/2.1_Carte_des_reseaux/Carte_des_lignes_TP/topo/ligne_10.017.pdf", "SHAPE_LEN": 8969.052 }, "geometry": { "type": "MultiLineString", "coordinates": [ [ [ 6.583131583973905, 46.536651539693381 ], [ 6.584707820928221, 46.536305171909198 ], [ 6.586568656221537, 46.535732907251514 ], [ 6.588946609452277, 46.53480859739949 ], [ 6.589498445367103, 46.534438345405228 ], [ 6.58998615667231, 46.53411258284774 ], [ 6.590915169991759, 46.533500836571392 ], [ 6.591040550265759, 46.533426556593113 ], [ 6.591098995676677, 46.533393671501052 ], [ 6.591830940725631, 46.532905959693579 ], [ 6.59216278322609, 46.532674500503255 ], [ 6.592204390127421, 46.532645483518756 ], [ 6.593082826154656, 46.532050561134966 ], [ 6.59328272218541, 46.531927094425775 ], [ 6.593595005124797, 46.531717804783085 ], [ 6.593862972397578, 46.531564850931083 ], [ 6.594052803720388, 46.531467954461299 ], [ 6.594169465182929, 46.531417185018761 ], [ 6.59432032589402, 46.531341660727449 ], [ 6.594597335854375, 46.531227077922757 ], [ 6.594932420699197, 46.53110295858361 ], [ 6.595505138863011, 46.5309139340252 ], [ 6.59577944695938, 46.530815998097744 ], [ 6.596097284951482, 46.530715065178974 ], [ 6.596720720286359, 46.530523073571253 ], [ 6.597252046940549, 46.530353740525015 ], [ 6.597647490360724, 46.530230042820698 ], [ 6.598777498731003, 46.529906851772438 ], [ 6.599007771549128, 46.52983113543133 ], [ 6.599243375990646, 46.529753667843714 ], [ 6.599760142884835, 46.529589217303354 ], [ 6.60045142529831, 46.529379399908287 ], [ 6.600587262273114, 46.529337078005646 ], [ 6.600868683571886, 46.529247503850087 ], [ 6.601300535284341, 46.529109074840704 ], [ 6.601584403832347, 46.529017870700599 ], [ 6.602079263204334, 46.528863233771652 ], [ 6.602547752175795, 46.528696741435304 ], [ 6.60329338276277, 46.52840565869618 ], [ 6.603732525073466, 46.5282407806707 ], [ 6.604009248411198, 46.528126379966452 ], [ 6.604021999125188, 46.528121103084054 ], [ 6.604184340882537, 46.528061942254688 ], [ 6.60444935850022, 46.527959311269605 ], [ 6.604850129961239, 46.52780062405408 ], [ 6.605425625655411, 46.527581586360178 ], [ 6.606278094299992, 46.527247952529123 ], [ 6.60674690231872, 46.527058118503646 ], [ 6.606760316200064, 46.527052909152594 ], [ 6.607108763153535, 46.526917481165682 ], [ 6.607436585638344, 46.526791580836054 ], [ 6.607476333613161, 46.526776668608292 ], [ 6.607754660050026, 46.526672283292463 ], [ 6.607936575684456, 46.526615302616591 ], [ 6.608256649477509, 46.526522673772831 ] ], [ [ 6.622496300723332, 46.521167677137669 ], [ 6.622495440673136, 46.521167670950327 ], [ 6.621923014213325, 46.521191880049798 ], [ 6.621585715635918, 46.521193922318965 ], [ 6.621546432110032, 46.52119416115795 ], [ 6.621401756947043, 46.521184779663763 ], [ 6.621208902131258, 46.521168411722527 ], [ 6.620497092930019, 46.521090987965358 ], [ 6.619811331222392, 46.521016563518288 ], [ 6.619594071117021, 46.52099480793445 ], [ 6.619448073195293, 46.520985909180361 ], [ 6.619098989378736, 46.520982263384965 ], [ 6.618771127112129, 46.520974010953744 ], [ 6.61847406192315, 46.520966528992261 ], [ 6.618021259465541, 46.520950444064944 ], [ 6.617269735851242, 46.520928686438232 ], [ 6.617130719762761, 46.520929488060162 ], [ 6.61666721956244, 46.520932176076386 ], [ 6.616251007434962, 46.520966133586967 ], [ 6.616124915052896, 46.520981781260637 ] ], [ [ 6.579448129296207, 46.539419260456953 ], [ 6.580100486029004, 46.539259199286832 ], [ 6.58102386813914, 46.539042914871871 ], [ 6.581680157073936, 46.538919569628817 ], [ 6.581857054038907, 46.538879262166212 ], [ 6.582036599780118, 46.538825633162517 ] ], [ [ 6.615603917880787, 46.524518532891399 ], [ 6.615110025234154, 46.524614922522588 ], [ 6.614756335195955, 46.524697322747734 ], [ 6.614015045891661, 46.524870212838906 ], [ 6.613021955514176, 46.525102205594244 ] ], [ [ 6.613021942756969, 46.525102187509219 ], [ 6.613012093392276, 46.525104490804054 ], [ 6.612474271389151, 46.525232197629506 ], [ 6.611282189707087, 46.525521758475001 ], [ 6.610949982691602, 46.525619309083972 ], [ 6.610098500947259, 46.525892998808118 ], [ 6.609217733069423, 46.526186466453304 ], [ 6.608717891670568, 46.526354447940541 ], [ 6.608256649477509, 46.526522673772831 ] ], [ [ 6.616124927810168, 46.5209817993453 ], [ 6.616124914779157, 46.520981799250826 ] ], [ [ 6.630778545311765, 46.521046796944411 ], [ 6.629049063097954, 46.521709597809142 ], [ 6.627259377389409, 46.52213137596793 ], [ 6.624601677977142, 46.522834008417007 ], [ 6.624320504769932, 46.522910265467466 ], [ 6.624088115461225, 46.52295695112381 ], [ 6.623224474596233, 46.523082368701807 ], [ 6.622237646819067, 46.523215232706086 ], [ 6.621393600278382, 46.523322461389846 ], [ 6.621112899340552, 46.523361847981889 ], [ 6.620987202618905, 46.523379501064618 ], [ 6.620484026842589, 46.523452502165803 ], [ 6.620072947668587, 46.523519913297605 ] ], [ [ 6.620072960563998, 46.523519922386683 ], [ 6.620026682529708, 46.52352751402708 ], [ 6.619760267638572, 46.523585568301897 ], [ 6.619327760452677, 46.523689930954816 ], [ 6.617800665156607, 46.524034597893056 ], [ 6.617330801502164, 46.524137828080249 ], [ 6.617048045045881, 46.524198780420313 ] ], [ [ 6.617048057804213, 46.524198798504919 ], [ 6.616567943499066, 46.524302266187036 ], [ 6.615921111687338, 46.52445586371033 ], [ 6.61560393036479, 46.524518568966343 ] ] ] } },
{ "type": "Feature", "properties": { "CADRE_NO": "10.024", "DDT_URL": null, "ETC_NOM": "Transports publics de la région lausannoise", "ETC_SIGLE": "TL", "ETC_URL": "https://www.t-l.ch", "GO_CENTRE": 0, "HORAIR_URL": "https://www.tableaux-horaires.ch/fileadmin/fap_pdf_fields/2025/10.024.pdf", "LIGNE_NO": "24", "LIGNE_NOM": "Lausanne Tour Haldimand-Lac - Ouchy-Olympique - Bourdonnette", "LIGNE_SIGL": null, "LIGNE_TYPE": "Bus urbain", "PLAN_URL": "https://prestations.vd.ch/pub/101587/api/download/2_Cartographie_et_geodonnees/2.1_Carte_des_reseaux/Carte_des_lignes_TP/topo/ligne_10.024.pdf", "SHAPE_LEN": 5824.682 }, "geometry": { "type": "MultiLineString", "coordinates": [ [ [ 6.624971961316119, 46.507612793377056 ], [ 6.624526021787888, 46.507831023431329 ], [ 6.623854229688406, 46.508132983959968 ], [ 6.623657544144237, 46.508216475917173 ], [ 6.623553470133693, 46.508252477059713 ], [ 6.622703436689392, 46.508505281564261 ], [ 6.622370512190995, 46.50860429895387 ], [ 6.622008598429256, 46.508722988018278 ], [ 6.62169973917235, 46.508842543884747 ], [ 6.621578189701534, 46.508893224929778 ], [ 6.621361508457729, 46.508993229669706 ], [ 6.621186686397925, 46.509081435955835 ], [ 6.620971812634639, 46.509205706458765 ], [ 6.620523926107377, 46.509492051957686 ], [ 6.620136383659601, 46.509752040838606 ] ], [ [ 6.620136383659601, 46.509752040838606 ], [ 6.620065511588438, 46.509799595504319 ], [ 6.618550003944161, 46.510769744111869 ], [ 6.617728193894131, 46.511283521719186 ], [ 6.617143030856186, 46.511690460746671 ], [ 6.617148841501746, 46.511694802965387 ], [ 6.617153707379365, 46.511699579150054 ], [ 6.617157602704714, 46.511704771121948 ], [ 6.617160275102483, 46.511709837287469 ], [ 6.617162130149312, 46.511715527260165 ], [ 6.617162849232527, 46.511721370935469 ], [ 6.617162363107651, 46.511727637694854 ], [ 6.617160751268918, 46.511733383523776 ], [ 6.617158035263344, 46.511738905449498 ], [ 6.617154268162484, 46.511744140883501 ], [ 6.617149542807709, 46.511748982545093 ], [ 6.617140006091202, 46.511755750509074 ], [ 6.617133152442371, 46.511759164368215 ], [ 6.617125683388366, 46.511761917054599 ], [ 6.617117756094939, 46.511763955729812 ], [ 6.617109501397, 46.511765245357047 ], [ 6.617101063021607, 46.511765759988911 ], [ 6.617092623508881, 46.511765491951415 ], [ 6.617083650455704, 46.511764320438999 ], [ 6.617076235893542, 46.511762629444547 ], [ 6.617068055460424, 46.511759889354856 ], [ 6.617061559842595, 46.511756891585257 ], [ 6.617054704160533, 46.511752721714508 ], [ 6.617049271761198, 46.511748355242496 ], [ 6.617044604054058, 46.511743400566814 ], [ 6.617040970816079, 46.511738111532338 ], [ 6.617038586018162, 46.511732984474492 ], [ 6.617037044494641, 46.511727242794109 ], [ 6.6170366119214, 46.511721410189388 ], [ 6.617037436945719, 46.511715136889123 ], [ 6.617039184732067, 46.511709877835905 ], [ 6.617042362359902, 46.511703990416677 ], [ 6.617046069835589, 46.511699249339785 ], [ 6.617051002562118, 46.511694481153313 ], [ 6.617061835141758, 46.511687326754846 ], [ 6.617068893555734, 46.511684157277834 ], [ 6.617077130069169, 46.511681491118964 ], [ 6.617085221942037, 46.511679768502113 ], [ 6.617093575800343, 46.511678812450569 ], [ 6.617102022133731, 46.511678630732625 ], [ 6.617109806230682, 46.51167915490926 ], [ 6.617118047335588, 46.511680474052035 ], [ 6.617126573751292, 46.511682739850869 ], [ 6.617133971219309, 46.511685555230507 ], [ 6.617143030856186, 46.511690460746671 ] ] ] } },
{ "type": "Feature", "properties": { "CADRE_NO": "10.016", "DDT_URL": null, "ETC_NOM": "Transports publics de la région lausannoise", "ETC_SIGLE": "TL", "ETC_URL": "https://www.t-l.ch", "GO_CENTRE": 0, "HORAIR_URL": "https://www.tableaux-horaires.ch/fileadmin/fap_pdf_fields/2025/10.016.pdf", "LIGNE_NO": "16", "LIGNE_NOM": "Lausanne Provence nord - Grand Vennes", "LIGNE_SIGL": null, "LIGNE_TYPE": "Bus urbain", "PLAN_URL": "https://prestations.vd.ch/pub/101587/api/download/2_Cartographie_et_geodonnees/2.1_Carte_des_reseaux/Carte_des_lignes_TP/topo/ligne_10.016.pdf", "SHAPE_LEN": 8537.807 }, "geometry": { "type": "MultiLineString", "coordinates": [ [ [ 6.631269513606708, 46.523256496644272 ], [ 6.63112432033083, 46.523280454362137 ], [ 6.63099841474771, 46.523306222476769 ], [ 6.630891959514108, 46.523323789577077 ], [ 6.630790437226994, 46.52333307033409 ], [ 6.630599783749527, 46.523330048283995 ], [ 6.630339125732903, 46.523328191439134 ], [ 6.630049548552154, 46.523322781340944 ], [ 6.629943602155291, 46.523303701160984 ], [ 6.629665178523084, 46.523200078438144 ], [ 6.629607564248208, 46.523178014028652 ], [ 6.629549913368472, 46.523159268881365 ], [ 6.629497570939641, 46.5231089133624 ], [ 6.629223413745811, 46.522718758879115 ], [ 6.629012745674302, 46.52244067117033 ], [ 6.628925388285793, 46.522310081341814 ], [ 6.6287408607252, 46.522382073194777 ], [ 6.627806436321824, 46.522723618755499 ], [ 6.626627005939548, 46.523145051768545 ] ], [ [ 6.623132631759653, 46.521168924678484 ], [ 6.623236751456814, 46.521331134864653 ], [ 6.623315020931012, 46.52144976204827 ], [ 6.624459081854036, 46.52307304565425 ], [ 6.624603705754999, 46.523284375938417 ], [ 6.624780148145256, 46.523542201149624 ], [ 6.624802269966949, 46.52358343596223 ], [ 6.624913610046487, 46.523568806327468 ], [ 6.625211733935591, 46.523516454973539 ], [ 6.625824337193182, 46.523390897243139 ], [ 6.626107745874473, 46.52332461114279 ], [ 6.626139263263852, 46.523314833225264 ], [ 6.626627005939548, 46.523145051768545 ] ], [ [ 6.634223119026328, 46.525426801578512 ], [ 6.634102524327676, 46.525754878824969 ] ], [ [ 6.634102524327676, 46.525754878824969 ], [ 6.634074677844478, 46.525830635185621 ], [ 6.633935658358397, 46.526194161063302 ], [ 6.633913931670808, 46.52625103305747 ], [ 6.633836633046865, 46.526437198224826 ], [ 6.633798740472383, 46.526528464453357 ], [ 6.633659611836431, 46.526794057995296 ], [ 6.63344547527456, 46.527070795969223 ], [ 6.633216472197983, 46.527372401111833 ], [ 6.633208069751824, 46.52738609645715 ], [ 6.633030930317004, 46.527674323409627 ], [ 6.632991208909188, 46.52774735035127 ], [ 6.632862338301421, 46.527971363977827 ], [ 6.632723946443026, 46.528186988465684 ], [ 6.632582818391961, 46.52842257362844 ], [ 6.632461377688951, 46.52863498069113 ], [ 6.632220293673728, 46.529098130485117 ], [ 6.632123136622551, 46.529300697164423 ], [ 6.632080479494588, 46.529408697653537 ], [ 6.632003032859512, 46.529583093707416 ], [ 6.631927282928747, 46.529776519471653 ], [ 6.631897632753565, 46.529852262496483 ], [ 6.631717915500033, 46.530247531407099 ], [ 6.631645301853308, 46.530421961597895 ], [ 6.631590648704088, 46.530524874773164 ], [ 6.631543515524641, 46.530609516414749 ], [ 6.631491646630352, 46.530687440267045 ], [ 6.63142539771839, 46.530760295961734 ], [ 6.631359184635935, 46.530828123069021 ], [ 6.631261289124823, 46.53091740523594 ], [ 6.631141429592359, 46.531021518467782 ], [ 6.630867241979872, 46.531276161811313 ], [ 6.630595874794732, 46.531504151236327 ], [ 6.630187238869358, 46.531869467701675 ], [ 6.629771485682108, 46.532230935650716 ], [ 6.629638486749553, 46.532344237613486 ], [ 6.629589842371138, 46.53239193881101 ], [ 6.629553597724942, 46.532428096481468 ], [ 6.629514428557586, 46.532474137964165 ], [ 6.629504870036749, 46.532503118127089 ], [ 6.629494028012687, 46.532535984436663 ], [ 6.629483510010844, 46.532594221985413 ], [ 6.629484823916718, 46.532667531368141 ], [ 6.629498119000154, 46.532745945998208 ], [ 6.629525834210937, 46.532831120547897 ], [ 6.629570639867107, 46.532901420496088 ], [ 6.629634825166679, 46.532968503063636 ], [ 6.629715902200047, 46.533035733004596 ], [ 6.629835499276512, 46.533109903552692 ], [ 6.629974874941394, 46.533154213025696 ], [ 6.630080739608116, 46.533178303259625 ], [ 6.630157917258921, 46.533183846006253 ], [ 6.63026409433708, 46.533187931027719 ], [ 6.630326956408546, 46.533186687589371 ], [ 6.630409039235444, 46.533180642181456 ], [ 6.630489064820258, 46.53315787635507 ], [ 6.630554683071539, 46.533128350776153 ], [ 6.63076130794752, 46.533033195279117 ], [ 6.63105771495024, 46.532908667549286 ], [ 6.631548486129762, 46.5327005628181 ], [ 6.631758513920836, 46.53260949595866 ], [ 6.631854684810489, 46.532567781314178 ], [ 6.632012381742284, 46.532515582756524 ], [ 6.63216744335329, 46.532478361701983 ], [ 6.632312586228502, 46.53245940394546 ], [ 6.632505832155582, 46.532452455668427 ], [ 6.632648065579146, 46.53246512499048 ], [ 6.632790002157275, 46.532499454563265 ], [ 6.632876464470303, 46.532530061487186 ], [ 6.632970048387774, 46.532567376003222 ], [ 6.633049202715947, 46.53260292372282 ], [ 6.633214272322516, 46.532704068878154 ], [ 6.633292731988659, 46.5327862561156 ], [ 6.63336125920686, 46.532885051520061 ], [ 6.633395853962841, 46.532993591716604 ], [ 6.633421101264007, 46.533082094294159 ] ], [ [ 6.634350330439369, 46.524464772953138 ], [ 6.634342835429524, 46.524468336238989 ], [ 6.634335250218023, 46.524470954297321 ], [ 6.634327245394262, 46.524472867686669 ], [ 6.634318965246149, 46.524474014457354 ], [ 6.634310500863329, 46.524474404251286 ], [ 6.634302568999552, 46.524474042149883 ], [ 6.634294244391677, 46.524472921593429 ], [ 6.634286827818531, 46.524471213733499 ], [ 6.634279202019076, 46.524468676751042 ], [ 6.634272120834688, 46.524465450931878 ], [ 6.634265288012791, 46.524461300277743 ], [ 6.634260161162892, 46.524457242683447 ], [ 6.634255450349681, 46.524452378392255 ], [ 6.634251722817882, 46.524447125245324 ], [ 6.634248892163345, 46.524441158771644 ], [ 6.63456110352296, 46.524135718933692 ], [ 6.634506373073197, 46.52394460816226 ], [ 6.633978224232803, 46.523057770070039 ], [ 6.634202619077135, 46.522278244378015 ], [ 6.634421540876406, 46.52192425317282 ], [ 6.634853911429857, 46.52176232025684 ], [ 6.63535195852304, 46.521751022593477 ], [ 6.635696760356783, 46.521751022593378 ], [ 6.635926628245978, 46.52156272785902 ] ], [ [ 6.631269513606708, 46.523256496644272 ], [ 6.631485183980393, 46.523199709729383 ], [ 6.631676806889878, 46.523137767533221 ], [ 6.631766360805185, 46.523121743769785 ], [ 6.631853092852066, 46.523132364236162 ], [ 6.631920450691188, 46.523147839690957 ], [ 6.631977978342133, 46.523174895126694 ], [ 6.632027999697023, 46.523220249157099 ], [ 6.632077610668484, 46.523292237625704 ], [ 6.632162541703797, 46.523424462987549 ], [ 6.632172285560358, 46.523439636663852 ], [ 6.632247459988294, 46.523556697187573 ], [ 6.632344321913766, 46.523697337575001 ], [ 6.632462150637079, 46.523889800320568 ], [ 6.632627132450104, 46.524157544243174 ], [ 6.632770663572922, 46.524405155262869 ], [ 6.632971317701075, 46.524709820036193 ], [ 6.633064045092553, 46.524805450046067 ], [ 6.633188016799905, 46.524909623169656 ], [ 6.633304978233986, 46.52499709466079 ], [ 6.633407760501985, 46.525066140391132 ], [ 6.633515388532105, 46.525131882872039 ], [ 6.633630437550099, 46.525187683268946 ], [ 6.633733455778427, 46.52524006065056 ], [ 6.633882234841479, 46.525299428634618 ], [ 6.634033423742128, 46.525357158234733 ], [ 6.634223119026328, 46.525426801578512 ] ], [ [ 6.63435586433614, 46.524464277259895 ], [ 6.634694403689073, 46.524674508168225 ], [ 6.634731197566756, 46.524698986319237 ], [ 6.635763478823285, 46.525244459255433 ], [ 6.635806630859736, 46.525264753893694 ], [ 6.635879764877557, 46.525305771704637 ], [ 6.635923770559015, 46.525340556010214 ], [ 6.635935133809753, 46.525388954299657 ], [ 6.635966908886529, 46.525524147146101 ], [ 6.635958488623406, 46.525604053635384 ], [ 6.635986469279479, 46.525670912472023 ], [ 6.636014264393328, 46.525749392910178 ], [ 6.636015858804587, 46.525804397162524 ], [ 6.636003098119336, 46.52585096949835 ], [ 6.635978591091706, 46.525903890919665 ], [ 6.635913526245818, 46.526044380994868 ], [ 6.635880674017079, 46.526130007035029 ], [ 6.635842998623491, 46.526229713770554 ], [ 6.635810899345539, 46.526277795525189 ], [ 6.635769291504181, 46.526315815349676 ], [ 6.635715702589889, 46.526348775542282 ], [ 6.635647633738046, 46.526379941965388 ], [ 6.635533568245955, 46.526420795387352 ], [ 6.63529557005278, 46.526517419476725 ], [ 6.635159594150038, 46.52657143156609 ], [ 6.635089101729658, 46.526604262759953 ], [ 6.63501353967529, 46.526653709727469 ], [ 6.634906309782091, 46.526721266300974 ], [ 6.63469659838951, 46.526863060892843 ], [ 6.634457704465802, 46.527019653706112 ], [ 6.634187215513798, 46.52718934518861 ], [ 6.634067705203733, 46.527271810360268 ], [ 6.63402118699639, 46.527316469819844 ], [ 6.633981765019253, 46.527369491958872 ], [ 6.633937049224246, 46.527454160700636 ], [ 6.633919266082891, 46.527514011377313 ], [ 6.633925432589216, 46.527585699825593 ], [ 6.633943693273357, 46.52765748304811 ], [ 6.633964351127782, 46.527727592007302 ], [ 6.633965980683492, 46.527734575519716 ], [ 6.63398249964552, 46.527806040515486 ], [ 6.63398391978534, 46.527874366750481 ], [ 6.633958274155788, 46.528135763620448 ], [ 6.633944544075828, 46.528247289489009 ], [ 6.633943502134727, 46.528317271530362 ], [ 6.633955124143876, 46.528347337862165 ], [ 6.633978939589203, 46.528370842574205 ], [ 6.634024603617053, 46.528384498596424 ], [ 6.634089829273716, 46.528379950327903 ], [ 6.634143285066154, 46.528357011562782 ], [ 6.634158397467506, 46.528315466912062 ], [ 6.63416182413085, 46.528245501779693 ], [ 6.634153520204279, 46.528157137470778 ], [ 6.634166418608133, 46.52810058067066 ], [ 6.634209144711972, 46.527987596094484 ], [ 6.634229512512612, 46.527916086800452 ], [ 6.63430236211723, 46.527725013962439 ], [ 6.634339596542356, 46.527656952767849 ], [ 6.634407988887303, 46.527602453599535 ], [ 6.634461579571897, 46.527569512015958 ], [ 6.634531999089265, 46.527541691495856 ], [ 6.63461433833555, 46.527523932046101 ], [ 6.634759491815724, 46.527503307061856 ], [ 6.634931167857122, 46.527484534050792 ], [ 6.635051825048227, 46.527487052976987 ], [ 6.63514823519982, 46.527497721426045 ], [ 6.635244396166321, 46.527523402468773 ], [ 6.6353163349057, 46.527555569019157 ], [ 6.63540026895449, 46.527594486534653 ], [ 6.635421820973427, 46.527606307016569 ], [ 6.635491175790793, 46.527650105071366 ], [ 6.635601012640439, 46.52773086659279 ], [ 6.635672407430389, 46.52779967904906 ], [ 6.635683015418065, 46.527813832972278 ], [ 6.635733973067883, 46.527881763071264 ], [ 6.635776544942306, 46.527940376851177 ], [ 6.635811537280753, 46.528022263787783 ], [ 6.635839283645996, 46.528104090445858 ], [ 6.635868612610929, 46.528242594530049 ], [ 6.635919530698803, 46.528389581709796 ], [ 6.635978783432805, 46.528626597506687 ], [ 6.636044885855565, 46.52888865279742 ], [ 6.636112857095097, 46.529189044509664 ], [ 6.636169291799234, 46.5294526866059 ], [ 6.636506771012093, 46.530538011932471 ] ], [ [ 6.640875704706024, 46.53649491382221 ], [ 6.640809561964017, 46.53648943799255 ], [ 6.64076813415534, 46.536492016452414 ], [ 6.640732784591748, 46.536503192889484 ], [ 6.640695185844714, 46.536527199872133 ], [ 6.640668921663657, 46.536553436607669 ], [ 6.64043740745378, 46.536808843741753 ], [ 6.640331948855728, 46.5369197339839 ], [ 6.640292722613576, 46.536959454498721 ], [ 6.640253984167352, 46.536986449008033 ], [ 6.640199431174046, 46.537027662953854 ], [ 6.640145404586953, 46.537059713593379 ], [ 6.640127152462727, 46.537068626197403 ], [ 6.640071712787559, 46.537095728021953 ], [ 6.639995694375946, 46.537125977546424 ], [ 6.639977954662974, 46.537131088399818 ], [ 6.639909886039892, 46.537189713415586 ], [ 6.639884632121945, 46.537208409390622 ], [ 6.639832893861786, 46.537239081601953 ], [ 6.639816619619898, 46.537249114595291 ], [ 6.639746834955381, 46.537300341669855 ], [ 6.639706447754873, 46.537337417967578 ], [ 6.639666557440823, 46.537384969163696 ], [ 6.639659218748663, 46.537393733631674 ], [ 6.639620177500392, 46.537457915509208 ], [ 6.639581548491322, 46.537535648343109 ], [ 6.639520425616762, 46.537647281845857 ], [ 6.639506442290555, 46.537668117204824 ], [ 6.639481730293114, 46.53768804936896 ], [ 6.639454145782175, 46.537703877086322 ], [ 6.639309942182327, 46.537759914428591 ], [ 6.639158082055945, 46.537811804440125 ], [ 6.639107280151596, 46.537825822219901 ], [ 6.639092271806419, 46.537827812556365 ], [ 6.639034864194452, 46.537835405553942 ], [ 6.639042094430763, 46.537914154038575 ], [ 6.639064175467538, 46.538045616124961 ], [ 6.639101452342635, 46.538233797480068 ], [ 6.639137596115815, 46.538384916064103 ], [ 6.639148194830542, 46.538434262157423 ], [ 6.639159397571615, 46.538568787202507 ], [ 6.639166874762079, 46.538673158193184 ], [ 6.639166478182668, 46.538767811943124 ], [ 6.63915656020508, 46.538896259783087 ], [ 6.639138077235822, 46.538995616993631 ], [ 6.639082640412806, 46.539223240547145 ], [ 6.639065590311544, 46.53929358655239 ], [ 6.639049487079506, 46.539366017316588 ], [ 6.639040259250208, 46.539449561677245 ], [ 6.639034076836435, 46.539566934688288 ], [ 6.639032104886801, 46.539631476518778 ], [ 6.639032400028619, 46.539750730366649 ], [ 6.639039585740814, 46.539784930040589 ], [ 6.639058418039385, 46.539810890419986 ], [ 6.639107676931316, 46.53984665496894 ], [ 6.638899175797014, 46.54026473925127 ], [ 6.638398392181165, 46.541106121880738 ], [ 6.638124739932128, 46.54128681980508 ], [ 6.637686896333715, 46.541369639486128 ], [ 6.637281891005182, 46.541444929995677 ] ], [ [ 6.64088173970044, 46.536495846859928 ], [ 6.64091685726086, 46.536387349379204 ], [ 6.640944786146636, 46.536294247587151 ], [ 6.640957366829739, 46.536264163243459 ], [ 6.640982311499235, 46.536204541788415 ], [ 6.64101942178632, 46.536146481195907 ], [ 6.641194281456911, 46.535912787087987 ], [ 6.641278043687015, 46.535798415068655 ], [ 6.641315225653424, 46.535733688806637 ], [ 6.641347755344618, 46.535655597685526 ], [ 6.641373579629788, 46.535542491762101 ], [ 6.641426999192698, 46.535357917104967 ], [ 6.641458247399202, 46.535203188520249 ], [ 6.641499854958202, 46.535001888136399 ], [ 6.641526353929796, 46.534842115364512 ], [ 6.641530337954253, 46.534735513063602 ], [ 6.641530724795774, 46.53438229451455 ], [ 6.641510566323983, 46.534112235139041 ], [ 6.641485907735789, 46.53398377810089 ], [ 6.641468544224745, 46.533850352506043 ], [ 6.641430117651219, 46.533673480888702 ], [ 6.641395727820337, 46.53354993027591 ], [ 6.641348948926403, 46.533447964107189 ], [ 6.641280245794587, 46.533359176014713 ], [ 6.641180377995584, 46.53325519041536 ], [ 6.641020914168172, 46.53310078570712 ], [ 6.640613539270021, 46.532729694567863 ], [ 6.640418505077021, 46.532554140959704 ], [ 6.640415790809834, 46.532551692928564 ], [ 6.640280297616311, 46.532409114670067 ], [ 6.640224796624864, 46.532363051140429 ], [ 6.640146722625992, 46.532298206884342 ], [ 6.64010587759179, 46.532286260542087 ], [ 6.639987901840886, 46.532262094422698 ], [ 6.639867148157367, 46.532266255215795 ], [ 6.639736562767125, 46.532280332286035 ], [ 6.639540218701501, 46.532335597880312 ], [ 6.639288101089734, 46.532403793404498 ], [ 6.638985172269284, 46.532481642910881 ], [ 6.638844756984481, 46.532508972854217 ], [ 6.638711672556175, 46.532528023952338 ], [ 6.638588334475441, 46.532543815073495 ], [ 6.638460258165339, 46.532551233295798 ], [ 6.638267074709385, 46.532554881587508 ], [ 6.638127164144516, 46.532547219518797 ], [ 6.6379221451437, 46.532534123012027 ], [ 6.637828150029685, 46.532523456039875 ], [ 6.637739039690195, 46.532509503920963 ], [ 6.637628349009233, 46.532483722496735 ], [ 6.637561911147629, 46.532461572946794 ], [ 6.637505837212339, 46.532442879053242 ], [ 6.637361807688325, 46.532386878087884 ], [ 6.637251637566403, 46.532327778544094 ], [ 6.637134355959327, 46.532258643024988 ], [ 6.637043711601102, 46.532184693755511 ], [ 6.636996164297146, 46.532136039973267 ], [ 6.636977416724921, 46.532097584279619 ], [ 6.636951979350095, 46.532022413352664 ], [ 6.636914978504839, 46.531912193007138 ], [ 6.636867469740621, 46.531746743517047 ], [ 6.636763465943794, 46.531384627582575 ], [ 6.636671635266494, 46.531065742712229 ], [ 6.636570395159263, 46.530730130524717 ], [ 6.636515218116975, 46.530543126055854 ] ], [ [ 6.632462190773828, 46.520679616848511 ], [ 6.631440783754472, 46.520385870985621 ], [ 6.631314903719944, 46.520321849240553 ], [ 6.630417324343202, 46.52044612667698 ], [ 6.628641321247159, 46.520604297548601 ], [ 6.626922785123369, 46.520908398585213 ], [ 6.62653009414605, 46.520943233579857 ], [ 6.626353588445459, 46.520856616795371 ], [ 6.625877433532188, 46.520940409121799 ], [ 6.624470860972264, 46.521234151987137 ], [ 6.623132631759653, 46.521168924678484 ], [ 6.622496300723332, 46.521167677137669 ], [ 6.622495440673136, 46.521167670950327 ], [ 6.621923014213325, 46.521191880049798 ], [ 6.621585715635918, 46.521193922318965 ], [ 6.621546432110032, 46.52119416115795 ], [ 6.621401756947043, 46.521184779663763 ], [ 6.621208902131258, 46.521168411722527 ], [ 6.620497092930019, 46.521090987965358 ], [ 6.619811331222392, 46.521016563518288 ], [ 6.619594071117021, 46.52099480793445 ], [ 6.619448073195293, 46.520985909180361 ], [ 6.619098989378736, 46.520982263384965 ], [ 6.618771127112129, 46.520974010953744 ], [ 6.61847406192315, 46.520966528992261 ], [ 6.618021259465541, 46.520950444064944 ], [ 6.617269735851242, 46.520928686438232 ], [ 6.617130719762761, 46.520929488060162 ], [ 6.61666721956244, 46.520932176076386 ], [ 6.616251007434962, 46.520966133586967 ], [ 6.616124915052896, 46.520981781260637 ], [ 6.615427452343773, 46.521076264109027 ], [ 6.615216399923843, 46.521110788780426 ], [ 6.614964660412084, 46.521163234756237 ], [ 6.614794597212051, 46.521077013759701 ], [ 6.614746533188971, 46.521063350485178 ], [ 6.614688725048362, 46.521056255539229 ], [ 6.614628569253456, 46.521044150677746 ], [ 6.614491038212426, 46.521039841078618 ], [ 6.614307626625374, 46.521038508504461 ], [ 6.614126752291587, 46.521027190413889 ], [ 6.61401581750572, 46.521021373271715 ], [ 6.613854382872525, 46.521003538936938 ], [ 6.613685841922092, 46.52097399375328 ], [ 6.613635272474776, 46.520960563677512 ], [ 6.613534483220484, 46.520929585787826 ], [ 6.613414350558829, 46.520893708165929 ], [ 6.613294395119389, 46.52084452647496 ], [ 6.613174644251981, 46.520783669207688 ], [ 6.613094413987018, 46.520821399785412 ], [ 6.61302173396246, 46.520839204919284 ], [ 6.612949218925249, 46.520845352263208 ], [ 6.612855147214232, 46.520841329991164 ], [ 6.612678629012183, 46.520827297485731 ], [ 6.612570643308792, 46.520818711608214 ], [ 6.612254860355924, 46.520793633633296 ], [ 6.612004151322118, 46.520773482034976 ], [ 6.611902859911319, 46.520767751082865 ], [ 6.611806415701152, 46.52076037309773 ], [ 6.611675965640041, 46.520767761641956 ], [ 6.611554916865057, 46.520791861364451 ], [ 6.611482096486053, 46.520819659161518 ], [ 6.611401775421156, 46.520862389722765 ], [ 6.611319742462184, 46.520920742967725 ], [ 6.611231090525072, 46.520984094692729 ], [ 6.611113757436503, 46.521071904451254 ], [ 6.610999225727276, 46.521142704908151 ], [ 6.610872970822241, 46.521190110814537 ], [ 6.61076866883345, 46.521224335565208 ], [ 6.61064527132384, 46.521243424351958 ], [ 6.610052073285017, 46.521331645242441 ], [ 6.609943486245474, 46.521347791762118 ], [ 6.609897728857781, 46.521354600415478 ], [ 6.609777593884417, 46.521376761775841 ], [ 6.609551281972499, 46.521418505286555 ], [ 6.609210264741084, 46.521506459403909 ], [ 6.608467456092501, 46.521699318349647 ], [ 6.608314588056591, 46.521744826425234 ], [ 6.608121194845615, 46.521795840120511 ], [ 6.607971402864353, 46.521835351862713 ], [ 6.607917904029837, 46.521861624588006 ], [ 6.607895310518141, 46.521918107618895 ], [ 6.607906238247991, 46.521993170172486 ], [ 6.607922426769277, 46.522194882425261 ], [ 6.607937284434554, 46.522484899687655 ], [ 6.607940442058255, 46.522594909183375 ], [ 6.607925157547915, 46.522646443903483 ], [ 6.607887944916298, 46.522711141283985 ], [ 6.607829072856352, 46.522772360478072 ], [ 6.607724330342482, 46.522834916971298 ], [ 6.607622395672244, 46.522870802493635 ], [ 6.607525666159077, 46.522881770862014 ], [ 6.607569487732817, 46.523015387166133 ], [ 6.607597291302396, 46.523090555375212 ], [ 6.607618451288976, 46.523127369499214 ], [ 6.607688358397198, 46.523285178430534 ], [ 6.607814923720014, 46.523570823066827 ], [ 6.607889114086722, 46.523737488407725 ], [ 6.607903002090356, 46.523772602938372 ], [ 6.607937783432602, 46.523866156208427 ], [ 6.60795607235518, 46.523932933257029 ], [ 6.607955278612529, 46.523984583074643 ], [ 6.607923015060786, 46.524042668584414 ], [ 6.607881261468613, 46.524088998656154 ], [ 6.607810512226135, 46.524136807646869 ], [ 6.60774010933022, 46.524164620791311 ], [ 6.607662600958813, 46.524180713902382 ], [ 6.607573102497398, 46.524193381577511 ], [ 6.607488656177738, 46.524191098683936 ], [ 6.607349232674243, 46.5241534180686 ], [ 6.607128196757841, 46.524085146151393 ], [ 6.607036914883046, 46.524056166358719 ], [ 6.606950034654407, 46.524038436902202 ], [ 6.606848287700558, 46.524022982351319 ], [ 6.606835341784848, 46.524079233067155 ], [ 6.606703988705318, 46.524101827423124 ], [ 6.606506959086043, 46.524094295972226 ], [ 6.605915870228173, 46.524222330496386 ], [ 6.605270050920503, 46.524357896134319 ], [ 6.604722746422487, 46.524463335841048 ], [ 6.604219226284295, 46.524576306728235 ], [ 6.603912735765436, 46.524500992829701 ], [ 6.603879897495578, 46.52437295896236 ], [ 6.603923681855468, 46.524131953217015 ], [ 6.604087873204894, 46.523988855549845 ], [ 6.604405309813807, 46.523612280940348 ], [ 6.604624231613049, 46.523408929565846 ], [ 6.604733692512682, 46.523250766859462 ], [ 6.60512775175125, 46.523205577430133 ], [ 6.605893978048473, 46.523092603692419 ], [ 6.606134792027592, 46.523115198458648 ], [ 6.606200468567318, 46.52328842468814 ], [ 6.606156684207444, 46.523476713441582 ], [ 6.605893978048343, 46.523747848100129 ], [ 6.6061785763873, 46.523785505584499 ], [ 6.606320875556748, 46.5239511982059 ], [ 6.606485066906123, 46.524079233067191 ] ] ] } },
{ "type": "Feature", "properties": { "CADRE_NO": "10.006", "DDT_URL": null, "ETC_NOM": "Transports publics de la région lausannoise", "ETC_SIGLE": "TL", "ETC_URL": "https://www.t-l.ch", "GO_CENTRE": 0, "HORAIR_URL": "https://www.tableaux-horaires.ch/fileadmin/fap_pdf_fields/2025/10.006.pdf", "LIGNE_NO": "6", "LIGNE_NOM": "Lausanne Maladière - Mont d'Or - Cécil - Victor-Ruffy - Praz-Séchaud", "LIGNE_SIGL": null, "LIGNE_TYPE": "Trolleybus", "PLAN_URL": "https://prestations.vd.ch/pub/101587/api/download/2_Cartographie_et_geodonnees/2.1_Carte_des_reseaux/Carte_des_lignes_TP/topo/ligne_10.006.pdf", "SHAPE_LEN": 8323.761 }, "geometry": { "type": "MultiLineString", "coordinates": [ [ [ 6.637093300747174, 46.520701932243874 ], [ 6.63743553698227, 46.520899294702886 ], [ 6.637576458882344, 46.521000245229665 ], [ 6.637698636646782, 46.521062766971653 ], [ 6.637799437712434, 46.521101792874866 ], [ 6.637905344884898, 46.521122529736154 ], [ 6.638090748569616, 46.521152166878068 ], [ 6.638348566379861, 46.521182305594955 ], [ 6.638546001080138, 46.521215355409034 ], [ 6.638668501010649, 46.521256215835734 ], [ 6.638761885324524, 46.521306847479728 ], [ 6.638838331681854, 46.521360724159393 ], [ 6.638885859584391, 46.52141104138655 ], [ 6.63891417400716, 46.521454557061638 ], [ 6.638959069458963, 46.521519852144138 ], [ 6.638975243129932, 46.521568284033783 ], [ 6.638981762287986, 46.521618303143377 ], [ 6.638983901727135, 46.521636661206202 ], [ 6.638980776223986, 46.521684957054156 ], [ 6.638958604958738, 46.521878072285226 ], [ 6.638957170310526, 46.522004996685951 ], [ 6.63895828009, 46.522063002156436 ], [ 6.638957230848847, 46.522150661438211 ], [ 6.639024578626185, 46.522150128600231 ], [ 6.639111433878315, 46.522152405039755 ], [ 6.63944439031462, 46.522161399237639 ], [ 6.639502425893011, 46.522155159979242 ], [ 6.63957268817177, 46.522137320922248 ], [ 6.639643135755839, 46.52210782422469 ], [ 6.63971630103747, 46.522056693090825 ], [ 6.640002578619241, 46.52179545693064 ], [ 6.640085730964291, 46.521721060075386 ], [ 6.640283907391875, 46.521540851323302 ], [ 6.640381783956255, 46.52145157043077 ], [ 6.640452586301686, 46.521397075668474 ], [ 6.640496412667332, 46.521370728680388 ], [ 6.64061524891833, 46.521333250464401 ], [ 6.640770185985223, 46.521301000861477 ], [ 6.640951755067765, 46.521265636762791 ], [ 6.641126132766392, 46.521240684243281 ], [ 6.641140420522096, 46.521238634627522 ], [ 6.641338790929139, 46.521208371845404 ], [ 6.64175722950707, 46.521149652942164 ], [ 6.642100523273573, 46.521112085409008 ], [ 6.642436461757581, 46.521082786577018 ], [ 6.642806177842024, 46.521055396988729 ], [ 6.64312500665178, 46.521040972530635 ], [ 6.64351383659087, 46.521025373575846 ], [ 6.643721504995089, 46.521018489611187 ], [ 6.644054505611727, 46.521025815373712 ], [ 6.644230489710937, 46.521040380058686 ], [ 6.644403965218742, 46.52106159298863 ], [ 6.644661516969114, 46.521110040468251 ], [ 6.645118820577754, 46.521198217011246 ], [ 6.645296838131695, 46.521239449588982 ], [ 6.645530173103741, 46.521294391807373 ], [ 6.645780090315173, 46.521369465672763 ], [ 6.645972293454018, 46.52143078557237 ], [ 6.64628444620304, 46.52154292512062 ], [ 6.646558714156611, 46.521660430819793 ] ], [ [ 6.66079723017114, 46.533316374185944 ], [ 6.660798023217441, 46.533310181352839 ], [ 6.660799956138995, 46.533304491116056 ], [ 6.660802954615382, 46.533299033084873 ], [ 6.660807017222127, 46.533293906205948 ], [ 6.660812038262435, 46.533289208710926 ], [ 6.660817451834432, 46.533285314553872 ], [ 6.66082461235614, 46.533281405384095 ], [ 6.660831338827074, 46.533278671719245 ], [ 6.660845285293493, 46.533275141919532 ], [ 6.660853093633917, 46.533274223873136 ], [ 6.660861543707598, 46.533274002920002 ], [ 6.660869969354534, 46.533274573450086 ], [ 6.660878837988252, 46.533276064611925 ], [ 6.660886109478236, 46.533278030611243 ], [ 6.660893512044756, 46.533280852132108 ], [ 6.660900318111817, 46.533284362258669 ], [ 6.660906346756366, 46.533288451798455 ], [ 6.660911533455451, 46.533293075329127 ], [ 6.660915749421964, 46.533298124015644 ], [ 6.660918956459757, 46.533303534624011 ], [ 6.660921187974803, 46.533309703208957 ], [ 6.660922069774153, 46.533315457720803 ], [ 6.660921757836936, 46.533321734816653 ], [ 6.660920416897173, 46.533327051279485 ], [ 6.660917671215547, 46.533333059804654 ], [ 6.660914342407299, 46.533337921836122 ], [ 6.660905579525924, 46.533346291058812 ], [ 6.661125888983799, 46.533498565521754 ], [ 6.661854077873067, 46.534066722915519 ], [ 6.662295513259938, 46.5344296305041 ], [ 6.662493675554673, 46.53458426960524 ], [ 6.663088517018289, 46.535024860488512 ], [ 6.663413324188518, 46.535284150732359 ], [ 6.663469027297203, 46.535328602855472 ], [ 6.663499070049916, 46.535352566615721 ] ], [ [ 6.660905579525924, 46.533346291058812 ], [ 6.660898921633788, 46.533350599504658 ], [ 6.660892567707912, 46.533353713560714 ], [ 6.660884482840029, 46.533356635830685 ], [ 6.660876490027963, 46.533358596155196 ], [ 6.660868208695047, 46.533359771846143 ], [ 6.660861007418374, 46.533360172284837 ], [ 6.660852564451798, 46.533359898504671 ], [ 6.660844223857846, 46.533358851766437 ], [ 6.660835584170249, 46.533356849397329 ], [ 6.660828009175746, 46.533354233599603 ], [ 6.660821534869359, 46.533351220525091 ], [ 6.660815190428928, 46.533347335724812 ], [ 6.660809674774049, 46.533342925839534 ], [ 6.660805065979552, 46.533338000400619 ], [ 6.66080123745948, 46.533332297655342 ], [ 6.660798939190432, 46.533327145162559 ], [ 6.66079723017114, 46.533316374185944 ], [ 6.660708429163881, 46.533315765386675 ], [ 6.660582719168385, 46.533328244552898 ], [ 6.660297284127676, 46.533366265282751 ], [ 6.660064903385436, 46.533409660152515 ], [ 6.660017635326742, 46.53342064381809 ], [ 6.659842047453276, 46.533461450257498 ], [ 6.659662633877157, 46.533513529187026 ], [ 6.659473273367949, 46.533585537724413 ], [ 6.659416208156483, 46.53361239484483 ], [ 6.65933715947163, 46.53364959033371 ], [ 6.659091444650146, 46.533779514504346 ], [ 6.658899022043385, 46.533896490250122 ], [ 6.658504373601525, 46.534142041241218 ], [ 6.657812368967957, 46.534580480206742 ], [ 6.657410295070258, 46.534837626231948 ], [ 6.656998558674053, 46.53509471329285 ], [ 6.656877051041228, 46.535148860014445 ], [ 6.656731354981101, 46.535206177460651 ], [ 6.656612488380913, 46.535245336704783 ], [ 6.656486543148072, 46.535272788162651 ], [ 6.656302575864292, 46.535306505519344 ], [ 6.656159917443271, 46.535320518245854 ], [ 6.656068193464398, 46.535319885685411 ], [ 6.655962010262208, 46.53531582478108 ], [ 6.655834219312194, 46.535303275380606 ], [ 6.655713785089152, 46.535284119525379 ], [ 6.65555972138778, 46.535253072590834 ], [ 6.655405633874254, 46.535223680553635 ], [ 6.655217157407114, 46.535186242315902 ], [ 6.654892848378521, 46.535121831083693 ], [ 6.654028569324505, 46.534952588904517 ], [ 6.653691578618873, 46.534881942232872 ], [ 6.653193269646625, 46.53478184945763 ], [ 6.653015166039091, 46.534743966571973 ], [ 6.652841764410081, 46.534714437310186 ], [ 6.652607916755414, 46.534691164137378 ], [ 6.652566788623032, 46.534688513263184 ], [ 6.652492138160859, 46.534683695975865 ], [ 6.652361878546937, 46.534676118355392 ], [ 6.652295115154164, 46.534676645266593 ], [ 6.652248376868129, 46.534677014054033 ], [ 6.652154194229637, 46.534679689823321 ], [ 6.652009100673534, 46.534695353720274 ], [ 6.651965771000869, 46.534703347681564 ], [ 6.651817848445828, 46.534730659594814 ], [ 6.651701632895388, 46.534753198411082 ], [ 6.651587853108851, 46.534774071743378 ], [ 6.651214872683164, 46.534854778447318 ], [ 6.651026103240102, 46.534885125411144 ], [ 6.650871279336204, 46.534907377395932 ], [ 6.650685128297796, 46.534924409830552 ], [ 6.650511168502563, 46.534933196297686 ], [ 6.650305954501216, 46.534931770753666 ], [ 6.650103336807413, 46.534920368271052 ], [ 6.649912858505567, 46.534900719466314 ], [ 6.649681678920614, 46.534860798129529 ], [ 6.649491605257232, 46.534816142411159 ], [ 6.649313649967168, 46.534768269121663 ], [ 6.64915017270845, 46.534709134274841 ], [ 6.649102298069756, 46.534691807627119 ], [ 6.648965510430859, 46.53463588988761 ], [ 6.648797762074883, 46.534549736651684 ], [ 6.648618150397429, 46.534448522142064 ], [ 6.648448212696104, 46.534349029986267 ], [ 6.64829741843375, 46.534258001256283 ], [ 6.648204199559198, 46.534195710976427 ], [ 6.64811588630832, 46.534125124451677 ], [ 6.648029124699836, 46.534046506197519 ], [ 6.64798469845374, 46.53400114441326 ], [ 6.647897448850669, 46.533907796117809 ], [ 6.647787986524412, 46.533785982359817 ], [ 6.647688603884329, 46.533672883961664 ], [ 6.64754959128252, 46.53351099346974 ], [ 6.647404059400897, 46.533335023497607 ], [ 6.647363003989859, 46.53327140498714 ], [ 6.647308628101667, 46.533160500268913 ], [ 6.647289234648229, 46.533092633731208 ], [ 6.647288639553236, 46.53303713292938 ] ], [ [ 6.611229152648602, 46.516815205887269 ], [ 6.6112238073519, 46.516819619969603 ], [ 6.611217083214973, 46.516823871060666 ], [ 6.611210112519911, 46.516827202750335 ], [ 6.611203193580254, 46.516829707175653 ], [ 6.611195252153845, 46.516831754337105 ], [ 6.611187009296532, 46.516833061618868 ], [ 6.611177943395575, 46.516833652204205 ], [ 6.611169906225868, 46.516833440643701 ], [ 6.611162191689456, 46.516832583716628 ], [ 6.611154072034187, 46.516830950169002 ], [ 6.6111457450511, 46.516828388509779 ], [ 6.611139077009239, 46.51682556906843 ], [ 6.611131970266913, 46.516821612917475 ], [ 6.61112615790134, 46.516817378333108 ], [ 6.611121173861675, 46.516812664001435 ], [ 6.611117108531639, 46.51680752455853 ], [ 6.611114266369407, 46.516802501991734 ], [ 6.611111445977545, 46.516793503306104 ] ], [ [ 6.619074129414577, 46.51672181322327 ], [ 6.618964400941676, 46.516787393570787 ], [ 6.618819270598503, 46.516874137664658 ], [ 6.617927949335194, 46.517399199738094 ], [ 6.617323918669683, 46.51775970964821 ], [ 6.617034136427969, 46.517927574435411 ], [ 6.616993914971808, 46.517951950409902 ], [ 6.61696349250945, 46.517970378960136 ], [ 6.616617693100844, 46.518172813757303 ], [ 6.616469006986517, 46.51826836329694 ], [ 6.616393312728839, 46.518326136358013 ], [ 6.616334290013033, 46.518397353437962 ], [ 6.616294641858397, 46.518465382383205 ], [ 6.616269293055695, 46.51854517391773 ], [ 6.616268583544331, 46.518591813532488 ], [ 6.616267823264264, 46.518641790330719 ], [ 6.616286120561298, 46.518708575048365 ], [ 6.616314238064614, 46.518763754016412 ], [ 6.616349651065242, 46.5188156663 ], [ 6.616416289574065, 46.518877799561722 ], [ 6.61646880607213, 46.518916503557861 ], [ 6.616542980741798, 46.518958702037025 ], [ 6.616619718277091, 46.518990915379732 ], [ 6.616698980929398, 46.51901648085898 ], [ 6.616771189079581, 46.519030327237985 ], [ 6.61687238869563, 46.51904105503295 ], [ 6.616990552448578, 46.519048586049763 ], [ 6.617181341307898, 46.519039964103932 ], [ 6.61761602815838, 46.519020737665606 ], [ 6.617666821858064, 46.519018487406882 ], [ 6.617898631426802, 46.519011825394074 ], [ 6.618032973140379, 46.519017295316644 ], [ 6.618048185025894, 46.51901791813215 ], [ 6.61812045626816, 46.519026771275229 ], [ 6.618352500239695, 46.519093976954359 ], [ 6.618805804003377, 46.519231520546342 ], [ 6.619013971703668, 46.519299802763342 ], [ 6.619112209390855, 46.51933232267919 ], [ 6.619518720688026, 46.51945340435163 ], [ 6.619889019105411, 46.519547711719049 ], [ 6.620384412097104, 46.519666256101438 ], [ 6.620625085975066, 46.519712981267915 ], [ 6.621162071241224, 46.519796818357094 ], [ 6.621694185309956, 46.51988230008444 ], [ 6.622334636800848, 46.519988548235808 ], [ 6.62257304013284, 46.520023584987072 ], [ 6.622545917910815, 46.520061713210552 ], [ 6.622528337817558, 46.520106576175699 ], [ 6.622527457678833, 46.520164873489648 ], [ 6.622533785059791, 46.520226578195079 ], [ 6.622554425964054, 46.520298371526621 ], [ 6.622842585752444, 46.520716971959779 ], [ 6.62289610208567, 46.520800381681823 ], [ 6.623132631759653, 46.521168924678484 ], [ 6.623236751456814, 46.521331134864653 ], [ 6.623315020931012, 46.52144976204827 ], [ 6.624459081854036, 46.52307304565425 ], [ 6.624603705754999, 46.523284375938417 ], [ 6.624780148145256, 46.523542201149624 ], [ 6.624802269966949, 46.52358343596223 ], [ 6.624913610046487, 46.523568806327468 ], [ 6.625211733935591, 46.523516454973539 ], [ 6.625824337193182, 46.523390897243139 ], [ 6.626107745874473, 46.52332461114279 ], [ 6.626139263263852, 46.523314833225264 ], [ 6.626627005939548, 46.523145051768545 ] ], [ [ 6.632349754941282, 46.519611979411565 ], [ 6.632524090845434, 46.519574895106466 ], [ 6.632726960410757, 46.519534738679226 ], [ 6.632751637715066, 46.519529858197039 ], [ 6.632838962349156, 46.519514339565596 ], [ 6.633049309132547, 46.51947698847782 ], [ 6.633185800328273, 46.519461683784421 ], [ 6.633498884232848, 46.519426554631657 ], [ 6.634306498584052, 46.519335953860946 ], [ 6.634777485038976, 46.519314292290112 ], [ 6.635531994864539, 46.519216352541321 ], [ 6.636013141852593, 46.519159772065116 ], [ 6.636685643495942, 46.519057888875473 ], [ 6.636804081962296, 46.519047067207573 ], [ 6.636936761932638, 46.519051342517052 ], [ 6.637045149583772, 46.519067095927973 ], [ 6.637146168790498, 46.519091127535503 ], [ 6.637208491123073, 46.519119896480952 ], [ 6.637263495754618, 46.51915527978506 ], [ 6.63730846131354, 46.519215583230583 ], [ 6.637348345799674, 46.519292502493229 ], [ 6.637371428438914, 46.51936263697511 ], [ 6.637353923094248, 46.519404183124564 ], [ 6.637317081994985, 46.519447229972087 ], [ 6.637273119125685, 46.519481905132722 ], [ 6.637226893550035, 46.519506578653001 ], [ 6.63716373067217, 46.519534470032099 ], [ 6.63706169809805, 46.519578720459556 ], [ 6.636959554589713, 46.519631318366223 ], [ 6.636898492770828, 46.519679204721491 ], [ 6.636847061940047, 46.519728823389954 ], [ 6.636814881436712, 46.51978357991954 ], [ 6.636799723953665, 46.519828462132338 ], [ 6.636806413682237, 46.519866832680258 ], [ 6.636825157028972, 46.51990527942931 ], [ 6.636905605587342, 46.520014160717857 ], [ 6.637063117011062, 46.520296841825179 ], [ 6.637159381133972, 46.520479125661382 ], [ 6.637220638638875, 46.52060883196755 ], [ 6.637222559597808, 46.520612875777772 ], [ 6.637093300747174, 46.520701932243874 ], [ 6.635945099772781, 46.521568376710547 ], [ 6.635956045862663, 46.521967560731014 ], [ 6.635463471814423, 46.522178449218231 ], [ 6.634642515067364, 46.522464653713087 ], [ 6.634598730707473, 46.522728261782248 ], [ 6.634817652506639, 46.522893957628085 ], [ 6.635080358665678, 46.522909020861704 ], [ 6.635146035205372, 46.523240410945569 ], [ 6.635540094443781, 46.524031220023524 ], [ 6.63598888413202, 46.524633733499243 ], [ 6.63586847714233, 46.525273896745404 ] ], [ [ 6.607933365555263, 46.518681929351864 ], [ 6.607787012626619, 46.518599982556495 ], [ 6.607556128822294, 46.51844471878141 ], [ 6.60752901623371, 46.518426482954681 ], [ 6.607209189740432, 46.518192552559206 ], [ 6.606645839514886, 46.517785198708651 ], [ 6.60642858746264, 46.517630329435107 ], [ 6.606301786278195, 46.5175577451284 ], [ 6.606186781658441, 46.517501917034181 ], [ 6.606088331192426, 46.517469537226887 ], [ 6.605968069404827, 46.517442008068393 ], [ 6.605842858414727, 46.517422763849105 ], [ 6.605700568242009, 46.517416717325304 ], [ 6.605476047572949, 46.517421734660886 ], [ 6.605476008482552, 46.517421734373798 ], [ 6.605145189563239, 46.517432627414443 ], [ 6.605038968573141, 46.517435184466883 ], [ 6.604961546022172, 46.51744628346389 ], [ 6.60486462087464, 46.517472217591241 ], [ 6.604737700923614, 46.517562937042506 ], [ 6.604611025330517, 46.517638634646453 ], [ 6.604531089359465, 46.517658045272285 ], [ 6.604461181257628, 46.517652538386187 ], [ 6.604415688098756, 46.517628867933347 ], [ 6.604399211758576, 46.517600436006227 ], [ 6.604402188367777, 46.517565463024482 ], [ 6.604412190755617, 46.517542200669581 ], [ 6.604480202091263, 46.517514381040812 ], [ 6.604538403827505, 46.517496483923381 ], [ 6.604714854086067, 46.517479456111907 ], [ 6.60486462087464, 46.517472217591241 ] ], [ [ 6.608073316666754, 46.518671654982121 ], [ 6.608079638561733, 46.518675803492073 ], [ 6.608084828191438, 46.518679853750918 ], [ 6.608090263090673, 46.518684904372961 ], [ 6.608094643216099, 46.518689902291868 ], [ 6.608098407041977, 46.518695147589419 ], [ 6.60810145101561, 46.518700594527118 ], [ 6.608103814780936, 46.518706207410723 ], [ 6.608105447045144, 46.518711931888241 ], [ 6.608106347946218, 46.518717758964449 ], [ 6.608106512745253, 46.518723148838482 ], [ 6.608105993051027, 46.518728983506442 ], [ 6.608104581343455, 46.518735198476399 ], [ 6.608102715464457, 46.518740438541727 ], [ 6.608099997906785, 46.51874597823933 ], [ 6.608092871139795, 46.518756046681347 ], [ 6.60808815670176, 46.518760933035296 ], [ 6.608082886651887, 46.518765509453587 ], [ 6.608077074573403, 46.518769740051148 ], [ 6.608070707574015, 46.51877361573743 ], [ 6.60806389072667, 46.518777083304997 ], [ 6.608057227164266, 46.518779904274837 ], [ 6.608049667539674, 46.518782520769264 ], [ 6.608041789201278, 46.518784676128213 ], [ 6.608033670746678, 46.518786343938778 ], [ 6.608025377466603, 46.518787515682938 ], [ 6.608016309545211, 46.518788213957031 ], [ 6.608008501670329, 46.518788327713558 ], [ 6.608000518279597, 46.518787990379067 ], [ 6.607991488405268, 46.518787060634594 ], [ 6.607983273469143, 46.518785678055167 ], [ 6.607975248838366, 46.518783784090594 ], [ 6.60796751820399, 46.518781415484597 ], [ 6.607960094181978, 46.518778599317898 ], [ 6.607953067985701, 46.518775336258514 ], [ 6.607946478291972, 46.51877165357805 ], [ 6.607940389423825, 46.518767605724214 ], [ 6.607934853641329, 46.51876318408371 ], [ 6.607930255223377, 46.518758823283626 ], [ 6.607925542397618, 46.518753427093358 ], [ 6.607922111294306, 46.51874858005511 ], [ 6.607918839422757, 46.51874269963055 ], [ 6.607916554134197, 46.518737069325432 ], [ 6.607914333398647, 46.518727238311357 ], [ 6.607914005028485, 46.518721469402692 ], [ 6.607914492425164, 46.51871519368968 ], [ 6.607915728123307, 46.518709409246163 ], [ 6.607917692143829, 46.518703720097115 ], [ 6.60792035773449, 46.518698171027133 ], [ 6.607923724480419, 46.518692789021408 ], [ 6.607927420203107, 46.518688048148185 ], [ 6.607933365555263, 46.518681929351864 ], [ 6.607938580585182, 46.518677541455801 ], [ 6.60794499593497, 46.518673063391851 ], [ 6.607951452485922, 46.518669296321683 ], [ 6.607957834070127, 46.518666167425664 ], [ 6.607965688922098, 46.518662995340634 ], [ 6.607973363734707, 46.518660514636942 ], [ 6.607981330782889, 46.518658521862321 ], [ 6.607988872149021, 46.518657092724816 ], [ 6.607997202566205, 46.518656047200913 ], [ 6.608006268254297, 46.518655492849845 ], [ 6.608014764788038, 46.51865551008148 ], [ 6.608022537461025, 46.518655989809965 ], [ 6.608031525873171, 46.5186570721824 ], [ 6.608039699211978, 46.518658616383803 ], [ 6.608047630540318, 46.518660644602399 ], [ 6.608054684545741, 46.518662945276247 ], [ 6.608062585569423, 46.518666097785221 ], [ 6.608073316666754, 46.518671654982121 ], [ 6.608229471499079, 46.518549911357674 ], [ 6.608576883957037, 46.518297270408752 ], [ 6.609095973643313, 46.517919776552347 ], [ 6.609467017521395, 46.517647586277079 ], [ 6.609735636302696, 46.517442935864217 ], [ 6.609994189493994, 46.517266549030957 ], [ 6.610135435261411, 46.517184285785447 ], [ 6.610335008011524, 46.517075765830398 ], [ 6.610444430301911, 46.51702324485143 ], [ 6.610619346485266, 46.516947892943925 ], [ 6.610904822245254, 46.516803528799869 ], [ 6.611111445977545, 46.516793503306104 ], [ 6.611111049512283, 46.516787904837784 ], [ 6.611111738391473, 46.516782062396175 ], [ 6.611113643878469, 46.516775913966079 ], [ 6.61111628858125, 46.516770850460937 ], [ 6.611120453160786, 46.516765249280809 ], [ 6.611124873882523, 46.516760792474209 ], [ 6.611130965883421, 46.516756122956537 ], [ 6.611137409367039, 46.51675232862457 ], [ 6.611143957314745, 46.516749371691844 ], [ 6.611152143734703, 46.516746642617385 ], [ 6.611160212007951, 46.516744821286863 ], [ 6.611168516422632, 46.516743748354877 ], [ 6.611183907030552, 46.516743716683223 ], [ 6.611191802184533, 46.516744691875736 ], [ 6.61120049115447, 46.516746590460457 ], [ 6.611208141532318, 46.51674908420776 ], [ 6.611214743179373, 46.516751984125747 ], [ 6.611221731409714, 46.516756020372057 ], [ 6.611227451327236, 46.516760335242154 ], [ 6.611234797320422, 46.516768242421428 ], [ 6.61123812898701, 46.516773637395758 ], [ 6.611240264786492, 46.516778834729301 ], [ 6.611241544688557, 46.516784610566731 ], [ 6.611241729108028, 46.516790441386554 ], [ 6.61124081914591, 46.516796255228002 ], [ 6.611238653485793, 46.51680237477413 ], [ 6.611235800863703, 46.51680740078114 ], [ 6.611229152648602, 46.516815205887269 ], [ 6.611493175051374, 46.516940917724092 ], [ 6.611615695192723, 46.516976814864101 ], [ 6.61201727026568, 46.517062254102534 ], [ 6.612053536167661, 46.517069976134799 ], [ 6.612469949924558, 46.517142990316707 ], [ 6.612552111923877, 46.517153340446669 ], [ 6.612677027037202, 46.51716817600888 ], [ 6.612788282573108, 46.517178063091279 ], [ 6.613001442542227, 46.517181270019755 ], [ 6.613181582163106, 46.517168160241219 ], [ 6.613300160733166, 46.517147369430489 ], [ 6.61341890493007, 46.517116576038156 ], [ 6.613738659108138, 46.517040581643066 ], [ 6.61401694777851, 46.516990967363149 ], [ 6.614210471966986, 46.516964045286578 ], [ 6.614427987005976, 46.516943954309873 ], [ 6.614722705362611, 46.516926096961107 ], [ 6.615106570374147, 46.516904909796921 ], [ 6.615415962991213, 46.516887822895086 ], [ 6.615850814293502, 46.516860984831368 ], [ 6.616000640816663, 46.516848739248744 ], [ 6.616348455284699, 46.516831271722992 ], [ 6.617150531345828, 46.516780434637646 ], [ 6.618723074655254, 46.516691838257216 ], [ 6.619040308101019, 46.516669697387449 ], [ 6.619039699200377, 46.516664304328003 ], [ 6.619039586318961, 46.516657997250874 ], [ 6.619040019679795, 46.516652620718077 ], [ 6.619041039860187, 46.516646357811901 ], [ 6.61904258649572, 46.516640611486835 ], [ 6.61904462717867, 46.516634940700044 ], [ 6.619047011760624, 46.516629794171358 ], [ 6.619050052613348, 46.516624337521002 ], [ 6.619053586422087, 46.516619028369725 ], [ 6.619057599747656, 46.516613893608643 ], [ 6.619062092589944, 46.516608933237769 ], [ 6.619067025586266, 46.516604164964747 ], [ 6.619072397645601, 46.516599660750451 ], [ 6.619078618151272, 46.516595063708792 ], [ 6.619084316987342, 46.516591353511096 ], [ 6.61909082395258, 46.516587631159481 ], [ 6.619098203923843, 46.516583915114694 ], [ 6.619105379172128, 46.516580809324751 ], [ 6.619112233928106, 46.51657821399629 ], [ 6.619119908070442, 46.516575723544115 ], [ 6.619127772343352, 46.516573585312678 ], [ 6.61913646725993, 46.516571668987766 ], [ 6.619144685188992, 46.516570270989746 ], [ 6.619152375510929, 46.516569291995957 ], [ 6.619160778389251, 46.516568588032101 ], [ 6.619169892460548, 46.516568249049037 ], [ 6.619177697537251, 46.516568296437164 ], [ 6.619186812639605, 46.516568749116452 ], [ 6.619194542204194, 46.516569479661065 ], [ 6.619203488812638, 46.516570731774095 ], [ 6.619211025732524, 46.516572135632948 ], [ 6.619219063867378, 46.516574001912666 ], [ 6.619227497750763, 46.516576410816107 ], [ 6.619234498749076, 46.516578782380194 ], [ 6.619241882875222, 46.516581669488652 ], [ 6.619248975707634, 46.51658486035965 ], [ 6.61925573802017, 46.516588363706077 ], [ 6.619262169949224, 46.516592170532782 ], [ 6.619268259146549, 46.51659623577018 ], [ 6.619273953219658, 46.516600577032122 ], [ 6.619281616143033, 46.516607424432785 ], [ 6.619286489545517, 46.516612605399004 ], [ 6.619290634498013, 46.516617700138653 ], [ 6.619294027121673, 46.516622564541713 ], [ 6.619297470308352, 46.516628391891828 ], [ 6.619300136060351, 46.516633925751499 ], [ 6.619302154813407, 46.516639158066866 ], [ 6.619303788063264, 46.516644891378924 ], [ 6.619305126552966, 46.516652016956414 ], [ 6.619305585197406, 46.516657867729691 ], [ 6.619305522779333, 46.516663705743369 ], [ 6.619304913102285, 46.516669539804198 ], [ 6.619303893964014, 46.516674876122451 ], [ 6.61930210599912, 46.516681070512455 ], [ 6.619300085324257, 46.516686282647434 ], [ 6.619297193354812, 46.516692235164825 ], [ 6.619293970648772, 46.516697654523675 ], [ 6.61929056108128, 46.516702505778959 ], [ 6.619286418016737, 46.516707603626635 ], [ 6.619281782674974, 46.516712509000456 ], [ 6.619276337291847, 46.516717552460563 ], [ 6.619271257896281, 46.516721662970291 ], [ 6.619264921349559, 46.516726178219415 ], [ 6.619259132528787, 46.516729806811369 ], [ 6.61925253530247, 46.516733465548008 ], [ 6.61924560379471, 46.516736824998524 ], [ 6.619238390261868, 46.516739876544314 ], [ 6.619230305354812, 46.516742813842086 ], [ 6.619222567952709, 46.516745177899601 ], [ 6.61921522894871, 46.516747050049325 ], [ 6.619207123765145, 46.516748745738127 ], [ 6.619198880705038, 46.516750080586689 ], [ 6.619189951554335, 46.51675111360727 ], [ 6.619182150482116, 46.516751659991264 ], [ 6.619173050909883, 46.516751900123197 ], [ 6.619165234276598, 46.516751753694429 ], [ 6.619156810687802, 46.516751243036595 ], [ 6.619147794400875, 46.516750287287778 ], [ 6.619139525596437, 46.516749022075075 ], [ 6.619132016077353, 46.516747528448661 ], [ 6.619124031539657, 46.516745563593197 ], [ 6.619115677178092, 46.516743065295792 ], [ 6.619108703587343, 46.516740603961601 ], [ 6.619101398717476, 46.516737645448458 ], [ 6.619093881338666, 46.516734091657355 ], [ 6.619087198698358, 46.516730489919972 ], [ 6.619080898428734, 46.516726594073702 ], [ 6.619074129414577, 46.51672181322327 ], [ 6.619068581129238, 46.516717311074984 ], [ 6.619063530848024, 46.516712623606502 ], [ 6.619059220685724, 46.516708112410932 ], [ 6.619054729666161, 46.516702637326517 ], [ 6.619051310726275, 46.516697790718283 ], [ 6.619047854668077, 46.51669195427143 ], [ 6.619045338752846, 46.516686853300733 ], [ 6.619042994198904, 46.516680763997847 ], [ 6.619041347945609, 46.516675030587876 ], [ 6.619040308101019, 46.516669697387449 ] ], [ [ 6.632349754941282, 46.519611979411565 ], [ 6.632243070692172, 46.519644542557771 ], [ 6.632165203411478, 46.519685631845704 ], [ 6.63210419984362, 46.519730196515916 ], [ 6.631776185021224, 46.520048637048987 ], [ 6.631751522449192, 46.520072589109297 ], [ 6.631594804767154, 46.520222221558662 ], [ 6.631428198894709, 46.520389901536092 ], [ 6.631410480667445, 46.520407848577371 ], [ 6.631396442243124, 46.520421989472268 ], [ 6.631063406215356, 46.520757565778233 ], [ 6.630719039920195, 46.521104539436202 ], [ 6.630675785298566, 46.521144641759285 ], [ 6.63049202444068, 46.521334886324226 ], [ 6.630362205730933, 46.521462263518714 ], [ 6.630254556975411, 46.521558123358538 ], [ 6.630141936552493, 46.521663960301773 ], [ 6.629953918437393, 46.521809238266009 ], [ 6.629852794642312, 46.521890489634373 ], [ 6.629712285132639, 46.521987464104114 ], [ 6.629651834875246, 46.52202348515636 ], [ 6.628925388285793, 46.522310081341814 ] ], [ [ 6.629399337976578, 46.522137024759914 ], [ 6.628925388285793, 46.522310081341814 ], [ 6.629421230156498, 46.522140790621179 ], [ 6.6287408607252, 46.522382073194777 ], [ 6.627806436321824, 46.522723618755499 ], [ 6.626627005939548, 46.523145051768545 ] ] ] } },
{ "type": "Feature", "properties": { "CADRE_NO": "10.903", "DDT_URL": null, "ETC_NOM": "Transports publics de la région lausannoise", "ETC_SIGLE": "TL", "ETC_URL": "https://www.t-l.ch", "GO_CENTRE": 0, "HORAIR_URL": "https://www.tableaux-horaires.ch/fileadmin/fap_pdf_fields/2025/10.903.pdf", "LIGNE_NO": "N3", "LIGNE_NOM": "Lausanne St-François - Praz-Séchaud (N3)", "LIGNE_SIGL": null, "LIGNE_TYPE": "Bus nocturne", "PLAN_URL": "https://prestations.vd.ch/pub/101587/api/download/2_Cartographie_et_geodonnees/2.1_Carte_des_reseaux/Carte_des_lignes_TP/topo/ligne_10.903.pdf", "SHAPE_LEN": 10443.909 }, "geometry": { "type": "MultiLineString", "coordinates": [ [ [ 6.631269513606708, 46.523256496644272 ], [ 6.63112432033083, 46.523280454362137 ], [ 6.63099841474771, 46.523306222476769 ], [ 6.630891959514108, 46.523323789577077 ], [ 6.630790437226994, 46.52333307033409 ], [ 6.630599783749527, 46.523330048283995 ], [ 6.630339125732903, 46.523328191439134 ], [ 6.630049548552154, 46.523322781340944 ], [ 6.629943602155291, 46.523303701160984 ], [ 6.629665178523084, 46.523200078438144 ], [ 6.629607564248208, 46.523178014028652 ], [ 6.629549913368472, 46.523159268881365 ], [ 6.629497570939641, 46.5231089133624 ], [ 6.629223413745811, 46.522718758879115 ], [ 6.629012745674302, 46.52244067117033 ], [ 6.628925388285793, 46.522310081341814 ], [ 6.6287408607252, 46.522382073194777 ], [ 6.627806436321824, 46.522723618755499 ], [ 6.626627005939548, 46.523145051768545 ] ], [ [ 6.645112975647248, 46.544833730911328 ], [ 6.645177204462158, 46.544735871141398 ], [ 6.645224070814804, 46.544667891784044 ], [ 6.645273117400762, 46.544616579337827 ], [ 6.646186259834826, 46.543057212565856 ], [ 6.646256172611664, 46.54306756939306 ], [ 6.64641033440221, 46.543090425099798 ], [ 6.646525874697847, 46.543116213628771 ], [ 6.646754186928015, 46.543189460489366 ], [ 6.646896085617116, 46.543227109428862 ], [ 6.647182876866212, 46.543313456806381 ], [ 6.647309605698466, 46.543351620157772 ], [ 6.647850568614323, 46.543512012089927 ], [ 6.648107853415159, 46.54358710435914 ], [ 6.648177397310284, 46.543454312323 ], [ 6.648269612111341, 46.543258336967561 ], [ 6.64835881640698, 46.543102345998228 ], [ 6.648452747897061, 46.542954718215483 ], [ 6.648563488041106, 46.542812191188133 ], [ 6.648646025788908, 46.54272148288311 ], [ 6.649229237571278, 46.542200360995949 ], [ 6.649341447855213, 46.542121166628213 ], [ 6.649427019141752, 46.542048434976515 ], [ 6.649520105618604, 46.541957448564524 ] ], [ [ 6.66079723017114, 46.533316374185944 ], [ 6.660708429163881, 46.533315765386675 ], [ 6.660582719168385, 46.533328244552898 ], [ 6.660297284127676, 46.533366265282751 ], [ 6.660064903385436, 46.533409660152515 ], [ 6.660017635326742, 46.53342064381809 ], [ 6.659842047453276, 46.533461450257498 ], [ 6.659662633877157, 46.533513529187026 ], [ 6.659473273367949, 46.533585537724413 ], [ 6.659416208156483, 46.53361239484483 ], [ 6.65933715947163, 46.53364959033371 ], [ 6.659091444650146, 46.533779514504346 ], [ 6.658899022043385, 46.533896490250122 ], [ 6.658504373601525, 46.534142041241218 ], [ 6.657812368967957, 46.534580480206742 ], [ 6.657410295070258, 46.534837626231948 ], [ 6.656998558674053, 46.53509471329285 ], [ 6.656877051041228, 46.535148860014445 ], [ 6.656731354981101, 46.535206177460651 ], [ 6.656612488380913, 46.535245336704783 ], [ 6.656486543148072, 46.535272788162651 ], [ 6.656302575864292, 46.535306505519344 ], [ 6.656159917443271, 46.535320518245854 ], [ 6.656068193464398, 46.535319885685411 ], [ 6.655962010262208, 46.53531582478108 ], [ 6.655834219312194, 46.535303275380606 ], [ 6.655713785089152, 46.535284119525379 ], [ 6.65555972138778, 46.535253072590834 ], [ 6.655405633874254, 46.535223680553635 ], [ 6.655217157407114, 46.535186242315902 ] ], [ [ 6.66079723017114, 46.533316374185944 ], [ 6.660798023217441, 46.533310181352839 ], [ 6.660799956138995, 46.533304491116056 ], [ 6.660802954615382, 46.533299033084873 ], [ 6.660807017222127, 46.533293906205948 ], [ 6.660812038262435, 46.533289208710926 ], [ 6.660817451834432, 46.533285314553872 ], [ 6.66082461235614, 46.533281405384095 ], [ 6.660831338827074, 46.533278671719245 ], [ 6.660845285293493, 46.533275141919532 ], [ 6.660853093633917, 46.533274223873136 ], [ 6.660861543707598, 46.533274002920002 ], [ 6.660869969354534, 46.533274573450086 ], [ 6.660878837988252, 46.533276064611925 ], [ 6.660886109478236, 46.533278030611243 ], [ 6.660893512044756, 46.533280852132108 ], [ 6.660900318111817, 46.533284362258669 ], [ 6.660906346756366, 46.533288451798455 ], [ 6.660911533455451, 46.533293075329127 ], [ 6.660915749421964, 46.533298124015644 ], [ 6.660918956459757, 46.533303534624011 ], [ 6.660921187974803, 46.533309703208957 ], [ 6.660922069774153, 46.533315457720803 ], [ 6.660921757836936, 46.533321734816653 ], [ 6.660920416897173, 46.533327051279485 ], [ 6.660917671215547, 46.533333059804654 ], [ 6.660914342407299, 46.533337921836122 ], [ 6.660905579525924, 46.533346291058812 ], [ 6.661125888983799, 46.533498565521754 ], [ 6.661854077873067, 46.534066722915519 ], [ 6.662295513259938, 46.5344296305041 ], [ 6.662493675554673, 46.53458426960524 ], [ 6.663088517018289, 46.535024860488512 ], [ 6.663413324188518, 46.535284150732359 ], [ 6.663469027297203, 46.535328602855472 ] ], [ [ 6.628298452368905, 46.517514472054593 ], [ 6.628299053437241, 46.517520449746769 ], [ 6.628298093309167, 46.517526254357087 ], [ 6.628295637674524, 46.517531850370247 ], [ 6.628291754785163, 46.517537031363872 ], [ 6.628286577100203, 46.517541654346829 ], [ 6.628280827752877, 46.517545292672764 ], [ 6.628273678289549, 46.51754844420396 ], [ 6.628265238345496, 46.517550749880101 ], [ 6.628258120703761, 46.517551778562314 ], [ 6.628249008681429, 46.517551974352735 ], [ 6.628240656236485, 46.517551051058668 ], [ 6.628231581567267, 46.517548755199869 ], [ 6.628224277707956, 46.517545689332209 ], [ 6.628218414858035, 46.517542120982355 ], [ 6.628212754794272, 46.517537195672574 ], [ 6.628209099089569, 46.517532437615785 ], [ 6.628206335153234, 46.517526435474593 ], [ 6.628205504068961, 46.517516677783952 ], [ 6.628206887865089, 46.517511299017109 ], [ 6.628209797946463, 46.517505814205506 ], [ 6.628214095515052, 46.517500789110628 ], [ 6.628220108752624, 46.517496064147373 ], [ 6.628226231793936, 46.517492707372789 ], [ 6.628234264203941, 46.517489769062408 ], [ 6.628241703732054, 46.517488130947775 ], [ 6.628250733701832, 46.517487322838207 ], [ 6.628259199143462, 46.517487662193489 ], [ 6.628267414130414, 46.517489061296622 ], [ 6.628275132168302, 46.517491446418148 ], [ 6.628281589869919, 46.51749445226136 ], [ 6.628288091823154, 46.517498852813013 ], [ 6.628292612783855, 46.517503266201118 ], [ 6.628296436758666, 46.517508970045867 ], [ 6.628298452368905, 46.517514472054593 ], [ 6.628454348179831, 46.517487589793618 ], [ 6.628433826134946, 46.517423067257113 ], [ 6.629304533359125, 46.517300998736957 ], [ 6.629471195029324, 46.517292202052772 ], [ 6.630114495694782, 46.517205137007622 ], [ 6.630121155628039, 46.517238191094364 ], [ 6.630264047331266, 46.517222431784504 ] ], [ [ 6.630121155628039, 46.517238191094364 ], [ 6.630134896349064, 46.517293587934738 ], [ 6.629494030422834, 46.517378988202516 ], [ 6.629453414278768, 46.517383997169325 ], [ 6.629225645311998, 46.517412077228961 ], [ 6.629097616555057, 46.517419484992857 ], [ 6.629073654595371, 46.517422759483772 ], [ 6.628459120116391, 46.517506560627979 ], [ 6.628454348179831, 46.517487589793618 ] ], [ [ 6.628231581567267, 46.517548755199869 ], [ 6.628150638725844, 46.517637651936127 ], [ 6.628070185698365, 46.517690387865734 ], [ 6.627975331743571, 46.517739701271267 ], [ 6.627875680410438, 46.517785642764174 ], [ 6.627168887277928, 46.518080491358035 ], [ 6.625988826821352, 46.5185502306025 ], [ 6.62536214487888, 46.51881400272466 ], [ 6.624776691047909, 46.519064717032272 ], [ 6.624611251434557, 46.519134734005107 ], [ 6.624033389832698, 46.519379291708169 ], [ 6.623831802313251, 46.519462811991943 ], [ 6.623401779217552, 46.519648001582219 ], [ 6.623098207511935, 46.519770775241284 ], [ 6.622677974157775, 46.519947693129467 ], [ 6.622617037980674, 46.519987251421824 ], [ 6.62257304013284, 46.520023584987072 ], [ 6.622545917910815, 46.520061713210552 ], [ 6.622528337817558, 46.520106576175699 ], [ 6.622527457678833, 46.520164873489648 ], [ 6.622533785059791, 46.520226578195079 ], [ 6.622554425964054, 46.520298371526621 ], [ 6.622842585752444, 46.520716971959779 ], [ 6.62289610208567, 46.520800381681823 ], [ 6.623132631759653, 46.521168924678484 ], [ 6.623236751456814, 46.521331134864653 ], [ 6.623315020931012, 46.52144976204827 ], [ 6.624459081854036, 46.52307304565425 ], [ 6.624603705754999, 46.523284375938417 ], [ 6.624780148145256, 46.523542201149624 ], [ 6.624802269966949, 46.52358343596223 ], [ 6.624913610046487, 46.523568806327468 ], [ 6.625211733935591, 46.523516454973539 ], [ 6.625824337193182, 46.523390897243139 ], [ 6.626107745874473, 46.52332461114279 ], [ 6.626139263263852, 46.523314833225264 ], [ 6.626627005939548, 46.523145051768545 ] ], [ [ 6.63756803600501, 46.516765339551689 ], [ 6.637625381948877, 46.516883539073575 ], [ 6.637856935028121, 46.517383367362171 ], [ 6.63806010541006, 46.517842989303354 ], [ 6.638028506526367, 46.517857753740842 ], [ 6.637324390154596, 46.518141034123438 ], [ 6.636705445120461, 46.518374921163407 ], [ 6.636173840139818, 46.518579429845168 ], [ 6.635387548723751, 46.518893585270867 ], [ 6.634763186722371, 46.51914092658869 ], [ 6.634306498584052, 46.519335953860946 ] ], [ [ 6.63756803600501, 46.516765339551689 ], [ 6.637428952630446, 46.516785516013599 ], [ 6.636960152883513, 46.516823855601544 ], [ 6.636750002070564, 46.516835702368446 ], [ 6.635868353359339, 46.516882786086619 ], [ 6.634885170097965, 46.516942475761191 ], [ 6.634876222243427, 46.516943033088694 ], [ 6.633776317383479, 46.517011241982104 ], [ 6.632971872466865, 46.517068944617257 ], [ 6.632846114599517, 46.517077965031817 ], [ 6.632184205524335, 46.517118232567817 ], [ 6.631527103719317, 46.517161139320692 ], [ 6.631217838214322, 46.517181338653373 ], [ 6.630722800145906, 46.517199467501591 ], [ 6.630372305146364, 46.517214252111479 ], [ 6.630371318109871, 46.517220128514587 ], [ 6.630369057886409, 46.5172257439555 ], [ 6.630365882610266, 46.517230678170364 ], [ 6.630360943020692, 46.517235950660691 ], [ 6.63035527443112, 46.517240300356235 ], [ 6.630348729475335, 46.517243996089121 ], [ 6.630342029114621, 46.517246755122038 ], [ 6.630334190036867, 46.517248975271706 ], [ 6.630325437923938, 46.51725037926758 ], [ 6.630317638775337, 46.517250800484717 ], [ 6.630308576123749, 46.517250313089733 ], [ 6.630300334656511, 46.517248940933889 ], [ 6.630292509901817, 46.517246717119342 ], [ 6.630285800779402, 46.517243961489591 ], [ 6.630278784735442, 46.51723994422111 ], [ 6.63027320779072, 46.517235550376128 ], [ 6.630268988266992, 46.517231013270766 ], [ 6.630264047331266, 46.517222431784504 ], [ 6.630262591693, 46.517216942798584 ], [ 6.630262360097029, 46.517210643892263 ], [ 6.630263352239204, 46.517205298295075 ], [ 6.630265651697655, 46.517199674139668 ], [ 6.630269502816009, 46.517193989073121 ], [ 6.630274227741385, 46.517189128876666 ], [ 6.630279512540366, 46.517185172277713 ], [ 6.630286647480705, 46.517181237858921 ], [ 6.630294001090517, 46.517178366535369 ], [ 6.630301928949442, 46.517176308950631 ], [ 6.630309569321605, 46.517175175912911 ], [ 6.630317993232418, 46.517174804128778 ], [ 6.630326416723275, 46.517175331949012 ], [ 6.630335268039962, 46.517176879374162 ], [ 6.630342442759942, 46.517178999597078 ], [ 6.630349293325539, 46.517181882176466 ], [ 6.630355624285215, 46.517185525719796 ], [ 6.630361626114653, 46.517190264439265 ], [ 6.630365793119005, 46.517194828155127 ], [ 6.630369231632042, 46.517200178335067 ], [ 6.630371525631189, 46.517206249042296 ], [ 6.630372305146364, 46.517214252111479 ] ], [ [ 6.645112975647248, 46.544833730911328 ], [ 6.645098136289251, 46.54485694491661 ], [ 6.644976992246357, 46.544998523272788 ], [ 6.644936003188757, 46.545035597220981 ], [ 6.644916701238555, 46.545043954503107 ], [ 6.644878146385767, 46.545038692049559 ], [ 6.644854259920164, 46.545021864300018 ], [ 6.644845040218205, 46.544991806982985 ], [ 6.644869576139355, 46.544965314298054 ], [ 6.644905753605663, 46.544945137289595 ] ], [ [ 6.631269513606708, 46.523256496644272 ], [ 6.631485183980393, 46.523199709729383 ], [ 6.631676806889878, 46.523137767533221 ], [ 6.631766360805185, 46.523121743769785 ], [ 6.631853092852066, 46.523132364236162 ], [ 6.631920450691188, 46.523147839690957 ], [ 6.631977978342133, 46.523174895126694 ], [ 6.632027999697023, 46.523220249157099 ], [ 6.632077610668484, 46.523292237625704 ], [ 6.632162541703797, 46.523424462987549 ], [ 6.632172285560358, 46.523439636663852 ], [ 6.632247459988294, 46.523556697187573 ], [ 6.632344321913766, 46.523697337575001 ], [ 6.632462150637079, 46.523889800320568 ], [ 6.632627132450104, 46.524157544243174 ], [ 6.632770663572922, 46.524405155262869 ], [ 6.632971317701075, 46.524709820036193 ], [ 6.633064045092553, 46.524805450046067 ], [ 6.633188016799905, 46.524909623169656 ], [ 6.633304978233986, 46.52499709466079 ], [ 6.633407760501985, 46.525066140391132 ], [ 6.633515388532105, 46.525131882872039 ], [ 6.633630437550099, 46.525187683268946 ], [ 6.633733455778427, 46.52524006065056 ], [ 6.633882234841479, 46.525299428634618 ], [ 6.634033423742128, 46.525357158234733 ], [ 6.634223119026328, 46.525426801578512 ] ], [ [ 6.638957230848847, 46.522150661438211 ], [ 6.638802488581751, 46.522151891523876 ], [ 6.638621360287246, 46.52215893570316 ], [ 6.638604470251442, 46.522157152319785 ], [ 6.638497970214913, 46.522178072737177 ], [ 6.638398541772031, 46.522209019578213 ], [ 6.638320775455218, 46.522245120968698 ], [ 6.638235368801694, 46.522307832747316 ], [ 6.638193592815864, 46.522357529143406 ], [ 6.638149233303392, 46.522418866199317 ], [ 6.638129007987971, 46.522480364544393 ], [ 6.638118414131136, 46.522543604118901 ], [ 6.638120035364656, 46.522596935255969 ], [ 6.638123932446462, 46.522660277083972 ], [ 6.638146931847935, 46.522737076879324 ], [ 6.638177040305442, 46.522822266185429 ], [ 6.638270778369116, 46.523012870531531 ], [ 6.638303348848912, 46.523096403901498 ], [ 6.638323714405868, 46.523186517247808 ], [ 6.638341522510618, 46.52328828044832 ], [ 6.638340067090746, 46.523386579209529 ], [ 6.638321931905161, 46.523469745866755 ], [ 6.638303427820676, 46.523579583259391 ], [ 6.638258648126866, 46.523669237017714 ], [ 6.638121983982895, 46.523933206959207 ], [ 6.637921765741013, 46.52433638315582 ], [ 6.637838340881912, 46.524504353641944 ], [ 6.637824559665447, 46.524528446790846 ], [ 6.637559809875237, 46.525055546477496 ], [ 6.637495443911767, 46.52516505990468 ], [ 6.637426957555729, 46.525224562043952 ], [ 6.637356369719035, 46.525264042045137 ], [ 6.637220052917599, 46.525341398956463 ], [ 6.63710582970341, 46.525392238456917 ], [ 6.637003922607817, 46.525428159426504 ], [ 6.636851059865041, 46.525480407909889 ], [ 6.636715346942717, 46.525516098701075 ], [ 6.636616159647223, 46.525532067277815 ], [ 6.63642903731292, 46.525553162509148 ], [ 6.636283336852946, 46.525563620160305 ], [ 6.636203765046385, 46.525568158156183 ], [ 6.635434110053096, 46.525582179352931 ], [ 6.635292060616326, 46.525587245948138 ], [ 6.635204029355312, 46.525591822300257 ], [ 6.635158794565561, 46.525590638329362 ], [ 6.635029392552561, 46.52558748179667 ], [ 6.634855843551312, 46.525569591652342 ], [ 6.634796856241079, 46.525559790823721 ], [ 6.634677659339736, 46.525540000491176 ], [ 6.634460922367727, 46.525505142964391 ], [ 6.634223119026328, 46.525426801578512 ] ], [ [ 6.638957230848847, 46.522150661438211 ], [ 6.639024578626185, 46.522150128600231 ], [ 6.639111433878315, 46.522152405039755 ], [ 6.63944439031462, 46.522161399237639 ], [ 6.639502425893011, 46.522155159979242 ], [ 6.63957268817177, 46.522137320922248 ], [ 6.639643135755839, 46.52210782422469 ], [ 6.63971630103747, 46.522056693090825 ], [ 6.640002578619241, 46.52179545693064 ], [ 6.640085730964291, 46.521721060075386 ], [ 6.640283907391875, 46.521540851323302 ], [ 6.640381783956255, 46.52145157043077 ], [ 6.640452586301686, 46.521397075668474 ], [ 6.640496412667332, 46.521370728680388 ], [ 6.64061524891833, 46.521333250464401 ], [ 6.640770185985223, 46.521301000861477 ], [ 6.640951755067765, 46.521265636762791 ], [ 6.641126132766392, 46.521240684243281 ], [ 6.641140420522096, 46.521238634627522 ], [ 6.641338790929139, 46.521208371845404 ], [ 6.64175722950707, 46.521149652942164 ], [ 6.642100523273573, 46.521112085409008 ], [ 6.642436461757581, 46.521082786577018 ], [ 6.642806177842024, 46.521055396988729 ], [ 6.64312500665178, 46.521040972530635 ], [ 6.64351383659087, 46.521025373575846 ], [ 6.643721504995089, 46.521018489611187 ], [ 6.644054505611727, 46.521025815373712 ], [ 6.644230489710937, 46.521040380058686 ], [ 6.644403965218742, 46.52106159298863 ], [ 6.644661516969114, 46.521110040468251 ], [ 6.645118820577754, 46.521198217011246 ], [ 6.645296838131695, 46.521239449588982 ], [ 6.645530173103741, 46.521294391807373 ], [ 6.645780090315173, 46.521369465672763 ], [ 6.645972293454018, 46.52143078557237 ], [ 6.64628444620304, 46.52154292512062 ], [ 6.646558714156611, 46.521660430819793 ] ], [ [ 6.632349754941282, 46.519611979411565 ], [ 6.632524090845434, 46.519574895106466 ], [ 6.632726960410757, 46.519534738679226 ], [ 6.632751637715066, 46.519529858197039 ], [ 6.632838962349156, 46.519514339565596 ], [ 6.633049309132547, 46.51947698847782 ], [ 6.633185800328273, 46.519461683784421 ], [ 6.633498884232848, 46.519426554631657 ], [ 6.634306498584052, 46.519335953860946 ] ], [ [ 6.647153174001756, 46.533509929221253 ], [ 6.64718541820535, 46.533628677132825 ], [ 6.647200146797662, 46.533683961654823 ], [ 6.647190026272512, 46.533727917746361 ], [ 6.647169778745539, 46.533755745244349 ], [ 6.647146103260699, 46.533779095780979 ], [ 6.647146062173557, 46.533780121044423 ], [ 6.647168234611281, 46.533818454954329 ], [ 6.647170201390797, 46.5338826465143 ], [ 6.64717169817358, 46.533973589056735 ], [ 6.647198758780506, 46.534105399055484 ], [ 6.647228497495639, 46.53421723849609 ], [ 6.647300692457827, 46.534397681054202 ], [ 6.647403409416756, 46.534638322075601 ], [ 6.647510753154375, 46.534890663132948 ], [ 6.647664782894388, 46.535254961529901 ], [ 6.647734886188825, 46.535413735706534 ], [ 6.647789145611578, 46.535500745862159 ], [ 6.647862197381588, 46.5356228815942 ], [ 6.647947441281976, 46.535736780886566 ], [ 6.6481278588811, 46.535947969768756 ], [ 6.64817058527407, 46.535998258470997 ], [ 6.648289665314783, 46.536109046668145 ], [ 6.64845890353047, 46.536258516200206 ], [ 6.648699870831145, 46.536456793623238 ], [ 6.648814313375856, 46.536555899085151 ], [ 6.648783009812995, 46.536568644501813 ], [ 6.648685584268706, 46.536608322587966 ], [ 6.648250004922942, 46.536840212294187 ], [ 6.647984822278044, 46.53697831644633 ], [ 6.647787785162305, 46.537078580762618 ], [ 6.647262321090143, 46.537348172427777 ], [ 6.64722503368773, 46.537370663392764 ], [ 6.647035767587378, 46.537484879519383 ], [ 6.646916205360466, 46.537570686364887 ], [ 6.646825717529457, 46.537650020895832 ], [ 6.646730209403748, 46.537740988200504 ], [ 6.646649135610283, 46.537837066970503 ], [ 6.646582493241778, 46.537934901688708 ], [ 6.646550165143368, 46.537999663514604 ], [ 6.646492644121786, 46.538134220761002 ], [ 6.646487601415151, 46.538149172981583 ], [ 6.646472424092117, 46.538197384825814 ], [ 6.646449411320186, 46.538283865149097 ], [ 6.64643587519173, 46.538383743774602 ], [ 6.646401237855913, 46.538605092705865 ], [ 6.646361252618206, 46.538863072194651 ], [ 6.646327754489894, 46.539065366422946 ], [ 6.64632682303996, 46.539071099400324 ], [ 6.646270514729637, 46.539287313169268 ], [ 6.64624417440589, 46.539437075431046 ] ], [ [ 6.655217157407114, 46.535186242315902 ], [ 6.654892848378521, 46.535121831083693 ], [ 6.654028569324505, 46.534952588904517 ], [ 6.653691578618873, 46.534881942232872 ], [ 6.653193269646625, 46.53478184945763 ], [ 6.653015166039091, 46.534743966571973 ], [ 6.652841764410081, 46.534714437310186 ], [ 6.652607916755414, 46.534691164137378 ], [ 6.652566788623032, 46.534688513263184 ], [ 6.652492138160859, 46.534683695975865 ], [ 6.652361878546937, 46.534676118355392 ], [ 6.652295115154164, 46.534676645266593 ], [ 6.652248376868129, 46.534677014054033 ], [ 6.652154194229637, 46.534679689823321 ], [ 6.652009100673534, 46.534695353720274 ], [ 6.651965771000869, 46.534703347681564 ], [ 6.651817848445828, 46.534730659594814 ], [ 6.651701632895388, 46.534753198411082 ], [ 6.651587853108851, 46.534774071743378 ], [ 6.651214872683164, 46.534854778447318 ], [ 6.651026103240102, 46.534885125411144 ], [ 6.650871279336204, 46.534907377395932 ], [ 6.650685128297796, 46.534924409830552 ], [ 6.650511168502563, 46.534933196297686 ], [ 6.650305954501216, 46.534931770753666 ], [ 6.650103336807413, 46.534920368271052 ], [ 6.649912858505567, 46.534900719466314 ], [ 6.649681678920614, 46.534860798129529 ], [ 6.649491605257232, 46.534816142411159 ], [ 6.649313649967168, 46.534768269121663 ], [ 6.64915017270845, 46.534709134274841 ], [ 6.649102298069756, 46.534691807627119 ], [ 6.648965510430859, 46.53463588988761 ], [ 6.648797762074883, 46.534549736651684 ], [ 6.648618150397429, 46.534448522142064 ], [ 6.648448212696104, 46.534349029986267 ], [ 6.64829741843375, 46.534258001256283 ], [ 6.648204199559198, 46.534195710976427 ], [ 6.64811588630832, 46.534125124451677 ], [ 6.648029124699836, 46.534046506197519 ], [ 6.64798469845374, 46.53400114441326 ], [ 6.647897448850669, 46.533907796117809 ], [ 6.647787986524412, 46.533785982359817 ], [ 6.647688603884329, 46.533672883961664 ], [ 6.64754959128252, 46.53351099346974 ], [ 6.647404059400897, 46.533335023497607 ], [ 6.647363003989859, 46.53327140498714 ], [ 6.647308628101667, 46.533160500268913 ], [ 6.647289234648229, 46.533092633731208 ], [ 6.647288639553236, 46.53303713292938 ], [ 6.64718399763693, 46.53296279750878 ] ] ] } },
{ "type": "Feature", "properties": { "CADRE_NO": "10.902", "DDT_URL": null, "ETC_NOM": "Transports publics de la région lausannoise", "ETC_SIGLE": "TL", "ETC_URL": "https://www.t-l.ch", "GO_CENTRE": 0, "HORAIR_URL": "https://www.tableaux-horaires.ch/fileadmin/fap_pdf_fields/2025/10.902.pdf", "LIGNE_NO": "N2", "LIGNE_NOM": "Lausanne St-François - Vers-Chez-les-Blanc (N2)", "LIGNE_SIGL": null, "LIGNE_TYPE": "Bus nocturne", "PLAN_URL": "https://prestations.vd.ch/pub/101587/api/download/2_Cartographie_et_geodonnees/2.1_Carte_des_reseaux/Carte_des_lignes_TP/topo/ligne_10.902.pdf", "SHAPE_LEN": 17541.94 }, "geometry": { "type": "MultiLineString", "coordinates": [ [ [ 6.631269513606708, 46.523256496644272 ], [ 6.63112432033083, 46.523280454362137 ], [ 6.63099841474771, 46.523306222476769 ], [ 6.630891959514108, 46.523323789577077 ], [ 6.630790437226994, 46.52333307033409 ], [ 6.630599783749527, 46.523330048283995 ], [ 6.630339125732903, 46.523328191439134 ], [ 6.630049548552154, 46.523322781340944 ], [ 6.629943602155291, 46.523303701160984 ], [ 6.629665178523084, 46.523200078438144 ], [ 6.629607564248208, 46.523178014028652 ], [ 6.629549913368472, 46.523159268881365 ], [ 6.629497570939641, 46.5231089133624 ], [ 6.629223413745811, 46.522718758879115 ], [ 6.629012745674302, 46.52244067117033 ], [ 6.628925388285793, 46.522310081341814 ], [ 6.6287408607252, 46.522382073194777 ], [ 6.627806436321824, 46.522723618755499 ], [ 6.626627005939548, 46.523145051768545 ] ], [ [ 6.628298452368905, 46.517514472054593 ], [ 6.628454348179831, 46.517487589793618 ] ], [ [ 6.628298452368905, 46.517514472054593 ], [ 6.628299053437241, 46.517520449746769 ], [ 6.628298093309167, 46.517526254357087 ], [ 6.628295637674524, 46.517531850370247 ], [ 6.628291754785163, 46.517537031363872 ], [ 6.628286577100203, 46.517541654346829 ], [ 6.628280827752877, 46.517545292672764 ], [ 6.628273678289549, 46.51754844420396 ], [ 6.628265238345496, 46.517550749880101 ], [ 6.628258120703761, 46.517551778562314 ], [ 6.628249008681429, 46.517551974352735 ], [ 6.628240656236485, 46.517551051058668 ], [ 6.628231581567267, 46.517548755199869 ], [ 6.628224277707956, 46.517545689332209 ], [ 6.628218414858035, 46.517542120982355 ], [ 6.628212754794272, 46.517537195672574 ], [ 6.628209099089569, 46.517532437615785 ], [ 6.628206335153234, 46.517526435474593 ], [ 6.628205504068961, 46.517516677783952 ], [ 6.628206887865089, 46.517511299017109 ], [ 6.628209797946463, 46.517505814205506 ], [ 6.628214095515052, 46.517500789110628 ], [ 6.628220108752624, 46.517496064147373 ], [ 6.628226231793936, 46.517492707372789 ], [ 6.628234264203941, 46.517489769062408 ], [ 6.628241703732054, 46.517488130947775 ], [ 6.628250733701832, 46.517487322838207 ], [ 6.628259199143462, 46.517487662193489 ], [ 6.628267414130414, 46.517489061296622 ], [ 6.628275132168302, 46.517491446418148 ], [ 6.628281589869919, 46.51749445226136 ], [ 6.628288091823154, 46.517498852813013 ], [ 6.628292612783855, 46.517503266201118 ], [ 6.628296436758666, 46.517508970045867 ], [ 6.628298452368905, 46.517514472054593 ] ], [ [ 6.630121155628039, 46.517238191094364 ], [ 6.630134896349064, 46.517293587934738 ], [ 6.629494030422834, 46.517378988202516 ], [ 6.629453414278768, 46.517383997169325 ], [ 6.629225645311998, 46.517412077228961 ], [ 6.629097616555057, 46.517419484992857 ], [ 6.629073654595371, 46.517422759483772 ], [ 6.628459120116391, 46.517506560627979 ], [ 6.628454348179831, 46.517487589793618 ], [ 6.628433826134946, 46.517423067257113 ], [ 6.629304533359125, 46.517300998736957 ], [ 6.629471195029324, 46.517292202052772 ], [ 6.630114495694782, 46.517205137007622 ], [ 6.630121155628039, 46.517238191094364 ], [ 6.630264047331266, 46.517222431784504 ] ], [ [ 6.628231581567267, 46.517548755199869 ], [ 6.628150638725844, 46.517637651936127 ], [ 6.628070185698365, 46.517690387865734 ], [ 6.627975331743571, 46.517739701271267 ], [ 6.627875680410438, 46.517785642764174 ], [ 6.627168887277928, 46.518080491358035 ], [ 6.625988826821352, 46.5185502306025 ], [ 6.62536214487888, 46.51881400272466 ], [ 6.624776691047909, 46.519064717032272 ], [ 6.624611251434557, 46.519134734005107 ], [ 6.624033389832698, 46.519379291708169 ], [ 6.623831802313251, 46.519462811991943 ], [ 6.623401779217552, 46.519648001582219 ], [ 6.623098207511935, 46.519770775241284 ], [ 6.622677974157775, 46.519947693129467 ], [ 6.622617037980674, 46.519987251421824 ], [ 6.62257304013284, 46.520023584987072 ], [ 6.622545917910815, 46.520061713210552 ], [ 6.622528337817558, 46.520106576175699 ], [ 6.622527457678833, 46.520164873489648 ], [ 6.622533785059791, 46.520226578195079 ], [ 6.622554425964054, 46.520298371526621 ], [ 6.622842585752444, 46.520716971959779 ], [ 6.62289610208567, 46.520800381681823 ], [ 6.623132631759653, 46.521168924678484 ], [ 6.623236751456814, 46.521331134864653 ], [ 6.623315020931012, 46.52144976204827 ], [ 6.624459081854036, 46.52307304565425 ], [ 6.624603705754999, 46.523284375938417 ], [ 6.624780148145256, 46.523542201149624 ], [ 6.624802269966949, 46.52358343596223 ], [ 6.624913610046487, 46.523568806327468 ], [ 6.625211733935591, 46.523516454973539 ], [ 6.625824337193182, 46.523390897243139 ], [ 6.626107745874473, 46.52332461114279 ], [ 6.626139263263852, 46.523314833225264 ], [ 6.626627005939548, 46.523145051768545 ] ], [ [ 6.63756803600501, 46.516765339551689 ], [ 6.637625381948877, 46.516883539073575 ], [ 6.637856935028121, 46.517383367362171 ], [ 6.63806010541006, 46.517842989303354 ], [ 6.638028506526367, 46.517857753740842 ], [ 6.637324390154596, 46.518141034123438 ], [ 6.636705445120461, 46.518374921163407 ], [ 6.636173840139818, 46.518579429845168 ], [ 6.635387548723751, 46.518893585270867 ], [ 6.634763186722371, 46.51914092658869 ], [ 6.634306498584052, 46.519335953860946 ] ], [ [ 6.63756803600501, 46.516765339551689 ], [ 6.637428952630446, 46.516785516013599 ], [ 6.636960152883513, 46.516823855601544 ], [ 6.636750002070564, 46.516835702368446 ], [ 6.635868353359339, 46.516882786086619 ], [ 6.634885170097965, 46.516942475761191 ], [ 6.634876222243427, 46.516943033088694 ], [ 6.633776317383479, 46.517011241982104 ], [ 6.632971872466865, 46.517068944617257 ], [ 6.632846114599517, 46.517077965031817 ], [ 6.632184205524335, 46.517118232567817 ], [ 6.631527103719317, 46.517161139320692 ], [ 6.631217838214322, 46.517181338653373 ], [ 6.630722800145906, 46.517199467501591 ], [ 6.630372305146364, 46.517214252111479 ], [ 6.630371318109871, 46.517220128514587 ], [ 6.630369057886409, 46.5172257439555 ], [ 6.630365882610266, 46.517230678170364 ], [ 6.630360943020692, 46.517235950660691 ], [ 6.63035527443112, 46.517240300356235 ], [ 6.630348729475335, 46.517243996089121 ], [ 6.630342029114621, 46.517246755122038 ], [ 6.630334190036867, 46.517248975271706 ], [ 6.630325437923938, 46.51725037926758 ], [ 6.630317638775337, 46.517250800484717 ], [ 6.630308576123749, 46.517250313089733 ], [ 6.630300334656511, 46.517248940933889 ], [ 6.630292509901817, 46.517246717119342 ], [ 6.630285800779402, 46.517243961489591 ], [ 6.630278784735442, 46.51723994422111 ], [ 6.63027320779072, 46.517235550376128 ], [ 6.630268988266992, 46.517231013270766 ], [ 6.630264047331266, 46.517222431784504 ], [ 6.630262591693, 46.517216942798584 ], [ 6.630262360097029, 46.517210643892263 ], [ 6.630263352239204, 46.517205298295075 ], [ 6.630265651697655, 46.517199674139668 ], [ 6.630269502816009, 46.517193989073121 ], [ 6.630274227741385, 46.517189128876666 ], [ 6.630279512540366, 46.517185172277713 ], [ 6.630286647480705, 46.517181237858921 ], [ 6.630294001090517, 46.517178366535369 ], [ 6.630301928949442, 46.517176308950631 ], [ 6.630309569321605, 46.517175175912911 ], [ 6.630317993232418, 46.517174804128778 ], [ 6.630326416723275, 46.517175331949012 ], [ 6.630335268039962, 46.517176879374162 ], [ 6.630342442759942, 46.517178999597078 ], [ 6.630349293325539, 46.517181882176466 ], [ 6.630355624285215, 46.517185525719796 ], [ 6.630361626114653, 46.517190264439265 ], [ 6.630365793119005, 46.517194828155127 ], [ 6.630369231632042, 46.517200178335067 ], [ 6.630371525631189, 46.517206249042296 ], [ 6.630372305146364, 46.517214252111479 ] ], [ [ 6.667878486747077, 46.546032389703051 ], [ 6.667836233198497, 46.54594712629526 ], [ 6.667815747184581, 46.545858673193003 ], [ 6.667807406991462, 46.545766983049667 ], [ 6.667803911943575, 46.545671997285268 ], [ 6.667817067090645, 46.545597095782668 ], [ 6.667844824893005, 46.545513981131784 ], [ 6.667890784722078, 46.545405225481176 ], [ 6.667939597432691, 46.545303029295717 ], [ 6.667989766496431, 46.545204449705977 ], [ 6.668043122551645, 46.545086262411154 ], [ 6.668088045985419, 46.544969673105648 ], [ 6.668097340002692, 46.544906746051218 ], [ 6.668098072909034, 46.544855356743874 ], [ 6.668089199030287, 46.544804720847537 ], [ 6.668062494788884, 46.54473905747242 ], [ 6.668013872633482, 46.544667064992382 ], [ 6.66793782860517, 46.54458157215366 ], [ 6.667906766306925, 46.544556379243559 ], [ 6.667815871427806, 46.54449744967755 ], [ 6.667727124898785, 46.544455186271968 ], [ 6.667668212304598, 46.544436479155927 ], [ 6.667631011216785, 46.544421203063948 ], [ 6.667530002428214, 46.544392206294674 ], [ 6.667433579802747, 46.544379883246236 ], [ 6.667320144898308, 46.544377448071636 ], [ 6.667201704741145, 46.544384964347813 ], [ 6.66706857951081, 46.544407386031175 ], [ 6.666961901775565, 46.544436653452216 ], [ 6.666692049369381, 46.544520937168038 ], [ 6.666653860143549, 46.544532858014506 ], [ 6.666490548628949, 46.544579183030301 ], [ 6.666351170517518, 46.544608470282434 ], [ 6.666226983473345, 46.544625770099259 ], [ 6.666128000104424, 46.544631132694413 ], [ 6.666025348432153, 46.544630433896451 ], [ 6.665933998284272, 46.544628084718205 ], [ 6.665771393996248, 46.544608499635707 ], [ 6.665162931384503, 46.544531279551101 ], [ 6.664668075474502, 46.544468289095477 ], [ 6.664301044882051, 46.544423522055162 ], [ 6.663888838069425, 46.544372400095732 ], [ 6.663782816867507, 46.544356679885233 ], [ 6.663621355063655, 46.544333905925043 ], [ 6.663503442178975, 46.544306454384632 ], [ 6.663402483829739, 46.544274107751164 ], [ 6.663301716773783, 46.544228439214379 ], [ 6.663237022349978, 46.54419301164841 ], [ 6.66315333172409, 46.544135782805093 ], [ 6.663081689326479, 46.544080300501243 ], [ 6.663010296821513, 46.544006512938076 ], [ 6.662948745176091, 46.543921124741047 ], [ 6.662842214201049, 46.543772096984831 ], [ 6.662775672158343, 46.543698333429916 ], [ 6.662701749321793, 46.543632849694212 ], [ 6.662606118805243, 46.543565544209045 ], [ 6.662491337922547, 46.543488122076418 ], [ 6.66242369202842, 46.543433170455742 ], [ 6.662416559194662, 46.543436882009445 ], [ 6.662409331630973, 46.543439927208532 ], [ 6.662402309435475, 46.543442290113489 ], [ 6.662394391727302, 46.543444368015727 ], [ 6.662386220913374, 46.543445913420349 ], [ 6.662377875471361, 46.543446908871978 ], [ 6.662369433749724, 46.543447345910579 ], [ 6.662361521371358, 46.543447237811471 ], [ 6.662353121102006, 46.543446604604682 ], [ 6.662344820359738, 46.543445396332118 ], [ 6.66233612530884, 46.543443501663262 ], [ 6.662328919779403, 46.543441383286194 ], [ 6.662321475862719, 46.543438615563709 ], [ 6.662314430279383, 46.543435346787916 ], [ 6.662307899453237, 46.54343164072742 ], [ 6.662301896162321, 46.543427515461964 ], [ 6.662296484942873, 46.543423016413158 ], [ 6.662291730460317, 46.543418180007563 ], [ 6.662287403227756, 46.54341264483422 ], [ 6.662284358724045, 46.543407667193669 ], [ 6.662281641960431, 46.543401657251607 ], [ 6.662279570853399, 46.543394266337643 ], [ 6.662278899914041, 46.543388333363211 ], [ 6.662279016574357, 46.543382936542677 ], [ 6.662279921498268, 46.54337712230123 ], [ 6.662281796291453, 46.54337095485343 ], [ 6.66228412579208, 46.54336580706773 ], [ 6.662287371335349, 46.543360422655809 ], [ 6.66229171439759, 46.543354874827294 ], [ 6.66229606828056, 46.543350388604317 ], [ 6.662301439653909, 46.54334586436147 ], [ 6.662307866075841, 46.54334141030801 ], [ 6.662316221248119, 46.543337014428431 ], [ 6.66231982077013, 46.543335122897119 ], [ 6.66232712408805, 46.543332249146587 ], [ 6.662334850888083, 46.543329846086081 ], [ 6.662343510368069, 46.543327863222459 ], [ 6.662351141759106, 46.543326655980316 ], [ 6.662359523061517, 46.543325885676801 ], [ 6.662368000901238, 46.543325655794895 ], [ 6.662377095574138, 46.543326050857736 ], [ 6.662385465228932, 46.543326998714569 ], [ 6.662393644490302, 46.543328494026376 ], [ 6.6624010103218, 46.543330343614969 ], [ 6.662413294732715, 46.543334682762101 ], [ 6.662420688804475, 46.543338196808271 ], [ 6.662426688362392, 46.543341674327756 ], [ 6.662433077578444, 46.543346162067508 ], [ 6.66243838373442, 46.543350714367421 ], [ 6.662443033286243, 46.543355595029297 ], [ 6.662446706783079, 46.543360352066763 ], [ 6.662449966716482, 46.543365762985786 ], [ 6.662452468079525, 46.543371339640998 ], [ 6.662454283146659, 46.543377496344299 ], [ 6.662455105388969, 46.543382881594461 ], [ 6.662455184536961, 46.543389170361323 ], [ 6.662454396960042, 46.543394985406678 ], [ 6.662452964924329, 46.543400283270422 ], [ 6.662450641496735, 46.543405916886677 ], [ 6.662447564536781, 46.543411365428405 ], [ 6.662443747726881, 46.543416584009037 ], [ 6.66243921817365, 46.543421500845604 ], [ 6.662434014857225, 46.543426125200675 ], [ 6.66242369202842, 46.543433170455742 ] ], [ [ 6.631269513606708, 46.523256496644272 ], [ 6.631485183980393, 46.523199709729383 ], [ 6.631676806889878, 46.523137767533221 ], [ 6.631766360805185, 46.523121743769785 ], [ 6.631853092852066, 46.523132364236162 ], [ 6.631920450691188, 46.523147839690957 ], [ 6.631977978342133, 46.523174895126694 ], [ 6.632027999697023, 46.523220249157099 ], [ 6.632077610668484, 46.523292237625704 ], [ 6.632162541703797, 46.523424462987549 ], [ 6.632172285560358, 46.523439636663852 ], [ 6.632247459988294, 46.523556697187573 ], [ 6.632344321913766, 46.523697337575001 ], [ 6.632462150637079, 46.523889800320568 ], [ 6.632627132450104, 46.524157544243174 ], [ 6.632770663572922, 46.524405155262869 ], [ 6.632971317701075, 46.524709820036193 ], [ 6.633064045092553, 46.524805450046067 ], [ 6.633188016799905, 46.524909623169656 ], [ 6.633304978233986, 46.52499709466079 ], [ 6.633407760501985, 46.525066140391132 ], [ 6.633515388532105, 46.525131882872039 ], [ 6.633630437550099, 46.525187683268946 ], [ 6.633733455778427, 46.52524006065056 ], [ 6.633882234841479, 46.525299428634618 ], [ 6.634033423742128, 46.525357158234733 ], [ 6.634223119026328, 46.525426801578512 ] ], [ [ 6.638957230848847, 46.522150661438211 ], [ 6.638802488581751, 46.522151891523876 ], [ 6.638621360287246, 46.52215893570316 ], [ 6.638604470251442, 46.522157152319785 ], [ 6.638497970214913, 46.522178072737177 ], [ 6.638398541772031, 46.522209019578213 ], [ 6.638320775455218, 46.522245120968698 ], [ 6.638235368801694, 46.522307832747316 ], [ 6.638193592815864, 46.522357529143406 ], [ 6.638149233303392, 46.522418866199317 ], [ 6.638129007987971, 46.522480364544393 ], [ 6.638118414131136, 46.522543604118901 ], [ 6.638120035364656, 46.522596935255969 ], [ 6.638123932446462, 46.522660277083972 ], [ 6.638146931847935, 46.522737076879324 ], [ 6.638177040305442, 46.522822266185429 ], [ 6.638270778369116, 46.523012870531531 ], [ 6.638303348848912, 46.523096403901498 ], [ 6.638323714405868, 46.523186517247808 ], [ 6.638341522510618, 46.52328828044832 ], [ 6.638340067090746, 46.523386579209529 ], [ 6.638321931905161, 46.523469745866755 ], [ 6.638303427820676, 46.523579583259391 ], [ 6.638258648126866, 46.523669237017714 ], [ 6.638121983982895, 46.523933206959207 ], [ 6.637921765741013, 46.52433638315582 ], [ 6.637838340881912, 46.524504353641944 ], [ 6.637824559665447, 46.524528446790846 ], [ 6.637559809875237, 46.525055546477496 ], [ 6.637495443911767, 46.52516505990468 ], [ 6.637426957555729, 46.525224562043952 ], [ 6.637356369719035, 46.525264042045137 ], [ 6.637220052917599, 46.525341398956463 ], [ 6.63710582970341, 46.525392238456917 ], [ 6.637003922607817, 46.525428159426504 ], [ 6.636851059865041, 46.525480407909889 ], [ 6.636715346942717, 46.525516098701075 ], [ 6.636616159647223, 46.525532067277815 ], [ 6.63642903731292, 46.525553162509148 ], [ 6.636283336852946, 46.525563620160305 ], [ 6.636203765046385, 46.525568158156183 ], [ 6.635434110053096, 46.525582179352931 ], [ 6.635292060616326, 46.525587245948138 ], [ 6.635204029355312, 46.525591822300257 ], [ 6.635158794565561, 46.525590638329362 ], [ 6.635029392552561, 46.52558748179667 ], [ 6.634855843551312, 46.525569591652342 ], [ 6.634796856241079, 46.525559790823721 ], [ 6.634677659339736, 46.525540000491176 ], [ 6.634460922367727, 46.525505142964391 ], [ 6.634223119026328, 46.525426801578512 ] ], [ [ 6.638957230848847, 46.522150661438211 ], [ 6.639024578626185, 46.522150128600231 ], [ 6.639111433878315, 46.522152405039755 ], [ 6.63944439031462, 46.522161399237639 ], [ 6.639502425893011, 46.522155159979242 ], [ 6.63957268817177, 46.522137320922248 ], [ 6.639643135755839, 46.52210782422469 ], [ 6.63971630103747, 46.522056693090825 ], [ 6.640002578619241, 46.52179545693064 ], [ 6.640085730964291, 46.521721060075386 ], [ 6.640212422628873, 46.521671519868612 ], [ 6.640284056152912, 46.521651665913311 ], [ 6.640354602712885, 46.521640989247878 ], [ 6.640428811668627, 46.521638236854201 ], [ 6.640507674133165, 46.521646015560989 ], [ 6.640584482101363, 46.521662308030109 ], [ 6.640646923726499, 46.521685084510999 ], [ 6.640704492952417, 46.521715689247259 ], [ 6.640755261097288, 46.521756762520425 ], [ 6.640794552587422, 46.52180102962371 ], [ 6.640820613556816, 46.521839284255776 ], [ 6.640837155121253, 46.521878803353609 ], [ 6.640852480679264, 46.521935370437177 ], [ 6.640870414938698, 46.522138375822109 ], [ 6.640884297134758, 46.52231482331073 ], [ 6.640904217694053, 46.522559872268815 ], [ 6.6409199078168, 46.522722451532964 ], [ 6.640925034699236, 46.522768034660615 ], [ 6.64094144763096, 46.522913436518103 ], [ 6.640957174786302, 46.523085884716394 ], [ 6.640968511683933, 46.52322553837395 ], [ 6.640963598185823, 46.523312090948345 ], [ 6.640954256035139, 46.523366676353461 ], [ 6.640940152362394, 46.523414499221012 ], [ 6.64091742624685, 46.523468135887185 ], [ 6.640892337377793, 46.523516727134272 ], [ 6.640859840441488, 46.523574505239964 ], [ 6.6408124358696, 46.523650674407591 ], [ 6.640737729133949, 46.523761124457408 ], [ 6.640671755186974, 46.52385650450357 ], [ 6.640650576724838, 46.523889146193035 ], [ 6.640611955058667, 46.523947717782974 ], [ 6.640586841404943, 46.523998836684918 ], [ 6.640572923032641, 46.524033193703389 ], [ 6.64056500391055, 46.524074339971889 ], [ 6.640561984453248, 46.524114657085491 ], [ 6.640564875367954, 46.524165136349616 ], [ 6.640571504780824, 46.524213105022199 ], [ 6.640590130865652, 46.524271251669489 ], [ 6.640620568839141, 46.5243538607359 ], [ 6.640718860825245, 46.524626089305571 ], [ 6.640801866460335, 46.524862064093497 ], [ 6.640873084013708, 46.525070230052272 ], [ 6.640916845508393, 46.525180928469126 ], [ 6.640962077823862, 46.525312966875987 ], [ 6.640986405311191, 46.525396387495121 ], [ 6.641015398975817, 46.525497464202807 ], [ 6.641050881627757, 46.525649891071716 ], [ 6.641112390533466, 46.525908447524394 ], [ 6.641116235674708, 46.525926097842415 ], [ 6.641241866723122, 46.526469398535149 ], [ 6.641251594976974, 46.526507925078292 ] ], [ [ 6.638957230848847, 46.522150661438211 ], [ 6.639024578626185, 46.522150128600231 ], [ 6.639111433878315, 46.522152405039755 ], [ 6.63944439031462, 46.522161399237639 ], [ 6.639502425893011, 46.522155159979242 ], [ 6.63957268817177, 46.522137320922248 ], [ 6.639643135755839, 46.52210782422469 ], [ 6.63971630103747, 46.522056693090825 ], [ 6.640002578619241, 46.52179545693064 ], [ 6.640085730964291, 46.521721060075386 ] ], [ [ 6.632349754941282, 46.519611979411565 ], [ 6.632524090845434, 46.519574895106466 ], [ 6.632726960410757, 46.519534738679226 ], [ 6.632751637715066, 46.519529858197039 ], [ 6.632838962349156, 46.519514339565596 ], [ 6.633049309132547, 46.51947698847782 ], [ 6.633185800328273, 46.519461683784421 ], [ 6.633498884232848, 46.519426554631657 ], [ 6.634306498584052, 46.519335953860946 ] ], [ [ 6.641251594976974, 46.526507925078292 ], [ 6.641321677778343, 46.526785325432193 ], [ 6.641332725409851, 46.526829843620888 ], [ 6.641386160168754, 46.527024498094008 ], [ 6.641416055241344, 46.527122009577674 ], [ 6.641452301794342, 46.52722721233399 ], [ 6.641513203954535, 46.527376039289273 ], [ 6.641589453961568, 46.527550055052792 ], [ 6.641657412738312, 46.527692391360084 ], [ 6.641692337958199, 46.527762626052521 ], [ 6.641723708769621, 46.527821995512639 ], [ 6.641779615908788, 46.527905700718996 ], [ 6.641826586202319, 46.527969659749544 ], [ 6.641867334314149, 46.528018929474975 ], [ 6.641922623727746, 46.528083558618647 ], [ 6.641977996025121, 46.5281399209358 ], [ 6.642036250923836, 46.528189961241118 ], [ 6.642121965182663, 46.528272975942912 ], [ 6.642228796912305, 46.528351442869806 ], [ 6.64235303969476, 46.528438955984853 ], [ 6.642521116747653, 46.528547719378736 ], [ 6.642794321086413, 46.528729584287817 ], [ 6.642995289565123, 46.528862858042068 ], [ 6.643215106159226, 46.529007679573027 ], [ 6.643363929637051, 46.52911060320784 ], [ 6.643616775411324, 46.529273278734529 ], [ 6.643868188209635, 46.529436888234756 ], [ 6.644003185724567, 46.529522000923485 ], [ 6.644175648247949, 46.52963613618968 ], [ 6.644353224326077, 46.529754481157184 ], [ 6.644566373763982, 46.529894026632434 ], [ 6.644797277201696, 46.530045120911872 ], [ 6.644962669309832, 46.530150992087357 ], [ 6.645060990060971, 46.530219294180483 ], [ 6.645114219479654, 46.530257737783657 ], [ 6.645148328117662, 46.530283687059082 ], [ 6.645192597948569, 46.530328680066745 ], [ 6.645239571253287, 46.53038308384432 ], [ 6.645299844124863, 46.530478053853727 ], [ 6.646383564808951, 46.531218581854148 ] ], [ [ 6.647109092705184, 46.53334764778878 ], [ 6.647153174001756, 46.533509929221253 ], [ 6.64718541820535, 46.533628677132825 ], [ 6.647200146797662, 46.533683961654823 ], [ 6.647190026272512, 46.533727917746361 ], [ 6.647169778745539, 46.533755745244349 ], [ 6.647146103260699, 46.533779095780979 ], [ 6.647146062173557, 46.533780121044423 ], [ 6.647168234611281, 46.533818454954329 ], [ 6.647170201390797, 46.5338826465143 ], [ 6.64717169817358, 46.533973589056735 ], [ 6.647198758780506, 46.534105399055484 ], [ 6.647228497495639, 46.53421723849609 ], [ 6.647300692457827, 46.534397681054202 ], [ 6.647403409416756, 46.534638322075601 ], [ 6.647510753154375, 46.534890663132948 ], [ 6.647664782894388, 46.535254961529901 ], [ 6.647734886188825, 46.535413735706534 ], [ 6.647789145611578, 46.535500745862159 ], [ 6.647862197381588, 46.5356228815942 ], [ 6.647947441281976, 46.535736780886566 ], [ 6.6481278588811, 46.535947969768756 ], [ 6.64817058527407, 46.535998258470997 ], [ 6.648289665314783, 46.536109046668145 ], [ 6.64845890353047, 46.536258516200206 ], [ 6.648699870831145, 46.536456793623238 ], [ 6.648814313375856, 46.536555899085151 ], [ 6.648783009812995, 46.536568644501813 ] ], [ [ 6.648814313507326, 46.536555890090007 ], [ 6.649027903462932, 46.536731243217986 ], [ 6.649083906103019, 46.536777692673496 ], [ 6.649338418217922, 46.53700037027329 ], [ 6.649458878517242, 46.537111580626267 ], [ 6.649567005560431, 46.537244313594549 ], [ 6.64979261260131, 46.537515736639605 ], [ 6.650119761844995, 46.537906036940093 ], [ 6.650260343560952, 46.538073368632986 ], [ 6.650611724750497, 46.538466129798749 ], [ 6.650992149268238, 46.538891603137991 ], [ 6.651052734165189, 46.538959350048614 ], [ 6.651196231306235, 46.539116661182391 ], [ 6.651614596170024, 46.539569401752054 ], [ 6.651790696800238, 46.539755707571864 ], [ 6.651823873082738, 46.539790806275327 ], [ 6.651997883216881, 46.539945287254092 ], [ 6.652071834659433, 46.540005785484226 ], [ 6.652224613516082, 46.540126806590422 ], [ 6.652372726442699, 46.540236136284257 ], [ 6.65243000271733, 46.540281513336105 ], [ 6.652750906221823, 46.540463684002745 ], [ 6.652928411580653, 46.540544887963556 ], [ 6.653139741487809, 46.540623006236487 ], [ 6.65331996336956, 46.540684221181749 ], [ 6.6534463651163, 46.540716051225374 ], [ 6.653681983795242, 46.540775381872855 ], [ 6.653741151672218, 46.540790274752553 ], [ 6.654027144976546, 46.540862286658871 ], [ 6.65454248676143, 46.540965911530165 ], [ 6.654609849144211, 46.540983037615433 ], [ 6.654905940990228, 46.541040282591823 ], [ 6.655272315858268, 46.541117398445095 ], [ 6.65579915171241, 46.541226179687285 ], [ 6.656010566241315, 46.541270117201478 ], [ 6.656097666710806, 46.541288224148076 ], [ 6.656300253064099, 46.541328726728203 ], [ 6.656352827988699, 46.541341638638364 ], [ 6.656543038030336, 46.541377935280778 ], [ 6.657010169928999, 46.541469458805942 ], [ 6.657600803324264, 46.541590932640993 ], [ 6.657971188702607, 46.541667104763434 ], [ 6.65818018551689, 46.541710778690678 ], [ 6.658902163790692, 46.541877355467875 ], [ 6.659036773445478, 46.541919931930522 ], [ 6.659255356868469, 46.542001408091849 ], [ 6.659447286143791, 46.542086029352731 ], [ 6.65969404271157, 46.54222100859841 ], [ 6.659873471622769, 46.54233720936665 ], [ 6.660065002995429, 46.542474021826678 ], [ 6.660507556723211, 46.542783129218023 ], [ 6.66077164439997, 46.542984336757783 ], [ 6.660837892464569, 46.543034799773899 ], [ 6.661086554240205, 46.543230899041767 ], [ 6.661208323772295, 46.543339829612876 ], [ 6.661236294549343, 46.543364868263787 ] ] ] } },
{ "type": "Feature", "properties": { "CADRE_NO": "10.435", "DDT_URL": null, "ETC_NOM": "CarPostal", "ETC_SIGLE": "CarPostal", "ETC_URL": "https://www.postauto.ch/fr", "GO_CENTRE": 0, "HORAIR_URL": "https://www.tableaux-horaires.ch/fileadmin/fap_pdf_fields/2025/10.435.pdf", "LIGNE_NO": "435", "LIGNE_NOM": "Thierrens - Epalinges", "LIGNE_SIGL": null, "LIGNE_TYPE": "Bus régional", "PLAN_URL": "https://prestations.vd.ch/pub/101587/api/download/2_Cartographie_et_geodonnees/2.1_Carte_des_reseaux/Carte_des_lignes_TP/topo/ligne_10.435.pdf", "SHAPE_LEN": 24681.93 }, "geometry": { "type": "MultiLineString", "coordinates": [ [ [ 6.662279570853399, 46.543394266337643 ], [ 6.662171658915587, 46.543395965980459 ], [ 6.662054416964308, 46.543392779802915 ], [ 6.661951828033268, 46.543389693789493 ], [ 6.661827646873321, 46.543389446568575 ], [ 6.661728905446487, 46.543393520543106 ], [ 6.661653767227955, 46.54339906945556 ], [ 6.661587321384024, 46.543403976146195 ], [ 6.661499545031458, 46.54341527684587 ], [ 6.661458495897922, 46.543439276028096 ], [ 6.661370947811154, 46.543485455808529 ] ], [ [ 6.661236294549343, 46.543364868263787 ], [ 6.661368284322914, 46.543482999641483 ], [ 6.661370947811154, 46.543485455808529 ] ], [ [ 6.662279570853399, 46.543394266337643 ], [ 6.662278899914041, 46.543388333363211 ], [ 6.662279016574357, 46.543382936542677 ], [ 6.662279921498268, 46.54337712230123 ], [ 6.662281796291453, 46.54337095485343 ], [ 6.66228412579208, 46.54336580706773 ], [ 6.662287371335349, 46.543360422655809 ], [ 6.66229171439759, 46.543354874827294 ], [ 6.66229606828056, 46.543350388604317 ], [ 6.662301439653909, 46.54334586436147 ], [ 6.662307866075841, 46.54334141030801 ], [ 6.662316221248119, 46.543337014428431 ] ] ] } },
{ "type": "Feature", "properties": { "CADRE_NO": "10.735", "DDT_URL": null, "ETC_NOM": "Transports de la région Morges - Bière - Cossonay", "ETC_SIGLE": "MBC", "ETC_URL": "https://mbc.ch", "GO_CENTRE": 0, "HORAIR_URL": "https://www.tableaux-horaires.ch/fileadmin/fap_pdf_fields/2025/10.735.pdf", "LIGNE_NO": "735", "LIGNE_NOM": "Morges - Aclens - Cossonay-Ville - La Sarraz - Orny", "LIGNE_SIGL": "MBC", "LIGNE_TYPE": "Bus régional", "PLAN_URL": "https://prestations.vd.ch/pub/101587/api/download/2_Cartographie_et_geodonnees/2.1_Carte_des_reseaux/Carte_des_lignes_TP/topo/ligne_10.735.pdf", "SHAPE_LEN": 23815.213 }, "geometry": { "type": "MultiLineString", "coordinates": [ ] } },
{ "type": "Feature", "properties": { "CADRE_NO": "10.705", "DDT_URL": null, "ETC_NOM": "Transports de la région Morges - Bière - Cossonay", "ETC_SIGLE": "MBC", "ETC_URL": "https://mbc.ch", "GO_CENTRE": 0, "HORAIR_URL": "https://www.tableaux-horaires.ch/fileadmin/fap_pdf_fields/2025/10.705.pdf", "LIGNE_NO": "705", "LIGNE_NOM": "Lonay - Préverenges - Denges - Echandens - Ecublens VD", "LIGNE_SIGL": "TPM", "LIGNE_TYPE": "Bus urbain", "PLAN_URL": "https://prestations.vd.ch/pub/101587/api/download/2_Cartographie_et_geodonnees/2.1_Carte_des_reseaux/Carte_des_lignes_TP/topo/ligne_10.705.pdf", "SHAPE_LEN": 12983.048 }, "geometry": { "type": "MultiLineString", "coordinates": [ [ [ 6.564182799343987, 46.524098848457193 ], [ 6.564452790187699, 46.524569125086231 ], [ 6.564819070702282, 46.525205096187698 ], [ 6.565213630616061, 46.525884582220542 ], [ 6.567018939554265, 46.5287334719863 ], [ 6.572240224465393, 46.527777050911808 ], [ 6.567506040557498, 46.528676990894624 ], [ 6.566498627901126, 46.528875738356462 ], [ 6.566301531548754, 46.528928398116754 ], [ 6.566119474095385, 46.528978789198959 ], [ 6.566046365247152, 46.529002921452047 ], [ 6.565967276739254, 46.529038963559785 ], [ 6.565910224550798, 46.529065621186795 ], [ 6.565859015308894, 46.529063805917794 ], [ 6.565752329406022, 46.529063722952202 ], [ 6.565705282324193, 46.529069721305866 ], [ 6.565644814321124, 46.529080276393699 ], [ 6.565528494579336, 46.529107710306285 ], [ 6.565385424550228, 46.529148261542339 ], [ 6.565026309159601, 46.529260468129472 ], [ 6.564815475036946, 46.529310491644203 ], [ 6.564563505908446, 46.529365199773707 ], [ 6.564389011052572, 46.529407180977465 ], [ 6.564301824021879, 46.529424834370914 ], [ 6.564173569099835, 46.529443844499802 ], [ 6.564047833180704, 46.529456198751667 ], [ 6.56389320486642, 46.529465001559281 ], [ 6.563642056881764, 46.52946807604436 ], [ 6.563301754521823, 46.529463769113761 ], [ 6.563169054743587, 46.529459416785699 ], [ 6.5629856978298, 46.529451335819026 ], [ 6.562852971144487, 46.529448647202983 ], [ 6.562809519285197, 46.529448311826762 ], [ 6.562741889355791, 46.529451127377698 ], [ 6.562637892818667, 46.529461992585475 ], [ 6.562485608519459, 46.529474131157563 ], [ 6.562287311735497, 46.52949593589647 ], [ 6.562063579255107, 46.529517246927071 ], [ 6.562028592114661, 46.52952060209514 ], [ 6.561866527857651, 46.529541003725178 ], [ 6.561764711990889, 46.52956687258802 ], [ 6.56151747869386, 46.529628276745548 ], [ 6.561413225325357, 46.529654126454233 ], [ 6.561302047892702, 46.529663270640178 ], [ 6.561211554402459, 46.529657281186779 ], [ 6.56120956678462, 46.529663293244838 ], [ 6.561206376442495, 46.529668720248409 ], [ 6.56120239075737, 46.529673358435858 ], [ 6.5611970125845, 46.529677859909249 ], [ 6.561190705963959, 46.529681742463993 ], [ 6.561183589653041, 46.529684917056741 ], [ 6.56117355876682, 46.529687772237658 ], [ 6.561165784122725, 46.529688944590838 ], [ 6.561157344466423, 46.529689329134953 ], [ 6.56114828225597, 46.529688719286504 ], [ 6.561140095119272, 46.529687198596093 ], [ 6.561132351653228, 46.529684844693143 ], [ 6.561120599574052, 46.529678906306302 ], [ 6.561115141194875, 46.529674698872199 ], [ 6.561110247872975, 46.529669407272237 ], [ 6.561107121636671, 46.529664462195733 ], [ 6.56110490621477, 46.529658813466277 ], [ 6.561104030235617, 46.529652554360275 ], [ 6.561104495668659, 46.529647169259505 ], [ 6.561106230851481, 46.529641452124267 ], [ 6.561109291310222, 46.529635997130498 ], [ 6.561113505279061, 46.529630946888304 ], [ 6.561118832052426, 46.529626400040577 ], [ 6.561125638890426, 46.529622215488658 ], [ 6.561132203429987, 46.529619306517425 ], [ 6.561139932614049, 46.529616919333407 ], [ 6.561148535190012, 46.529615330565015 ], [ 6.561156521600821, 46.529614762593468 ], [ 6.5611656139537, 46.529615120781934 ], [ 6.561173870333855, 46.529616390113532 ], [ 6.561181151029366, 46.529618344604131 ], [ 6.561188520510894, 46.52962125337379 ], [ 6.561195573149885, 46.529625212243715 ], [ 6.561201185151829, 46.529629591788961 ], [ 6.561205413029072, 46.529634122561866 ], [ 6.561209099874628, 46.529639863632667 ], [ 6.561211236962635, 46.529645520750442 ], [ 6.561212036178985, 46.529650888642067 ], [ 6.561211554402459, 46.529657281186779 ] ], [ [ 6.561120599574052, 46.529678906306302 ], [ 6.561042334491135, 46.529728994391824 ], [ 6.560927615712512, 46.529785232714055 ], [ 6.560788207974095, 46.529832706582951 ], [ 6.560561660724479, 46.529892361522251 ], [ 6.560287452282315, 46.529958790046457 ], [ 6.560059033232923, 46.530008434766749 ], [ 6.559915804569651, 46.530035888519045 ], [ 6.559874101626763, 46.530042600565714 ], [ 6.559757787702349, 46.530061347355684 ], [ 6.559695879972525, 46.530071321384781 ], [ 6.559515508435261, 46.53009276536649 ], [ 6.559333120819878, 46.530109929259183 ], [ 6.558717729506566, 46.530160854147091 ] ], [ [ 6.564182799343987, 46.524098848457193 ], [ 6.563948071254787, 46.523687165099666 ], [ 6.563579441282629, 46.523047844285742 ], [ 6.563208463134959, 46.522405175490853 ], [ 6.563588842202092, 46.522318139270183 ], [ 6.563872456203264, 46.522243679060153 ], [ 6.564083357609938, 46.522188656139491 ], [ 6.564185104796745, 46.52216610435935 ], [ 6.564288988804197, 46.522150028198972 ], [ 6.564453727517631, 46.522123193645342 ], [ 6.564644726031657, 46.522101266138833 ], [ 6.564780192563929, 46.522085729693814 ], [ 6.565241736123576, 46.522054279622125 ], [ 6.56556282754527, 46.522050093830643 ], [ 6.56582832551215, 46.522050472331657 ], [ 6.566161348650472, 46.52205636237359 ], [ 6.566441391164951, 46.52205351371493 ], [ 6.566547528391777, 46.522057667181812 ], [ 6.566766916289059, 46.522058048892134 ], [ 6.567105108167826, 46.522058614177205 ], [ 6.567409230604824, 46.522059285680342 ], [ 6.567527555229588, 46.522056865667125 ], [ 6.567612077109275, 46.522054177025439 ], [ 6.567761915725667, 46.522042003978008 ], [ 6.567938445966948, 46.522021705140276 ], [ 6.56811997171263, 46.521991440634928 ], [ 6.56831862719164, 46.521946301660435 ], [ 6.5685344249389, 46.521886306216857 ], [ 6.568665446250836, 46.521844003485462 ], [ 6.568708453983471, 46.52182863497444 ], [ 6.568857217533007, 46.521775492756682 ], [ 6.569082977811371, 46.521697247491602 ], [ 6.569228542764797, 46.521651700019362 ], [ 6.569356964758837, 46.521621035594137 ], [ 6.569495002989763, 46.521592099985433 ], [ 6.569632933093028, 46.521571502815675 ], [ 6.569797328100925, 46.521554418738482 ], [ 6.569937454520034, 46.521547170318435 ], [ 6.570065447634368, 46.521543157412907 ], [ 6.570190856551965, 46.521549110311206 ], [ 6.57031384076271, 46.521556726793634 ], [ 6.570496918330653, 46.52157978158445 ], [ 6.570682393116395, 46.521604518706532 ], [ 6.570807695097172, 46.521617145248477 ], [ 6.570896984058389, 46.521617828205471 ], [ 6.570913898400682, 46.521617957572708 ], [ 6.571162452450792, 46.521621531600296 ], [ 6.571418292464809, 46.52162181420875 ], [ 6.571608949462092, 46.521624944687396 ], [ 6.571838297921707, 46.521623359605677 ], [ 6.571847207087031, 46.521366839476485 ], [ 6.571851801630363, 46.52108029321478 ], [ 6.571853404430354, 46.520980331241041 ], [ 6.571869523845395, 46.520511449084516 ], [ 6.57186694729937, 46.520135687174708 ], [ 6.571871555298223, 46.519910062934052 ], [ 6.571878279485235, 46.519579271862376 ], [ 6.57188407562314, 46.519217760835765 ] ] ] } },
{ "type": "Feature", "properties": { "CADRE_NO": "10.904", "DDT_URL": null, "ETC_NOM": "Transports publics de la région lausannoise", "ETC_SIGLE": "TL", "ETC_URL": "https://www.t-l.ch", "GO_CENTRE": 0, "HORAIR_URL": "https://www.tableaux-horaires.ch/fileadmin/fap_pdf_fields/2025/10.904.pdf", "LIGNE_NO": "N4", "LIGNE_NOM": "Lausanne St-François - Mex VD Les Esserts (N4)", "LIGNE_SIGL": null, "LIGNE_TYPE": "Bus nocturne", "PLAN_URL": "https://prestations.vd.ch/pub/101587/api/download/2_Cartographie_et_geodonnees/2.1_Carte_des_reseaux/Carte_des_lignes_TP/topo/ligne_10.904.pdf", "SHAPE_LEN": 24555.618 }, "geometry": { "type": "MultiLineString", "coordinates": [ [ [ 6.605177870544717, 46.534492697143804 ], [ 6.605038533844653, 46.534368328083545 ], [ 6.604996079993656, 46.534303037353013 ], [ 6.604975366860179, 46.534236242050213 ], [ 6.604966826631412, 46.534164534341464 ], [ 6.604982836533011, 46.534064678265274 ], [ 6.605031543242696, 46.533881767468387 ], [ 6.605121875400746, 46.533502552578035 ], [ 6.605145646095536, 46.533371087201765 ], [ 6.605174534297041, 46.533219679063215 ], [ 6.605189134347771, 46.533056516018725 ], [ 6.605210667091188, 46.532598475630529 ], [ 6.60522134337261, 46.532375288743701 ], [ 6.605219856916277, 46.532315300802246 ], [ 6.605213368222824, 46.532266935070602 ], [ 6.605196848853736, 46.532241822561005 ], [ 6.605177905776251, 46.532218347529444 ], [ 6.605130194137842, 46.532181346942821 ], [ 6.605027113244832, 46.532133944907891 ], [ 6.604847412167715, 46.532045974116691 ], [ 6.604619691793096, 46.531939325034848 ], [ 6.604449302432946, 46.531873093662 ], [ 6.604257225074293, 46.531805047270396 ], [ 6.60382517761457, 46.53166917690907 ], [ 6.603809196131727, 46.53166414745624 ], [ 6.603752689850961, 46.531646387217762 ], [ 6.603483557634309, 46.531564422304044 ], [ 6.603084798966147, 46.531434866475358 ], [ 6.602892583655968, 46.531376793417735 ], [ 6.602625942496665, 46.531289851959585 ], [ 6.602489018257192, 46.53124552679629 ], [ 6.602277655925302, 46.531175661632936 ], [ 6.602087904929474, 46.531112603527738 ], [ 6.601994370589082, 46.531073599481644 ], [ 6.601924832403141, 46.531043093706785 ], [ 6.601819293476168, 46.530997334876353 ], [ 6.601627545379095, 46.530909279070478 ], [ 6.601543695203936, 46.530866999531099 ], [ 6.60145041972569, 46.530811336146357 ], [ 6.601354681565343, 46.530757309795455 ], [ 6.601228140181471, 46.530666405884929 ], [ 6.601118632334992, 46.530565623883788 ], [ 6.601009112137271, 46.530468188235197 ], [ 6.600933206849775, 46.530380977339739 ], [ 6.600871347459043, 46.53030675252721 ], [ 6.600854980666854, 46.530287101129808 ], [ 6.600786477261624, 46.53018995010482 ], [ 6.600752969654456, 46.53012491269088 ], [ 6.6007115025931, 46.530044442135342 ], [ 6.600646198517703, 46.529895667976611 ], [ 6.600506902730572, 46.529538096284924 ], [ 6.60045142529831, 46.529379399908287 ], [ 6.600587262273114, 46.529337078005646 ], [ 6.600868683571886, 46.529247503850087 ], [ 6.601300535284341, 46.529109074840704 ], [ 6.601584403832347, 46.529017870700599 ], [ 6.602079263204334, 46.528863233771652 ], [ 6.602547752175795, 46.528696741435304 ], [ 6.60329338276277, 46.52840565869618 ], [ 6.603732525073466, 46.5282407806707 ], [ 6.604009248411198, 46.528126379966452 ], [ 6.604021999125188, 46.528121103084054 ], [ 6.604184340882537, 46.528061942254688 ], [ 6.60444935850022, 46.527959311269605 ], [ 6.604850129961239, 46.52780062405408 ], [ 6.605425625655411, 46.527581586360178 ], [ 6.606278094299992, 46.527247952529123 ], [ 6.60674690231872, 46.527058118503646 ], [ 6.606760316200064, 46.527052909152594 ], [ 6.607108763153535, 46.526917481165682 ], [ 6.607436585638344, 46.526791580836054 ], [ 6.607476333613161, 46.526776668608292 ], [ 6.607754660050026, 46.526672283292463 ], [ 6.607936575684456, 46.526615302616591 ], [ 6.608256649477509, 46.526522673772831 ], [ 6.608612273202556, 46.526471965062335 ], [ 6.608945877773519, 46.52644107456647 ], [ 6.60958864297861, 46.526399128356374 ], [ 6.610131614841833, 46.52637202208517 ], [ 6.611245749508268, 46.526324574507747 ], [ 6.612154297417431, 46.526308904160018 ], [ 6.612263170864543, 46.5263070253595 ], [ 6.612715795593891, 46.526299202009511 ], [ 6.613078424421116, 46.526292944081995 ], [ 6.614010509499298, 46.526274740326627 ], [ 6.614863092698427, 46.526244265789614 ], [ 6.615713136876887, 46.526222114819319 ], [ 6.616022258153859, 46.526214352866461 ], [ 6.616203453601067, 46.526204016538308 ], [ 6.61622672199, 46.526201234487708 ], [ 6.616321962572278, 46.526189879049575 ], [ 6.616481585523625, 46.526169364274999 ], [ 6.616622021577769, 46.526142071148925 ], [ 6.616810981868121, 46.52609677732071 ], [ 6.6170389619671, 46.526026792600064 ], [ 6.617121494092798, 46.525995723988473 ], [ 6.617228529905304, 46.525943179131467 ], [ 6.617479156948779, 46.525811707279424 ], [ 6.618026521234307, 46.525534089982294 ], [ 6.618037914572704, 46.525527947094041 ], [ 6.618178904814417, 46.525451960228338 ], [ 6.618452380363276, 46.525307247313862 ], [ 6.619247803122684, 46.524906443526554 ], [ 6.619972728231918, 46.524538456072527 ], [ 6.620123533611237, 46.524462906492843 ], [ 6.620220704308258, 46.524421946613501 ], [ 6.620393169655499, 46.524349881481399 ], [ 6.62049759866728, 46.524308973716636 ], [ 6.620711192844617, 46.524231096349894 ], [ 6.620931633466933, 46.524165835467144 ], [ 6.621459641558817, 46.52402916597606 ], [ 6.622162467420535, 46.523850616066667 ], [ 6.622637864324602, 46.523777191816933 ], [ 6.622651176747763, 46.523775956146018 ], [ 6.622944195152369, 46.523748646090262 ], [ 6.623333179481901, 46.523719371131563 ], [ 6.623925807586398, 46.523676974789552 ], [ 6.62451351139339, 46.52362138775031 ], [ 6.624802269966949, 46.52358343596223 ] ], [ [ 6.588946609452277, 46.53480859739949 ], [ 6.589498445367103, 46.534438345405228 ], [ 6.58998615667231, 46.53411258284774 ], [ 6.590915169991759, 46.533500836571392 ], [ 6.591040550265759, 46.533426556593113 ], [ 6.591098995676677, 46.533393671501052 ], [ 6.591830940725631, 46.532905959693579 ], [ 6.59216278322609, 46.532674500503255 ], [ 6.592204390127421, 46.532645483518756 ], [ 6.593082826154656, 46.532050561134966 ], [ 6.59328272218541, 46.531927094425775 ], [ 6.593595005124797, 46.531717804783085 ], [ 6.593862972397578, 46.531564850931083 ], [ 6.594052803720388, 46.531467954461299 ], [ 6.594169465182929, 46.531417185018761 ], [ 6.59432032589402, 46.531341660727449 ], [ 6.594597335854375, 46.531227077922757 ], [ 6.594932420699197, 46.53110295858361 ], [ 6.595505138863011, 46.5309139340252 ], [ 6.59577944695938, 46.530815998097744 ], [ 6.596097284951482, 46.530715065178974 ], [ 6.596720720286359, 46.530523073571253 ], [ 6.597252046940549, 46.530353740525015 ], [ 6.597647490360724, 46.530230042820698 ], [ 6.598777498731003, 46.529906851772438 ], [ 6.599007771549128, 46.52983113543133 ], [ 6.599243375990646, 46.529753667843714 ], [ 6.599760142884835, 46.529589217303354 ], [ 6.60045142529831, 46.529379399908287 ] ], [ [ 6.581545461562787, 46.540329208607176 ], [ 6.581432111871147, 46.540553867508173 ], [ 6.581382691221616, 46.540625148395648 ], [ 6.581306333797703, 46.540719543750761 ], [ 6.581222913023806, 46.54080388199754 ], [ 6.581115099007746, 46.54090137713851 ], [ 6.581009629971941, 46.541005529043893 ], [ 6.580806453952053, 46.541178959264187 ], [ 6.580662358809103, 46.541281163607337 ], [ 6.580537938966859, 46.541361871843691 ], [ 6.580401447535268, 46.541442488661993 ], [ 6.580287017689407, 46.541501600493326 ], [ 6.580143383744992, 46.541575478862654 ], [ 6.579904302222443, 46.541689540315218 ], [ 6.579896407477352, 46.541618609059967 ], [ 6.57988334115188, 46.541528539886535 ], [ 6.579855990460721, 46.541426694643015 ], [ 6.579761312242932, 46.541154384986719 ], [ 6.579694792450811, 46.540933944142694 ], [ 6.579651554147051, 46.54076868181545 ] ], [ [ 6.579651554147051, 46.54076868181545 ], [ 6.579604434145929, 46.540541712606554 ], [ 6.579539939915546, 46.540043054607729 ], [ 6.579448129296207, 46.539419260456953 ], [ 6.580100486029004, 46.539259199286832 ], [ 6.58102386813914, 46.539042914871871 ], [ 6.581680157073936, 46.538919569628817 ], [ 6.581857054038907, 46.538879262166212 ], [ 6.582036599780118, 46.538825633162517 ] ], [ [ 6.599021216110692, 46.538681284617084 ], [ 6.599453377791194, 46.538462574127266 ], [ 6.599745322038078, 46.538321442582742 ], [ 6.600076340154809, 46.538150606008912 ], [ 6.600297894801309, 46.538032279823966 ], [ 6.600534007853427, 46.537909067892514 ], [ 6.601259311798104, 46.537536207828779 ], [ 6.601909153264055, 46.537201101237727 ], [ 6.602310077189658, 46.537000411805273 ], [ 6.602310142781488, 46.537000385300388 ], [ 6.602352026784647, 46.536979436170206 ], [ 6.602580806116203, 46.536861149844377 ], [ 6.602812292169143, 46.536724566931206 ], [ 6.602956075522342, 46.536637320093057 ], [ 6.603075666825781, 46.536554896785105 ], [ 6.603390659268288, 46.536327275234221 ], [ 6.60346423848995, 46.536252843244952 ], [ 6.603724059950967, 46.535999832554687 ], [ 6.604047939684374, 46.535663988506585 ], [ 6.604317568647136, 46.535402727227392 ], [ 6.604346298817859, 46.535371551051149 ], [ 6.604609630368052, 46.535094967413819 ], [ 6.604866837209326, 46.534855249191885 ], [ 6.605055301963983, 46.534688361681006 ], [ 6.605174276422923, 46.534593885898616 ] ], [ [ 6.628298452368905, 46.517514472054593 ], [ 6.628299053437241, 46.517520449746769 ], [ 6.628298093309167, 46.517526254357087 ], [ 6.628295637674524, 46.517531850370247 ], [ 6.628291754785163, 46.517537031363872 ], [ 6.628286577100203, 46.517541654346829 ], [ 6.628280827752877, 46.517545292672764 ], [ 6.628273678289549, 46.51754844420396 ], [ 6.628265238345496, 46.517550749880101 ], [ 6.628258120703761, 46.517551778562314 ], [ 6.628249008681429, 46.517551974352735 ], [ 6.628240656236485, 46.517551051058668 ], [ 6.628231581567267, 46.517548755199869 ], [ 6.628224277707956, 46.517545689332209 ], [ 6.628218414858035, 46.517542120982355 ], [ 6.628212754794272, 46.517537195672574 ], [ 6.628209099089569, 46.517532437615785 ], [ 6.628206335153234, 46.517526435474593 ], [ 6.628205504068961, 46.517516677783952 ], [ 6.628206887865089, 46.517511299017109 ], [ 6.628209797946463, 46.517505814205506 ], [ 6.628214095515052, 46.517500789110628 ], [ 6.628220108752624, 46.517496064147373 ], [ 6.628226231793936, 46.517492707372789 ], [ 6.628234264203941, 46.517489769062408 ], [ 6.628241703732054, 46.517488130947775 ], [ 6.628250733701832, 46.517487322838207 ], [ 6.628259199143462, 46.517487662193489 ], [ 6.628267414130414, 46.517489061296622 ], [ 6.628275132168302, 46.517491446418148 ], [ 6.628281589869919, 46.51749445226136 ], [ 6.628288091823154, 46.517498852813013 ], [ 6.628292612783855, 46.517503266201118 ], [ 6.628296436758666, 46.517508970045867 ], [ 6.628298452368905, 46.517514472054593 ], [ 6.628454348179831, 46.517487589793618 ], [ 6.628433826134946, 46.517423067257113 ], [ 6.629304533359125, 46.517300998736957 ], [ 6.629471195029324, 46.517292202052772 ], [ 6.630114495694782, 46.517205137007622 ], [ 6.630121155628039, 46.517238191094364 ], [ 6.630264047331266, 46.517222431784504 ] ], [ [ 6.630121155628039, 46.517238191094364 ], [ 6.630134896349064, 46.517293587934738 ], [ 6.629494030422834, 46.517378988202516 ], [ 6.629453414278768, 46.517383997169325 ], [ 6.629225645311998, 46.517412077228961 ], [ 6.629097616555057, 46.517419484992857 ], [ 6.629073654595371, 46.517422759483772 ], [ 6.628459120116391, 46.517506560627979 ], [ 6.628454348179831, 46.517487589793618 ] ], [ [ 6.628231581567267, 46.517548755199869 ], [ 6.628150638725844, 46.517637651936127 ], [ 6.628070185698365, 46.517690387865734 ], [ 6.627975331743571, 46.517739701271267 ], [ 6.627875680410438, 46.517785642764174 ], [ 6.627168887277928, 46.518080491358035 ], [ 6.625988826821352, 46.5185502306025 ], [ 6.62536214487888, 46.51881400272466 ], [ 6.624776691047909, 46.519064717032272 ], [ 6.624611251434557, 46.519134734005107 ], [ 6.624033389832698, 46.519379291708169 ], [ 6.623831802313251, 46.519462811991943 ], [ 6.623401779217552, 46.519648001582219 ], [ 6.623098207511935, 46.519770775241284 ], [ 6.622677974157775, 46.519947693129467 ], [ 6.622617037980674, 46.519987251421824 ], [ 6.62257304013284, 46.520023584987072 ], [ 6.622545917910815, 46.520061713210552 ], [ 6.622528337817558, 46.520106576175699 ], [ 6.622527457678833, 46.520164873489648 ], [ 6.622533785059791, 46.520226578195079 ], [ 6.622554425964054, 46.520298371526621 ], [ 6.622842585752444, 46.520716971959779 ], [ 6.62289610208567, 46.520800381681823 ], [ 6.623132631759653, 46.521168924678484 ], [ 6.623236751456814, 46.521331134864653 ], [ 6.623315020931012, 46.52144976204827 ], [ 6.624459081854036, 46.52307304565425 ], [ 6.624603705754999, 46.523284375938417 ], [ 6.624780148145256, 46.523542201149624 ], [ 6.624802269966949, 46.52358343596223 ] ], [ [ 6.63756803600501, 46.516765339551689 ], [ 6.637625381948877, 46.516883539073575 ], [ 6.637856935028121, 46.517383367362171 ], [ 6.63806010541006, 46.517842989303354 ], [ 6.638028506526367, 46.517857753740842 ], [ 6.637324390154596, 46.518141034123438 ], [ 6.636705445120461, 46.518374921163407 ], [ 6.636173840139818, 46.518579429845168 ], [ 6.635387548723751, 46.518893585270867 ], [ 6.634763186722371, 46.51914092658869 ], [ 6.634306498584052, 46.519335953860946 ] ], [ [ 6.63756803600501, 46.516765339551689 ], [ 6.637428952630446, 46.516785516013599 ], [ 6.636960152883513, 46.516823855601544 ], [ 6.636750002070564, 46.516835702368446 ], [ 6.635868353359339, 46.516882786086619 ], [ 6.634885170097965, 46.516942475761191 ], [ 6.634876222243427, 46.516943033088694 ], [ 6.633776317383479, 46.517011241982104 ], [ 6.632971872466865, 46.517068944617257 ], [ 6.632846114599517, 46.517077965031817 ], [ 6.632184205524335, 46.517118232567817 ], [ 6.631527103719317, 46.517161139320692 ], [ 6.631217838214322, 46.517181338653373 ], [ 6.630722800145906, 46.517199467501591 ], [ 6.630372305146364, 46.517214252111479 ], [ 6.630371318109871, 46.517220128514587 ], [ 6.630369057886409, 46.5172257439555 ], [ 6.630365882610266, 46.517230678170364 ], [ 6.630360943020692, 46.517235950660691 ], [ 6.63035527443112, 46.517240300356235 ], [ 6.630348729475335, 46.517243996089121 ], [ 6.630342029114621, 46.517246755122038 ], [ 6.630334190036867, 46.517248975271706 ], [ 6.630325437923938, 46.51725037926758 ], [ 6.630317638775337, 46.517250800484717 ], [ 6.630308576123749, 46.517250313089733 ], [ 6.630300334656511, 46.517248940933889 ], [ 6.630292509901817, 46.517246717119342 ], [ 6.630285800779402, 46.517243961489591 ], [ 6.630278784735442, 46.51723994422111 ], [ 6.63027320779072, 46.517235550376128 ], [ 6.630268988266992, 46.517231013270766 ], [ 6.630264047331266, 46.517222431784504 ], [ 6.630262591693, 46.517216942798584 ], [ 6.630262360097029, 46.517210643892263 ], [ 6.630263352239204, 46.517205298295075 ], [ 6.630265651697655, 46.517199674139668 ], [ 6.630269502816009, 46.517193989073121 ], [ 6.630274227741385, 46.517189128876666 ], [ 6.630279512540366, 46.517185172277713 ], [ 6.630286647480705, 46.517181237858921 ], [ 6.630294001090517, 46.517178366535369 ], [ 6.630301928949442, 46.517176308950631 ], [ 6.630309569321605, 46.517175175912911 ], [ 6.630317993232418, 46.517174804128778 ], [ 6.630326416723275, 46.517175331949012 ], [ 6.630335268039962, 46.517176879374162 ], [ 6.630342442759942, 46.517178999597078 ], [ 6.630349293325539, 46.517181882176466 ], [ 6.630355624285215, 46.517185525719796 ], [ 6.630361626114653, 46.517190264439265 ], [ 6.630365793119005, 46.517194828155127 ], [ 6.630369231632042, 46.517200178335067 ], [ 6.630371525631189, 46.517206249042296 ], [ 6.630372305146364, 46.517214252111479 ] ], [ [ 6.605177870544717, 46.534492697143804 ], [ 6.605184490852658, 46.534489435202836 ], [ 6.605191771328301, 46.534486474981641 ], [ 6.605200038105123, 46.534483800883265 ], [ 6.605208007446561, 46.534481817299614 ], [ 6.605216203635591, 46.53448033916326 ], [ 6.605224548466992, 46.534479365899792 ], [ 6.605232989665314, 46.534478906121286 ], [ 6.60524146178218, 46.534478977339347 ], [ 6.605249887028524, 46.534479551994224 ], [ 6.605257562526608, 46.534480561951327 ], [ 6.605265724726178, 46.534482133240623 ], [ 6.605273657576532, 46.534484206626757 ], [ 6.605281283288539, 46.534486754550187 ], [ 6.605288536829845, 46.534489767537202 ], [ 6.60529537979137, 46.534493200325429 ], [ 6.605306053974316, 46.53450009775991 ], [ 6.605311704438047, 46.534504781244102 ], [ 6.60531615949696, 46.534509213054648 ], [ 6.605320383126722, 46.534514281888832 ], [ 6.605324179674987, 46.534519995305899 ], [ 6.605326975360711, 46.534525521451002 ], [ 6.605329038909724, 46.534531186157146 ], [ 6.605330286294323, 46.534536521010075 ], [ 6.605330932435748, 46.53454280503464 ], [ 6.60533073814685, 46.534548642078526 ], [ 6.60532991253027, 46.534553997692782 ], [ 6.605328272686757, 46.534559743156315 ], [ 6.605325715867609, 46.534565778757354 ], [ 6.605322835830095, 46.534570795425161 ], [ 6.605318747069574, 46.534576423947613 ], [ 6.605312411972684, 46.534583169482609 ], [ 6.605307035734268, 46.534587753998046 ], [ 6.605301592108147, 46.534591636322418 ], [ 6.605295223464362, 46.534595484865036 ], [ 6.605287840643426, 46.53459916402953 ], [ 6.6052805080208, 46.534602123873981 ], [ 6.605272856614711, 46.534604622575522 ], [ 6.605264912632558, 46.534606651330577 ], [ 6.6052573822832, 46.534608062391733 ], [ 6.60524839653389, 46.534609174888381 ], [ 6.60524060675149, 46.534609657444555 ], [ 6.605232758872024, 46.534609680772263 ], [ 6.605223693955326, 46.534609164390936 ], [ 6.605215327900734, 46.534608131367698 ], [ 6.60520778883165, 46.534606726581401 ], [ 6.60519982851012, 46.534604742950052 ], [ 6.605191592394213, 46.534602046600426 ], [ 6.6051848427406, 46.53459932518345 ], [ 6.605174276422923, 46.534593885898616 ] ], [ [ 6.632349754941282, 46.519611979411565 ], [ 6.632524090845434, 46.519574895106466 ], [ 6.632726960410757, 46.519534738679226 ], [ 6.632751637715066, 46.519529858197039 ], [ 6.632838962349156, 46.519514339565596 ], [ 6.633049309132547, 46.51947698847782 ], [ 6.633185800328273, 46.519461683784421 ], [ 6.633498884232848, 46.519426554631657 ], [ 6.634306498584052, 46.519335953860946 ] ], [ [ 6.599021216110692, 46.538681284617084 ], [ 6.599108360013834, 46.538764792468939 ], [ 6.599121772342934, 46.538789289134208 ], [ 6.599120560845963, 46.538811887392427 ], [ 6.59910801869008, 46.53884214747999 ], [ 6.599074356010478, 46.538866592767135 ], [ 6.598933006158347, 46.538939908811365 ], [ 6.598824420536633, 46.538996248595112 ], [ 6.59879146480105, 46.539007906564848 ], [ 6.598735379689188, 46.539010469208783 ], [ 6.598688993273423, 46.538998817787935 ], [ 6.598644586487051, 46.538970520207037 ], [ 6.598563203195547, 46.538895528975083 ] ] ] } },
{ "type": "Feature", "properties": { "CADRE_NO": "10.038", "DDT_URL": null, "ETC_NOM": "Transports publics de la région lausannoise", "ETC_SIGLE": "TL", "ETC_URL": "https://www.t-l.ch", "GO_CENTRE": 0, "HORAIR_URL": "https://www.tableaux-horaires.ch/fileadmin/fap_pdf_fields/2025/10.038.pdf", "LIGNE_NO": "38", "LIGNE_NOM": "Renens VD gare nord - Prilly église", "LIGNE_SIGL": null, "LIGNE_TYPE": "Bus urbain", "PLAN_URL": "https://prestations.vd.ch/pub/101587/api/download/2_Cartographie_et_geodonnees/2.1_Carte_des_reseaux/Carte_des_lignes_TP/topo/ligne_10.038.pdf", "SHAPE_LEN": 2614.803 }, "geometry": { "type": "MultiLineString", "coordinates": [ [ [ 6.579448129296207, 46.539419260456953 ], [ 6.580100486029004, 46.539259199286832 ], [ 6.58102386813914, 46.539042914871871 ], [ 6.581680157073936, 46.538919569628817 ], [ 6.581857054038907, 46.538879262166212 ], [ 6.582036599780118, 46.538825633162517 ] ], [ [ 6.58203560671623, 46.53883793533835 ], [ 6.581942564951524, 46.539048758331781 ], [ 6.58184815492557, 46.539242639469187 ], [ 6.581930250600254, 46.539325462268309 ], [ 6.581995927139977, 46.53954381267863 ], [ 6.581820789700553, 46.53985627811786 ], [ 6.581545461562787, 46.540329208607176 ], [ 6.581432111871147, 46.540553867508173 ], [ 6.581382691221616, 46.540625148395648 ], [ 6.581306333797703, 46.540719543750761 ], [ 6.581222913023806, 46.54080388199754 ], [ 6.581115099007746, 46.54090137713851 ], [ 6.581009629971941, 46.541005529043893 ], [ 6.580806453952053, 46.541178959264187 ], [ 6.580662358809103, 46.541281163607337 ], [ 6.580537938966859, 46.541361871843691 ], [ 6.580401447535268, 46.541442488661993 ], [ 6.580287017689407, 46.541501600493326 ], [ 6.580143383744992, 46.541575478862654 ], [ 6.579904302222443, 46.541689540315218 ], [ 6.579896407477352, 46.541618609059967 ], [ 6.57988334115188, 46.541528539886535 ], [ 6.579855990460721, 46.541426694643015 ], [ 6.579761312242932, 46.541154384986719 ], [ 6.579694792450811, 46.540933944142694 ], [ 6.579651554147051, 46.54076868181545 ] ], [ [ 6.579651554147051, 46.54076868181545 ], [ 6.579604434145929, 46.540541712606554 ], [ 6.579539939915546, 46.540043054607729 ], [ 6.579448129296207, 46.539419260456953 ], [ 6.579363392504746, 46.538730641179654 ], [ 6.579516637764334, 46.537977693747422 ], [ 6.579702721293743, 46.537518390686735 ], [ 6.580173403162092, 46.537179558069745 ], [ 6.580753545930035, 46.53687837174634 ], [ 6.581300850428091, 46.536660951830939 ], [ 6.581638810955615, 46.536622362057983 ] ], [ [ 6.598563203195547, 46.538895528975083 ], [ 6.599021216110692, 46.538681284617084 ], [ 6.599108360013834, 46.538764792468939 ], [ 6.599121772342934, 46.538789289134208 ], [ 6.599120560845963, 46.538811887392427 ], [ 6.59910801869008, 46.53884214747999 ], [ 6.599074356010478, 46.538866592767135 ], [ 6.598933006158347, 46.538939908811365 ], [ 6.598824420536633, 46.538996248595112 ], [ 6.59879146480105, 46.539007906564848 ], [ 6.598735379689188, 46.539010469208783 ], [ 6.598688993273423, 46.538998817787935 ], [ 6.598644586487051, 46.538970520207037 ], [ 6.598563203195547, 46.538895528975083 ] ] ] } },
{ "type": "Feature", "properties": { "CADRE_NO": "10.002", "DDT_URL": null, "ETC_NOM": "Transports publics de la région lausannoise", "ETC_SIGLE": "TL", "ETC_URL": "https://www.t-l.ch", "GO_CENTRE": 0, "HORAIR_URL": "https://www.tableaux-horaires.ch/fileadmin/fap_pdf_fields/2025/10.002.pdf", "LIGNE_NO": "2", "LIGNE_NOM": "Lausanne Maladière-Lac - Bellerive - St-François - Bergières - Désert", "LIGNE_SIGL": null, "LIGNE_TYPE": "Trolleybus", "PLAN_URL": "https://prestations.vd.ch/pub/101587/api/download/2_Cartographie_et_geodonnees/2.1_Carte_des_reseaux/Carte_des_lignes_TP/topo/ligne_10.002.pdf", "SHAPE_LEN": 8281.287 }, "geometry": { "type": "MultiLineString", "coordinates": [ [ [ 6.614949919514741, 46.536784106107113 ], [ 6.614963543214571, 46.536760104469224 ], [ 6.615119632264452, 46.536499649019071 ], [ 6.615245843013509, 46.536298953500292 ], [ 6.615381393127075, 46.536116659632505 ], [ 6.615424941606561, 46.536062225358073 ], [ 6.615450297430441, 46.536030518159443 ], [ 6.61546263401513, 46.536013964885072 ], [ 6.61568857497348, 46.535764010025702 ], [ 6.616010449755684, 46.53539644265765 ], [ 6.616459817999338, 46.534899858714397 ], [ 6.616545865711661, 46.534798844326296 ], [ 6.616621849139814, 46.534724421376161 ], [ 6.616658615860937, 46.534688037645232 ], [ 6.616670563189277, 46.534677319885411 ], [ 6.616800581336401, 46.534560763702771 ], [ 6.616942330913874, 46.53444850249543 ], [ 6.617076668189742, 46.534346164111199 ], [ 6.617232631529877, 46.534250657216688 ], [ 6.617454183390544, 46.534128960377778 ], [ 6.617631772113615, 46.534040275542075 ], [ 6.617848157448031, 46.533940212140166 ], [ 6.618044986454962, 46.5338583229425 ], [ 6.61814701044606, 46.533815735542511 ], [ 6.618389679417104, 46.53373417720303 ], [ 6.61865644900595, 46.533656139055367 ], [ 6.618847011700979, 46.533609944653058 ], [ 6.619010229240816, 46.533570389442858 ], [ 6.619456108264709, 46.533461985806497 ], [ 6.619706778506189, 46.533407020894039 ] ], [ [ 6.631049275646209, 46.524749474186486 ], [ 6.630920856229166, 46.52478188143985 ], [ 6.630811388387893, 46.52483775032006 ], [ 6.630594590073069, 46.524969501269084 ], [ 6.630428970709779, 46.525068276952226 ], [ 6.63031922749443, 46.525142486403482 ], [ 6.630182389828463, 46.52525313470386 ], [ 6.630050361477981, 46.525365490389696 ], [ 6.629412272255868, 46.525904106029991 ], [ 6.629260702392244, 46.526031317894351 ], [ 6.629179989355357, 46.526102395818647 ], [ 6.629082310626598, 46.526176663185716 ], [ 6.62898724202687, 46.526237634902358 ], [ 6.628828749782889, 46.526344807516843 ], [ 6.628646019990833, 46.526456808696409 ], [ 6.628615152625572, 46.526473563919318 ], [ 6.628509724856086, 46.526530808874696 ], [ 6.628397939916598, 46.526579992828552 ], [ 6.628291077670429, 46.526624219010365 ], [ 6.627907260944474, 46.526783091534334 ], [ 6.627378151216831, 46.526974245441117 ], [ 6.627174454483486, 46.527036112145666 ], [ 6.627054695805487, 46.527075396051721 ], [ 6.626970682584131, 46.527102952782521 ], [ 6.626682181680118, 46.527184210177992 ], [ 6.626379214062154, 46.527265345285727 ], [ 6.626185070610327, 46.527288082701737 ], [ 6.625910091267053, 46.527320298382904 ], [ 6.625859134238423, 46.52732945120497 ], [ 6.625597827320453, 46.527376382709882 ], [ 6.625447522750024, 46.527418621654419 ], [ 6.625214537878384, 46.527501928517651 ], [ 6.624721653502351, 46.527689992324213 ], [ 6.624367129596207, 46.527827409571898 ], [ 6.623988366859083, 46.527971317787426 ], [ 6.623634716216084, 46.528106759906109 ], [ 6.62349305068714, 46.52816103213155 ], [ 6.623398249917012, 46.528205322420987 ], [ 6.622893195656562, 46.528398310749999 ], [ 6.622560527279705, 46.528527531188139 ], [ 6.622317510391804, 46.528634095858507 ], [ 6.622089047778471, 46.528735753940445 ], [ 6.62187269096149, 46.528835834438802 ], [ 6.621757626343964, 46.528894317261802 ], [ 6.621646423482781, 46.528950821649978 ], [ 6.621452934633983, 46.529053863803284 ], [ 6.621439571171955, 46.529060973419291 ], [ 6.621062157942008, 46.529274844267739 ], [ 6.620665337594534, 46.529493602786353 ], [ 6.620329312580781, 46.529684451749681 ], [ 6.62017351920526, 46.529769969355073 ], [ 6.61991302099926, 46.529914699189916 ], [ 6.619628118162193, 46.53007593102658 ], [ 6.619476488390523, 46.530204793904986 ], [ 6.619069858773077, 46.530433461775402 ], [ 6.618911747631349, 46.530525420127006 ], [ 6.618877463628402, 46.53054535965925 ], [ 6.618716791833156, 46.530632504328722 ], [ 6.618178405698235, 46.530953515316696 ], [ 6.618039357095827, 46.531047481497431 ], [ 6.61795853393116, 46.531125198905436 ], [ 6.61788472783775, 46.53121463494228 ], [ 6.617861861409878, 46.53125089470111 ], [ 6.617830300448883, 46.531300900556914 ], [ 6.617802764575478, 46.531365671115829 ], [ 6.617757134565235, 46.53150863971323 ], [ 6.61776091959319, 46.531576974398469 ], [ 6.617771964470648, 46.53164535260774 ], [ 6.617804305898952, 46.531742231553615 ], [ 6.617844019982732, 46.53182916017029 ], [ 6.617912138444541, 46.531952944291142 ], [ 6.617990079959008, 46.532066804758429 ], [ 6.61800934162301, 46.532090261925376 ], [ 6.618118090489107, 46.532222688125422 ], [ 6.618258335077767, 46.532366991868201 ], [ 6.61835359948627, 46.532452657632703 ], [ 6.618460668590007, 46.532556724675992 ], [ 6.618601369869285, 46.532671047322069 ], [ 6.618730482616443, 46.532753628822931 ], [ 6.618898000971531, 46.532851466118068 ], [ 6.619077651719173, 46.532944415954589 ], [ 6.619439519217027, 46.533121966925776 ], [ 6.619611837068171, 46.533221520066711 ] ], [ [ 6.631049275646209, 46.524749474186486 ], [ 6.631241900193215, 46.524620878895441 ], [ 6.63141222346283, 46.524495804001916 ], [ 6.631525012219278, 46.524412960954876 ], [ 6.631705678148053, 46.524275958445074 ], [ 6.631798503638814, 46.524203291636141 ], [ 6.631850203679029, 46.524135361105998 ], [ 6.631877918166732, 46.524057247358392 ], [ 6.631878713916739, 46.524003933279928 ], [ 6.631836434666415, 46.52392533077812 ], [ 6.631701284195607, 46.523762746075434 ], [ 6.631528179045709, 46.523553246536821 ], [ 6.631357337902428, 46.523355430743699 ], [ 6.631269513606708, 46.523256496644272 ], [ 6.63112432033083, 46.523280454362137 ], [ 6.63099841474771, 46.523306222476769 ], [ 6.630891959514108, 46.523323789577077 ], [ 6.630790437226994, 46.52333307033409 ], [ 6.630599783749527, 46.523330048283995 ], [ 6.630339125732903, 46.523328191439134 ], [ 6.630049548552154, 46.523322781340944 ], [ 6.629943602155291, 46.523303701160984 ], [ 6.629665178523084, 46.523200078438144 ], [ 6.629607564248208, 46.523178014028652 ], [ 6.629549913368472, 46.523159268881365 ], [ 6.629497570939641, 46.5231089133624 ], [ 6.629223413745811, 46.522718758879115 ], [ 6.629012745674302, 46.52244067117033 ], [ 6.628925388285793, 46.522310081341814 ] ], [ [ 6.63756803600501, 46.516765339551689 ], [ 6.637625381948877, 46.516883539073575 ], [ 6.637856935028121, 46.517383367362171 ], [ 6.63806010541006, 46.517842989303354 ], [ 6.638028506526367, 46.517857753740842 ], [ 6.637324390154596, 46.518141034123438 ], [ 6.636705445120461, 46.518374921163407 ], [ 6.636173840139818, 46.518579429845168 ], [ 6.635387548723751, 46.518893585270867 ], [ 6.634763186722371, 46.51914092658869 ], [ 6.634306498584052, 46.519335953860946 ] ], [ [ 6.629345682607861, 46.51158663918153 ], [ 6.629620400184584, 46.51208540766325 ], [ 6.629785504238296, 46.512364285238768 ], [ 6.629894231506287, 46.512547941891839 ], [ 6.630046776685048, 46.512756272201699 ], [ 6.630269191480361, 46.512981230240264 ], [ 6.630600859432707, 46.513341106748712 ], [ 6.630726766649373, 46.513477619540609 ], [ 6.630967240958552, 46.513725707771989 ], [ 6.631218575039486, 46.513992791535784 ], [ 6.631296274505669, 46.514071511536976 ], [ 6.631469116696007, 46.514213620238543 ], [ 6.631671660378655, 46.514385186232204 ], [ 6.631695080467574, 46.514405018276079 ], [ 6.631796305453688, 46.514483500460585 ], [ 6.631931384049011, 46.514588239983553 ], [ 6.632192563420571, 46.514788181835499 ], [ 6.632355981568029, 46.514888840188021 ], [ 6.632390195358677, 46.514911051803971 ], [ 6.632851922080508, 46.515210861475225 ], [ 6.632877460431388, 46.515233757986856 ], [ 6.633048691238234, 46.515471409106624 ], [ 6.633097742237815, 46.515539488921462 ], [ 6.633133001164937, 46.515663894169016 ], [ 6.633169011301777, 46.51580086326144 ], [ 6.633240329712149, 46.516055472849416 ], [ 6.6333084330251, 46.516256523907458 ], [ 6.633379706295774, 46.516420641540847 ], [ 6.633431688511228, 46.516518608981471 ], [ 6.633541345630038, 46.516678842779655 ], [ 6.633689168527572, 46.516867343092429 ], [ 6.633776317383479, 46.517011241982104 ] ], [ [ 6.629345682607861, 46.51158663918153 ], [ 6.629043504152429, 46.511149558038866 ], [ 6.628639320565048, 46.510540174307586 ], [ 6.628464508576257, 46.510289932123762 ], [ 6.628448212492258, 46.510267910252317 ], [ 6.628288751651112, 46.510052421361621 ], [ 6.628145237242724, 46.509819764709633 ], [ 6.628093199556653, 46.50972656223508 ], [ 6.627904725632078, 46.509254674906799 ], [ 6.627518202602352, 46.508367047279386 ], [ 6.627511690870661, 46.508352085197991 ], [ 6.627415695458224, 46.508141591891494 ], [ 6.627380992322664, 46.508008264556878 ], [ 6.627361769316931, 46.507913065404935 ], [ 6.627359703846973, 46.507848395753932 ], [ 6.627368395548941, 46.507667699551874 ], [ 6.627416411733997, 46.507339209038399 ], [ 6.627439678360743, 46.507216120066857 ], [ 6.627442145095254, 46.507148100303837 ], [ 6.627429834274622, 46.507111515124805 ], [ 6.627547130332164, 46.507075942274128 ], [ 6.627965514215111, 46.507040226420038 ], [ 6.62808551579395, 46.506982188107308 ], [ 6.628079029222145, 46.506841556554043 ], [ 6.627975244072944, 46.506573685922397 ], [ 6.627800106633634, 46.506234381227209 ], [ 6.627715781199879, 46.506171877499781 ], [ 6.627644428909775, 46.506109373700426 ], [ 6.627618482622483, 46.506015617866737 ], [ 6.627644428909805, 46.505962043031928 ], [ 6.627715781199927, 46.505948649315009 ], [ 6.62776118720272, 46.50596650760351 ], [ 6.627819566349169, 46.505997759594258 ], [ 6.627858485780131, 46.506055798958087 ], [ 6.627845512636458, 46.506118302819004 ], [ 6.627826052920965, 46.506167412945054 ], [ 6.627800106633634, 46.506234381227209 ] ], [ [ 6.625630348355615, 46.513222067997461 ], [ 6.625766566364225, 46.512152935357022 ], [ 6.625948190375684, 46.510827092390024 ], [ 6.626000082950362, 46.510563705592965 ], [ 6.62612008452943, 46.509329341986088 ], [ 6.626139544244934, 46.509227779175362 ], [ 6.62612981438723, 46.509059251455369 ], [ 6.626035759095743, 46.508897419709228 ], [ 6.625302776479299, 46.507996733533048 ], [ 6.625002243006015, 46.507607532416671 ], [ 6.624526021787888, 46.507831023431329 ], [ 6.623854229688406, 46.508132983959968 ], [ 6.623657544144237, 46.508216475917173 ], [ 6.623553470133693, 46.508252477059713 ], [ 6.622703436689392, 46.508505281564261 ], [ 6.622370512190995, 46.50860429895387 ], [ 6.622008598429256, 46.508722988018278 ], [ 6.62169973917235, 46.508842543884747 ], [ 6.621578189701534, 46.508893224929778 ], [ 6.621361508457729, 46.508993229669706 ], [ 6.621186686397925, 46.509081435955835 ], [ 6.620971812634639, 46.509205706458765 ], [ 6.620523926107377, 46.509492051957686 ], [ 6.620136383659601, 46.509752040838606 ], [ 6.620065511588438, 46.509799595504319 ], [ 6.618550003944161, 46.510769744111869 ], [ 6.617728193894131, 46.511283521719186 ], [ 6.617143030856186, 46.511690460746671 ], [ 6.617148841501746, 46.511694802965387 ], [ 6.617153707379365, 46.511699579150054 ], [ 6.617157602704714, 46.511704771121948 ], [ 6.617160275102483, 46.511709837287469 ], [ 6.617162130149312, 46.511715527260165 ], [ 6.617162849232527, 46.511721370935469 ], [ 6.617162363107651, 46.511727637694854 ], [ 6.617160751268918, 46.511733383523776 ], [ 6.617158035263344, 46.511738905449498 ], [ 6.617154268162484, 46.511744140883501 ], [ 6.617149542807709, 46.511748982545093 ], [ 6.617140006091202, 46.511755750509074 ], [ 6.617133152442371, 46.511759164368215 ], [ 6.617125683388366, 46.511761917054599 ], [ 6.617117756094939, 46.511763955729812 ], [ 6.617109501397, 46.511765245357047 ], [ 6.617101063021607, 46.511765759988911 ], [ 6.617092623508881, 46.511765491951415 ], [ 6.617083650455704, 46.511764320438999 ], [ 6.617076235893542, 46.511762629444547 ], [ 6.617068055460424, 46.511759889354856 ], [ 6.617061559842595, 46.511756891585257 ], [ 6.617054704160533, 46.511752721714508 ], [ 6.617049271761198, 46.511748355242496 ], [ 6.617044604054058, 46.511743400566814 ], [ 6.617040970816079, 46.511738111532338 ], [ 6.617038586018162, 46.511732984474492 ], [ 6.617037044494641, 46.511727242794109 ], [ 6.6170366119214, 46.511721410189388 ], [ 6.617037436945719, 46.511715136889123 ], [ 6.617039184732067, 46.511709877835905 ], [ 6.617042362359902, 46.511703990416677 ], [ 6.617046069835589, 46.511699249339785 ], [ 6.617051002562118, 46.511694481153313 ], [ 6.617061835141758, 46.511687326754846 ], [ 6.617068893555734, 46.511684157277834 ], [ 6.617077130069169, 46.511681491118964 ], [ 6.617085221942037, 46.511679768502113 ], [ 6.617093575800343, 46.511678812450569 ], [ 6.617102022133731, 46.511678630732625 ], [ 6.617109806230682, 46.51167915490926 ], [ 6.617118047335588, 46.511680474052035 ], [ 6.617126573751292, 46.511682739850869 ], [ 6.617133971219309, 46.511685555230507 ], [ 6.617143030856186, 46.511690460746671 ] ], [ [ 6.63756803600501, 46.516765339551689 ], [ 6.637428952630446, 46.516785516013599 ], [ 6.636960152883513, 46.516823855601544 ], [ 6.636750002070564, 46.516835702368446 ], [ 6.635868353359339, 46.516882786086619 ], [ 6.634885170097965, 46.516942475761191 ], [ 6.634876222243427, 46.516943033088694 ], [ 6.633776317383479, 46.517011241982104 ] ], [ [ 6.632349754941282, 46.519611979411565 ], [ 6.632524090845434, 46.519574895106466 ], [ 6.632726960410757, 46.519534738679226 ], [ 6.632751637715066, 46.519529858197039 ], [ 6.632838962349156, 46.519514339565596 ], [ 6.633049309132547, 46.51947698847782 ], [ 6.633185800328273, 46.519461683784421 ], [ 6.633498884232848, 46.519426554631657 ], [ 6.634306498584052, 46.519335953860946 ] ], [ [ 6.632349754941282, 46.519611979411565 ], [ 6.632243070692172, 46.519644542557771 ], [ 6.632165203411478, 46.519685631845704 ], [ 6.63210419984362, 46.519730196515916 ], [ 6.631776185021224, 46.520048637048987 ], [ 6.631751522449192, 46.520072589109297 ], [ 6.631594804767154, 46.520222221558662 ], [ 6.631428198894709, 46.520389901536092 ], [ 6.631410480667445, 46.520407848577371 ], [ 6.631396442243124, 46.520421989472268 ], [ 6.631063406215356, 46.520757565778233 ], [ 6.630719039920195, 46.521104539436202 ], [ 6.630675785298566, 46.521144641759285 ], [ 6.63049202444068, 46.521334886324226 ], [ 6.630362205730933, 46.521462263518714 ], [ 6.630254556975411, 46.521558123358538 ], [ 6.630141936552493, 46.521663960301773 ], [ 6.629953918437393, 46.521809238266009 ], [ 6.629852794642312, 46.521890489634373 ], [ 6.629712285132639, 46.521987464104114 ], [ 6.629651834875246, 46.52202348515636 ], [ 6.629485914228649, 46.522114142814125 ], [ 6.628925388285793, 46.522310081341814 ] ] ] } },
{ "type": "Feature", "properties": { "CADRE_NO": "10.032", "DDT_URL": null, "ETC_NOM": "Transports publics de la région lausannoise", "ETC_SIGLE": "TL", "ETC_URL": "https://www.t-l.ch", "GO_CENTRE": 0, "HORAIR_URL": "https://www.tableaux-horaires.ch/fileadmin/fap_pdf_fields/2025/10.032.pdf", "LIGNE_NO": "32", "LIGNE_NOM": "Prilly - Renens VD - Crissier - Villars-Ste-Croix - Mex VD", "LIGNE_SIGL": null, "LIGNE_TYPE": "Bus urbain", "PLAN_URL": "https://prestations.vd.ch/pub/101587/api/download/2_Cartographie_et_geodonnees/2.1_Carte_des_reseaux/Carte_des_lignes_TP/topo/ligne_10.032.pdf", "SHAPE_LEN": 13508.591 }, "geometry": { "type": "MultiLineString", "coordinates": [ [ [ 6.579293111793614, 46.550249751594421 ], [ 6.579379650721949, 46.550123777209095 ], [ 6.579823128280952, 46.549453361673528 ], [ 6.57937433859262, 46.549325386626293 ], [ 6.579264877693038, 46.549204939247325 ] ], [ [ 6.579253931603081, 46.549197411277305 ], [ 6.579191535688413, 46.548847052933063 ], [ 6.579182673369427, 46.548689391649702 ], [ 6.57914779268384, 46.548454193636509 ], [ 6.579139628859598, 46.548360832967234 ], [ 6.579129530866818, 46.548235782280791 ], [ 6.579127913934959, 46.548185787544519 ], [ 6.579131942491315, 46.548084179784077 ], [ 6.579144743023597, 46.547887693299415 ], [ 6.579163905654986, 46.547744539058776 ], [ 6.579178376460578, 46.547594683157072 ], [ 6.579207344933583, 46.547443281737017 ], [ 6.579280017149006, 46.547125602885565 ], [ 6.579288802749687, 46.547029023984031 ], [ 6.579299920907955, 46.546935809301289 ], [ 6.579330245619597, 46.546732699369805 ], [ 6.579347160096584, 46.546619350245372 ], [ 6.579374936417498, 46.546471520216599 ], [ 6.579392056457978, 46.546306696788186 ], [ 6.579405280407609, 46.5460818576706 ], [ 6.579410497460697, 46.545448758545511 ], [ 6.579413155124595, 46.545403798014554 ], [ 6.579437049459957, 46.544995770498574 ], [ 6.579441658859741, 46.544705887103916 ], [ 6.579443857486182, 46.544567615232637 ], [ 6.579443643675044, 46.544276031035984 ], [ 6.579447112583282, 46.543906172392298 ], [ 6.579443799015893, 46.543811175157131 ], [ 6.579445918078842, 46.543677904526042 ], [ 6.579457524766119, 46.543556364700976 ], [ 6.579459648255233, 46.543528591727757 ], [ 6.579466640685891, 46.543438134587944 ], [ 6.579484992720595, 46.543346629925075 ], [ 6.579505930580733, 46.5432753501428 ] ], [ [ 6.579505691673328, 46.543274457292483 ], [ 6.579602285958635, 46.5429559791462 ], [ 6.579770021880384, 46.5424290677486 ], [ 6.579851761367309, 46.542148107376804 ], [ 6.579903118037797, 46.541955214093008 ], [ 6.579912576919927, 46.541815323855239 ], [ 6.579904302222443, 46.541689540315218 ], [ 6.579896407477352, 46.541618609059967 ], [ 6.57988334115188, 46.541528539886535 ], [ 6.579855990460721, 46.541426694643015 ], [ 6.579761312242932, 46.541154384986719 ], [ 6.579694792450811, 46.540933944142694 ], [ 6.579651554147051, 46.54076868181545 ], [ 6.579604434145929, 46.540541712606554 ], [ 6.579539939915546, 46.540043054607729 ], [ 6.579448129296207, 46.539419260456953 ], [ 6.580100486029004, 46.539259199286832 ], [ 6.58102386813914, 46.539042914871871 ], [ 6.581680157073936, 46.538919569628817 ], [ 6.581857054038907, 46.538879262166212 ], [ 6.582036599780118, 46.538825633162517 ] ], [ [ 6.580939035238011, 46.536031781273763 ], [ 6.580932027282865, 46.536035542667619 ], [ 6.580924834372331, 46.536038636949293 ], [ 6.580917860863907, 46.536041049182735 ], [ 6.580909338810405, 46.536043287781105 ], [ 6.580901794734332, 46.536044688134247 ], [ 6.580892796210692, 46.536045735640606 ], [ 6.580884330062608, 46.536046094467963 ], [ 6.580876771723236, 46.536045929384613 ], [ 6.58086772454455, 46.53604511432178 ], [ 6.580860130913913, 46.536043887426921 ], [ 6.580852091210321, 46.536042018434379 ], [ 6.580843789203085, 46.536039427767967 ], [ 6.580836483820536, 46.536036466796801 ], [ 6.58083015931538, 46.536033306328477 ], [ 6.580823342596427, 46.536029125576171 ], [ 6.580818034747351, 46.536025154144021 ], [ 6.580809024831453, 46.536016242838869 ], [ 6.580704227805284, 46.536059738576078 ], [ 6.58024649719568, 46.536147911796661 ], [ 6.580118020318597, 46.536180261593195 ], [ 6.58002102298301, 46.536207856571686 ], [ 6.579928663640726, 46.536245472271467 ], [ 6.579863053988524, 46.536271631337456 ], [ 6.579777716134867, 46.536324314597643 ], [ 6.579599952079124, 46.536419596583201 ], [ 6.579441711675141, 46.536511031828695 ], [ 6.579261222076352, 46.536615315779791 ], [ 6.579180851869799, 46.536659678808817 ], [ 6.579100733165145, 46.536687400838176 ], [ 6.579006159404881, 46.536713340035718 ], [ 6.578911810916323, 46.536724293301489 ], [ 6.578757310226716, 46.536723122738934 ], [ 6.57857607212736, 46.536733417321813 ] ], [ [ 6.580809024831453, 46.536016242838869 ], [ 6.580805019643935, 46.536010688937608 ], [ 6.580802231853332, 46.536005639026087 ], [ 6.580799987760987, 46.536000008475796 ], [ 6.580798567130915, 46.535994240212062 ], [ 6.580797962782287, 46.535987965339231 ], [ 6.580798191687621, 46.535982578386168 ], [ 6.580799411891513, 46.53597633529786 ], [ 6.580801215978921, 46.535971086197804 ], [ 6.580804178386246, 46.535965135159209 ], [ 6.580807730102301, 46.535959836296776 ], [ 6.580811675751536, 46.535955179137432 ], [ 6.580816639665557, 46.535950430717662 ], [ 6.580822249452352, 46.535946056021281 ], [ 6.58082845254537, 46.535942081639249 ], [ 6.580835209127098, 46.535938552251146 ], [ 6.580842440276459, 46.535935512241039 ], [ 6.580850080820828, 46.535932961116146 ], [ 6.58086555579758, 46.53592960558008 ], [ 6.580873300130759, 46.535928728518819 ], [ 6.58088175379707, 46.535928333613469 ], [ 6.580890875408857, 46.535928564489346 ], [ 6.580898607364198, 46.53592928864439 ], [ 6.580906877062854, 46.535930628600269 ], [ 6.58091487721986, 46.53593252427855 ], [ 6.58092315228845, 46.535935168713074 ], [ 6.580929887710917, 46.535937900467651 ], [ 6.580936755521832, 46.535941325924647 ], [ 6.580943068459241, 46.53594521498637 ], [ 6.580948827379738, 46.535949513682617 ], [ 6.580954261766094, 46.535954547608625 ], [ 6.580958307880223, 46.535959166216074 ], [ 6.580962232588294, 46.535964863441691 ], [ 6.580964850514255, 46.535969939053857 ], [ 6.580966937636823, 46.535975604398942 ], [ 6.580968246727558, 46.535981830620194 ], [ 6.580968617428891, 46.53598722210517 ], [ 6.580968185741759, 46.535993066328629 ], [ 6.580966933733625, 46.535998850375485 ], [ 6.580964646998369, 46.536004941466771 ], [ 6.580961718384293, 46.536010406973631 ], [ 6.580958290700505, 46.536015283959976 ], [ 6.580953896602321, 46.536020270591926 ], [ 6.580948368067598, 46.536025275638153 ], [ 6.580939035238011, 46.536031781273763 ], [ 6.581046779753805, 46.536121270430563 ], [ 6.581559616421599, 46.536587698887914 ], [ 6.581595140311674, 46.536605779514836 ], [ 6.581642116176068, 46.536624297462282 ], [ 6.581697988109521, 46.536630971689107 ], [ 6.581992308526808, 46.536607096013597 ], [ 6.582221881279528, 46.536586275445167 ], [ 6.582385086870715, 46.536604086847454 ], [ 6.583163053982548, 46.536652480907165 ], [ 6.583184946162451, 46.536748484628468 ], [ 6.583217784432312, 46.536816251858951 ] ], [ [ 6.603485607968159, 46.527310987966025 ], [ 6.603476911221191, 46.527312030472693 ], [ 6.603468126132636, 46.527313729044259 ], [ 6.603460810659459, 46.527315636347311 ], [ 6.603452621696833, 46.527318400846497 ], [ 6.603445392830499, 46.527321451291805 ], [ 6.603438613429594, 46.527324936858449 ], [ 6.603432309698069, 46.527328848743245 ], [ 6.603426982987258, 46.527332794808103 ], [ 6.603421405705751, 46.527337773580619 ], [ 6.603417203509423, 46.527342330662158 ] ], [ [ 6.57489040508029, 46.531590839994692 ], [ 6.574983166997586, 46.531609331421009 ], [ 6.5755268471342, 46.531731767353335 ], [ 6.575943126190491, 46.531823050109075 ], [ 6.576077750810685, 46.531852591287397 ], [ 6.576272322859318, 46.531915711689066 ], [ 6.576512150127601, 46.532014179571014 ], [ 6.576689433809065, 46.532100485893039 ], [ 6.576813778412197, 46.53217475787342 ], [ 6.576916436255282, 46.532247173754762 ], [ 6.577009316382946, 46.532327863715061 ], [ 6.577082735190876, 46.532416727268036 ], [ 6.577144680754529, 46.532519645598249 ], [ 6.577288500938047, 46.532806625660363 ], [ 6.577434378188109, 46.533075862759588 ], [ 6.577559451834305, 46.533256761654926 ], [ 6.577683252459225, 46.53351762640979 ], [ 6.577713882401912, 46.533564494772541 ], [ 6.577751824909005, 46.533608117020343 ], [ 6.577806311208922, 46.533714873227986 ] ], [ [ 6.583206838342354, 46.536829428810606 ], [ 6.583118443027672, 46.537139300882444 ], [ 6.582872982598438, 46.537475095525167 ], [ 6.582741629518874, 46.537719806850923 ], [ 6.582377672027591, 46.538273226858891 ], [ 6.582235372858074, 46.538472757859225 ], [ 6.582150540660851, 46.538612052651274 ], [ 6.582024660626269, 46.538830405930604 ] ], [ [ 6.586782735224596, 46.532023492698684 ], [ 6.586783641281716, 46.53202886119216 ], [ 6.586783802853638, 46.532035150697695 ], [ 6.58678315039632, 46.532040984285921 ], [ 6.586781828413525, 46.532046291072589 ], [ 6.586779438372653, 46.532052372504211 ], [ 6.586776673484979, 46.532057425563274 ], [ 6.586772673937068, 46.532063072093969 ], [ 6.586768202777457, 46.532068040374476 ], [ 6.58676350750331, 46.532072341258967 ], [ 6.586757359541015, 46.532077009074825 ], [ 6.586751041299937, 46.532080901945044 ], [ 6.586744785684276, 46.532084129571729 ], [ 6.586737555381237, 46.532087169958032 ], [ 6.586729941441214, 46.532089739665103 ], [ 6.586722009599628, 46.532091803201922 ], [ 6.586713838625615, 46.532093325175204 ], [ 6.586705493829343, 46.532094297079162 ], [ 6.586696388272252, 46.532094741495435 ], [ 6.586687931288325, 46.532094561051572 ], [ 6.586680562760126, 46.532093965961231 ], [ 6.586672291094433, 46.532092779341362 ], [ 6.58666357445379, 46.532090878685949 ], [ 6.586655789582354, 46.532088580199996 ], [ 6.586648934495011, 46.532086009814748 ], [ 6.586641868329694, 46.532082772130771 ], [ 6.586635291499435, 46.532079088314177 ], [ 6.586628804783074, 46.532074649499137 ], [ 6.586621731578848, 46.532068550992669 ], [ 6.586617029207393, 46.532063378896169 ], [ 6.586613227149459, 46.532058150586693 ], [ 6.586610158520163, 46.532052702880961 ], [ 6.58660786185298, 46.532047072052833 ], [ 6.586606349188668, 46.532041321165707 ], [ 6.586605645885212, 46.53203549539068 ], [ 6.586605691866854, 46.532030098059728 ], [ 6.586606624855684, 46.532023834764694 ], [ 6.586608155251127, 46.532018538540953 ], [ 6.586610778780345, 46.532012530834997 ], [ 6.58661401870512, 46.532007112505511 ], [ 6.586617971507317, 46.532001951420156 ], [ 6.586622610977761, 46.531997056378216 ], [ 6.586627474417263, 46.531992837727358 ], [ 6.586633341585499, 46.531988617616541 ], [ 6.58664026277328, 46.531984513372954 ], [ 6.586649861378992, 46.531980078382901 ], [ 6.586635828407476, 46.531962340609446 ], [ 6.586562000603787, 46.531896816225363 ], [ 6.586449265579946, 46.53185098000089 ], [ 6.586254445376656, 46.531804527085356 ], [ 6.586035487231739, 46.531757901465845 ], [ 6.585970591173123, 46.531742669182037 ], [ 6.585609786554543, 46.531658002683145 ], [ 6.585294645256798, 46.531584041979976 ], [ 6.584546811053388, 46.531396801727652 ] ], [ [ 6.586649861378992, 46.531980078382901 ], [ 6.586656927612445, 46.531977522561185 ], [ 6.586664770898624, 46.531975287437739 ], [ 6.586672853315039, 46.531973593876764 ], [ 6.586681175145491, 46.531972423888135 ], [ 6.586689592311627, 46.531971821370639 ], [ 6.58669871781839, 46.531971763938294 ], [ 6.586707142902676, 46.531972312983207 ], [ 6.586714818266064, 46.531973288212889 ], [ 6.586722979123512, 46.531974887819707 ], [ 6.586731467796048, 46.531977191584993 ], [ 6.586738429269088, 46.53197962782216 ], [ 6.586746145263829, 46.531982987328405 ], [ 6.586752814742986, 46.531986581872914 ], [ 6.586758982282377, 46.531990595466802 ], [ 6.586764557072096, 46.53199500043997 ], [ 6.586769141875535, 46.531999361996263 ], [ 6.586773761942793, 46.532004794356226 ], [ 6.586777074122713, 46.532009677129814 ], [ 6.586779946411525, 46.532015177333811 ], [ 6.586782735224596, 46.532023492698684 ], [ 6.58687639670875, 46.532015802401489 ], [ 6.587011423879786, 46.532026810571239 ], [ 6.587136609388424, 46.532049412704581 ], [ 6.587288069052286, 46.532090527941072 ], [ 6.587420435933666, 46.532116521201445 ], [ 6.587543564857443, 46.532115780501726 ], [ 6.587669222839033, 46.532108401501759 ], [ 6.587811995551731, 46.532087800441133 ], [ 6.587945332937236, 46.532052149918208 ], [ 6.58806665353814, 46.532013071602535 ], [ 6.58820289988701, 46.531947440507786 ], [ 6.588336891746872, 46.531870151372388 ], [ 6.588458303613117, 46.531824398202687 ], [ 6.588637811298914, 46.531782048825931 ], [ 6.588635312704326, 46.531776812357144 ], [ 6.58863334238439, 46.531771139035399 ], [ 6.588632019621516, 46.531764903808508 ], [ 6.588631556950706, 46.531759511664063 ], [ 6.588631812380008, 46.531753216290234 ], [ 6.588632665532201, 46.531747869986972 ], [ 6.588634457222678, 46.53174169407454 ], [ 6.588636865893696, 46.531736071547364 ], [ 6.588639923412289, 46.531730633803079 ], [ 6.588643681771034, 46.531725390227137 ], [ 6.588648062061166, 46.531720385209063 ], [ 6.588653037366704, 46.531715672523859 ], [ 6.588658581761953, 46.531711242981181 ], [ 6.58866466804808, 46.531707168346166 ], [ 6.58867070504755, 46.531703741062579 ], [ 6.588677652979502, 46.531700410563353 ], [ 6.588691483995146, 46.531695386372419 ], [ 6.588698787830347, 46.531693461933145 ], [ 6.588707548875171, 46.531691710338464 ], [ 6.588715869628087, 46.531690603166204 ], [ 6.588723647942894, 46.531690004709553 ], [ 6.588732748605921, 46.53168986596301 ], [ 6.588740564202504, 46.531690212377484 ], [ 6.588752431269849, 46.531691542725504 ], [ 6.588760333313028, 46.531693023297812 ], [ 6.588768876425328, 46.531695183380265 ], [ 6.588776527741333, 46.531697687631777 ], [ 6.588783859463891, 46.531700621303102 ], [ 6.588790276293413, 46.531703710052113 ], [ 6.588796800524811, 46.531707429333828 ], [ 6.588802849609141, 46.531711522893843 ], [ 6.588808345769464, 46.531715963161339 ], [ 6.588813661886878, 46.531721076789516 ], [ 6.588817923136594, 46.531726128540527 ], [ 6.588821581025137, 46.531731418668066 ], [ 6.588824356734615, 46.531736441300986 ], [ 6.588826719069885, 46.531742054582296 ], [ 6.588828349405208, 46.531747797323369 ], [ 6.588829287689624, 46.53175361584664 ], [ 6.5888294494985, 46.531759905349368 ], [ 6.588828888641364, 46.531765730637623 ], [ 6.588827585578465, 46.531771505386757 ], [ 6.588825579975993, 46.531777193909342 ], [ 6.588822551673655, 46.531783261606044 ], [ 6.58881921054365, 46.531788499316328 ], [ 6.588815115304996, 46.531793614429255 ], [ 6.588810014783849, 46.531798829966661 ], [ 6.588804690123947, 46.531803378111988 ], [ 6.588799284270343, 46.531807286924142 ], [ 6.588792440621773, 46.531811445855361 ], [ 6.588786159516234, 46.531814646414041 ], [ 6.588778403919328, 46.531817943882587 ], [ 6.588771392062863, 46.531820365300717 ], [ 6.588763549593394, 46.53182255559431 ], [ 6.588754800572641, 46.531824370256373 ], [ 6.588747170296312, 46.531825500595446 ], [ 6.588738124876924, 46.531826269485826 ], [ 6.5887303136658, 46.531826471867731 ], [ 6.588721715045177, 46.531826182560636 ], [ 6.588713969972158, 46.531825494820481 ], [ 6.588705048887673, 46.531824159546389 ], [ 6.588697565740029, 46.531822565158443 ], [ 6.588689117098965, 46.5318201988675 ], [ 6.588682142807966, 46.531817744662057 ], [ 6.588674943532631, 46.531814677034511 ], [ 6.588668154947353, 46.531811189664907 ], [ 6.588661351188376, 46.531807009479685 ], [ 6.588655552429612, 46.531802746860883 ], [ 6.588650306174142, 46.531798164519948 ], [ 6.588645625172568, 46.53179328054469 ], [ 6.588641867149813, 46.531788556417204 ], [ 6.588637811298914, 46.531782048825931 ] ], [ [ 6.602033331763149, 46.524001747988024 ], [ 6.602025647901015, 46.524003904370616 ], [ 6.602016950488449, 46.524005864360355 ], [ 6.602008769526175, 46.524007297387229 ], [ 6.602001077837246, 46.524008275219884 ], [ 6.601992008684891, 46.524008991003079 ], [ 6.601984197816469, 46.524009248266793 ], [ 6.601975727760578, 46.524009149820508 ], [ 6.60196770635212, 46.524008694837711 ], [ 6.601959326321279, 46.524007832384662 ], [ 6.601951043499689, 46.524006583815044 ], [ 6.601942909875127, 46.524004958508442 ], [ 6.601934964403658, 46.524002965748231 ], [ 6.601926623582436, 46.524000412312986 ], [ 6.60191971611078, 46.523997878444121 ], [ 6.601912490783675, 46.523994829452214 ], [ 6.601905596401968, 46.523991450044562 ], [ 6.60189852918488, 46.523987448630045 ], [ 6.601892838595395, 46.523983763235819 ], [ 6.601887039911408, 46.523979483300707 ], [ 6.601881675034143, 46.523974963669751 ], [ 6.601876770166216, 46.523970195540116 ], [ 6.601872017977336, 46.523964825796895 ], [ 6.601868123096656, 46.523959642298664 ], [ 6.60186496726388, 46.523954707146153 ], [ 6.60186209331292, 46.523949243301971 ], [ 6.601739734438068, 46.523975554018705 ], [ 6.601490122408736, 46.524038691385051 ], [ 6.601224100772069, 46.524108571121332 ], [ 6.601082923741165, 46.524145654520012 ], [ 6.600886440638819, 46.524209182772154 ], [ 6.600799271467266, 46.524238793005779 ], [ 6.600670462999056, 46.52428256138554 ], [ 6.600464322099042, 46.524344353301416 ], [ 6.599526079010905, 46.524607337348854 ], [ 6.598985223635251, 46.524771626237929 ], [ 6.598682202012562, 46.524854360566415 ], [ 6.598221316893989, 46.524997557233156 ], [ 6.597897447787, 46.525105720012071 ], [ 6.597801544728517, 46.525137737178447 ], [ 6.597355016681412, 46.525289376163748 ], [ 6.596760251014373, 46.525504901507105 ], [ 6.596590269213347, 46.52557170470795 ], [ 6.596424155567279, 46.525636989038951 ], [ 6.596356028852941, 46.525663759534112 ], [ 6.595433788653433, 46.526043598502028 ], [ 6.595351237072068, 46.526077602030995 ], [ 6.59496001667988, 46.526242975012671 ], [ 6.594486092187431, 46.526447719120199 ], [ 6.593864026707231, 46.526709662240357 ], [ 6.593015946964623, 46.527066572074816 ], [ 6.59227850150526, 46.527357747661881 ], [ 6.592239654430174, 46.527373093140014 ], [ 6.59186458740279, 46.527521177589811 ], [ 6.591417239554014, 46.527722778825634 ], [ 6.591113563008834, 46.527847131326894 ], [ 6.591041546846191, 46.527879708103974 ], [ 6.590921484962065, 46.527934002371211 ], [ 6.590855655368355, 46.527975171570532 ], [ 6.590774014728743, 46.528037975211596 ], [ 6.59071352869725, 46.528109069382502 ], [ 6.590669045230342, 46.528175389226263 ], [ 6.590550518185569, 46.528344458129048 ], [ 6.590404488606272, 46.528573289475567 ], [ 6.590317839869271, 46.528710930097205 ], [ 6.590204263548506, 46.528873360541169 ], [ 6.590088550145559, 46.529015785506033 ], [ 6.590073036304354, 46.529032573202755 ], [ 6.589995242004735, 46.529116725878801 ], [ 6.58987749587806, 46.529235799485804 ], [ 6.58971324487729, 46.529394530813192 ], [ 6.58960531197336, 46.529503682870434 ], [ 6.589413935111507, 46.529698870007451 ], [ 6.589364548204887, 46.529770136511395 ], [ 6.589337214377502, 46.52981992338681 ], [ 6.589299817408191, 46.529894617169177 ], [ 6.589277148667313, 46.52995443364442 ], [ 6.589262248501758, 46.529990198653962 ], [ 6.589225902363608, 46.530142329923315 ], [ 6.589209236311248, 46.530282157871888 ], [ 6.589192282289114, 46.530438644484477 ], [ 6.589181380897577, 46.530518538421347 ], [ 6.589165617832709, 46.530600069240215 ], [ 6.5891056686299, 46.530727914155776 ], [ 6.589055390113128, 46.530854158169348 ], [ 6.588940364784995, 46.531108229062852 ], [ 6.588912218103757, 46.531207992221724 ], [ 6.588847783480746, 46.531397192971589 ], [ 6.588792431116303, 46.531555065233952 ], [ 6.588752431269849, 46.531691542725504 ] ], [ [ 6.60186209331292, 46.523949243301971 ], [ 6.601859880219351, 46.523944027226896 ], [ 6.601857903007564, 46.523937886291989 ], [ 6.601856734539056, 46.5239325429798 ], [ 6.601855958332422, 46.523926275961266 ], [ 6.601855840336747, 46.523920427618492 ], [ 6.601856282703732, 46.523914583408718 ], [ 6.601857212755353, 46.523909228585836 ], [ 6.601858885531268, 46.523903042602591 ], [ 6.60186099330774, 46.523897381602126 ], [ 6.601863685838558, 46.523891832867804 ], [ 6.601866630508446, 46.523886834755871 ], [ 6.601870614984781, 46.523881178600597 ], [ 6.601874480168375, 46.52387649314543 ], [ 6.601879540006458, 46.523871249746044 ], [ 6.601885684536123, 46.523865816431965 ], [ 6.601891698133739, 46.52386126377079 ], [ 6.601897321140818, 46.523857526874792 ], [ 6.601904291422232, 46.523853476054832 ], [ 6.601911122056856, 46.523850026943983 ], [ 6.601917722658667, 46.523847124899035 ], [ 6.601925168786861, 46.523844328046678 ], [ 6.601933459745169, 46.523841681362136 ], [ 6.601941363734007, 46.523839616570406 ], [ 6.601949483552116, 46.52383792221034 ], [ 6.601957074862872, 46.523836691749942 ], [ 6.601965443896596, 46.523835736907813 ], [ 6.601974511488763, 46.523835120072675 ], [ 6.601982985276541, 46.523834975651809 ], [ 6.601990815082643, 46.523835177329637 ], [ 6.601999212295651, 46.523835770024007 ], [ 6.602007577458919, 46.523836749314121 ], [ 6.602016429890359, 46.523838244975217 ], [ 6.602023872395832, 46.523839892168702 ], [ 6.602031763910105, 46.523842001474364 ], [ 6.602040011401897, 46.52384468915556 ], [ 6.602046852169891, 46.52384732148262 ], [ 6.602054501822287, 46.523850742435513 ], [ 6.602060785934074, 46.52385397339647 ], [ 6.602067682063386, 46.523858081492691 ], [ 6.602073718242288, 46.52386217425147 ], [ 6.602078921229996, 46.523866206889657 ], [ 6.602084500551772, 46.523871186894169 ], [ 6.602089234764297, 46.523876034721475 ], [ 6.602093457261882, 46.523881103678214 ], [ 6.602096914510398, 46.52388593309341 ], [ 6.602100180406669, 46.52389133684872 ], [ 6.602102896884716, 46.523896871494479 ], [ 6.602105090146953, 46.523902528227936 ], [ 6.602106708901736, 46.523908252694213 ], [ 6.602108142771078, 46.523917502272816 ], [ 6.602108297661787, 46.523923494824921 ], [ 6.602107927579933, 46.523928880766789 ], [ 6.602107003484945, 46.523934694437131 ], [ 6.602105356799801, 46.523940880616173 ], [ 6.602103425141212, 46.523946111106227 ], [ 6.602100608386595, 46.523952108735678 ], [ 6.602097702829874, 46.523957107141896 ], [ 6.602094024225996, 46.523962369731436 ], [ 6.60208986595419, 46.523967466854018 ], [ 6.602084844944182, 46.523972728541167 ], [ 6.602079690190028, 46.523977368510209 ], [ 6.60207410928664, 46.523981753445696 ], [ 6.602068576108675, 46.523985580973907 ], [ 6.60206222137551, 46.523989438428423 ], [ 6.602055493316008, 46.523992996258052 ], [ 6.602048457367171, 46.523996236953082 ], [ 6.602041100775809, 46.523999142427215 ], [ 6.602033331763149, 46.524001747988024 ], [ 6.602111721448799, 46.524114921330707 ], [ 6.602236341455749, 46.524329101923229 ], [ 6.602330213283408, 46.524503077004603 ], [ 6.602344240692003, 46.524533173436687 ], [ 6.602525698618953, 46.524922773972577 ], [ 6.602570846186068, 46.525019688917737 ], [ 6.602882424055057, 46.525788426088084 ], [ 6.603094380659958, 46.526288173743758 ], [ 6.603109450841213, 46.526327597720389 ], [ 6.603255285902819, 46.526668274684518 ], [ 6.603299326706101, 46.526771199559441 ], [ 6.603462062040808, 46.52717560314327 ], [ 6.603485607968159, 46.527310987966025 ], [ 6.603493683291821, 46.527310516635573 ], [ 6.603502154562106, 46.527310569993226 ], [ 6.603510591567455, 46.527311153868425 ], [ 6.603519527112251, 46.527312371139935 ], [ 6.603527036971578, 46.527313910773302 ], [ 6.603534902708067, 46.527316037772493 ], [ 6.603542473808261, 46.527318675380698 ], [ 6.603550190320285, 46.527322024751179 ], [ 6.603556395895561, 46.52732530902383 ], [ 6.603562643317623, 46.527329259316168 ], [ 6.603568736265141, 46.527333928159862 ], [ 6.603573785917532, 46.527338634305153 ], [ 6.603578192530364, 46.527343623592955 ], [ 6.603581649993643, 46.527348461957239 ], [ 6.603584922192236, 46.527354324514206 ], [ 6.603587044502896, 46.527359530888347 ], [ 6.603588721454108, 46.527365723556557 ], [ 6.603589433612535, 46.527371090478226 ], [ 6.603589460575432, 46.52737693814678 ], [ 6.603588719175109, 46.527382744175995 ], [ 6.603587033178944, 46.527388948077942 ], [ 6.603584717482477, 46.527394571594485 ], [ 6.603581661432699, 46.527400027732135 ], [ 6.603577866280165, 46.527405235535056 ], [ 6.603573780550743, 46.527409847456155 ], [ 6.603568742055858, 46.527414542325857 ], [ 6.603562819988149, 46.527419059766139 ], [ 6.603556606648548, 46.527423026299779 ], [ 6.603549891292964, 46.527426584313304 ], [ 6.603537418410244, 46.527431602299792 ], [ 6.60352913017692, 46.527434042214033 ], [ 6.603521701288225, 46.527435696795315 ], [ 6.603512790997923, 46.52743706159292 ], [ 6.603504398983046, 46.527437782484895 ], [ 6.603496575567275, 46.527437976791092 ], [ 6.603488134094758, 46.5274376807576 ], [ 6.603479102993585, 46.527436741659706 ], [ 6.603470886998623, 46.527435349759422 ], [ 6.603462874970575, 46.527433410597332 ], [ 6.603455753325481, 46.52743120810554 ], [ 6.603447811358791, 46.527428108960194 ], [ 6.603441393921874, 46.527425039028657 ], [ 6.603434882649999, 46.527421293697969 ], [ 6.603428911828793, 46.527417156516513 ], [ 6.603423493934804, 46.527412663560646 ], [ 6.603418347673174, 46.527407461911508 ], [ 6.603414562322457, 46.527402756070117 ] ], [ [ 6.577800514445599, 46.53372667764129 ], [ 6.577789892073961, 46.533790174351942 ], [ 6.577893879928525, 46.534091377803627 ], [ 6.578025233007947, 46.534592124844821 ], [ 6.578030706052694, 46.535747966926884 ], [ 6.578019759962594, 46.53648588581261 ], [ 6.57801428691759, 46.536617655987015 ] ] ] } },
{ "type": "Feature", "properties": { "CADRE_NO": "10.013", "DDT_URL": null, "ETC_NOM": "Transports publics de la région lausannoise", "ETC_SIGLE": "TL", "ETC_URL": "https://www.t-l.ch", "GO_CENTRE": 0, "HORAIR_URL": "https://www.tableaux-horaires.ch/fileadmin/fap_pdf_fields/2025/10.013.pdf", "LIGNE_NO": "13", "LIGNE_NOM": "Lausanne Montbenon - St-François - Mousquines - Verdeil", "LIGNE_SIGL": null, "LIGNE_TYPE": "Bus urbain", "PLAN_URL": "https://prestations.vd.ch/pub/101587/api/download/2_Cartographie_et_geodonnees/2.1_Carte_des_reseaux/Carte_des_lignes_TP/topo/ligne_10.013.pdf", "SHAPE_LEN": 1850.912 }, "geometry": { "type": "MultiLineString", "coordinates": [ [ [ 6.649768643131675, 46.518155421897539 ], [ 6.649793367330162, 46.518113442906028 ], [ 6.649833872611272, 46.518088247749525 ], [ 6.649854243692285, 46.518075570025033 ], [ 6.649886254827563, 46.518034122882753 ], [ 6.64990608748672, 46.517997610851971 ], [ 6.64992655205898, 46.517917787200147 ], [ 6.649917906424919, 46.51784940203769 ], [ 6.649892214440229, 46.517790910956471 ], [ 6.64984728461066, 46.517727284287126 ], [ 6.649797253140394, 46.517681956084566 ], [ 6.649739844114187, 46.517646571169514 ], [ 6.649588792848173, 46.517578868759919 ], [ 6.648665731769543, 46.517155908633846 ], [ 6.648634817970972, 46.517141857400105 ], [ 6.648099913635939, 46.516898709664453 ], [ 6.647982383611837, 46.516847908399114 ], [ 6.64788617372426, 46.516825575233362 ], [ 6.647777555135594, 46.51682481798192 ], [ 6.647717165941754, 46.516829389737239 ], [ 6.647436911077988, 46.516849097779755 ], [ 6.647301654331235, 46.516856484617151 ], [ 6.647241445363171, 46.516846069941479 ], [ 6.647189020193148, 46.516825588976559 ], [ 6.647150251958192, 46.516810447984398 ], [ 6.646910919683591, 46.516838770618051 ], [ 6.646743980540809, 46.516865933894096 ], [ 6.646480088259207, 46.516922394764734 ], [ 6.64616768594103, 46.516993521561048 ], [ 6.645700396945445, 46.517093557759821 ], [ 6.645567023273744, 46.517139521817583 ], [ 6.645457232047592, 46.517196436901529 ], [ 6.645323994036231, 46.517250884912002 ], [ 6.644694057002956, 46.51746611645504 ], [ 6.644688451404456, 46.517468029365759 ], [ 6.644460506995616, 46.517541415881041 ], [ 6.644096984636493, 46.517643836254997 ], [ 6.64372139327631, 46.51774450662721 ], [ 6.643126674871106, 46.517975251671011 ], [ 6.643046567623423, 46.518006347006121 ], [ 6.641786193950135, 46.518530679029638 ], [ 6.641038708333354, 46.518835861991647 ], [ 6.640955742866874, 46.518869724552218 ], [ 6.64070335823281, 46.518961265719312 ], [ 6.640399165221157, 46.519129079272332 ], [ 6.640238774404269, 46.519200989589969 ], [ 6.640095464125989, 46.519265229328617 ], [ 6.639502940050365, 46.519509312224969 ], [ 6.639033688996093, 46.519700896374722 ], [ 6.638776864449125, 46.519805770170208 ], [ 6.638553555497032, 46.519725884618801 ], [ 6.638003560760594, 46.519542046808873 ], [ 6.637821029094034, 46.51948078158383 ], [ 6.637530888084928, 46.519403975630176 ] ], [ [ 6.637530888084928, 46.519403975630176 ], [ 6.6374459787474, 46.519381497523334 ], [ 6.637371428438914, 46.51936263697511 ] ], [ [ 6.632349754941282, 46.519611979411565 ], [ 6.632524090845434, 46.519574895106466 ], [ 6.632726960410757, 46.519534738679226 ], [ 6.632751637715066, 46.519529858197039 ], [ 6.632838962349156, 46.519514339565596 ], [ 6.633049309132547, 46.51947698847782 ], [ 6.633185800328273, 46.519461683784421 ], [ 6.633498884232848, 46.519426554631657 ], [ 6.634306498584052, 46.519335953860946 ], [ 6.634777485038976, 46.519314292290112 ], [ 6.635531994864539, 46.519216352541321 ], [ 6.636013141852593, 46.519159772065116 ], [ 6.636685643495942, 46.519057888875473 ], [ 6.636804081962296, 46.519047067207573 ], [ 6.636936761932638, 46.519051342517052 ], [ 6.637045149583772, 46.519067095927973 ], [ 6.637146168790498, 46.519091127535503 ], [ 6.637208491123073, 46.519119896480952 ], [ 6.637263495754618, 46.51915527978506 ], [ 6.63730846131354, 46.519215583230583 ], [ 6.637348345799674, 46.519292502493229 ], [ 6.637371428438914, 46.51936263697511 ] ] ] } },
{ "type": "Feature", "properties": { "CADRE_NO": "10.048", "DDT_URL": null, "ETC_NOM": "Transports publics de la région lausannoise", "ETC_SIGLE": "TL", "ETC_URL": "https://www.t-l.ch", "GO_CENTRE": 0, "HORAIR_URL": "https://www.tableaux-horaires.ch/fileadmin/fap_pdf_fields/2025/10.048.pdf", "LIGNE_NO": "48", "LIGNE_NOM": "Pully gare - Perraudettaz - Les Liaudes - Daillettes", "LIGNE_SIGL": null, "LIGNE_TYPE": "Bus urbain", "PLAN_URL": "https://prestations.vd.ch/pub/101587/api/download/2_Cartographie_et_geodonnees/2.1_Carte_des_reseaux/Carte_des_lignes_TP/topo/ligne_10.048.pdf", "SHAPE_LEN": 3448.421 }, "geometry": { "type": "MultiLineString", "coordinates": [ [ [ 6.661856691108285, 46.521726667930423 ], [ 6.662163321778583, 46.52161773804476 ], [ 6.662588249767883, 46.521442362289228 ], [ 6.663149120613991, 46.521211275310321 ], [ 6.663404092485832, 46.521106388010601 ], [ 6.663576670056525, 46.521022590684211 ], [ 6.66369343485731, 46.520958419021333 ], [ 6.663781149057439, 46.520900696881107 ], [ 6.663908071018834, 46.520801590792644 ], [ 6.664071672223597, 46.520671086957648 ], [ 6.664174043187169, 46.520601796734738 ], [ 6.664295558539179, 46.520544313964685 ], [ 6.664368292663823, 46.520521492707374 ], [ 6.664494247366245, 46.520490695290512 ], [ 6.664629749521866, 46.520466619948643 ], [ 6.66476255441328, 46.520462533234074 ], [ 6.664818127129654, 46.520459574813245 ], [ 6.664880762776514, 46.520466668136635 ], [ 6.665017986071685, 46.520492595056204 ], [ 6.665087771486702, 46.520506412085233 ], [ 6.665162298557205, 46.520528573741458 ], [ 6.665277463390183, 46.520576021390724 ], [ 6.665423805871491, 46.520638659843428 ], [ 6.665670908418734, 46.520743636388573 ], [ 6.666105163266326, 46.520926533325913 ], [ 6.666448220664906, 46.521073831232108 ], [ 6.66670018537632, 46.521177183335602 ], [ 6.666832066547409, 46.52123972154034 ], [ 6.666903801607188, 46.521286863027754 ], [ 6.666958767174838, 46.521325569060224 ], [ 6.667003672722585, 46.521392508162293 ], [ 6.667036521950013, 46.521457718965266 ], [ 6.667106521395348, 46.521592703794703 ], [ 6.667221192602649, 46.521813814541069 ], [ 6.667238621724903, 46.521858238534541 ], [ 6.667247688656924, 46.521881330039704 ], [ 6.667310098862167, 46.52207605077313 ], [ 6.667330978906653, 46.52214898865698 ], [ 6.66733889453207, 46.522147738052226 ], [ 6.667347936698608, 46.522146998884352 ], [ 6.667356434309982, 46.522146975696053 ], [ 6.667364831716831, 46.522147581548289 ], [ 6.667372491793968, 46.522148713152859 ], [ 6.667381143478841, 46.522150679133929 ], [ 6.6673882666428, 46.522152904603274 ], [ 6.667396105702577, 46.522156106511098 ], [ 6.667404021607812, 46.522160316496681 ] ], [ [ 6.65403663543441, 46.514302673412836 ], [ 6.654108654297731, 46.514243563722182 ], [ 6.654304468582886, 46.513996500943065 ], [ 6.654516514732028, 46.513728949090506 ], [ 6.654565100770366, 46.513656533886753 ], [ 6.654516514732028, 46.513728949090506 ] ], [ [ 6.654565100770366, 46.513656533886753 ], [ 6.654732287482346, 46.513445985383115 ], [ 6.654927886217465, 46.513245753519669 ], [ 6.655115386854352, 46.513068324355146 ], [ 6.655314482548439, 46.512896345610528 ], [ 6.655573111966488, 46.512681245666684 ], [ 6.655774467586253, 46.512523972287894 ], [ 6.655908661745798, 46.51243884222319 ], [ 6.656043959852499, 46.512372836229105 ], [ 6.656133054442908, 46.512339985628117 ], [ 6.656194266933933, 46.51232224489722 ], [ 6.656292206524917, 46.512303965820877 ], [ 6.656447510909502, 46.512290706254205 ], [ 6.656645579182071, 46.512290155875014 ], [ 6.656965203459487, 46.512311475722562 ], [ 6.657548983309925, 46.512359488204737 ], [ 6.657974319733482, 46.512396385638432 ] ], [ [ 6.667404021607812, 46.522160316496681 ], [ 6.667402106602872, 46.522242464260771 ], [ 6.667395293250713, 46.522245926392536 ], [ 6.667387979245886, 46.522248854354025 ], [ 6.667379602184689, 46.522251388258013 ], [ 6.667369707508414, 46.522253417061357 ], [ 6.667361274334578, 46.522254403264562 ], [ 6.667352824211048, 46.522254750633415 ], [ 6.66734489091211, 46.522254498781322 ], [ 6.66732960764141, 46.522252388751468 ] ] ] } },
{ "type": "Feature", "properties": { "CADRE_NO": "10.046", "DDT_URL": null, "ETC_NOM": "Transports publics de la région lausannoise", "ETC_SIGLE": "TL", "ETC_URL": "https://www.t-l.ch", "GO_CENTRE": 0, "HORAIR_URL": "https://www.tableaux-horaires.ch/fileadmin/fap_pdf_fields/2025/10.046.pdf", "LIGNE_NO": "46", "LIGNE_NOM": "Epalinges Bois-Murat - Ballègue", "LIGNE_SIGL": null, "LIGNE_TYPE": "Bus urbain", "PLAN_URL": "https://prestations.vd.ch/pub/101587/api/download/2_Cartographie_et_geodonnees/2.1_Carte_des_reseaux/Carte_des_lignes_TP/topo/ligne_10.046.pdf", "SHAPE_LEN": 3786.198 }, "geometry": { "type": "MultiLineString", "coordinates": [ [ [ 6.673691322733262, 46.548278991076224 ], [ 6.670845339343797, 46.547616514413704 ], [ 6.669000923185708, 46.546750765678716 ], [ 6.668075978584175, 46.546317886133245 ], [ 6.667878486747077, 46.546032389703051 ], [ 6.667836233198497, 46.54594712629526 ], [ 6.667815747184581, 46.545858673193003 ], [ 6.667807406991462, 46.545766983049667 ], [ 6.667803911943575, 46.545671997285268 ], [ 6.667817067090645, 46.545597095782668 ], [ 6.667844824893005, 46.545513981131784 ], [ 6.667890784722078, 46.545405225481176 ], [ 6.667939597432691, 46.545303029295717 ], [ 6.667989766496431, 46.545204449705977 ], [ 6.668043122551645, 46.545086262411154 ], [ 6.668088045985419, 46.544969673105648 ], [ 6.668097340002692, 46.544906746051218 ], [ 6.668098072909034, 46.544855356743874 ], [ 6.668089199030287, 46.544804720847537 ], [ 6.668062494788884, 46.54473905747242 ], [ 6.668013872633482, 46.544667064992382 ], [ 6.66793782860517, 46.54458157215366 ], [ 6.667906766306925, 46.544556379243559 ], [ 6.667815871427806, 46.54449744967755 ], [ 6.667727124898785, 46.544455186271968 ], [ 6.667668212304598, 46.544436479155927 ], [ 6.667631011216785, 46.544421203063948 ], [ 6.667530002428214, 46.544392206294674 ], [ 6.667433579802747, 46.544379883246236 ], [ 6.667320144898308, 46.544377448071636 ], [ 6.667201704741145, 46.544384964347813 ], [ 6.66706857951081, 46.544407386031175 ], [ 6.666961901775565, 46.544436653452216 ], [ 6.666692049369381, 46.544520937168038 ], [ 6.666653860143549, 46.544532858014506 ], [ 6.666490548628949, 46.544579183030301 ], [ 6.666351170517518, 46.544608470282434 ], [ 6.666226983473345, 46.544625770099259 ], [ 6.666128000104424, 46.544631132694413 ], [ 6.666025348432153, 46.544630433896451 ], [ 6.665933998284272, 46.544628084718205 ], [ 6.665771393996248, 46.544608499635707 ], [ 6.665162931384503, 46.544531279551101 ], [ 6.664668075474502, 46.544468289095477 ], [ 6.664301044882051, 46.544423522055162 ], [ 6.663888838069425, 46.544372400095732 ], [ 6.663782816867507, 46.544356679885233 ], [ 6.663621355063655, 46.544333905925043 ], [ 6.663503442178975, 46.544306454384632 ], [ 6.663402483829739, 46.544274107751164 ], [ 6.663301716773783, 46.544228439214379 ], [ 6.663237022349978, 46.54419301164841 ], [ 6.66315333172409, 46.544135782805093 ], [ 6.663081689326479, 46.544080300501243 ], [ 6.663010296821513, 46.544006512938076 ], [ 6.662948745176091, 46.543921124741047 ], [ 6.662842214201049, 46.543772096984831 ], [ 6.662775672158343, 46.543698333429916 ], [ 6.662701749321793, 46.543632849694212 ], [ 6.662606118805243, 46.543565544209045 ], [ 6.662491337922547, 46.543488122076418 ], [ 6.66242369202842, 46.543433170455742 ], [ 6.662416559194662, 46.543436882009445 ], [ 6.662409331630973, 46.543439927208532 ], [ 6.662402309435475, 46.543442290113489 ], [ 6.662394391727302, 46.543444368015727 ], [ 6.662386220913374, 46.543445913420349 ], [ 6.662377875471361, 46.543446908871978 ], [ 6.662369433749724, 46.543447345910579 ], [ 6.662361521371358, 46.543447237811471 ], [ 6.662353121102006, 46.543446604604682 ], [ 6.662344820359738, 46.543445396332118 ], [ 6.66233612530884, 46.543443501663262 ], [ 6.662328919779403, 46.543441383286194 ], [ 6.662321475862719, 46.543438615563709 ], [ 6.662314430279383, 46.543435346787916 ], [ 6.662307899453237, 46.54343164072742 ], [ 6.662301896162321, 46.543427515461964 ], [ 6.662296484942873, 46.543423016413158 ], [ 6.662291730460317, 46.543418180007563 ], [ 6.662287403227756, 46.54341264483422 ], [ 6.662284358724045, 46.543407667193669 ], [ 6.662281641960431, 46.543401657251607 ], [ 6.662279570853399, 46.543394266337643 ], [ 6.662278899914041, 46.543388333363211 ], [ 6.662279016574357, 46.543382936542677 ], [ 6.662279921498268, 46.54337712230123 ], [ 6.662281796291453, 46.54337095485343 ], [ 6.66228412579208, 46.54336580706773 ], [ 6.662287371335349, 46.543360422655809 ], [ 6.66229171439759, 46.543354874827294 ], [ 6.66229606828056, 46.543350388604317 ], [ 6.662301439653909, 46.54334586436147 ], [ 6.662307866075841, 46.54334141030801 ], [ 6.662316221248119, 46.543337014428431 ] ], [ [ 6.662316221248119, 46.543337014428431 ], [ 6.66231982077013, 46.543335122897119 ], [ 6.66232712408805, 46.543332249146587 ], [ 6.662334850888083, 46.543329846086081 ], [ 6.662343510368069, 46.543327863222459 ], [ 6.662351141759106, 46.543326655980316 ], [ 6.662359523061517, 46.543325885676801 ], [ 6.662368000901238, 46.543325655794895 ], [ 6.662377095574138, 46.543326050857736 ], [ 6.662385465228932, 46.543326998714569 ], [ 6.662393644490302, 46.543328494026376 ], [ 6.6624010103218, 46.543330343614969 ], [ 6.662413294732715, 46.543334682762101 ], [ 6.662420688804475, 46.543338196808271 ], [ 6.662426688362392, 46.543341674327756 ], [ 6.662433077578444, 46.543346162067508 ], [ 6.66243838373442, 46.543350714367421 ], [ 6.662443033286243, 46.543355595029297 ], [ 6.662446706783079, 46.543360352066763 ], [ 6.662449966716482, 46.543365762985786 ], [ 6.662452468079525, 46.543371339640998 ], [ 6.662454283146659, 46.543377496344299 ], [ 6.662455105388969, 46.543382881594461 ], [ 6.662455184536961, 46.543389170361323 ], [ 6.662454396960042, 46.543394985406678 ], [ 6.662452964924329, 46.543400283270422 ], [ 6.662450641496735, 46.543405916886677 ], [ 6.662447564536781, 46.543411365428405 ], [ 6.662443747726881, 46.543416584009037 ], [ 6.66243921817365, 46.543421500845604 ], [ 6.662434014857225, 46.543426125200675 ], [ 6.66242369202842, 46.543433170455742 ] ], [ [ 6.661236294549343, 46.543364868263787 ], [ 6.661368284322914, 46.543482999641483 ], [ 6.661370947811154, 46.543485455808529 ] ] ] } },
{ "type": "Feature", "properties": { "CADRE_NO": "10.045", "DDT_URL": null, "ETC_NOM": "Transports publics de la région lausannoise", "ETC_SIGLE": "TL", "ETC_URL": "https://www.t-l.ch", "GO_CENTRE": 0, "HORAIR_URL": "https://www.tableaux-horaires.ch/fileadmin/fap_pdf_fields/2025/10.045.pdf", "LIGNE_NO": "45", "LIGNE_NOM": "Epalinges Bois-Murat - Lausanne Chalet-à-Gobet", "LIGNE_SIGL": null, "LIGNE_TYPE": "Bus urbain", "PLAN_URL": "https://prestations.vd.ch/pub/101587/api/download/2_Cartographie_et_geodonnees/2.1_Carte_des_reseaux/Carte_des_lignes_TP/topo/ligne_10.045.pdf", "SHAPE_LEN": 6367.419 }, "geometry": { "type": "MultiLineString", "coordinates": [ [ [ 6.667878486747077, 46.546032389703051 ], [ 6.667836233198497, 46.54594712629526 ], [ 6.667815747184581, 46.545858673193003 ], [ 6.667807406991462, 46.545766983049667 ], [ 6.667803911943575, 46.545671997285268 ], [ 6.667817067090645, 46.545597095782668 ], [ 6.667844824893005, 46.545513981131784 ], [ 6.667890784722078, 46.545405225481176 ], [ 6.667939597432691, 46.545303029295717 ], [ 6.667989766496431, 46.545204449705977 ], [ 6.668043122551645, 46.545086262411154 ], [ 6.668088045985419, 46.544969673105648 ], [ 6.668097340002692, 46.544906746051218 ], [ 6.668098072909034, 46.544855356743874 ], [ 6.668089199030287, 46.544804720847537 ], [ 6.668062494788884, 46.54473905747242 ], [ 6.668013872633482, 46.544667064992382 ], [ 6.66793782860517, 46.54458157215366 ], [ 6.667906766306925, 46.544556379243559 ], [ 6.667815871427806, 46.54449744967755 ], [ 6.667727124898785, 46.544455186271968 ], [ 6.667668212304598, 46.544436479155927 ], [ 6.667631011216785, 46.544421203063948 ], [ 6.667530002428214, 46.544392206294674 ], [ 6.667433579802747, 46.544379883246236 ], [ 6.667320144898308, 46.544377448071636 ], [ 6.667201704741145, 46.544384964347813 ], [ 6.66706857951081, 46.544407386031175 ], [ 6.666961901775565, 46.544436653452216 ], [ 6.666692049369381, 46.544520937168038 ], [ 6.666653860143549, 46.544532858014506 ], [ 6.666490548628949, 46.544579183030301 ], [ 6.666351170517518, 46.544608470282434 ], [ 6.666226983473345, 46.544625770099259 ], [ 6.666128000104424, 46.544631132694413 ], [ 6.666025348432153, 46.544630433896451 ], [ 6.665933998284272, 46.544628084718205 ], [ 6.665771393996248, 46.544608499635707 ], [ 6.665162931384503, 46.544531279551101 ], [ 6.664668075474502, 46.544468289095477 ], [ 6.664301044882051, 46.544423522055162 ], [ 6.663888838069425, 46.544372400095732 ], [ 6.663782816867507, 46.544356679885233 ], [ 6.663621355063655, 46.544333905925043 ], [ 6.663503442178975, 46.544306454384632 ], [ 6.663402483829739, 46.544274107751164 ], [ 6.663301716773783, 46.544228439214379 ], [ 6.663237022349978, 46.54419301164841 ], [ 6.66315333172409, 46.544135782805093 ], [ 6.663081689326479, 46.544080300501243 ], [ 6.663010296821513, 46.544006512938076 ], [ 6.662948745176091, 46.543921124741047 ], [ 6.662842214201049, 46.543772096984831 ], [ 6.662775672158343, 46.543698333429916 ], [ 6.662701749321793, 46.543632849694212 ], [ 6.662606118805243, 46.543565544209045 ], [ 6.662491337922547, 46.543488122076418 ], [ 6.66242369202842, 46.543433170455742 ], [ 6.662416559194662, 46.543436882009445 ], [ 6.662409331630973, 46.543439927208532 ], [ 6.662402309435475, 46.543442290113489 ], [ 6.662394391727302, 46.543444368015727 ], [ 6.662386220913374, 46.543445913420349 ], [ 6.662377875471361, 46.543446908871978 ], [ 6.662369433749724, 46.543447345910579 ], [ 6.662361521371358, 46.543447237811471 ], [ 6.662353121102006, 46.543446604604682 ], [ 6.662344820359738, 46.543445396332118 ], [ 6.66233612530884, 46.543443501663262 ], [ 6.662328919779403, 46.543441383286194 ], [ 6.662321475862719, 46.543438615563709 ], [ 6.662314430279383, 46.543435346787916 ], [ 6.662307899453237, 46.54343164072742 ], [ 6.662301896162321, 46.543427515461964 ], [ 6.662296484942873, 46.543423016413158 ], [ 6.662291730460317, 46.543418180007563 ], [ 6.662287403227756, 46.54341264483422 ], [ 6.662284358724045, 46.543407667193669 ], [ 6.662281641960431, 46.543401657251607 ], [ 6.662279570853399, 46.543394266337643 ], [ 6.662278899914041, 46.543388333363211 ], [ 6.662279016574357, 46.543382936542677 ], [ 6.662279921498268, 46.54337712230123 ], [ 6.662281796291453, 46.54337095485343 ], [ 6.66228412579208, 46.54336580706773 ], [ 6.662287371335349, 46.543360422655809 ], [ 6.66229171439759, 46.543354874827294 ], [ 6.66229606828056, 46.543350388604317 ], [ 6.662301439653909, 46.54334586436147 ], [ 6.662307866075841, 46.54334141030801 ], [ 6.662316221248119, 46.543337014428431 ] ], [ [ 6.662316221248119, 46.543337014428431 ], [ 6.66231982077013, 46.543335122897119 ], [ 6.66232712408805, 46.543332249146587 ], [ 6.662334850888083, 46.543329846086081 ], [ 6.662343510368069, 46.543327863222459 ], [ 6.662351141759106, 46.543326655980316 ], [ 6.662359523061517, 46.543325885676801 ], [ 6.662368000901238, 46.543325655794895 ], [ 6.662377095574138, 46.543326050857736 ], [ 6.662385465228932, 46.543326998714569 ], [ 6.662393644490302, 46.543328494026376 ], [ 6.6624010103218, 46.543330343614969 ], [ 6.662413294732715, 46.543334682762101 ], [ 6.662420688804475, 46.543338196808271 ], [ 6.662426688362392, 46.543341674327756 ], [ 6.662433077578444, 46.543346162067508 ], [ 6.66243838373442, 46.543350714367421 ], [ 6.662443033286243, 46.543355595029297 ], [ 6.662446706783079, 46.543360352066763 ], [ 6.662449966716482, 46.543365762985786 ], [ 6.662452468079525, 46.543371339640998 ], [ 6.662454283146659, 46.543377496344299 ], [ 6.662455105388969, 46.543382881594461 ], [ 6.662455184536961, 46.543389170361323 ], [ 6.662454396960042, 46.543394985406678 ], [ 6.662452964924329, 46.543400283270422 ], [ 6.662450641496735, 46.543405916886677 ], [ 6.662447564536781, 46.543411365428405 ], [ 6.662443747726881, 46.543416584009037 ], [ 6.66243921817365, 46.543421500845604 ], [ 6.662434014857225, 46.543426125200675 ], [ 6.66242369202842, 46.543433170455742 ] ], [ [ 6.661236294549343, 46.543364868263787 ], [ 6.661368284322914, 46.543482999641483 ], [ 6.661370947811154, 46.543485455808529 ] ] ] } },
{ "type": "Feature", "properties": { "CADRE_NO": "10.068", "DDT_URL": null, "ETC_NOM": "Transports publics de la région lausannoise", "ETC_SIGLE": "TL", "ETC_URL": "https://www.t-l.ch", "GO_CENTRE": 0, "HORAIR_URL": "https://www.tableaux-horaires.ch/fileadmin/fap_pdf_fields/2025/10.068.pdf", "LIGNE_NO": "68", "LIGNE_NOM": "Lutry gare - La Conversion gare - Lutry Croix/Lutry", "LIGNE_SIGL": null, "LIGNE_TYPE": "Bus urbain", "PLAN_URL": "https://prestations.vd.ch/pub/101587/api/download/2_Cartographie_et_geodonnees/2.1_Carte_des_reseaux/Carte_des_lignes_TP/topo/ligne_10.068.pdf", "SHAPE_LEN": 6720.449 }, "geometry": { "type": "MultiLineString", "coordinates": [ [ [ 6.699535084698151, 46.518765931895516 ], [ 6.699463395668339, 46.518766976065471 ] ] ] } },
{ "type": "Feature", "properties": { "CADRE_NO": "10.035", "DDT_URL": null, "ETC_NOM": "Transports publics de la région lausannoise", "ETC_SIGLE": "TL", "ETC_URL": "https://www.t-l.ch", "GO_CENTRE": 0, "HORAIR_URL": "https://www.tableaux-horaires.ch/fileadmin/fap_pdf_fields/2025/10.035.pdf", "LIGNE_NO": "35", "LIGNE_NOM": "Bussigny gare - Riettaz", "LIGNE_SIGL": null, "LIGNE_TYPE": "Bus urbain", "PLAN_URL": "https://prestations.vd.ch/pub/101587/api/download/2_Cartographie_et_geodonnees/2.1_Carte_des_reseaux/Carte_des_lignes_TP/topo/ligne_10.035.pdf", "SHAPE_LEN": 3634.546 }, "geometry": { "type": "MultiLineString", "coordinates": [ ] } },
{ "type": "Feature", "properties": { "CADRE_NO": "10.036", "DDT_URL": null, "ETC_NOM": "Transports publics de la région lausannoise", "ETC_SIGLE": "TL", "ETC_URL": "https://www.t-l.ch", "GO_CENTRE": 0, "HORAIR_URL": "https://www.tableaux-horaires.ch/fileadmin/fap_pdf_fields/2025/10.036.pdf", "LIGNE_NO": "36", "LIGNE_NOM": "Renens VD gare nord - Crissier Zinguerie - Closalet", "LIGNE_SIGL": null, "LIGNE_TYPE": "Bus urbain", "PLAN_URL": "https://prestations.vd.ch/pub/101587/api/download/2_Cartographie_et_geodonnees/2.1_Carte_des_reseaux/Carte_des_lignes_TP/topo/ligne_10.036.pdf", "SHAPE_LEN": 3079.162 }, "geometry": { "type": "MultiLineString", "coordinates": [ [ [ 6.578853430379403, 46.537815181077775 ], [ 6.579084358038377, 46.537716956338201 ], [ 6.579558227320886, 46.537525625252883 ], [ 6.57966125993735, 46.53748675020109 ] ] ] } },
{ "type": "Feature", "properties": { "CADRE_NO": "10.001", "DDT_URL": null, "ETC_NOM": "Transports publics de la région lausannoise", "ETC_SIGLE": "TL", "ETC_URL": "https://www.t-l.ch", "GO_CENTRE": 0, "HORAIR_URL": "https://www.tableaux-horaires.ch/fileadmin/fap_pdf_fields/2025/10.001.pdf", "LIGNE_NO": "1", "LIGNE_NOM": "Ecublens VD EPFL/Colladon - Lausanne Maladière - gare - St-François - Stade Olympique - Blécherette", "LIGNE_SIGL": null, "LIGNE_TYPE": "Trolleybus", "PLAN_URL": "https://prestations.vd.ch/pub/101587/api/download/2_Cartographie_et_geodonnees/2.1_Carte_des_reseaux/Carte_des_lignes_TP/topo/ligne_10.001.pdf", "SHAPE_LEN": 13588.645 }, "geometry": { "type": "MultiLineString", "coordinates": [ [ [ 6.620655902482629, 46.542081322495214 ], [ 6.62099907137404, 46.542222074137428 ], [ 6.621132559107538, 46.542262825436637 ], [ 6.621290964474315, 46.54231115980933 ], [ 6.621342754864521, 46.542337540455357 ], [ 6.621371351762332, 46.542364761618956 ], [ 6.621382594831479, 46.542386864985062 ], [ 6.621383674602231, 46.542412880426589 ], [ 6.621365908317364, 46.542436754028344 ], [ 6.621323550854873, 46.542456465269929 ], [ 6.621254528025871, 46.542469507271164 ], [ 6.621108782086019, 46.54247112931516 ], [ 6.62091581029158, 46.542298102860897 ], [ 6.62074890232709, 46.542158630369016 ], [ 6.620655902482629, 46.542081322495214 ], [ 6.620412614558591, 46.541882950376291 ] ], [ [ 6.625384370166048, 46.515217859844064 ], [ 6.625376514840929, 46.515215968323119 ], [ 6.625368240363892, 46.515213354109477 ], [ 6.625361426153934, 46.515210687392397 ], [ 6.625353948071115, 46.515207107310317 ], [ 6.625347450053495, 46.5152033453369 ], [ 6.625341479040936, 46.515199200309944 ], [ 6.625336060416082, 46.515194717391971 ], [ 6.625331232997142, 46.515189914853593 ], [ 6.62532574626898, 46.515183029491716 ], [ 6.625322364290255, 46.515177427669023 ], [ 6.625319803178609, 46.515171831731998 ], [ 6.625318083850602, 46.51516658368179 ], [ 6.625316946081258, 46.515160791040202 ], [ 6.625316564977454, 46.515154940851382 ], [ 6.625316985176219, 46.515148664595849 ], [ 6.625318153920402, 46.515142870500107 ], [ 6.625320063999216, 46.515137171680635 ], [ 6.625322688405918, 46.515131630916414 ], [ 6.625327065643549, 46.515124780295316 ], [ 6.625331021679011, 46.515119941777428 ], [ 6.62533623356342, 46.515114779408606 ], [ 6.625341669830612, 46.515110293354866 ], [ 6.625347673986832, 46.515106171215997 ], [ 6.625354193642992, 46.515102430608543 ], [ 6.625360573259167, 46.515099336714854 ], [ 6.625368504209733, 46.515096199966926 ], [ 6.625376189801113, 46.515093781146199 ], [ 6.625383566780027, 46.515091953854089 ], [ 6.625392386526472, 46.515090370803648 ], [ 6.625400088201559, 46.515089481431353 ], [ 6.62540852633954, 46.51508901115848 ], [ 6.625421006130401, 46.51508927155534 ], [ 6.625429919096957, 46.515090154097976 ], [ 6.625437536720562, 46.515091387196954 ], [ 6.625445575661968, 46.515093199065383 ], [ 6.625453346434753, 46.515095512791625 ], [ 6.625460823791685, 46.51509827421814 ], [ 6.625467903225442, 46.515101500588052 ], [ 6.625474998165815, 46.515105428763377 ], [ 6.62548110096265, 46.515109475771105 ], [ 6.625486252328184, 46.515113533950206 ], [ 6.625491635833169, 46.515118619347 ], [ 6.625498607087083, 46.515127305563887 ], [ 6.625501770959843, 46.515132680915563 ], [ 6.62550426707567, 46.515138267386405 ], [ 6.625506044533552, 46.515143983646809 ], [ 6.625507064920908, 46.515149784441036 ], [ 6.625507322149191, 46.515156074549282 ], [ 6.62550685021858, 46.515161459821968 ], [ 6.625505505614882, 46.515167684471038 ], [ 6.625503478558484, 46.515173364462733 ], [ 6.625498559765459, 46.515182433241641 ], [ 6.625494836244272, 46.515187408373357 ], [ 6.625490318320852, 46.515192350821962 ], [ 6.625485205498433, 46.515196992134896 ], [ 6.625479497912252, 46.515201323317036 ], [ 6.625473248627907, 46.515205281775998 ], [ 6.625465998225661, 46.515209089120447 ], [ 6.625459387316432, 46.515211965455855 ], [ 6.625451854279087, 46.515214637266375 ], [ 6.625444028459974, 46.515216848176991 ], [ 6.625435296248581, 46.515218674753463 ], [ 6.625427656591774, 46.515219771482883 ], [ 6.625419253869112, 46.515220484905555 ], [ 6.62541011657562, 46.515220653296076 ], [ 6.625401664806658, 46.515220295831547 ], [ 6.625393312228816, 46.515219408308432 ], [ 6.625384370166048, 46.515217859844064 ], [ 6.625369037767717, 46.515267759161354 ], [ 6.625359886104339, 46.515340777752805 ], [ 6.625373356078908, 46.515425077696726 ], [ 6.625394879361687, 46.515508508779341 ], [ 6.625431346163588, 46.515580028218018 ], [ 6.625515033500134, 46.515719419764622 ], [ 6.625674029530087, 46.515931535593232 ], [ 6.625818758666013, 46.516114977390743 ], [ 6.625891315669145, 46.516206924498043 ], [ 6.626009643244537, 46.516362729815349 ], [ 6.626324411540583, 46.516681538869676 ], [ 6.6264893727383, 46.516878330612244 ], [ 6.626910829829168, 46.51731524640546 ], [ 6.626984238283272, 46.517359393688906 ], [ 6.62707053491369, 46.517398343434785 ], [ 6.627159480639723, 46.517422297601449 ], [ 6.627229340523828, 46.517431136699798 ], [ 6.627407719258345, 46.517445726705226 ], [ 6.627648763105436, 46.517465784272922 ], [ 6.627810317762544, 46.517476933808311 ], [ 6.628205504068961, 46.517516677783952 ], [ 6.628206887865089, 46.517511299017109 ], [ 6.628209797946463, 46.517505814205506 ], [ 6.628214095515052, 46.517500789110628 ], [ 6.628220108752624, 46.517496064147373 ], [ 6.628226231793936, 46.517492707372789 ], [ 6.628234264203941, 46.517489769062408 ], [ 6.628241703732054, 46.517488130947775 ], [ 6.628250733701832, 46.517487322838207 ], [ 6.628259199143462, 46.517487662193489 ], [ 6.628267414130414, 46.517489061296622 ], [ 6.628275132168302, 46.517491446418148 ], [ 6.628281589869919, 46.51749445226136 ], [ 6.628288091823154, 46.517498852813013 ], [ 6.628292612783855, 46.517503266201118 ], [ 6.628296436758666, 46.517508970045867 ], [ 6.628298452368905, 46.517514472054593 ], [ 6.628454348179831, 46.517487589793618 ], [ 6.628433826134946, 46.517423067257113 ], [ 6.629304533359125, 46.517300998736957 ], [ 6.629471195029324, 46.517292202052772 ], [ 6.630114495694782, 46.517205137007622 ], [ 6.630121155628039, 46.517238191094364 ], [ 6.630264047331266, 46.517222431784504 ] ], [ [ 6.623804621465426, 46.51248035701002 ], [ 6.624569792343262, 46.512379931332703 ], [ 6.624882389292663, 46.512335871573491 ], [ 6.625773751969536, 46.51221136095365 ], [ 6.625721022891007, 46.512557692256195 ], [ 6.625689530730745, 46.512764646434945 ], [ 6.625602190074582, 46.513445527982213 ] ], [ [ 6.630901427901565, 46.528020744035082 ], [ 6.630866812496238, 46.528075472605813 ], [ 6.630747551572108, 46.528301225584151 ], [ 6.630640085467653, 46.528547042721051 ], [ 6.630433329002416, 46.52897376528874 ], [ 6.630343709305832, 46.529154748623903 ], [ 6.630151751977616, 46.529559913579376 ], [ 6.629985026906887, 46.529893631310046 ], [ 6.62987043220871, 46.530131075572264 ], [ 6.629663277709331, 46.530584449325666 ], [ 6.629578139111345, 46.530764402492842 ], [ 6.629533638235309, 46.530858444999502 ], [ 6.629476731083587, 46.530949673205093 ], [ 6.629447691879887, 46.530973890454668 ], [ 6.629403407364084, 46.531010800382475 ], [ 6.629296186753238, 46.531076687550517 ], [ 6.629205908257978, 46.53114103120744 ], [ 6.62907190040954, 46.531221714531618 ], [ 6.628925662636603, 46.531315633613403 ], [ 6.628597113823712, 46.531491563779475 ], [ 6.628405142920963, 46.531574504345976 ], [ 6.628386891181139, 46.531503394973143 ], [ 6.628361041206205, 46.531456556726603 ], [ 6.628308766844637, 46.531401199397024 ], [ 6.628180591802782, 46.531255339162882 ], [ 6.627947281471176, 46.53103540062866 ], [ 6.62748562892902, 46.530590564768978 ], [ 6.627002056306573, 46.530157238083824 ], [ 6.627537233767279, 46.52988616296517 ], [ 6.627701554231539, 46.529819696004274 ], [ 6.62799871989934, 46.529699508847536 ], [ 6.628219741099113, 46.5296094536968 ], [ 6.628366633680863, 46.529548141999385 ], [ 6.62837278557851, 46.529545559077718 ], [ 6.628501505515119, 46.529494831757546 ], [ 6.62892208051028, 46.529297896166838 ], [ 6.629267282161722, 46.529138753668612 ], [ 6.629379395041654, 46.529066226354978 ], [ 6.629883990398388, 46.528741602457607 ], [ 6.630288923014902, 46.528461228727721 ], [ 6.630523000064403, 46.528304619248154 ], [ 6.630696224184929, 46.52818256170935 ], [ 6.630793928268525, 46.528104946592251 ], [ 6.630901427901565, 46.528020744035082 ], [ 6.630992260085502, 46.527919735014528 ], [ 6.631080891359733, 46.527803749786138 ], [ 6.63112523830057, 46.52774408859775 ], [ 6.631144974695066, 46.527714236154189 ], [ 6.631192255408648, 46.527619592095043 ], [ 6.631229941275872, 46.527521569180934 ], [ 6.631263240038448, 46.527393513127478 ], [ 6.631274626081365, 46.527276969042802 ], [ 6.631276243854791, 46.527168667818245 ], [ 6.631277911068358, 46.527057056389594 ], [ 6.631267672656719, 46.526935356603502 ], [ 6.631220361265133, 46.526708408795443 ], [ 6.631195855047133, 46.526571611002993 ], [ 6.631190015722606, 46.526478271152655 ], [ 6.631155743355934, 46.526186455446975 ], [ 6.631141006115894, 46.526041378806859 ], [ 6.63112629354793, 46.525894656057119 ], [ 6.631107842338693, 46.525676270945503 ], [ 6.631096188270914, 46.525486235862367 ], [ 6.631087867146221, 46.525236256660122 ], [ 6.631087866517947, 46.525197915381682 ], [ 6.631087749572432, 46.524921357192603 ], [ 6.63108408459542, 46.524843020266175 ], [ 6.631049275646209, 46.524749474186486 ], [ 6.631241900193215, 46.524620878895441 ], [ 6.63141222346283, 46.524495804001916 ], [ 6.631525012219278, 46.524412960954876 ], [ 6.631705678148053, 46.524275958445074 ], [ 6.631798503638814, 46.524203291636141 ], [ 6.631850203679029, 46.524135361105998 ], [ 6.631877918166732, 46.524057247358392 ], [ 6.631878713916739, 46.524003933279928 ], [ 6.631836434666415, 46.52392533077812 ], [ 6.631701284195607, 46.523762746075434 ], [ 6.631528179045709, 46.523553246536821 ], [ 6.631357337902428, 46.523355430743699 ], [ 6.631269513606708, 46.523256496644272 ], [ 6.63112432033083, 46.523280454362137 ], [ 6.63099841474771, 46.523306222476769 ], [ 6.630891959514108, 46.523323789577077 ], [ 6.630790437226994, 46.52333307033409 ], [ 6.630599783749527, 46.523330048283995 ], [ 6.630339125732903, 46.523328191439134 ], [ 6.630049548552154, 46.523322781340944 ], [ 6.629943602155291, 46.523303701160984 ], [ 6.629665178523084, 46.523200078438144 ], [ 6.629607564248208, 46.523178014028652 ], [ 6.629549913368472, 46.523159268881365 ], [ 6.629497570939641, 46.5231089133624 ], [ 6.629223413745811, 46.522718758879115 ], [ 6.629012745674302, 46.52244067117033 ], [ 6.628925388285793, 46.522310081341814 ] ], [ [ 6.628405142920963, 46.531574504345976 ], [ 6.628256680481609, 46.531654084941124 ], [ 6.628096045459491, 46.531739578774236 ], [ 6.627614264534945, 46.531991057999242 ], [ 6.627502168475345, 46.532061901475039 ], [ 6.627355874389016, 46.532157500432007 ], [ 6.627226434849105, 46.532256530289104 ], [ 6.62700638629686, 46.532441562131133 ], [ 6.626822593010028, 46.532621869125094 ], [ 6.626677756460346, 46.532780783051592 ], [ 6.626589182609854, 46.532891772531038 ], [ 6.626525035458301, 46.532984620756785 ], [ 6.6264802284669, 46.533074269831694 ], [ 6.626442530917084, 46.533173973416268 ], [ 6.62624504327231, 46.533622417528996 ], [ 6.626167759958475, 46.533785160996004 ], [ 6.626139907911189, 46.533827324097523 ], [ 6.626061526696681, 46.533946005840782 ], [ 6.625950356615701, 46.534113499317762 ], [ 6.625859142243251, 46.534239465797484 ], [ 6.625622919617165, 46.534534347239081 ], [ 6.625465741963763, 46.534711496256186 ], [ 6.625325944086153, 46.534855457153519 ], [ 6.625176576446593, 46.534996002739469 ], [ 6.62502250852964, 46.535124864510806 ], [ 6.624880950364466, 46.535227151412442 ], [ 6.624771167179884, 46.535303001666307 ], [ 6.624379429672904, 46.535534620176378 ], [ 6.623996067376478, 46.535788958607455 ], [ 6.623895814739408, 46.535873215815641 ], [ 6.623804981319344, 46.535972537038596 ], [ 6.623669899317261, 46.536124842185124 ], [ 6.623610477695443, 46.536222724572369 ], [ 6.623593826823789, 46.5362549548814 ], [ 6.623560740088632, 46.536318985225023 ], [ 6.623510762548613, 46.536430276582436 ], [ 6.623480417128455, 46.536521701665542 ], [ 6.623452231878166, 46.536629794002373 ], [ 6.623403801266189, 46.536858000482773 ], [ 6.62339505674326, 46.536899292639276 ], [ 6.623312407092675, 46.537255258459062 ], [ 6.623247882564724, 46.537531370314021 ], [ 6.62321520006992, 46.537617776715919 ], [ 6.623140426360017, 46.537772187869223 ], [ 6.6230487585968, 46.537926486553935 ], [ 6.622967478457631, 46.538032550883798 ], [ 6.622891386545182, 46.538115298629663 ], [ 6.622820129363304, 46.538196425804436 ], [ 6.622758934389709, 46.53825263416941 ], [ 6.62266349828486, 46.538336924955317 ], [ 6.622526712121546, 46.538440907587336 ], [ 6.622267679559775, 46.538619172951151 ], [ 6.622260763341913, 46.538623936099654 ], [ 6.62206796687511, 46.538759181445883 ], [ 6.621953248777248, 46.538841659629675 ], [ 6.62182106942796, 46.538960671048194 ], [ 6.621652135162777, 46.539114412470369 ], [ 6.621561418264996, 46.539205393424517 ], [ 6.621473024992449, 46.539303048139736 ], [ 6.621386967048961, 46.539405739419045 ], [ 6.621320365613108, 46.539498567121697 ], [ 6.621238928826982, 46.539614605773778 ], [ 6.621177074366485, 46.539712469407419 ], [ 6.621060890947304, 46.539891572058863 ], [ 6.620991650013537, 46.539999368030266 ], [ 6.620522523296263, 46.540684115322478 ], [ 6.620406410481861, 46.540856551739182 ], [ 6.620218541144672, 46.54114510478469 ], [ 6.620205978189194, 46.541178344667777 ], [ 6.620185699258145, 46.541239848568168 ], [ 6.620172328858942, 46.541326393403544 ], [ 6.620166445693895, 46.541396331492336 ], [ 6.620179477361068, 46.541491388111169 ], [ 6.620206854447009, 46.541598216099317 ], [ 6.620248966084277, 46.541686825316773 ], [ 6.620317493793924, 46.541785628637854 ], [ 6.620412614558591, 46.541882950376291 ] ], [ [ 6.628298452368905, 46.517514472054593 ], [ 6.628299053437241, 46.517520449746769 ], [ 6.628298093309167, 46.517526254357087 ], [ 6.628295637674524, 46.517531850370247 ], [ 6.628291754785163, 46.517537031363872 ], [ 6.628286577100203, 46.517541654346829 ], [ 6.628280827752877, 46.517545292672764 ], [ 6.628273678289549, 46.51754844420396 ], [ 6.628265238345496, 46.517550749880101 ], [ 6.628258120703761, 46.517551778562314 ], [ 6.628249008681429, 46.517551974352735 ], [ 6.628240656236485, 46.517551051058668 ], [ 6.628231581567267, 46.517548755199869 ], [ 6.628224277707956, 46.517545689332209 ], [ 6.628218414858035, 46.517542120982355 ], [ 6.628212754794272, 46.517537195672574 ], [ 6.628209099089569, 46.517532437615785 ], [ 6.628206335153234, 46.517526435474593 ], [ 6.628205504068961, 46.517516677783952 ] ], [ [ 6.630121155628039, 46.517238191094364 ], [ 6.630134896349064, 46.517293587934738 ], [ 6.629494030422834, 46.517378988202516 ], [ 6.629453414278768, 46.517383997169325 ], [ 6.629225645311998, 46.517412077228961 ], [ 6.629097616555057, 46.517419484992857 ], [ 6.629073654595371, 46.517422759483772 ], [ 6.628459120116391, 46.517506560627979 ], [ 6.628454348179831, 46.517487589793618 ] ], [ [ 6.63756803600501, 46.516765339551689 ], [ 6.637625381948877, 46.516883539073575 ], [ 6.637856935028121, 46.517383367362171 ], [ 6.63806010541006, 46.517842989303354 ], [ 6.638028506526367, 46.517857753740842 ], [ 6.637324390154596, 46.518141034123438 ], [ 6.636705445120461, 46.518374921163407 ], [ 6.636173840139818, 46.518579429845168 ], [ 6.635387548723751, 46.518893585270867 ], [ 6.634763186722371, 46.51914092658869 ], [ 6.634306498584052, 46.519335953860946 ] ], [ [ 6.611234797320422, 46.516768242421428 ], [ 6.611451196374901, 46.516685698058502 ], [ 6.611562619577147, 46.516659846057721 ], [ 6.611843345022885, 46.516610245873167 ], [ 6.612095193900878, 46.516555432763695 ], [ 6.612448796326627, 46.516474704795115 ], [ 6.612649006236446, 46.516422087238205 ], [ 6.612720208786267, 46.516403372014388 ], [ 6.613054626480231, 46.516314154107654 ], [ 6.613465077395388, 46.516197834329965 ], [ 6.61353707106837, 46.516176767374695 ], [ 6.613899685724936, 46.516068752329858 ], [ 6.613975176404651, 46.516046505047058 ], [ 6.614298911298581, 46.515940581050934 ], [ 6.614713279551355, 46.515813966742463 ], [ 6.615175728347161, 46.515672118737697 ], [ 6.615388690357942, 46.515611780348678 ], [ 6.615470022201458, 46.515590950876152 ], [ 6.615577171559418, 46.515575067612716 ], [ 6.615730805922913, 46.51556069997261 ], [ 6.616280619848187, 46.515548440316017 ], [ 6.616329413959347, 46.515547219729292 ], [ 6.616799716060066, 46.515535523638341 ], [ 6.616906442097859, 46.515534596565978 ], [ 6.617009052784471, 46.515524931363565 ], [ 6.617032620086256, 46.515525326967378 ], [ 6.617219263688717, 46.515494535630062 ], [ 6.61779159123468, 46.515382062256471 ], [ 6.617884684391881, 46.515360668453638 ], [ 6.618014638018725, 46.515316385295904 ], [ 6.618174259078921, 46.515250905873664 ], [ 6.618743814995395, 46.514978906930772 ], [ 6.619041775852478, 46.514834891676692 ], [ 6.619588230110495, 46.514570773138495 ], [ 6.619805914140299, 46.514475942616542 ], [ 6.619929345240043, 46.514407788553157 ], [ 6.620037388659138, 46.514330032431424 ], [ 6.620384219320631, 46.514080230469666 ], [ 6.620687706861214, 46.513846775690212 ], [ 6.620856752701768, 46.513725422808228 ], [ 6.62104657840751, 46.513598255052543 ], [ 6.621144016849676, 46.513538251712596 ], [ 6.62127527273157, 46.513453905662892 ], [ 6.62145448131246, 46.513344526969163 ], [ 6.621631825638074, 46.513244643438433 ], [ 6.621812555045715, 46.513148355460324 ], [ 6.621981052120483, 46.513063880958065 ], [ 6.622201620565533, 46.512955977366857 ], [ 6.622425489021675, 46.512856427479939 ], [ 6.622628446048842, 46.512772199995517 ], [ 6.622824348430853, 46.512698635756664 ], [ 6.622924075575685, 46.512661155592589 ], [ 6.623151317756898, 46.512593474713483 ], [ 6.623324211798471, 46.512560208611937 ], [ 6.623618652402468, 46.512510570176424 ], [ 6.623656027303857, 46.512504271580362 ], [ 6.623804621465426, 46.51248035701002 ], [ 6.625786026079705, 46.512207620104761 ], [ 6.625588002332366, 46.513557994320529 ], [ 6.625508484292534, 46.514166522360334 ], [ 6.625457309708378, 46.51461978316992 ], [ 6.625418580865028, 46.514962895137415 ], [ 6.625421006130401, 46.51508927155534 ] ], [ [ 6.63756803600501, 46.516765339551689 ], [ 6.637428952630446, 46.516785516013599 ], [ 6.636960152883513, 46.516823855601544 ], [ 6.636750002070564, 46.516835702368446 ], [ 6.635868353359339, 46.516882786086619 ], [ 6.634885170097965, 46.516942475761191 ], [ 6.634876222243427, 46.516943033088694 ], [ 6.633776317383479, 46.517011241982104 ], [ 6.632971872466865, 46.517068944617257 ], [ 6.632846114599517, 46.517077965031817 ], [ 6.632184205524335, 46.517118232567817 ], [ 6.631527103719317, 46.517161139320692 ], [ 6.631217838214322, 46.517181338653373 ], [ 6.630722800145906, 46.517199467501591 ], [ 6.630372305146364, 46.517214252111479 ], [ 6.630371318109871, 46.517220128514587 ], [ 6.630369057886409, 46.5172257439555 ], [ 6.630365882610266, 46.517230678170364 ], [ 6.630360943020692, 46.517235950660691 ], [ 6.63035527443112, 46.517240300356235 ], [ 6.630348729475335, 46.517243996089121 ], [ 6.630342029114621, 46.517246755122038 ], [ 6.630334190036867, 46.517248975271706 ], [ 6.630325437923938, 46.51725037926758 ], [ 6.630317638775337, 46.517250800484717 ], [ 6.630308576123749, 46.517250313089733 ], [ 6.630300334656511, 46.517248940933889 ], [ 6.630292509901817, 46.517246717119342 ], [ 6.630285800779402, 46.517243961489591 ], [ 6.630278784735442, 46.51723994422111 ], [ 6.63027320779072, 46.517235550376128 ], [ 6.630268988266992, 46.517231013270766 ], [ 6.630264047331266, 46.517222431784504 ], [ 6.630262591693, 46.517216942798584 ], [ 6.630262360097029, 46.517210643892263 ], [ 6.630263352239204, 46.517205298295075 ], [ 6.630265651697655, 46.517199674139668 ], [ 6.630269502816009, 46.517193989073121 ], [ 6.630274227741385, 46.517189128876666 ], [ 6.630279512540366, 46.517185172277713 ], [ 6.630286647480705, 46.517181237858921 ], [ 6.630294001090517, 46.517178366535369 ], [ 6.630301928949442, 46.517176308950631 ], [ 6.630309569321605, 46.517175175912911 ], [ 6.630317993232418, 46.517174804128778 ], [ 6.630326416723275, 46.517175331949012 ], [ 6.630335268039962, 46.517176879374162 ], [ 6.630342442759942, 46.517178999597078 ], [ 6.630349293325539, 46.517181882176466 ], [ 6.630355624285215, 46.517185525719796 ], [ 6.630361626114653, 46.517190264439265 ], [ 6.630365793119005, 46.517194828155127 ], [ 6.630369231632042, 46.517200178335067 ], [ 6.630371525631189, 46.517206249042296 ], [ 6.630372305146364, 46.517214252111479 ] ], [ [ 6.632349754941282, 46.519611979411565 ], [ 6.632524090845434, 46.519574895106466 ], [ 6.632726960410757, 46.519534738679226 ], [ 6.632751637715066, 46.519529858197039 ], [ 6.632838962349156, 46.519514339565596 ], [ 6.633049309132547, 46.51947698847782 ], [ 6.633185800328273, 46.519461683784421 ], [ 6.633498884232848, 46.519426554631657 ], [ 6.634306498584052, 46.519335953860946 ] ], [ [ 6.607933365555263, 46.518681929351864 ], [ 6.607787012626619, 46.518599982556495 ], [ 6.607556128822294, 46.51844471878141 ], [ 6.60752901623371, 46.518426482954681 ], [ 6.607209189740432, 46.518192552559206 ], [ 6.606645839514886, 46.517785198708651 ], [ 6.60642858746264, 46.517630329435107 ], [ 6.606301786278195, 46.5175577451284 ], [ 6.606186781658441, 46.517501917034181 ], [ 6.606088331192426, 46.517469537226887 ], [ 6.605968069404827, 46.517442008068393 ], [ 6.605842858414727, 46.517422763849105 ], [ 6.605700568242009, 46.517416717325304 ], [ 6.605476047572949, 46.517421734660886 ], [ 6.605476008482552, 46.517421734373798 ], [ 6.605145189563239, 46.517432627414443 ], [ 6.605038968573141, 46.517435184466883 ], [ 6.604961546022172, 46.51744628346389 ], [ 6.60486462087464, 46.517472217591241 ], [ 6.604737700923614, 46.517562937042506 ], [ 6.604611025330517, 46.517638634646453 ], [ 6.604531089359465, 46.517658045272285 ], [ 6.604461181257628, 46.517652538386187 ], [ 6.604415688098756, 46.517628867933347 ], [ 6.604399211758576, 46.517600436006227 ], [ 6.604402188367777, 46.517565463024482 ], [ 6.604412190755617, 46.517542200669581 ], [ 6.604480202091263, 46.517514381040812 ], [ 6.604538403827505, 46.517496483923381 ], [ 6.604714854086067, 46.517479456111907 ], [ 6.60486462087464, 46.517472217591241 ] ], [ [ 6.608073316666754, 46.518671654982121 ], [ 6.608079638561733, 46.518675803492073 ], [ 6.608084828191438, 46.518679853750918 ], [ 6.608090263090673, 46.518684904372961 ], [ 6.608094643216099, 46.518689902291868 ], [ 6.608098407041977, 46.518695147589419 ], [ 6.60810145101561, 46.518700594527118 ], [ 6.608103814780936, 46.518706207410723 ], [ 6.608105447045144, 46.518711931888241 ], [ 6.608106347946218, 46.518717758964449 ], [ 6.608106512745253, 46.518723148838482 ], [ 6.608105993051027, 46.518728983506442 ], [ 6.608104581343455, 46.518735198476399 ], [ 6.608102715464457, 46.518740438541727 ], [ 6.608099997906785, 46.51874597823933 ], [ 6.608092871139795, 46.518756046681347 ], [ 6.60808815670176, 46.518760933035296 ], [ 6.608082886651887, 46.518765509453587 ], [ 6.608077074573403, 46.518769740051148 ], [ 6.608070707574015, 46.51877361573743 ], [ 6.60806389072667, 46.518777083304997 ], [ 6.608057227164266, 46.518779904274837 ], [ 6.608049667539674, 46.518782520769264 ], [ 6.608041789201278, 46.518784676128213 ], [ 6.608033670746678, 46.518786343938778 ], [ 6.608025377466603, 46.518787515682938 ], [ 6.608016309545211, 46.518788213957031 ], [ 6.608008501670329, 46.518788327713558 ], [ 6.608000518279597, 46.518787990379067 ], [ 6.607991488405268, 46.518787060634594 ], [ 6.607983273469143, 46.518785678055167 ], [ 6.607975248838366, 46.518783784090594 ], [ 6.60796751820399, 46.518781415484597 ], [ 6.607960094181978, 46.518778599317898 ], [ 6.607953067985701, 46.518775336258514 ], [ 6.607946478291972, 46.51877165357805 ], [ 6.607940389423825, 46.518767605724214 ], [ 6.607934853641329, 46.51876318408371 ], [ 6.607930255223377, 46.518758823283626 ], [ 6.607925542397618, 46.518753427093358 ], [ 6.607922111294306, 46.51874858005511 ], [ 6.607918839422757, 46.51874269963055 ], [ 6.607916554134197, 46.518737069325432 ], [ 6.607914333398647, 46.518727238311357 ], [ 6.607914005028485, 46.518721469402692 ], [ 6.607914492425164, 46.51871519368968 ], [ 6.607915728123307, 46.518709409246163 ], [ 6.607917692143829, 46.518703720097115 ], [ 6.60792035773449, 46.518698171027133 ], [ 6.607923724480419, 46.518692789021408 ], [ 6.607927420203107, 46.518688048148185 ], [ 6.607933365555263, 46.518681929351864 ], [ 6.607938580585182, 46.518677541455801 ], [ 6.60794499593497, 46.518673063391851 ], [ 6.607951452485922, 46.518669296321683 ], [ 6.607957834070127, 46.518666167425664 ], [ 6.607965688922098, 46.518662995340634 ], [ 6.607973363734707, 46.518660514636942 ], [ 6.607981330782889, 46.518658521862321 ], [ 6.607988872149021, 46.518657092724816 ], [ 6.607997202566205, 46.518656047200913 ], [ 6.608006268254297, 46.518655492849845 ], [ 6.608014764788038, 46.51865551008148 ], [ 6.608022537461025, 46.518655989809965 ], [ 6.608031525873171, 46.5186570721824 ], [ 6.608039699211978, 46.518658616383803 ], [ 6.608047630540318, 46.518660644602399 ], [ 6.608054684545741, 46.518662945276247 ], [ 6.608062585569423, 46.518666097785221 ], [ 6.608073316666754, 46.518671654982121 ], [ 6.608229471499079, 46.518549911357674 ], [ 6.608576883957037, 46.518297270408752 ], [ 6.609095973643313, 46.517919776552347 ], [ 6.609467017521395, 46.517647586277079 ], [ 6.609735636302696, 46.517442935864217 ], [ 6.609994189493994, 46.517266549030957 ], [ 6.610135435261411, 46.517184285785447 ], [ 6.610335008011524, 46.517075765830398 ], [ 6.610444430301911, 46.51702324485143 ], [ 6.610619346485266, 46.516947892943925 ], [ 6.610904822245254, 46.516803528799869 ], [ 6.611111445977545, 46.516793503306104 ], [ 6.611111049512283, 46.516787904837784 ], [ 6.611111738391473, 46.516782062396175 ], [ 6.611113643878469, 46.516775913966079 ], [ 6.61111628858125, 46.516770850460937 ], [ 6.611120453160786, 46.516765249280809 ], [ 6.611124873882523, 46.516760792474209 ], [ 6.611130965883421, 46.516756122956537 ], [ 6.611137409367039, 46.51675232862457 ], [ 6.611143957314745, 46.516749371691844 ], [ 6.611152143734703, 46.516746642617385 ], [ 6.611160212007951, 46.516744821286863 ], [ 6.611168516422632, 46.516743748354877 ], [ 6.611183907030552, 46.516743716683223 ], [ 6.611191802184533, 46.516744691875736 ], [ 6.61120049115447, 46.516746590460457 ], [ 6.611208141532318, 46.51674908420776 ], [ 6.611214743179373, 46.516751984125747 ], [ 6.611221731409714, 46.516756020372057 ], [ 6.611227451327236, 46.516760335242154 ], [ 6.611234797320422, 46.516768242421428 ], [ 6.61123812898701, 46.516773637395758 ], [ 6.611240264786492, 46.516778834729301 ], [ 6.611241544688557, 46.516784610566731 ], [ 6.611241729108028, 46.516790441386554 ], [ 6.61124081914591, 46.516796255228002 ], [ 6.611238653485793, 46.51680237477413 ], [ 6.611235800863703, 46.51680740078114 ], [ 6.611229152648602, 46.516815205887269 ], [ 6.6112238073519, 46.516819619969603 ], [ 6.611217083214973, 46.516823871060666 ], [ 6.611210112519911, 46.516827202750335 ], [ 6.611203193580254, 46.516829707175653 ], [ 6.611195252153845, 46.516831754337105 ], [ 6.611187009296532, 46.516833061618868 ], [ 6.611177943395575, 46.516833652204205 ], [ 6.611169906225868, 46.516833440643701 ], [ 6.611162191689456, 46.516832583716628 ], [ 6.611154072034187, 46.516830950169002 ], [ 6.6111457450511, 46.516828388509779 ], [ 6.611139077009239, 46.51682556906843 ], [ 6.611131970266913, 46.516821612917475 ], [ 6.61112615790134, 46.516817378333108 ], [ 6.611121173861675, 46.516812664001435 ], [ 6.611117108531639, 46.51680752455853 ], [ 6.611114266369407, 46.516802501991734 ], [ 6.611111445977545, 46.516793503306104 ] ], [ [ 6.590748786871908, 46.523245803016181 ], [ 6.590230813489941, 46.523181953626406 ], [ 6.589977926187888, 46.523146740602314 ], [ 6.589802106661383, 46.523122107335809 ], [ 6.589734721881986, 46.523108261901733 ], [ 6.589696488894351, 46.523082993577283 ], [ 6.589692077553165, 46.523075088957242 ], [ 6.589673034906349, 46.52304115701115 ], [ 6.589680921302034, 46.522999572952216 ], [ 6.589695935736916, 46.522964690368021 ], [ 6.589773739136, 46.522875275269456 ] ], [ [ 6.632349754941282, 46.519611979411565 ], [ 6.632243070692172, 46.519644542557771 ], [ 6.632165203411478, 46.519685631845704 ], [ 6.63210419984362, 46.519730196515916 ], [ 6.631776185021224, 46.520048637048987 ], [ 6.631751522449192, 46.520072589109297 ], [ 6.631594804767154, 46.520222221558662 ], [ 6.631428198894709, 46.520389901536092 ], [ 6.631410480667445, 46.520407848577371 ], [ 6.631396442243124, 46.520421989472268 ], [ 6.631063406215356, 46.520757565778233 ], [ 6.630719039920195, 46.521104539436202 ], [ 6.630675785298566, 46.521144641759285 ], [ 6.63049202444068, 46.521334886324226 ], [ 6.630362205730933, 46.521462263518714 ], [ 6.630254556975411, 46.521558123358538 ], [ 6.630141936552493, 46.521663960301773 ], [ 6.629953918437393, 46.521809238266009 ], [ 6.629852794642312, 46.521890489634373 ], [ 6.629712285132639, 46.521987464104114 ], [ 6.629651834875246, 46.52202348515636 ], [ 6.629485914228649, 46.522114142814125 ], [ 6.628925388285793, 46.522310081341814 ] ], [ [ 6.60289575398209, 46.517744318658124 ], [ 6.60317155066881, 46.517691581847693 ], [ 6.603243120320998, 46.51756341953412 ], [ 6.603161662110173, 46.517537954375818 ], [ 6.603083548822926, 46.51750686423717 ], [ 6.603034009989776, 46.517476875143693 ], [ 6.603027094896289, 46.517473198773111 ], [ 6.603020439572294, 46.517469578292371 ], [ 6.603013850234119, 46.517465904320559 ], [ 6.60300730068245, 46.517462185660882 ], [ 6.603001346902888, 46.517458705288426 ], [ 6.602994438627026, 46.517454588156575 ], [ 6.602988564420369, 46.517451018408465 ], [ 6.602981801007416, 46.517446803385702 ], [ 6.602976045325049, 46.517443153545031 ], [ 6.602969878241092, 46.517439140828905 ], [ 6.602963299755775, 46.517434765237262 ], [ 6.602957264087409, 46.517430681519627 ], [ 6.602951758900897, 46.517426844604671 ], [ 6.602945390986339, 46.517422335621532 ], [ 6.602939553136488, 46.517418100426276 ], [ 6.602934219290884, 46.517414138827135 ], [ 6.602928513134574, 46.517409814640388 ], [ 6.602922434806819, 46.517405118870919 ], [ 6.602916886404424, 46.517400705884619 ], [ 6.602911802220342, 46.517396611181965 ], [ 6.602906385511463, 46.517392109204202 ], [ 6.602901021202078, 46.517387589620007 ], [ 6.602895350289335, 46.517382671947772 ], [ 6.602890529492115, 46.517378399262256 ], [ 6.602885016055164, 46.51737341078077 ], [ 6.602880326534162, 46.51736907608921 ], [ 6.602874984020263, 46.517363989909221 ], [ 6.602870053603762, 46.517359221629043 ], [ 6.602865228124342, 46.517354409141184 ], [ 6.602860840246003, 46.517349950725603 ], [ 6.602856172102991, 46.517345076423759 ], [ 6.602851197635274, 46.517339786043671 ], [ 6.602846686967818, 46.517334840932733 ], [ 6.602841307220274, 46.517328791892645 ], [ 6.602797249234145, 46.517282317215191 ], [ 6.602766363798222, 46.517232629012248 ], [ 6.60274078419533, 46.517163431343448 ], [ 6.602726675769076, 46.51710581523038 ], [ 6.602724259811199, 46.517047151765382 ], [ 6.602728354514365, 46.516989660790259 ], [ 6.602763194259899, 46.516899056768345 ], [ 6.602799826503082, 46.516829894685586 ], [ 6.602803654837097, 46.516824183373153 ], [ 6.60280731999599, 46.51681891166789 ], [ 6.602811063055913, 46.516813658528754 ], [ 6.602814603850948, 46.516808844708692 ], [ 6.602818808243383, 46.516803253116109 ], [ 6.602822491532381, 46.516798494322408 ], [ 6.602826864200332, 46.51679297593828 ], [ 6.602830689844172, 46.516788281165987 ], [ 6.602834938426402, 46.516783202676834 ], [ 6.602839570161568, 46.516777785158283 ], [ 6.602843960681169, 46.516772797675728 ], [ 6.6028480973726, 46.516768213147969 ], [ 6.602852630524976, 46.516763271696561 ], [ 6.602857611840772, 46.516758000690707 ], [ 6.602862339328425, 46.516753132639607 ], [ 6.602866760729166, 46.516748676154407 ], [ 6.602871987803773, 46.516743523908055 ], [ 6.60287652536012, 46.516739140247182 ], [ 6.60288190767995, 46.516734061113098 ], [ 6.602887010111953, 46.516729384741765 ], [ 6.60289217713665, 46.516724744830569 ], [ 6.602897408614961, 46.516720150374574 ], [ 6.602902295334087, 46.516715940211185 ], [ 6.602908091409526, 46.516711071034798 ], [ 6.602913107175071, 46.516706942786726 ], [ 6.602918622805929, 46.516702512353199 ], [ 6.602924203168493, 46.516698109384663 ], [ 6.602930309177884, 46.516693422412672 ], [ 6.602936031477518, 46.516689110450365 ], [ 6.602941818230746, 46.516684843943139 ], [ 6.602947695497468, 46.516680623082983 ], [ 6.602953163133932, 46.5166767680455 ], [ 6.602959143248005, 46.516672637903575 ], [ 6.602965213875565, 46.516668553408678 ], [ 6.602971809871351, 46.516664202900337 ], [ 6.602977088272096, 46.516660787277203 ], [ 6.602983339369589, 46.516656830056405 ], [ 6.602989641890729, 46.51665291819468 ], [ 6.602996482253614, 46.516648776395655 ], [ 6.603002426846747, 46.516645257725514 ], [ 6.603008922450611, 46.516641500218959 ], [ 6.60301596906501, 46.516637503875955 ], [ 6.60302258026802, 46.516633855173524 ], [ 6.603029242894714, 46.516630251830065 ], [ 6.603035444467539, 46.516626968950156 ], [ 6.603042761369951, 46.516623190503168 ], [ 6.603049065790316, 46.516619998341262 ], [ 6.603056472232013, 46.516616328506288 ], [ 6.603063417480984, 46.516612988129928 ], [ 6.60307041429271, 46.516609684117434 ], [ 6.603077475280061, 46.51660644355001 ], [ 6.603084010481485, 46.51660349598108 ], [ 6.603091161008437, 46.516600364025685 ], [ 6.60309835006825, 46.516597268338096 ], [ 6.603106154175301, 46.516594006254095 ], [ 6.603113445387533, 46.516591046259713 ], [ 6.603120237430161, 46.516588343475533 ], [ 6.603127605430233, 46.516585474006909 ], [ 6.603135627289109, 46.516582456419712 ], [ 6.60314252092766, 46.516579925308669 ], [ 6.603150619296255, 46.516577016237342 ], [ 6.603158179266708, 46.516574373083479 ], [ 6.60316577735311, 46.516571793182635 ], [ 6.603172837041633, 46.51656947919944 ], [ 6.603180498747156, 46.516566998723405 ], [ 6.603188826646087, 46.516564415199916 ], [ 6.603196590504428, 46.516562070416832 ], [ 6.603203764262527, 46.516559964182427 ], [ 6.603211591601133, 46.516557727819212 ], [ 6.603219470085758, 46.51655555480491 ], [ 6.603227975673877, 46.516553278454985 ], [ 6.603235276392764, 46.516551389060261 ], [ 6.603243871104012, 46.516549248307221 ], [ 6.603251863102432, 46.51654731902169 ], [ 6.603259278587006, 46.516545592400618 ], [ 6.603267935388082, 46.51654365001751 ], [ 6.603276015814364, 46.516541901303761 ], [ 6.60328414738684, 46.516540215938868 ], [ 6.603291637713129, 46.516538705773527 ], [ 6.603299806428533, 46.516537146626611 ], [ 6.603308000369364, 46.516535641641525 ], [ 6.603316833470499, 46.516534096381889 ], [ 6.603325077584256, 46.516532717710597 ], [ 6.603332680730109, 46.516531496248973 ], [ 6.603340948818161, 46.51653025269475 ], [ 6.603349895156239, 46.516528969153697 ], [ 6.603358187635576, 46.516527833731189 ], [ 6.603366544152308, 46.516526770748534 ], [ 6.603374246810464, 46.516525855884687 ], [ 6.603382588489978, 46.516524909741051 ], [ 6.603391607724639, 46.516523968585687 ], [ 6.603399986408703, 46.516523157654952 ], [ 6.603408403209452, 46.516522409977036 ], [ 6.603416818898209, 46.5165217342592 ], [ 6.603425220861999, 46.516521103420253 ], [ 6.603433660664623, 46.516520553824328 ], [ 6.603441447442884, 46.516520098377029 ], [ 6.603450550381027, 46.516519643623347 ], [ 6.603459013324765, 46.516519283114242 ], [ 6.603467462543678, 46.516518967484039 ], [ 6.603475910372888, 46.516518741804106 ], [ 6.603483744684532, 46.516518583575561 ], [ 6.603492216905953, 46.51651846602735 ], [ 6.603500675124726, 46.516518411348201 ], [ 6.603509145122803, 46.516518437720165 ], [ 6.603518265782734, 46.516518522858256 ], [ 6.603526720944557, 46.51651866606916 ], [ 6.60353518788578, 46.516518890331135 ], [ 6.603543654132332, 46.516519159567906 ], [ 6.603552119267384, 46.516519500764801 ], [ 6.603560557509048, 46.516519895739748 ], [ 6.603568356729378, 46.516520321994363 ], [ 6.603577443688017, 46.516520901665807 ], [ 6.603585865982391, 46.516521485439846 ], [ 6.60359428702648, 46.516522150169017 ], [ 6.603602681177319, 46.51652286867634 ], [ 6.603611087107858, 46.516523668234726 ], [ 6.603619466284133, 46.516524512576112 ], [ 6.60362783131928, 46.516525428781705 ], [ 6.603636169322346, 46.516526407760452 ], [ 6.603644519383103, 46.516527449800179 ], [ 6.603652179414473, 46.516528450775688 ], [ 6.603661125517596, 46.516529713108142 ], [ 6.603669420681127, 46.516530934664154 ], [ 6.603684213992432, 46.51653329257865 ], [ 6.603741960571231, 46.516543973172766 ], [ 6.603811199206906, 46.516561512384172 ], [ 6.603866954083491, 46.516580499660357 ], [ 6.603917131241794, 46.516598663204192 ], [ 6.6039772610009, 46.516624645608239 ], [ 6.604029451249994, 46.516656758891052 ], [ 6.604082968049924, 46.516696645553154 ], [ 6.604109795799156, 46.51672138431222 ], [ 6.604114835088657, 46.516725856467595 ], [ 6.604120374355197, 46.516730863071444 ], [ 6.604125436373918, 46.516735551300194 ], [ 6.604130034313426, 46.516739912254728 ], [ 6.604134952032235, 46.516744662394323 ], [ 6.604140176084026, 46.516749828608319 ], [ 6.604144922887682, 46.516754676447363 ], [ 6.604149617294615, 46.516759541892974 ], [ 6.604154232828318, 46.516764451738737 ], [ 6.604158743706535, 46.516769387802704 ], [ 6.604163188741475, 46.516774368362796 ], [ 6.604167568210813, 46.516779375428648 ], [ 6.60417185591576, 46.516784417803741 ], [ 6.60417574524597, 46.516789097403787 ], [ 6.604180195261131, 46.516794599774215 ], [ 6.604184233871556, 46.516799739273772 ], [ 6.604189662621945, 46.516806841155166 ], [ 6.604215709842584, 46.516851761420959 ], [ 6.604236731437263, 46.516889636743535 ], [ 6.604248948386621, 46.516921302956234 ], [ 6.604262320835281, 46.516960003629528 ], [ 6.604273125514776, 46.517000430660254 ], [ 6.604276415349041, 46.517034667069105 ], [ 6.604275833379948, 46.517072374487405 ], [ 6.604271419998661, 46.517110935343773 ], [ 6.604264533220241, 46.517145105897463 ], [ 6.604249834174861, 46.517192353311295 ], [ 6.60423274336763, 46.51722907567266 ], [ 6.604201400069766, 46.517284108233966 ], [ 6.604170259841082, 46.517325980969858 ], [ 6.604132840941337, 46.517364308021961 ], [ 6.60411088602418, 46.517385197411699 ], [ 6.604077447152689, 46.517409663729289 ], [ 6.604071935293947, 46.517413851351542 ], [ 6.604065687220518, 46.517418456374436 ], [ 6.604059874972658, 46.517422686766686 ], [ 6.60405441995321, 46.51742656893844 ], [ 6.604047978646722, 46.517431028600996 ], [ 6.604041933797896, 46.517435131335539 ], [ 6.604035824769571, 46.51743917062479 ], [ 6.604029651006267, 46.517443182449099 ], [ 6.604023425954741, 46.517447139919049 ], [ 6.604017610113689, 46.517450758547199 ], [ 6.604010769449853, 46.517454918397732 ], [ 6.604004364056778, 46.517458739598155 ], [ 6.60399786828507, 46.517462506156605 ], [ 6.603991334116428, 46.517466227451578 ], [ 6.603985248387923, 46.51746960119732 ], [ 6.603978598196191, 46.517473240672935 ], [ 6.603971910163061, 46.517476798904738 ], [ 6.603964605962503, 46.517480595497439 ], [ 6.603958314526055, 46.517483787806022 ], [ 6.603950907887923, 46.51748746669471 ], [ 6.603944513458664, 46.517490577279659 ], [ 6.60393700438301, 46.517494138464308 ], [ 6.603929969113853, 46.517497397266965 ], [ 6.603923420542648, 46.517500362778748 ], [ 6.603916295866379, 46.517503503973273 ], [ 6.6039091065941, 46.517506608707585 ], [ 6.603901879202783, 46.517509650188181 ], [ 6.603894600523407, 46.517512637314226 ], [ 6.603887283586138, 46.517515570181679 ], [ 6.603879915499738, 46.51751843969943 ], [ 6.603872482817381, 46.517521272756923 ], [ 6.603865038215269, 46.517524033757368 ], [ 6.60385751612597, 46.517526749206553 ], [ 6.603849955917752, 46.517529401401923 ], [ 6.603842370342994, 46.51753200842959 ], [ 6.603834733897003, 46.517534534117381 ], [ 6.603827071945606, 46.517537023632578 ], [ 6.60381876971001, 46.517539625384686 ], [ 6.603811018629653, 46.517541979301178 ], [ 6.603803242321755, 46.517544279054775 ], [ 6.603800244802362, 46.517545138614189 ], [ 6.603796029921694, 46.517546349058989 ], [ 6.603788150899276, 46.517548549098464 ], [ 6.603780260235185, 46.517550659090567 ], [ 6.60377234420471, 46.517552723914918 ], [ 6.603764376747574, 46.517554743379669 ], [ 6.603755782591834, 46.517556839196587 ], [ 6.60374839304488, 46.517558566041807 ], [ 6.603739722651804, 46.517560535350803 ], [ 6.603731642088441, 46.517562284097508 ], [ 6.603724150521411, 46.51756386625248 ], [ 6.603716045702714, 46.517565497870095 ], [ 6.603707249034521, 46.517567205360066 ], [ 6.603699054809695, 46.517568719368995 ], [ 6.603690861417981, 46.517570179406761 ], [ 6.603683270330909, 46.517571454958748 ], [ 6.603674386617447, 46.517572891922136 ], [ 6.603666118099925, 46.517574153490749 ], [ 6.603658477252901, 46.51757527574091 ], [ 6.603649218303081, 46.517576539014307 ], [ 6.603588253293351, 46.517585167334865 ], [ 6.603501363121292, 46.517592444268487 ], [ 6.603412988303133, 46.517589535601935 ], [ 6.603342699783352, 46.51758335951267 ], [ 6.603243120320998, 46.51756341953412 ] ], [ [ 6.583677803981138, 46.520777645017738 ], [ 6.583674802262803, 46.52078285814752 ], [ 6.583670634533894, 46.520788458320041 ], [ 6.583666418294418, 46.520793005578959 ], [ 6.583661249375453, 46.520797635619545 ], [ 6.583655012632541, 46.52080221263185 ], [ 6.583648631041257, 46.520806059865222 ], [ 6.583641760961096, 46.520809480598466 ], [ 6.58363504474796, 46.520812236776884 ], [ 6.58362739414989, 46.52081474301729 ], [ 6.583619438776451, 46.520816743176617 ], [ 6.583610603560474, 46.520818340874428 ], [ 6.583602261727347, 46.520819231595262 ], [ 6.583594449524652, 46.520819595535229 ], [ 6.583585329594147, 46.520819418846536 ], [ 6.583570095580706, 46.520817711713264 ], [ 6.583561743880785, 46.520815930504526 ], [ 6.583554530281303, 46.520813878992946 ], [ 6.583547013758101, 46.520811204464373 ], [ 6.58353935295892, 46.520807764176276 ], [ 6.583532724732687, 46.520804133755568 ], [ 6.583527075675054, 46.520800393764979 ], [ 6.583521502301997, 46.520795988630567 ], [ 6.583516559820217, 46.520791246398019 ], [ 6.58351198012994, 46.520785814197346 ], [ 6.583508695277947, 46.520780913532214 ], [ 6.583505863010596, 46.52077541353728 ], [ 6.583503763462272, 46.520769730146313 ], [ 6.583502447191154, 46.520763962697956 ], [ 6.583501907853756, 46.520757688326093 ], [ 6.583502201580155, 46.520752301854735 ], [ 6.583503355974459, 46.520746058241755 ], [ 6.583505256911364, 46.520740405004695 ], [ 6.583507684715326, 46.520735223537933 ], [ 6.583511066761828, 46.520729860344858 ], [ 6.583515441858637, 46.520724333710206 ], [ 6.583520222702217, 46.520719520828436 ], [ 6.583525650109212, 46.520715027684588 ], [ 6.583531183979556, 46.520711219049225 ], [ 6.583538194038415, 46.520707187640511 ], [ 6.583544641005686, 46.520704150558331 ], [ 6.583552036238743, 46.520701309541813 ], [ 6.583560390918735, 46.520698781624922 ], [ 6.583568434505324, 46.520696971053532 ], [ 6.58357606445914, 46.520695769101252 ], [ 6.583585095914436, 46.520694946552965 ], [ 6.583592905253695, 46.520694762514928 ], [ 6.58360203534862, 46.520695119202507 ], [ 6.583609750852577, 46.520695924030981 ], [ 6.583617965313527, 46.520697317368167 ], [ 6.583626573062013, 46.520699388378972 ], [ 6.583634262247273, 46.520701857292536 ], [ 6.583641022399284, 46.520704562099695 ], [ 6.583647941568035, 46.520707924822716 ], [ 6.583654835614225, 46.520712052027534 ], [ 6.583660685483384, 46.520716279316424 ], [ 6.583665545006009, 46.520720499141646 ], [ 6.583670518051297, 46.520725781366103 ], [ 6.583674424129459, 46.520730956592139 ], [ 6.583677648476436, 46.520736387568419 ], [ 6.583679912805843, 46.520741541425885 ], [ 6.583681757244767, 46.520747699686112 ], [ 6.583682655692387, 46.520753517960379 ], [ 6.583682745655548, 46.520759366126384 ], [ 6.583682067364777, 46.520765172518331 ], [ 6.583680568696225, 46.52077093674334 ], [ 6.583677803981138, 46.520777645017738 ], [ 6.583948432509438, 46.520840507029391 ], [ 6.5843883914511, 46.520952107139799 ], [ 6.584893162280107, 46.521107482674324 ], [ 6.585219285021359, 46.521221614371377 ], [ 6.585297521639892, 46.521247895827671 ], [ 6.585375784254465, 46.521274186421181 ], [ 6.585802736216689, 46.521417610450314 ], [ 6.586436147415755, 46.521658968444719 ], [ 6.587504165490911, 46.522046883549926 ], [ 6.58832268386996, 46.522339583951144 ], [ 6.588640154944185, 46.522450357278458 ], [ 6.589452601902487, 46.522754492006662 ], [ 6.589525701846861, 46.522782810174327 ], [ 6.589773739136, 46.522875275269456 ] ], [ [ 6.583505256911364, 46.520740405004695 ], [ 6.582821340357252, 46.520603742362354 ], [ 6.582788771255736, 46.520597226362284 ], [ 6.582277668091094, 46.520495086709161 ], [ 6.582180129748223, 46.520475593462422 ], [ 6.58202858765566, 46.520442791922193 ], [ 6.58098643582939, 46.520254977496947 ], [ 6.580059843217989, 46.520086362196274 ], [ 6.579453394765569, 46.519971793159591 ], [ 6.579088411405858, 46.519898129837806 ], [ 6.578629591363178, 46.519796144873808 ], [ 6.578089589487288, 46.519672428328377 ], [ 6.577634312462166, 46.519563422208599 ], [ 6.577278142974207, 46.519471827632024 ], [ 6.577253586587385, 46.519465523805394 ], [ 6.576769736439567, 46.519337531281217 ], [ 6.576208092650874, 46.519185492363604 ], [ 6.575363939654715, 46.518958594388153 ], [ 6.574737970537333, 46.518793140167183 ], [ 6.574612370955649, 46.518757089680868 ], [ 6.574058098063127, 46.518597971223137 ], [ 6.573855016401941, 46.518534727758876 ], [ 6.572888267379867, 46.518233701937646 ], [ 6.572362535407189, 46.518067829904908 ], [ 6.57219214891295, 46.518013064571171 ], [ 6.57141401737331, 46.517762981302269 ], [ 6.570966440506694, 46.517618535251302 ], [ 6.570702639082984, 46.517541444385536 ], [ 6.570466108539787, 46.517485774533981 ], [ 6.57023026778825, 46.517443981535635 ], [ 6.570042570927843, 46.517409204829953 ], [ 6.569797682222761, 46.517380673952403 ] ], [ [ 6.590748786871908, 46.523245803016181 ], [ 6.591167077669097, 46.523423156263902 ], [ 6.591413861911926, 46.523516103158627 ], [ 6.591642483550991, 46.523600430573616 ], [ 6.59180407812155, 46.523662189755271 ], [ 6.591875375613651, 46.523688414832861 ], [ 6.592195843650053, 46.523798525759425 ], [ 6.592552119915561, 46.523662696917789 ], [ 6.593239904195664, 46.523397706407962 ], [ 6.593831063574303, 46.523166357509012 ], [ 6.594330399795734, 46.522970945473922 ], [ 6.594653205429393, 46.522824533479557 ], [ 6.595397726100135, 46.522486894614978 ], [ 6.595429201563183, 46.522472617813357 ], [ 6.596116627177432, 46.522194464092706 ], [ 6.596262521133318, 46.522127230923232 ], [ 6.59650581934496, 46.522004081067799 ], [ 6.596722649668242, 46.521875741437441 ], [ 6.596854298013976, 46.521791722997158 ], [ 6.596986204767025, 46.52169108149711 ], [ 6.597076648116289, 46.521621807614636 ], [ 6.597333098386153, 46.521425399228406 ], [ 6.597733906311558, 46.521106795569281 ], [ 6.598441240321946, 46.520551218344487 ], [ 6.598889695690305, 46.52019896723818 ], [ 6.599773234834643, 46.519488333554243 ], [ 6.599786721718589, 46.519477503001177 ], [ 6.59994101175282, 46.519333680364227 ], [ 6.600102455313464, 46.519196594513225 ], [ 6.600205499417357, 46.519087378617492 ], [ 6.600279279350751, 46.518999618011804 ], [ 6.600543492668382, 46.518771647553322 ], [ 6.600836541385316, 46.518550528587632 ], [ 6.601129393935749, 46.518342757667398 ], [ 6.601306633178527, 46.518237183196661 ], [ 6.601538186259071, 46.518132576011013 ], [ 6.601574604253399, 46.518116120961842 ], [ 6.601756935995613, 46.518030833628622 ], [ 6.601890487551688, 46.517978498821755 ], [ 6.602041029367922, 46.517921296316302 ], [ 6.602217997571466, 46.517870936591073 ], [ 6.602431176017289, 46.5178208705034 ], [ 6.60289575398209, 46.517744318658124 ], [ 6.602948514384982, 46.517715973759799 ], [ 6.602980653487035, 46.517672786280606 ], [ 6.603001470862925, 46.517620141444361 ], [ 6.603034009989776, 46.517476875143693 ] ], [ [ 6.559921267055455, 46.514896662368642 ], [ 6.560434829559787, 46.515118418515883 ], [ 6.560501823718567, 46.515149641050982 ], [ 6.561016569416873, 46.515389512970252 ], [ 6.561299146731772, 46.515517456141119 ], [ 6.562491404421597, 46.516060763899404 ], [ 6.56355183262602, 46.516516355081997 ], [ 6.563775149089793, 46.516597117777678 ], [ 6.563841365255777, 46.516621081404836 ], [ 6.564210651870089, 46.516736281547473 ], [ 6.564671319330993, 46.516852157518237 ], [ 6.565163746516762, 46.516944652228354 ], [ 6.565334515722538, 46.51697750749279 ], [ 6.565559909821656, 46.517058201670473 ] ], [ [ 6.565681596251856, 46.517082573112106 ], [ 6.565681768108237, 46.517088071088246 ], [ 6.565680794010623, 46.51709432491986 ], [ 6.565678825754402, 46.517100004343234 ], [ 6.56567609875049, 46.517105057193021 ], [ 6.565672222638194, 46.517110254134892 ], [ 6.565667030641742, 46.517115431954636 ], [ 6.565661818436306, 46.517119440117803 ], [ 6.565655448885059, 46.517123295436129 ], [ 6.565648450159308, 46.517126570158212 ], [ 6.565640901165345, 46.517129219910267 ], [ 6.565632933220011, 46.517131182729692 ], [ 6.565617657337492, 46.51713297235991 ], [ 6.565609630427364, 46.517132937576406 ], [ 6.565600587075765, 46.517132094311847 ], [ 6.565592414598139, 46.517130583036661 ], [ 6.565584579346153, 46.517128363659481 ], [ 6.56557721060316, 46.51712550014846 ], [ 6.565570915694642, 46.517122312043206 ], [ 6.565564751420866, 46.517118297296307 ], [ 6.565558965497086, 46.517113448817938 ], [ 6.565554471576534, 46.517108484336489 ], [ 6.565550921335682, 46.517103185263529 ], [ 6.565548352992661, 46.517097605870156 ], [ 6.56554692678528, 46.517092314147853 ], [ 6.565546337591319, 46.517086030293534 ], [ 6.565546913832258, 46.517080205216686 ], [ 6.56554854404853, 46.517074478213033 ], [ 6.565551201163021, 46.51706891204725 ], [ 6.565554831021837, 46.517063632248757 ], [ 6.565559909821656, 46.517058201670473 ], [ 6.565565679601148, 46.51705355907567 ], [ 6.565571458879856, 46.517049942116003 ], [ 6.565578368278945, 46.517046549761169 ], [ 6.565586404312089, 46.517043597892048 ], [ 6.56559433460888, 46.517041544824643 ], [ 6.565601939403328, 46.517040280913783 ], [ 6.56561605162837, 46.517039534881526 ], [ 6.565623980052273, 46.517040018714816 ], [ 6.565632885100379, 46.517041355702091 ], [ 6.565640257944317, 46.517043157694275 ], [ 6.565647852691613, 46.517045744059502 ], [ 6.565654902753072, 46.51704897395625 ], [ 6.565661317935757, 46.517052783717432 ], [ 6.565667020931372, 46.517057118771255 ], [ 6.56567188274737, 46.517061897159863 ], [ 6.565676080284057, 46.517067462098623 ], [ 6.565678989015871, 46.517072945150552 ], [ 6.565681596251856, 46.517082573112106 ], [ 6.565852162448088, 46.517065893174824 ], [ 6.566070643086732, 46.517059063482975 ], [ 6.566711257047957, 46.517099029057981 ], [ 6.567514594746867, 46.517156154865944 ], [ 6.568165596919852, 46.517209884140158 ], [ 6.568876579773733, 46.517283375302227 ], [ 6.569619672196754, 46.517357009014283 ], [ 6.569797682222761, 46.517380673952403 ] ], [ [ 6.605476021512687, 46.517421734469515 ], [ 6.605255602964423, 46.517473426328003 ], [ 6.60515127838646, 46.517507654729414 ], [ 6.605039478228711, 46.51755847990276 ], [ 6.604944474672925, 46.517614439243857 ], [ 6.604859139599785, 46.517670451577843 ], [ 6.60472734665666, 46.517764463764884 ], [ 6.604627393256203, 46.517830372141198 ], [ 6.604564254135916, 46.517854899122312 ], [ 6.604481842988315, 46.517877611081857 ], [ 6.604392469436144, 46.517881964694951 ], [ 6.604310598065444, 46.517869694625062 ], [ 6.604236164130067, 46.517844155960958 ], [ 6.60417637413457, 46.517808730288905 ], [ 6.604142774517112, 46.517779434683966 ], [ 6.604124519495615, 46.517767461511738 ], [ 6.604106966750035, 46.517728568141784 ], [ 6.604087108626077, 46.5176701812278 ], [ 6.604076656732966, 46.51760436974967 ], [ 6.603951827081152, 46.517487014656425 ] ], [ [ 6.604124519495615, 46.517767461511738 ], [ 6.604049784892178, 46.517735245397198 ], [ 6.603934590200799, 46.517694383139755 ], [ 6.603884123030439, 46.517679743953721 ], [ 6.603800244802362, 46.517545138614189 ] ] ] } },
{ "type": "Feature", "properties": { "CADRE_NO": "10.020", "DDT_URL": null, "ETC_NOM": "Transports publics de la région lausannoise", "ETC_SIGLE": "TL", "ETC_URL": "https://www.t-l.ch", "GO_CENTRE": 0, "HORAIR_URL": "https://www.tableaux-horaires.ch/fileadmin/fap_pdf_fields/2025/10.020.pdf", "LIGNE_NO": "20", "LIGNE_NOM": "Lausanne gare - Blécherette", "LIGNE_SIGL": null, "LIGNE_TYPE": "Bus urbain", "PLAN_URL": "https://prestations.vd.ch/pub/101587/api/download/2_Cartographie_et_geodonnees/2.1_Carte_des_reseaux/Carte_des_lignes_TP/topo/ligne_10.020.pdf", "SHAPE_LEN": 3892.024 }, "geometry": { "type": "MultiLineString", "coordinates": [ [ [ 6.628405142920963, 46.531574504345976 ], [ 6.628386891181139, 46.531503394973143 ], [ 6.628361041206205, 46.531456556726603 ], [ 6.628308766844637, 46.531401199397024 ], [ 6.628180591802782, 46.531255339162882 ], [ 6.627947281471176, 46.53103540062866 ], [ 6.62748562892902, 46.530590564768978 ], [ 6.627002056306573, 46.530157238083824 ] ], [ [ 6.627002056306573, 46.530157238083824 ], [ 6.62664951979212, 46.52983981699429 ], [ 6.626401831123356, 46.529616443733964 ], [ 6.626282784120114, 46.529505632375916 ], [ 6.626237772133923, 46.529448661781018 ], [ 6.626221419374594, 46.529411876671745 ], [ 6.626205216590587, 46.529365115981513 ], [ 6.626208328924305, 46.529318484598157 ], [ 6.626211442304226, 46.529273517496932 ], [ 6.626229147526121, 46.529220324507662 ], [ 6.626261068804542, 46.529183903038557 ], [ 6.626305233941509, 46.529135901306923 ], [ 6.626405371099353, 46.529059980600813 ], [ 6.626654467257797, 46.528868491765969 ], [ 6.626808362431813, 46.528747948035623 ], [ 6.626942554565581, 46.528653945517071 ], [ 6.626993852884287, 46.528614324923872 ], [ 6.627030720662197, 46.528569599263598 ], [ 6.627048249659553, 46.528528072806175 ], [ 6.627053346952636, 46.528509784254709 ], [ 6.627064218089629, 46.528429886874143 ], [ 6.627036709994444, 46.528333063220877 ], [ 6.62688347347392, 46.528087030729033 ], [ 6.626584289441456, 46.527595044244592 ], [ 6.626575848970689, 46.527581660638738 ] ], [ [ 6.626575848970689, 46.527581660638738 ], [ 6.626431032849035, 46.527352357502039 ], [ 6.626379214062154, 46.527265345285727 ] ], [ [ 6.625726083512513, 46.524948035847075 ], [ 6.625650359276364, 46.52484753777118 ], [ 6.625285254192566, 46.524405048412802 ], [ 6.625192968398757, 46.524282759719839 ], [ 6.62516027180243, 46.524235745648362 ], [ 6.625112636972136, 46.524167231764167 ], [ 6.62500705147108, 46.523964863366551 ], [ 6.624887440038942, 46.523732401316629 ] ], [ [ 6.620655902482629, 46.542081322495214 ], [ 6.62099907137404, 46.542222074137428 ], [ 6.621132559107538, 46.542262825436637 ] ], [ [ 6.621132559107538, 46.542262825436637 ], [ 6.621290964474315, 46.54231115980933 ], [ 6.621342754864521, 46.542337540455357 ], [ 6.621371351762332, 46.542364761618956 ], [ 6.621382594831479, 46.542386864985062 ], [ 6.621383674602231, 46.542412880426589 ], [ 6.621365908317364, 46.542436754028344 ], [ 6.621323550854873, 46.542456465269929 ], [ 6.621254528025871, 46.542469507271164 ], [ 6.621108782086019, 46.54247112931516 ], [ 6.62091581029158, 46.542298102860897 ], [ 6.62074890232709, 46.542158630369016 ], [ 6.620655902482629, 46.542081322495214 ] ], [ [ 6.623132631759653, 46.521168924678484 ], [ 6.623236751456814, 46.521331134864653 ], [ 6.623315020931012, 46.52144976204827 ], [ 6.624459081854036, 46.52307304565425 ], [ 6.624603705754999, 46.523284375938417 ] ], [ [ 6.624603705754999, 46.523284375938417 ], [ 6.624780148145256, 46.523542201149624 ], [ 6.624802269966949, 46.52358343596223 ] ], [ [ 6.624802269966949, 46.52358343596223 ], [ 6.624809889088676, 46.523597632461751 ], [ 6.624812170862302, 46.523601894981461 ], [ 6.624830194194928, 46.523633150719228 ], [ 6.624887440038942, 46.523732401316629 ] ], [ [ 6.62257304013284, 46.520023584987072 ], [ 6.622545917910815, 46.520061713210552 ], [ 6.622528337817558, 46.520106576175699 ], [ 6.622527457678833, 46.520164873489648 ], [ 6.622533785059791, 46.520226578195079 ], [ 6.622554425964054, 46.520298371526621 ], [ 6.622842585752444, 46.520716971959779 ], [ 6.62289610208567, 46.520800381681823 ] ], [ [ 6.62289610208567, 46.520800381681823 ], [ 6.623132631759653, 46.521168924678484 ] ], [ [ 6.620655902482629, 46.542081322495214 ], [ 6.620412614558591, 46.541882950376291 ] ], [ [ 6.628405142920963, 46.531574504345976 ], [ 6.628256680481609, 46.531654084941124 ], [ 6.628096045459491, 46.531739578774236 ], [ 6.627614264534945, 46.531991057999242 ], [ 6.627502168475345, 46.532061901475039 ], [ 6.627355874389016, 46.532157500432007 ], [ 6.627226434849105, 46.532256530289104 ], [ 6.62700638629686, 46.532441562131133 ], [ 6.626822593010028, 46.532621869125094 ], [ 6.626677756460346, 46.532780783051592 ], [ 6.626589182609854, 46.532891772531038 ], [ 6.626525035458301, 46.532984620756785 ], [ 6.6264802284669, 46.533074269831694 ], [ 6.626442530917084, 46.533173973416268 ], [ 6.62624504327231, 46.533622417528996 ], [ 6.626167759958475, 46.533785160996004 ], [ 6.626139907911189, 46.533827324097523 ] ], [ [ 6.626139907911189, 46.533827324097523 ], [ 6.626061526696681, 46.533946005840782 ], [ 6.625950356615701, 46.534113499317762 ], [ 6.625859142243251, 46.534239465797484 ], [ 6.625622919617165, 46.534534347239081 ], [ 6.625465741963763, 46.534711496256186 ], [ 6.625325944086153, 46.534855457153519 ], [ 6.625176576446593, 46.534996002739469 ], [ 6.62502250852964, 46.535124864510806 ], [ 6.624880950364466, 46.535227151412442 ], [ 6.624771167179884, 46.535303001666307 ], [ 6.624379429672904, 46.535534620176378 ], [ 6.623996067376478, 46.535788958607455 ], [ 6.623895814739408, 46.535873215815641 ], [ 6.623804981319344, 46.535972537038596 ], [ 6.623669899317261, 46.536124842185124 ], [ 6.623610477695443, 46.536222724572369 ], [ 6.623593826823789, 46.5362549548814 ] ], [ [ 6.623593826823789, 46.5362549548814 ], [ 6.623560740088632, 46.536318985225023 ], [ 6.623510762548613, 46.536430276582436 ], [ 6.623480417128455, 46.536521701665542 ], [ 6.623452231878166, 46.536629794002373 ], [ 6.623403801266189, 46.536858000482773 ], [ 6.62339505674326, 46.536899292639276 ], [ 6.623312407092675, 46.537255258459062 ], [ 6.623247882564724, 46.537531370314021 ], [ 6.62321520006992, 46.537617776715919 ], [ 6.623140426360017, 46.537772187869223 ], [ 6.6230487585968, 46.537926486553935 ], [ 6.622967478457631, 46.538032550883798 ], [ 6.622891386545182, 46.538115298629663 ], [ 6.622820129363304, 46.538196425804436 ], [ 6.622758934389709, 46.53825263416941 ], [ 6.62266349828486, 46.538336924955317 ], [ 6.622526712121546, 46.538440907587336 ], [ 6.622267679559775, 46.538619172951151 ] ], [ [ 6.622267679559775, 46.538619172951151 ], [ 6.622260763341913, 46.538623936099654 ], [ 6.62206796687511, 46.538759181445883 ], [ 6.621953248777248, 46.538841659629675 ], [ 6.62182106942796, 46.538960671048194 ], [ 6.621652135162777, 46.539114412470369 ], [ 6.621561418264996, 46.539205393424517 ], [ 6.621473024992449, 46.539303048139736 ], [ 6.621386967048961, 46.539405739419045 ], [ 6.621320365613108, 46.539498567121697 ], [ 6.621238928826982, 46.539614605773778 ], [ 6.621177074366485, 46.539712469407419 ], [ 6.621060890947304, 46.539891572058863 ], [ 6.620991650013537, 46.539999368030266 ], [ 6.620522523296263, 46.540684115322478 ], [ 6.620406410481861, 46.540856551739182 ], [ 6.620218541144672, 46.54114510478469 ], [ 6.620205978189194, 46.541178344667777 ], [ 6.620185699258145, 46.541239848568168 ], [ 6.620172328858942, 46.541326393403544 ], [ 6.620166445693895, 46.541396331492336 ], [ 6.620179477361068, 46.541491388111169 ], [ 6.620206854447009, 46.541598216099317 ], [ 6.620248966084277, 46.541686825316773 ], [ 6.620317493793924, 46.541785628637854 ], [ 6.620412614558591, 46.541882950376291 ] ], [ [ 6.628298452368905, 46.517514472054593 ], [ 6.628454348179831, 46.517487589793618 ] ], [ [ 6.630121155628039, 46.517238191094364 ], [ 6.630264047331266, 46.517222431784504 ] ], [ [ 6.630264047331266, 46.517222431784504 ], [ 6.630262591693, 46.517216942798584 ], [ 6.630262360097029, 46.517210643892263 ], [ 6.630263352239204, 46.517205298295075 ], [ 6.630265651697655, 46.517199674139668 ], [ 6.630269502816009, 46.517193989073121 ], [ 6.630274227741385, 46.517189128876666 ], [ 6.630279512540366, 46.517185172277713 ], [ 6.630286647480705, 46.517181237858921 ], [ 6.630294001090517, 46.517178366535369 ], [ 6.630301928949442, 46.517176308950631 ], [ 6.630309569321605, 46.517175175912911 ], [ 6.630317993232418, 46.517174804128778 ], [ 6.630326416723275, 46.517175331949012 ], [ 6.630335268039962, 46.517176879374162 ], [ 6.630342442759942, 46.517178999597078 ], [ 6.630349293325539, 46.517181882176466 ], [ 6.630355624285215, 46.517185525719796 ], [ 6.630361626114653, 46.517190264439265 ], [ 6.630365793119005, 46.517194828155127 ], [ 6.630369231632042, 46.517200178335067 ], [ 6.630371525631189, 46.517206249042296 ], [ 6.630372305146364, 46.517214252111479 ] ], [ [ 6.630372305146364, 46.517214252111479 ], [ 6.630371318109871, 46.517220128514587 ], [ 6.630369057886409, 46.5172257439555 ], [ 6.630365882610266, 46.517230678170364 ], [ 6.630360943020692, 46.517235950660691 ], [ 6.63035527443112, 46.517240300356235 ], [ 6.630348729475335, 46.517243996089121 ], [ 6.630342029114621, 46.517246755122038 ], [ 6.630334190036867, 46.517248975271706 ], [ 6.630325437923938, 46.51725037926758 ], [ 6.630317638775337, 46.517250800484717 ], [ 6.630308576123749, 46.517250313089733 ], [ 6.630300334656511, 46.517248940933889 ], [ 6.630292509901817, 46.517246717119342 ], [ 6.630285800779402, 46.517243961489591 ], [ 6.630278784735442, 46.51723994422111 ], [ 6.63027320779072, 46.517235550376128 ], [ 6.630268988266992, 46.517231013270766 ], [ 6.630264047331266, 46.517222431784504 ] ], [ [ 6.628298452368905, 46.517514472054593 ], [ 6.628299053437241, 46.517520449746769 ], [ 6.628298093309167, 46.517526254357087 ], [ 6.628295637674524, 46.517531850370247 ], [ 6.628291754785163, 46.517537031363872 ], [ 6.628286577100203, 46.517541654346829 ], [ 6.628280827752877, 46.517545292672764 ], [ 6.628273678289549, 46.51754844420396 ], [ 6.628265238345496, 46.517550749880101 ], [ 6.628258120703761, 46.517551778562314 ], [ 6.628249008681429, 46.517551974352735 ], [ 6.628240656236485, 46.517551051058668 ], [ 6.628231581567267, 46.517548755199869 ] ], [ [ 6.628231581567267, 46.517548755199869 ], [ 6.628224277707956, 46.517545689332209 ], [ 6.628218414858035, 46.517542120982355 ], [ 6.628212754794272, 46.517537195672574 ], [ 6.628209099089569, 46.517532437615785 ], [ 6.628206335153234, 46.517526435474593 ], [ 6.628205504068961, 46.517516677783952 ] ], [ [ 6.628205504068961, 46.517516677783952 ], [ 6.628206887865089, 46.517511299017109 ], [ 6.628209797946463, 46.517505814205506 ], [ 6.628214095515052, 46.517500789110628 ], [ 6.628220108752624, 46.517496064147373 ], [ 6.628226231793936, 46.517492707372789 ], [ 6.628234264203941, 46.517489769062408 ], [ 6.628241703732054, 46.517488130947775 ], [ 6.628250733701832, 46.517487322838207 ], [ 6.628259199143462, 46.517487662193489 ], [ 6.628267414130414, 46.517489061296622 ], [ 6.628275132168302, 46.517491446418148 ], [ 6.628281589869919, 46.51749445226136 ], [ 6.628288091823154, 46.517498852813013 ], [ 6.628292612783855, 46.517503266201118 ], [ 6.628296436758666, 46.517508970045867 ], [ 6.628298452368905, 46.517514472054593 ] ], [ [ 6.630121155628039, 46.517238191094364 ], [ 6.630134896349064, 46.517293587934738 ], [ 6.629494030422834, 46.517378988202516 ], [ 6.629453414278768, 46.517383997169325 ] ], [ [ 6.629453414278768, 46.517383997169325 ], [ 6.629225645311998, 46.517412077228961 ], [ 6.629097616555057, 46.517419484992857 ], [ 6.629073654595371, 46.517422759483772 ], [ 6.628459120116391, 46.517506560627979 ], [ 6.628454348179831, 46.517487589793618 ] ], [ [ 6.628454348179831, 46.517487589793618 ], [ 6.628433826134946, 46.517423067257113 ], [ 6.629304533359125, 46.517300998736957 ], [ 6.629471195029324, 46.517292202052772 ], [ 6.630114495694782, 46.517205137007622 ], [ 6.630121155628039, 46.517238191094364 ] ], [ [ 6.628231581567267, 46.517548755199869 ], [ 6.628150638725844, 46.517637651936127 ], [ 6.628070185698365, 46.517690387865734 ], [ 6.627975331743571, 46.517739701271267 ], [ 6.627875680410438, 46.517785642764174 ], [ 6.627168887277928, 46.518080491358035 ], [ 6.625988826821352, 46.5185502306025 ], [ 6.62536214487888, 46.51881400272466 ], [ 6.624776691047909, 46.519064717032272 ], [ 6.624611251434557, 46.519134734005107 ] ], [ [ 6.624611251434557, 46.519134734005107 ], [ 6.624033389832698, 46.519379291708169 ], [ 6.623831802313251, 46.519462811991943 ], [ 6.623401779217552, 46.519648001582219 ], [ 6.623098207511935, 46.519770775241284 ], [ 6.622677974157775, 46.519947693129467 ], [ 6.622617037980674, 46.519987251421824 ], [ 6.62257304013284, 46.520023584987072 ] ], [ [ 6.625726083512513, 46.524948035847075 ], [ 6.625985911168467, 46.525328119536688 ], [ 6.626153713771608, 46.525565918303954 ], [ 6.626366590075484, 46.525857350298708 ], [ 6.626515332494794, 46.526078351298878 ], [ 6.626812785251003, 46.526510582709179 ], [ 6.627174454483486, 46.527036112145666 ] ], [ [ 6.627174454483486, 46.527036112145666 ], [ 6.627054695805487, 46.527075396051721 ], [ 6.626970682584131, 46.527102952782521 ], [ 6.626682181680118, 46.527184210177992 ], [ 6.626379214062154, 46.527265345285727 ] ] ] } },
{ "type": "Feature", "properties": { "CADRE_NO": "10.041", "DDT_URL": null, "ETC_NOM": "Transports publics de la région lausannoise", "ETC_SIGLE": "TL", "ETC_URL": "https://www.t-l.ch", "GO_CENTRE": 0, "HORAIR_URL": "https://www.tableaux-horaires.ch/fileadmin/fap_pdf_fields/2025/10.041.pdf", "LIGNE_NO": "41", "LIGNE_NOM": "Lausanne Praz-Séchaud - Foyer - Praz-Berthoud - Montolieu", "LIGNE_SIGL": null, "LIGNE_TYPE": "Bus urbain", "PLAN_URL": "https://prestations.vd.ch/pub/101587/api/download/2_Cartographie_et_geodonnees/2.1_Carte_des_reseaux/Carte_des_lignes_TP/topo/ligne_10.041.pdf", "SHAPE_LEN": 4048.716 }, "geometry": { "type": "MultiLineString", "coordinates": [ [ [ 6.66079723017114, 46.533316374185944 ], [ 6.660798023217441, 46.533310181352839 ], [ 6.660799956138995, 46.533304491116056 ], [ 6.660802954615382, 46.533299033084873 ], [ 6.660807017222127, 46.533293906205948 ], [ 6.660812038262435, 46.533289208710926 ], [ 6.660817451834432, 46.533285314553872 ], [ 6.66082461235614, 46.533281405384095 ], [ 6.660831338827074, 46.533278671719245 ], [ 6.660845285293493, 46.533275141919532 ], [ 6.660853093633917, 46.533274223873136 ], [ 6.660861543707598, 46.533274002920002 ], [ 6.660869969354534, 46.533274573450086 ], [ 6.660878837988252, 46.533276064611925 ], [ 6.660886109478236, 46.533278030611243 ], [ 6.660893512044756, 46.533280852132108 ], [ 6.660900318111817, 46.533284362258669 ], [ 6.660906346756366, 46.533288451798455 ], [ 6.660911533455451, 46.533293075329127 ], [ 6.660915749421964, 46.533298124015644 ], [ 6.660918956459757, 46.533303534624011 ], [ 6.660921187974803, 46.533309703208957 ], [ 6.660922069774153, 46.533315457720803 ], [ 6.660921757836936, 46.533321734816653 ], [ 6.660920416897173, 46.533327051279485 ], [ 6.660917671215547, 46.533333059804654 ], [ 6.660914342407299, 46.533337921836122 ], [ 6.660905579525924, 46.533346291058812 ], [ 6.661125888983799, 46.533498565521754 ], [ 6.661854077873067, 46.534066722915519 ], [ 6.662295513259938, 46.5344296305041 ], [ 6.662493675554673, 46.53458426960524 ], [ 6.663088517018289, 46.535024860488512 ], [ 6.663413324188518, 46.535284150732359 ], [ 6.663469027297203, 46.535328602855472 ], [ 6.663499070049916, 46.535352566615721 ] ], [ [ 6.660905579525924, 46.533346291058812 ], [ 6.660898921633788, 46.533350599504658 ], [ 6.660892567707912, 46.533353713560714 ], [ 6.660884482840029, 46.533356635830685 ], [ 6.660876490027963, 46.533358596155196 ], [ 6.660868208695047, 46.533359771846143 ], [ 6.660861007418374, 46.533360172284837 ], [ 6.660852564451798, 46.533359898504671 ], [ 6.660844223857846, 46.533358851766437 ], [ 6.660835584170249, 46.533356849397329 ], [ 6.660828009175746, 46.533354233599603 ], [ 6.660821534869359, 46.533351220525091 ], [ 6.660815190428928, 46.533347335724812 ], [ 6.660809674774049, 46.533342925839534 ], [ 6.660805065979552, 46.533338000400619 ], [ 6.66080123745948, 46.533332297655342 ], [ 6.660798939190432, 46.533327145162559 ], [ 6.66079723017114, 46.533316374185944 ], [ 6.660708429163881, 46.533315765386675 ], [ 6.660582719168385, 46.533328244552898 ], [ 6.660297284127676, 46.533366265282751 ], [ 6.660064903385436, 46.533409660152515 ], [ 6.660017635326742, 46.53342064381809 ], [ 6.659842047453276, 46.533461450257498 ], [ 6.659662633877157, 46.533513529187026 ], [ 6.659473273367949, 46.533585537724413 ], [ 6.659416208156483, 46.53361239484483 ], [ 6.65933715947163, 46.53364959033371 ], [ 6.659091444650146, 46.533779514504346 ], [ 6.658899022043385, 46.533896490250122 ], [ 6.658504373601525, 46.534142041241218 ], [ 6.657812368967957, 46.534580480206742 ], [ 6.657410295070258, 46.534837626231948 ], [ 6.656998558674053, 46.53509471329285 ], [ 6.656877051041228, 46.535148860014445 ], [ 6.656731354981101, 46.535206177460651 ], [ 6.656612488380913, 46.535245336704783 ], [ 6.656486543148072, 46.535272788162651 ], [ 6.656302575864292, 46.535306505519344 ], [ 6.656159917443271, 46.535320518245854 ], [ 6.656068193464398, 46.535319885685411 ], [ 6.655962010262208, 46.53531582478108 ], [ 6.655834219312194, 46.535303275380606 ], [ 6.655713785089152, 46.535284119525379 ], [ 6.65555972138778, 46.535253072590834 ], [ 6.655405633874254, 46.535223680553635 ], [ 6.655217157407114, 46.535186242315902 ], [ 6.654892848378521, 46.535121831083693 ], [ 6.654028569324505, 46.534952588904517 ], [ 6.653691578618873, 46.534881942232872 ], [ 6.653193269646625, 46.53478184945763 ], [ 6.653015166039091, 46.534743966571973 ], [ 6.652841764410081, 46.534714437310186 ], [ 6.652607916755414, 46.534691164137378 ], [ 6.652566788623032, 46.534688513263184 ], [ 6.652492138160859, 46.534683695975865 ], [ 6.652361878546937, 46.534676118355392 ], [ 6.652295115154164, 46.534676645266593 ], [ 6.652248376868129, 46.534677014054033 ], [ 6.652154194229637, 46.534679689823321 ], [ 6.652009100673534, 46.534695353720274 ], [ 6.651965771000869, 46.534703347681564 ], [ 6.651817848445828, 46.534730659594814 ], [ 6.651701632895388, 46.534753198411082 ], [ 6.651587853108851, 46.534774071743378 ], [ 6.651214872683164, 46.534854778447318 ], [ 6.651026103240102, 46.534885125411144 ], [ 6.650871279336204, 46.534907377395932 ], [ 6.650685128297796, 46.534924409830552 ], [ 6.650511168502563, 46.534933196297686 ], [ 6.650305954501216, 46.534931770753666 ], [ 6.650103336807413, 46.534920368271052 ], [ 6.649912858505567, 46.534900719466314 ], [ 6.649681678920614, 46.534860798129529 ], [ 6.649491605257232, 46.534816142411159 ], [ 6.649313649967168, 46.534768269121663 ], [ 6.64915017270845, 46.534709134274841 ], [ 6.649102298069756, 46.534691807627119 ], [ 6.648965510430859, 46.53463588988761 ], [ 6.648797762074883, 46.534549736651684 ], [ 6.648618150397429, 46.534448522142064 ], [ 6.648448212696104, 46.534349029986267 ], [ 6.64829741843375, 46.534258001256283 ], [ 6.648204199559198, 46.534195710976427 ], [ 6.64811588630832, 46.534125124451677 ], [ 6.648029124699836, 46.534046506197519 ], [ 6.64798469845374, 46.53400114441326 ], [ 6.647897448850669, 46.533907796117809 ], [ 6.647787986524412, 46.533785982359817 ], [ 6.647688603884329, 46.533672883961664 ], [ 6.64754959128252, 46.53351099346974 ], [ 6.647404059400897, 46.533335023497607 ], [ 6.647363003989859, 46.53327140498714 ], [ 6.647308628101667, 46.533160500268913 ], [ 6.647289234648229, 46.533092633731208 ], [ 6.647288639553236, 46.53303713292938 ] ], [ [ 6.647146103260699, 46.533779095780979 ], [ 6.647146062173557, 46.533780121044423 ], [ 6.647168234611281, 46.533818454954329 ], [ 6.647170201390797, 46.5338826465143 ], [ 6.64717169817358, 46.533973589056735 ], [ 6.647198758780506, 46.534105399055484 ], [ 6.647228497495639, 46.53421723849609 ], [ 6.647300692457827, 46.534397681054202 ], [ 6.647403409416756, 46.534638322075601 ], [ 6.647510753154375, 46.534890663132948 ], [ 6.647664782894388, 46.535254961529901 ], [ 6.647734886188825, 46.535413735706534 ], [ 6.647789145611578, 46.535500745862159 ], [ 6.647862197381588, 46.5356228815942 ], [ 6.647947441281976, 46.535736780886566 ], [ 6.6481278588811, 46.535947969768756 ], [ 6.64817058527407, 46.535998258470997 ], [ 6.648289665314783, 46.536109046668145 ], [ 6.64845890353047, 46.536258516200206 ], [ 6.648699870831145, 46.536456793623238 ], [ 6.648814313375856, 46.536555899085151 ], [ 6.648783009812995, 46.536568644501813 ], [ 6.648685584268706, 46.536608322587966 ], [ 6.648250004922942, 46.536840212294187 ], [ 6.647984822278044, 46.53697831644633 ], [ 6.647787785162305, 46.537078580762618 ], [ 6.647262321090143, 46.537348172427777 ], [ 6.64722503368773, 46.537370663392764 ], [ 6.647035767587378, 46.537484879519383 ], [ 6.646916205360466, 46.537570686364887 ], [ 6.646825717529457, 46.537650020895832 ], [ 6.646730209403748, 46.537740988200504 ], [ 6.646649135610283, 46.537837066970503 ], [ 6.646582493241778, 46.537934901688708 ], [ 6.646550165143368, 46.537999663514604 ], [ 6.646492644121786, 46.538134220761002 ], [ 6.646487601415151, 46.538149172981583 ], [ 6.646472424092117, 46.538197384825814 ], [ 6.646449411320186, 46.538283865149097 ], [ 6.64643587519173, 46.538383743774602 ], [ 6.646401237855913, 46.538605092705865 ], [ 6.646361252618206, 46.538863072194651 ], [ 6.646327754489894, 46.539065366422946 ], [ 6.64632682303996, 46.539071099400324 ], [ 6.646270514729637, 46.539287313169268 ], [ 6.64624417440589, 46.539437075431046 ] ], [ [ 6.649516883057879, 46.541956902688327 ], [ 6.64970570310974, 46.541719739466387 ], [ 6.649757697037081, 46.541542807499177 ], [ 6.649749487469651, 46.541363992691132 ], [ 6.649588032642795, 46.541066594127209 ], [ 6.648821806345783, 46.540110390237402 ], [ 6.648055580048715, 46.53946287252878 ], [ 6.646928132782828, 46.539500519118832 ], [ 6.646238529115355, 46.539455343208012 ] ], [ [ 6.645112975647248, 46.544833730911328 ], [ 6.645098136289251, 46.54485694491661 ], [ 6.644976992246357, 46.544998523272788 ], [ 6.644936003188757, 46.545035597220981 ], [ 6.644916701238555, 46.545043954503107 ], [ 6.644878146385767, 46.545038692049559 ], [ 6.644854259920164, 46.545021864300018 ], [ 6.644845040218205, 46.544991806982985 ], [ 6.644869576139355, 46.544965314298054 ], [ 6.644905753605663, 46.544945137289595 ], [ 6.64502296214815, 46.544879764019058 ], [ 6.645112975647248, 46.544833730911328 ], [ 6.645177204462158, 46.544735871141398 ], [ 6.645224070814804, 46.544667891784044 ], [ 6.645273117400762, 46.544616579337827 ], [ 6.646224846502182, 46.543093765969445 ], [ 6.646186259834826, 46.543057212565856 ], [ 6.646256172611664, 46.54306756939306 ], [ 6.64641033440221, 46.543090425099798 ], [ 6.646525874697847, 46.543116213628771 ], [ 6.646754186928015, 46.543189460489366 ], [ 6.646896085617116, 46.543227109428862 ], [ 6.647182876866212, 46.543313456806381 ], [ 6.647309605698466, 46.543351620157772 ], [ 6.647850568614323, 46.543512012089927 ], [ 6.648107853415159, 46.54358710435914 ], [ 6.648177397310284, 46.543454312323 ], [ 6.648269612111341, 46.543258336967561 ], [ 6.64835881640698, 46.543102345998228 ], [ 6.648452747897061, 46.542954718215483 ], [ 6.648563488041106, 46.542812191188133 ], [ 6.648646025788908, 46.54272148288311 ], [ 6.649229237571278, 46.542200360995949 ], [ 6.649341447855213, 46.542121166628213 ], [ 6.649427019141752, 46.542048434976515 ], [ 6.649520105618604, 46.541957448564524 ] ], [ [ 6.647190026272512, 46.533727917746361 ], [ 6.647169778745539, 46.533755745244349 ] ] ] } },
{ "type": "Feature", "properties": { "CADRE_NO": "10.360", "DDT_URL": null, "ETC_NOM": "CarPostal", "ETC_SIGLE": "CarPostal", "ETC_URL": "https://www.postauto.ch/fr", "GO_CENTRE": 0, "HORAIR_URL": "https://www.tableaux-horaires.ch/fileadmin/fap_pdf_fields/2025/10.360.pdf", "LIGNE_NO": "360", "LIGNE_NOM": "(Epalinges Croisettes - Montpreveyres -) Mézières VD - Servion - Lausanne Sallaz", "LIGNE_SIGL": null, "LIGNE_TYPE": "Bus régional", "PLAN_URL": "https://prestations.vd.ch/pub/101587/api/download/2_Cartographie_et_geodonnees/2.1_Carte_des_reseaux/Carte_des_lignes_TP/topo/ligne_10.360.pdf", "SHAPE_LEN": 34982.85 }, "geometry": { "type": "MultiLineString", "coordinates": [ [ [ 6.677019393205109, 46.536065217904678 ], [ 6.676739599047878, 46.535875898484626 ], [ 6.676349924923655, 46.535618370081345 ], [ 6.675988309994279, 46.535374522942327 ], [ 6.675648151885757, 46.535150295296596 ], [ 6.675338135513982, 46.53494726609447 ], [ 6.675088092437443, 46.534804634088978 ], [ 6.674893948567358, 46.534704353233742 ], [ 6.674712542749428, 46.534625172508797 ], [ 6.674567843993447, 46.534562710396337 ], [ 6.674403424325496, 46.534512115962002 ], [ 6.674241083797221, 46.534467535640836 ], [ 6.674074970522542, 46.534432573399116 ], [ 6.673913610250415, 46.534409031911004 ], [ 6.673761986349583, 46.5343947947419 ], [ 6.673612120096182, 46.53438531912051 ], [ 6.673460001206521, 46.534385795702725 ], [ 6.673307865959761, 46.534389267646489 ], [ 6.673136025572513, 46.534401611463998 ], [ 6.672957553772229, 46.534422888303219 ], [ 6.672794279750328, 46.534444276439423 ], [ 6.672611300551821, 46.534468086179885 ], [ 6.672400944865458, 46.534488328249452 ], [ 6.672236637899491, 46.534498877398804 ], [ 6.672113491757598, 46.534499709802304 ], [ 6.671961501319293, 46.534492025854256 ], [ 6.671848108226792, 46.534486257816539 ], [ 6.671715576732479, 46.534468701460803 ], [ 6.67160959383633, 46.534449660158366 ], [ 6.671405093139029, 46.534399959889335 ], [ 6.671275280935011, 46.534360758976838 ], [ 6.67114799856853, 46.534313244707583 ], [ 6.671037621911576, 46.534265844664411 ], [ 6.670934539922268, 46.534215156343265 ], [ 6.670870189833529, 46.534178925745294 ], [ 6.670850701436798, 46.534167935670673 ], [ 6.670747843500334, 46.534100588054052 ], [ 6.670637941017942, 46.534019878542203 ], [ 6.670504228747672, 46.533914007779032 ], [ 6.670351652776855, 46.53377801637437 ], [ 6.670222956266388, 46.533660511387396 ], [ 6.670039551080675, 46.533484332418183 ], [ 6.669930148654545, 46.533368631046223 ], [ 6.669816006147544, 46.533246213398215 ], [ 6.66973279943637, 46.533155680291379 ], [ 6.669549281269674, 46.532989503320678 ], [ 6.669484002922898, 46.53294355891321 ], [ 6.669470387148841, 46.53293397580255 ], [ 6.669400937781071, 46.5328935176355 ], [ 6.669259546214175, 46.532819250324657 ], [ 6.669110710176826, 46.532761583992794 ], [ 6.668990490345793, 46.532727456273797 ], [ 6.668940548657954, 46.532717662666208 ], [ 6.668869561704796, 46.532703750014555 ], [ 6.668780923295456, 46.532692713228855 ], [ 6.668672477897833, 46.532680309506702 ], [ 6.668530114438393, 46.532674350524076 ], [ 6.66840453739958, 46.532676826645357 ], [ 6.668150808015049, 46.532695093098901 ], [ 6.667926048065997, 46.532710236236383 ], [ 6.667619096993077, 46.532734806031264 ], [ 6.667607599731213, 46.53273573545755 ], [ 6.666913329060173, 46.532791657661228 ], [ 6.666011749328067, 46.532865496614527 ], [ 6.665576640657628, 46.532904184522934 ], [ 6.665209991518441, 46.532933828643337 ], [ 6.665158508009021, 46.532937984702421 ], [ 6.663630836158378, 46.533067511541958 ], [ 6.662337722107574, 46.533171976678403 ], [ 6.66195581781531, 46.533204348693992 ], [ 6.66128860966655, 46.533264766934956 ], [ 6.660921187974803, 46.533309703208957 ] ], [ [ 6.66079723017114, 46.533316374185944 ], [ 6.660708429163881, 46.533315765386675 ], [ 6.660582719168385, 46.533328244552898 ], [ 6.660297284127676, 46.533366265282751 ], [ 6.660064903385436, 46.533409660152515 ], [ 6.660017635326742, 46.53342064381809 ], [ 6.659842047453276, 46.533461450257498 ], [ 6.659662633877157, 46.533513529187026 ], [ 6.659473273367949, 46.533585537724413 ], [ 6.659416208156483, 46.53361239484483 ], [ 6.65933715947163, 46.53364959033371 ], [ 6.659091444650146, 46.533779514504346 ], [ 6.658899022043385, 46.533896490250122 ], [ 6.658504373601525, 46.534142041241218 ], [ 6.657812368967957, 46.534580480206742 ], [ 6.657410295070258, 46.534837626231948 ], [ 6.656998558674053, 46.53509471329285 ], [ 6.656877051041228, 46.535148860014445 ], [ 6.656731354981101, 46.535206177460651 ], [ 6.656612488380913, 46.535245336704783 ], [ 6.656486543148072, 46.535272788162651 ], [ 6.656302575864292, 46.535306505519344 ], [ 6.656159917443271, 46.535320518245854 ], [ 6.656068193464398, 46.535319885685411 ], [ 6.655962010262208, 46.53531582478108 ], [ 6.655834219312194, 46.535303275380606 ], [ 6.655713785089152, 46.535284119525379 ], [ 6.65555972138778, 46.535253072590834 ], [ 6.655405633874254, 46.535223680553635 ], [ 6.655217157407114, 46.535186242315902 ], [ 6.654892848378521, 46.535121831083693 ], [ 6.654028569324505, 46.534952588904517 ], [ 6.653691578618873, 46.534881942232872 ], [ 6.653193269646625, 46.53478184945763 ], [ 6.653015166039091, 46.534743966571973 ], [ 6.652841764410081, 46.534714437310186 ], [ 6.652607916755414, 46.534691164137378 ], [ 6.652566788623032, 46.534688513263184 ], [ 6.652492138160859, 46.534683695975865 ], [ 6.652361878546937, 46.534676118355392 ], [ 6.652295115154164, 46.534676645266593 ], [ 6.652248376868129, 46.534677014054033 ], [ 6.652154194229637, 46.534679689823321 ], [ 6.652009100673534, 46.534695353720274 ], [ 6.651965771000869, 46.534703347681564 ], [ 6.651817848445828, 46.534730659594814 ], [ 6.651701632895388, 46.534753198411082 ], [ 6.651587853108851, 46.534774071743378 ], [ 6.651214872683164, 46.534854778447318 ], [ 6.651026103240102, 46.534885125411144 ], [ 6.650871279336204, 46.534907377395932 ], [ 6.650685128297796, 46.534924409830552 ], [ 6.650511168502563, 46.534933196297686 ], [ 6.650305954501216, 46.534931770753666 ], [ 6.650103336807413, 46.534920368271052 ], [ 6.649912858505567, 46.534900719466314 ], [ 6.649681678920614, 46.534860798129529 ], [ 6.649491605257232, 46.534816142411159 ], [ 6.649313649967168, 46.534768269121663 ], [ 6.64915017270845, 46.534709134274841 ], [ 6.649102298069756, 46.534691807627119 ], [ 6.648965510430859, 46.53463588988761 ], [ 6.648797762074883, 46.534549736651684 ], [ 6.648618150397429, 46.534448522142064 ], [ 6.648448212696104, 46.534349029986267 ], [ 6.64829741843375, 46.534258001256283 ], [ 6.648204199559198, 46.534195710976427 ], [ 6.64811588630832, 46.534125124451677 ], [ 6.648029124699836, 46.534046506197519 ], [ 6.64798469845374, 46.53400114441326 ], [ 6.647897448850669, 46.533907796117809 ], [ 6.647787986524412, 46.533785982359817 ], [ 6.647688603884329, 46.533672883961664 ], [ 6.64754959128252, 46.53351099346974 ], [ 6.647404059400897, 46.533335023497607 ], [ 6.647363003989859, 46.53327140498714 ], [ 6.647308628101667, 46.533160500268913 ], [ 6.647289234648229, 46.533092633731208 ], [ 6.647288639553236, 46.53303713292938 ] ], [ [ 6.662316221248119, 46.543337014428431 ], [ 6.66231982077013, 46.543335122897119 ], [ 6.66232712408805, 46.543332249146587 ], [ 6.662334850888083, 46.543329846086081 ], [ 6.662343510368069, 46.543327863222459 ], [ 6.662351141759106, 46.543326655980316 ], [ 6.662359523061517, 46.543325885676801 ], [ 6.662368000901238, 46.543325655794895 ], [ 6.662377095574138, 46.543326050857736 ], [ 6.662385465228932, 46.543326998714569 ], [ 6.662393644490302, 46.543328494026376 ], [ 6.6624010103218, 46.543330343614969 ], [ 6.662413294732715, 46.543334682762101 ], [ 6.662420688804475, 46.543338196808271 ], [ 6.662426688362392, 46.543341674327756 ], [ 6.662433077578444, 46.543346162067508 ], [ 6.66243838373442, 46.543350714367421 ], [ 6.662443033286243, 46.543355595029297 ], [ 6.662446706783079, 46.543360352066763 ], [ 6.662449966716482, 46.543365762985786 ], [ 6.662452468079525, 46.543371339640998 ], [ 6.662454283146659, 46.543377496344299 ], [ 6.662455105388969, 46.543382881594461 ], [ 6.662455184536961, 46.543389170361323 ], [ 6.662454396960042, 46.543394985406678 ], [ 6.662452964924329, 46.543400283270422 ], [ 6.662450641496735, 46.543405916886677 ], [ 6.662447564536781, 46.543411365428405 ], [ 6.662443747726881, 46.543416584009037 ], [ 6.66243921817365, 46.543421500845604 ], [ 6.662434014857225, 46.543426125200675 ], [ 6.66242369202842, 46.543433170455742 ], [ 6.662416559194662, 46.543436882009445 ], [ 6.662409331630973, 46.543439927208532 ], [ 6.662402309435475, 46.543442290113489 ], [ 6.662394391727302, 46.543444368015727 ], [ 6.662386220913374, 46.543445913420349 ], [ 6.662377875471361, 46.543446908871978 ], [ 6.662369433749724, 46.543447345910579 ], [ 6.662361521371358, 46.543447237811471 ], [ 6.662353121102006, 46.543446604604682 ], [ 6.662344820359738, 46.543445396332118 ], [ 6.66233612530884, 46.543443501663262 ], [ 6.662328919779403, 46.543441383286194 ], [ 6.662321475862719, 46.543438615563709 ], [ 6.662314430279383, 46.543435346787916 ], [ 6.662307899453237, 46.54343164072742 ], [ 6.662301896162321, 46.543427515461964 ], [ 6.662296484942873, 46.543423016413158 ], [ 6.662291730460317, 46.543418180007563 ], [ 6.662287403227756, 46.54341264483422 ], [ 6.662284358724045, 46.543407667193669 ], [ 6.662281641960431, 46.543401657251607 ], [ 6.662279570853399, 46.543394266337643 ], [ 6.662171658915587, 46.543395965980459 ], [ 6.662054416964308, 46.543392779802915 ], [ 6.661951828033268, 46.543389693789493 ], [ 6.661827646873321, 46.543389446568575 ], [ 6.661728905446487, 46.543393520543106 ], [ 6.661653767227955, 46.54339906945556 ], [ 6.661587321384024, 46.543403976146195 ], [ 6.661499545031458, 46.54341527684587 ], [ 6.661458495897922, 46.543439276028096 ], [ 6.661370947811154, 46.543485455808529 ] ], [ [ 6.661236294549343, 46.543364868263787 ], [ 6.661368284322914, 46.543482999641483 ], [ 6.661370947811154, 46.543485455808529 ] ] ] } },
{ "type": "Feature", "properties": { "CADRE_NO": "10.736", "DDT_URL": null, "ETC_NOM": "Transports de la région Morges - Bière - Cossonay", "ETC_SIGLE": "MBC", "ETC_URL": "https://mbc.ch", "GO_CENTRE": 0, "HORAIR_URL": "https://www.tableaux-horaires.ch/fileadmin/fap_pdf_fields/2025/10.736.pdf", "LIGNE_NO": "736", "LIGNE_NOM": "Morges - Aclens - Bussigny", "LIGNE_SIGL": "MBC", "LIGNE_TYPE": "Bus régional", "PLAN_URL": "https://prestations.vd.ch/pub/101587/api/download/2_Cartographie_et_geodonnees/2.1_Carte_des_reseaux/Carte_des_lignes_TP/topo/ligne_10.736.pdf", "SHAPE_LEN": 16869.24 }, "geometry": { "type": "MultiLineString", "coordinates": [ ] } },
{ "type": "Feature", "properties": { "CADRE_NO": "10.058", "DDT_URL": null, "ETC_NOM": "Transports publics de la région lausannoise", "ETC_SIGLE": "TL", "ETC_URL": "https://www.t-l.ch", "GO_CENTRE": 0, "HORAIR_URL": "https://www.tableaux-horaires.ch/fileadmin/fap_pdf_fields/2025/10.058.pdf", "LIGNE_NO": "58", "LIGNE_NOM": "Renens VD - Mex VD - Cossonay-Penthalaz", "LIGNE_SIGL": null, "LIGNE_TYPE": "Bus régional", "PLAN_URL": "https://prestations.vd.ch/pub/101587/api/download/2_Cartographie_et_geodonnees/2.1_Carte_des_reseaux/Carte_des_lignes_TP/topo/ligne_10.058.pdf", "SHAPE_LEN": 16855.783 }, "geometry": { "type": "MultiLineString", "coordinates": [ [ [ 6.578853430379403, 46.537815181077775 ], [ 6.579084358038377, 46.537716956338201 ], [ 6.579558227320886, 46.537525625252883 ], [ 6.57966125993735, 46.53748675020109 ] ] ] } },
{ "type": "Feature", "properties": { "CADRE_NO": "10.031", "DDT_URL": null, "ETC_NOM": "Transports publics de la région lausannoise", "ETC_SIGLE": "TL", "ETC_URL": "https://www.t-l.ch", "GO_CENTRE": 0, "HORAIR_URL": "https://www.tableaux-horaires.ch/fileadmin/fap_pdf_fields/2025/10.031.pdf", "LIGNE_NO": "31", "LIGNE_NOM": "St-Sulpice VD - Ecublens VD - Chavannes-près-Renens - Renens VD", "LIGNE_SIGL": null, "LIGNE_TYPE": "Bus urbain", "PLAN_URL": "https://prestations.vd.ch/pub/101587/api/download/2_Cartographie_et_geodonnees/2.1_Carte_des_reseaux/Carte_des_lignes_TP/topo/ligne_10.031.pdf", "SHAPE_LEN": 6639.134 }, "geometry": { "type": "MultiLineString", "coordinates": [ [ [ 6.580809024831453, 46.536016242838869 ], [ 6.580805019643935, 46.536010688937608 ], [ 6.580802231853332, 46.536005639026087 ], [ 6.580799987760987, 46.536000008475796 ], [ 6.580798567130915, 46.535994240212062 ], [ 6.580797962782287, 46.535987965339231 ], [ 6.580798191687621, 46.535982578386168 ], [ 6.580799411891513, 46.53597633529786 ], [ 6.580801215978921, 46.535971086197804 ], [ 6.580804178386246, 46.535965135159209 ], [ 6.580807730102301, 46.535959836296776 ], [ 6.580811675751536, 46.535955179137432 ], [ 6.580816639665557, 46.535950430717662 ], [ 6.580822249452352, 46.535946056021281 ], [ 6.58082845254537, 46.535942081639249 ], [ 6.580835209127098, 46.535938552251146 ], [ 6.580842440276459, 46.535935512241039 ], [ 6.580850080820828, 46.535932961116146 ], [ 6.58086555579758, 46.53592960558008 ], [ 6.580873300130759, 46.535928728518819 ], [ 6.58088175379707, 46.535928333613469 ], [ 6.580890875408857, 46.535928564489346 ], [ 6.580898607364198, 46.53592928864439 ], [ 6.580906877062854, 46.535930628600269 ], [ 6.58091487721986, 46.53593252427855 ], [ 6.58092315228845, 46.535935168713074 ], [ 6.580929887710917, 46.535937900467651 ], [ 6.580936755521832, 46.535941325924647 ], [ 6.580943068459241, 46.53594521498637 ], [ 6.580948827379738, 46.535949513682617 ], [ 6.580954261766094, 46.535954547608625 ], [ 6.580958307880223, 46.535959166216074 ], [ 6.580962232588294, 46.535964863441691 ], [ 6.580964850514255, 46.535969939053857 ], [ 6.580966937636823, 46.535975604398942 ], [ 6.580968246727558, 46.535981830620194 ], [ 6.580968617428891, 46.53598722210517 ], [ 6.580968185741759, 46.535993066328629 ], [ 6.580966933733625, 46.535998850375485 ], [ 6.580964646998369, 46.536004941466771 ], [ 6.580961718384293, 46.536010406973631 ], [ 6.580958290700505, 46.536015283959976 ], [ 6.580953896602321, 46.536020270591926 ], [ 6.580948368067598, 46.536025275638153 ], [ 6.580939035238011, 46.536031781273763 ], [ 6.580932027282865, 46.536035542667619 ], [ 6.580924834372331, 46.536038636949293 ], [ 6.580917860863907, 46.536041049182735 ], [ 6.580909338810405, 46.536043287781105 ], [ 6.580901794734332, 46.536044688134247 ], [ 6.580892796210692, 46.536045735640606 ], [ 6.580884330062608, 46.536046094467963 ], [ 6.580876771723236, 46.536045929384613 ], [ 6.58086772454455, 46.53604511432178 ], [ 6.580860130913913, 46.536043887426921 ], [ 6.580852091210321, 46.536042018434379 ], [ 6.580843789203085, 46.536039427767967 ], [ 6.580836483820536, 46.536036466796801 ], [ 6.58083015931538, 46.536033306328477 ], [ 6.580823342596427, 46.536029125576171 ], [ 6.580818034747351, 46.536025154144021 ], [ 6.580809024831453, 46.536016242838869 ], [ 6.580704227805284, 46.536059738576078 ], [ 6.58024649719568, 46.536147911796661 ], [ 6.580118020318597, 46.536180261593195 ], [ 6.58002102298301, 46.536207856571686 ], [ 6.579928663640726, 46.536245472271467 ], [ 6.579863053988524, 46.536271631337456 ], [ 6.579777716134867, 46.536324314597643 ], [ 6.579599952079124, 46.536419596583201 ], [ 6.579441711675141, 46.536511031828695 ], [ 6.579261222076352, 46.536615315779791 ], [ 6.579180851869799, 46.536659678808817 ], [ 6.579100733165145, 46.536687400838176 ], [ 6.579006159404881, 46.536713340035718 ], [ 6.578911810916323, 46.536724293301489 ], [ 6.578757310226716, 46.536723122738934 ], [ 6.57857607212736, 46.536733417321813 ] ], [ [ 6.571838297921707, 46.521623359605677 ], [ 6.572390959241574, 46.521627580680693 ], [ 6.572958097599306, 46.521633573818541 ], [ 6.573066458593764, 46.521649397173093 ], [ 6.573143173621141, 46.521683295170071 ], [ 6.573254809326624, 46.521795788946591 ], [ 6.573432132183624, 46.522027064917737 ], [ 6.573640422193154, 46.52228524128347 ], [ 6.573735557998698, 46.522374272761098 ], [ 6.573809346027727, 46.522429918658879 ], [ 6.573840497001291, 46.522453393157186 ], [ 6.573912285865153, 46.522492263925635 ], [ 6.573967266400932, 46.52252599569416 ], [ 6.57419687203403, 46.522657703687862 ], [ 6.574608363092891, 46.52288911540176 ], [ 6.574972268422769, 46.523076828933135 ], [ 6.57537882565533, 46.523313184107913 ], [ 6.575610755513196, 46.52345157301442 ], [ 6.575926451764689, 46.523637252421629 ], [ 6.5760746849261, 46.523725021333519 ], [ 6.576225355480984, 46.523812808575137 ], [ 6.576543361268357, 46.524003487650923 ], [ 6.576765720171193, 46.524136808566013 ], [ 6.577074245271157, 46.524317437382265 ], [ 6.577301468219497, 46.524449120880142 ], [ 6.577495351906383, 46.52455223102227 ], [ 6.57761508445678, 46.524611461707075 ], [ 6.577730247482767, 46.524655652026823 ], [ 6.577871836939645, 46.52470837314484 ], [ 6.577984682582374, 46.524745879481756 ], [ 6.578141002509135, 46.524783724428083 ], [ 6.578246867938105, 46.524804516709594 ], [ 6.578391346162838, 46.524827283939082 ], [ 6.578533560024462, 46.52484001211792 ], [ 6.578625145250777, 46.52485071007375 ], [ 6.578909679258889, 46.524867863034082 ], [ 6.579329392630028, 46.524887712455723 ], [ 6.579671866591998, 46.524906957600265 ], [ 6.579956334440885, 46.524930773571768 ], [ 6.580206931397272, 46.524959334419535 ], [ 6.580426082051005, 46.52499097642967 ], [ 6.580601850266071, 46.525018970368137 ], [ 6.580798920051515, 46.525073771650497 ], [ 6.580942898096355, 46.525128171253257 ], [ 6.581549873976853, 46.525566674786099 ], [ 6.582119070654584, 46.526538197005586 ], [ 6.582502183803078, 46.527110558551662 ] ], [ [ 6.5747738772296, 46.531554598101295 ], [ 6.57477904266653, 46.531549482635654 ], [ 6.574784307289018, 46.531545501438806 ], [ 6.574790768115299, 46.53154170927094 ], [ 6.57479787055089, 46.531538551717063 ], [ 6.574806138235209, 46.531535888825026 ], [ 6.574813607233672, 46.531534263404843 ], [ 6.574821939842495, 46.531533247299897 ], [ 6.574831042527411, 46.531532983736305 ], [ 6.574839467279192, 46.531533542656376 ], [ 6.574847099672077, 46.531534743266441 ], [ 6.574855745752976, 46.531536950164131 ], [ 6.574863106072313, 46.531539678046201 ], [ 6.574870476933957, 46.531543377591362 ], [ 6.574876590976293, 46.531547418418704 ], [ 6.574881888462434, 46.531551983802473 ], [ 6.574885959939749, 46.531556593830601 ], [ 6.574889420521275, 46.531561909903701 ], [ 6.574891982895335, 46.53156796581947 ], [ 6.574893149153556, 46.531573291416798 ], [ 6.574893361619745, 46.531579572341201 ], [ 6.57489249379174, 46.531584936432218 ], [ 6.57489040508029, 46.531590839994692 ], [ 6.574887453762075, 46.531596071276574 ], [ 6.574883038235903, 46.531601570293333 ], [ 6.574878380583042, 46.531605906964494 ], [ 6.574872025556399, 46.531610419634035 ], [ 6.574865385133777, 46.531614030516586 ], [ 6.574858077031403, 46.531617006586309 ], [ 6.574850925809851, 46.531619138212463 ], [ 6.574842766169234, 46.531620749381624 ], [ 6.574834397034521, 46.531621603279547 ], [ 6.574825297066182, 46.531621695937559 ], [ 6.574818006933826, 46.5316211006731 ], [ 6.574809167446006, 46.531619576007117 ], [ 6.574800265571922, 46.53161706128985 ], [ 6.574792844678284, 46.531614045066121 ], [ 6.574786666855513, 46.531610732436256 ], [ 6.57478024676604, 46.531606266455583 ], [ 6.57477554479823, 46.53160195749264 ], [ 6.57477104370264, 46.531596498552517 ], [ 6.574767897947057, 46.531591058926487 ], [ 6.574765824532387, 46.531585402560481 ], [ 6.574764880574564, 46.53158003367345 ], [ 6.57476493463791, 46.531574204584892 ], [ 6.574766207428698, 46.531567970951897 ], [ 6.574768565255277, 46.531562357316922 ], [ 6.5747738772296, 46.531554598101295 ], [ 6.57465176131993, 46.531500177316829 ], [ 6.574459869805595, 46.531422068960644 ], [ 6.574268124799064, 46.531335648955732 ], [ 6.574062247755891, 46.531225766960205 ], [ 6.57389963731331, 46.531129564589783 ], [ 6.573725239592594, 46.531013264713579 ], [ 6.573547607985072, 46.530882429128425 ], [ 6.573383913688718, 46.530741686825856 ], [ 6.573257444414631, 46.530616620581711 ], [ 6.573163501048787, 46.530514130709932 ], [ 6.573141079147668, 46.530487394075386 ], [ 6.573073480764117, 46.530406803768265 ], [ 6.573009755504325, 46.530316347206174 ], [ 6.572931924787063, 46.530200791701169 ], [ 6.572906270449757, 46.530157783318529 ], [ 6.572859036457222, 46.530078607706372 ], [ 6.572795725413982, 46.529963153889447 ], [ 6.57277633191721, 46.529921524678244 ], [ 6.572737370764216, 46.529837752135684 ], [ 6.572684065358623, 46.529699047598768 ], [ 6.572672226319434, 46.52966184814683 ], [ 6.572612819607516, 46.529475237513367 ], [ 6.572593399933562, 46.529410856814735 ], [ 6.572516534881947, 46.529156272935801 ], [ 6.572446056491549, 46.528925334642516 ], [ 6.572392680895673, 46.528750446913364 ], [ 6.572332139184892, 46.528556702496822 ], [ 6.572300833530893, 46.528456498297516 ], [ 6.572269015765746, 46.52833295417328 ], [ 6.572243982455422, 46.528087842932237 ], [ 6.572241358876693, 46.528042536295708 ], [ 6.572234472339408, 46.527901325169594 ], [ 6.572229315294059, 46.527796147820901 ], [ 6.572427774276361, 46.527766005607127 ], [ 6.572768960554327, 46.527715298579118 ], [ 6.572941099354324, 46.527668293755227 ], [ 6.573025113793048, 46.527643286707146 ], [ 6.573022040155734, 46.527638252405396 ], [ 6.573019085616507, 46.527632292409088 ], [ 6.573017070496443, 46.527627086259592 ], [ 6.573015318696461, 46.527620901538931 ], [ 6.573014290668288, 46.52761510017806 ], [ 6.57301381072673, 46.527609258017769 ], [ 6.573013943313975, 46.527603420530419 ], [ 6.573014563934516, 46.527598036573565 ], [ 6.573015790389264, 46.527592261408138 ], [ 6.573017589266327, 46.527586553582687 ], [ 6.573020136614645, 46.527580500617553 ], [ 6.57302309192782, 46.52757501752189 ], [ 6.57302631184813, 46.527570103201946 ], [ 6.573030265910239, 46.527564924598224 ], [ 6.573034737815042, 46.52755996585239 ], [ 6.57304007245779, 46.527554851757351 ], [ 6.573045514020804, 46.527550386200232 ], [ 6.57305138191062, 46.527546157794944 ] ], [ [ 6.571838297921707, 46.521623359605677 ], [ 6.571847207087031, 46.521366839476485 ], [ 6.571851801630363, 46.52108029321478 ], [ 6.571853404430354, 46.520980331241041 ], [ 6.571869523845395, 46.520511449084516 ] ], [ [ 6.571869523845395, 46.520511449084516 ], [ 6.57186694729937, 46.520135687174708 ], [ 6.571871555298223, 46.519910062934052 ], [ 6.571878279485235, 46.519579271862376 ], [ 6.57188407562314, 46.519217760835765 ], [ 6.571884015580246, 46.519071132109879 ], [ 6.571890385877972, 46.518974553119861 ], [ 6.571906237970818, 46.518889696585909 ], [ 6.571938990922511, 46.518803313876241 ], [ 6.571998927146024, 46.518678806218112 ], [ 6.572167811319746, 46.518381846831801 ], [ 6.57228427003296, 46.51819445580751 ], [ 6.572362535407189, 46.518067829904908 ], [ 6.57219214891295, 46.518013064571171 ], [ 6.57141401737331, 46.517762981302269 ], [ 6.570966440506694, 46.517618535251302 ], [ 6.570702639082984, 46.517541444385536 ], [ 6.570466108539787, 46.517485774533981 ], [ 6.57023026778825, 46.517443981535635 ], [ 6.570042570927843, 46.517409204829953 ], [ 6.569797682222761, 46.517380673952403 ] ], [ [ 6.573236546539033, 46.527555792674633 ], [ 6.573241423143219, 46.52756056184117 ], [ 6.57324553342201, 46.527565163232111 ], [ 6.57324947823849, 46.52757033011811 ], [ 6.573252885554175, 46.527575690819795 ], [ 6.573255756377013, 46.527581182371812 ], [ 6.573258266393642, 46.527587228932973 ], [ 6.573259863054576, 46.527592521847971 ], [ 6.573261131958112, 46.527598747862399 ], [ 6.573261729363023, 46.527604581921182 ], [ 6.57326174736085, 46.527609970749829 ], [ 6.573261223680437, 46.527615814250616 ], [ 6.57326010179962, 46.527621572223758 ], [ 6.573258419231673, 46.527627343912947 ], [ 6.573256380681162, 46.527632555126011 ], [ 6.573253391978795, 46.527638496776376 ], [ 6.573250353666464, 46.527643466464511 ], [ 6.573246529080964, 46.527648700040167 ], [ 6.573242186505523, 46.527653722753662 ], [ 6.573237007542521, 46.527658883026227 ], [ 6.573231681693094, 46.527663448432548 ], [ 6.573225943121943, 46.527667740806478 ], [ 6.573220279073749, 46.527671448998994 ], [ 6.573213241567078, 46.527675461580742 ], [ 6.57320635721072, 46.527678863592264 ], [ 6.57319913948013, 46.527681921207048 ], [ 6.573191640505589, 46.52768463482272 ], [ 6.573183886352275, 46.527687004637947 ], [ 6.573175916838069, 46.527688985975765 ], [ 6.573167783949289, 46.527690588228694 ], [ 6.573160153786263, 46.527691726516075 ], [ 6.573151119564506, 46.527692638185719 ], [ 6.573143305723136, 46.52769303738696 ], [ 6.573133842221352, 46.527693082150719 ], [ 6.573126665032636, 46.527692793503938 ], [ 6.573118282730771, 46.52769206384901 ], [ 6.573109945720334, 46.527690947704706 ], [ 6.573101784326951, 46.527689446065132 ], [ 6.573093759453158, 46.527687558632124 ], [ 6.573085365710629, 46.527685101627476 ], [ 6.573077822109144, 46.527682462188309 ], [ 6.573070558097573, 46.527679456039522 ], [ 6.573063599308959, 46.527676110365121 ], [ 6.57305747489201, 46.527672753063015 ], [ 6.573051216336796, 46.527668818983962 ], [ 6.57304536668883, 46.527664582155026 ], [ 6.573039924795743, 46.527660114536573 ], [ 6.573034597535357, 46.527655000069871 ], [ 6.573030141439252, 46.52765001819494 ], [ 6.573025113793048, 46.527643286707146 ] ] ] } },
{ "type": "Feature", "properties": { "CADRE_NO": "10.019", "DDT_URL": null, "ETC_NOM": "Transports publics de la région lausannoise", "ETC_SIGLE": "TL", "ETC_URL": "https://www.t-l.ch", "GO_CENTRE": 0, "HORAIR_URL": "https://www.tableaux-horaires.ch/fileadmin/fap_pdf_fields/2025/10.019.pdf", "LIGNE_NO": "19", "LIGNE_NOM": "Lausanne - Prilly - Renens VD", "LIGNE_SIGL": null, "LIGNE_TYPE": "Bus urbain", "PLAN_URL": "https://prestations.vd.ch/pub/101587/api/download/2_Cartographie_et_geodonnees/2.1_Carte_des_reseaux/Carte_des_lignes_TP/topo/ligne_10.019.pdf", "SHAPE_LEN": 4621.06 }, "geometry": { "type": "MultiLineString", "coordinates": [ [ [ 6.588946609452277, 46.53480859739949 ], [ 6.589498445367103, 46.534438345405228 ], [ 6.58998615667231, 46.53411258284774 ], [ 6.590915169991759, 46.533500836571392 ], [ 6.591040550265759, 46.533426556593113 ], [ 6.591098995676677, 46.533393671501052 ], [ 6.591830940725631, 46.532905959693579 ], [ 6.59216278322609, 46.532674500503255 ], [ 6.592204390127421, 46.532645483518756 ], [ 6.593082826154656, 46.532050561134966 ], [ 6.59328272218541, 46.531927094425775 ], [ 6.593595005124797, 46.531717804783085 ], [ 6.593862972397578, 46.531564850931083 ], [ 6.594052803720388, 46.531467954461299 ], [ 6.594169465182929, 46.531417185018761 ], [ 6.59432032589402, 46.531341660727449 ], [ 6.594597335854375, 46.531227077922757 ], [ 6.594932420699197, 46.53110295858361 ], [ 6.595505138863011, 46.5309139340252 ], [ 6.59577944695938, 46.530815998097744 ], [ 6.596097284951482, 46.530715065178974 ], [ 6.596720720286359, 46.530523073571253 ], [ 6.597252046940549, 46.530353740525015 ], [ 6.597647490360724, 46.530230042820698 ], [ 6.598777498731003, 46.529906851772438 ], [ 6.599007771549128, 46.52983113543133 ], [ 6.599243375990646, 46.529753667843714 ], [ 6.599760142884835, 46.529589217303354 ], [ 6.60045142529831, 46.529379399908287 ], [ 6.600587262273114, 46.529337078005646 ], [ 6.600868683571886, 46.529247503850087 ], [ 6.601300535284341, 46.529109074840704 ], [ 6.601584403832347, 46.529017870700599 ], [ 6.602079263204334, 46.528863233771652 ], [ 6.602547752175795, 46.528696741435304 ], [ 6.60329338276277, 46.52840565869618 ], [ 6.603732525073466, 46.5282407806707 ], [ 6.604009248411198, 46.528126379966452 ], [ 6.604021999125188, 46.528121103084054 ], [ 6.604184340882537, 46.528061942254688 ], [ 6.60444935850022, 46.527959311269605 ], [ 6.604850129961239, 46.52780062405408 ], [ 6.605425625655411, 46.527581586360178 ], [ 6.606278094299992, 46.527247952529123 ], [ 6.60674690231872, 46.527058118503646 ], [ 6.606760316200064, 46.527052909152594 ], [ 6.607108763153535, 46.526917481165682 ], [ 6.607436585638344, 46.526791580836054 ], [ 6.607476333613161, 46.526776668608292 ], [ 6.607754660050026, 46.526672283292463 ], [ 6.607936575684456, 46.526615302616591 ], [ 6.608256649477509, 46.526522673772831 ], [ 6.608612273202556, 46.526471965062335 ], [ 6.608945877773519, 46.52644107456647 ], [ 6.60958864297861, 46.526399128356374 ], [ 6.610131614841833, 46.52637202208517 ], [ 6.611245749508268, 46.526324574507747 ], [ 6.612154297417431, 46.526308904160018 ], [ 6.612263170864543, 46.5263070253595 ], [ 6.612715795593891, 46.526299202009511 ], [ 6.613078424421116, 46.526292944081995 ], [ 6.614010509499298, 46.526274740326627 ], [ 6.614863092698427, 46.526244265789614 ], [ 6.615713136876887, 46.526222114819319 ], [ 6.616022258153859, 46.526214352866461 ], [ 6.616203453601067, 46.526204016538308 ], [ 6.61622672199, 46.526201234487708 ], [ 6.616321962572278, 46.526189879049575 ], [ 6.616481585523625, 46.526169364274999 ], [ 6.616622021577769, 46.526142071148925 ], [ 6.616810981868121, 46.52609677732071 ], [ 6.6170389619671, 46.526026792600064 ], [ 6.617121494092798, 46.525995723988473 ], [ 6.617228529905304, 46.525943179131467 ], [ 6.617479156948779, 46.525811707279424 ], [ 6.618026521234307, 46.525534089982294 ], [ 6.618037914572704, 46.525527947094041 ], [ 6.618178904814417, 46.525451960228338 ], [ 6.618452380363276, 46.525307247313862 ], [ 6.619247803122684, 46.524906443526554 ], [ 6.619972728231918, 46.524538456072527 ], [ 6.620123533611237, 46.524462906492843 ], [ 6.620220704308258, 46.524421946613501 ], [ 6.620393169655499, 46.524349881481399 ], [ 6.62049759866728, 46.524308973716636 ], [ 6.620711192844617, 46.524231096349894 ], [ 6.620931633466933, 46.524165835467144 ], [ 6.621459641558817, 46.52402916597606 ], [ 6.622162467420535, 46.523850616066667 ], [ 6.622637864324602, 46.523777191816933 ], [ 6.622651176747763, 46.523775956146018 ], [ 6.622944195152369, 46.523748646090262 ], [ 6.623333179481901, 46.523719371131563 ], [ 6.623925807586398, 46.523676974789552 ], [ 6.62451351139339, 46.52362138775031 ], [ 6.624802269966949, 46.52358343596223 ] ], [ [ 6.624802269966949, 46.52358343596223 ], [ 6.624809889088676, 46.523597632461751 ], [ 6.624812170862302, 46.523601894981461 ], [ 6.624830194194928, 46.523633150719228 ], [ 6.624887440038942, 46.523732401316629 ] ], [ [ 6.579448129296207, 46.539419260456953 ], [ 6.580100486029004, 46.539259199286832 ], [ 6.58102386813914, 46.539042914871871 ], [ 6.581680157073936, 46.538919569628817 ], [ 6.581857054038907, 46.538879262166212 ], [ 6.582036599780118, 46.538825633162517 ] ], [ [ 6.624802269966949, 46.52358343596223 ], [ 6.624913610046487, 46.523568806327468 ], [ 6.625211733935591, 46.523516454973539 ], [ 6.625824337193182, 46.523390897243139 ], [ 6.626107745874473, 46.52332461114279 ], [ 6.626139263263852, 46.523314833225264 ], [ 6.626627005939548, 46.523145051768545 ], [ 6.626906921621583, 46.523310342803818 ], [ 6.627055150694273, 46.523406365926256 ], [ 6.627148352567197, 46.523468682772481 ], [ 6.627256232780437, 46.523517781324436 ], [ 6.627347249283487, 46.523565085907912 ], [ 6.627397342314633, 46.523605431697611 ], [ 6.627420901854329, 46.523643923465571 ], [ 6.627419901919968, 46.523710550284349 ], [ 6.627395091956435, 46.523755371273495 ], [ 6.627326709491538, 46.523808193044687 ], [ 6.627314632089867, 46.523814853735516 ], [ 6.627135075029407, 46.523913812838934 ], [ 6.62697115506772, 46.524017246637015 ], [ 6.626810028305117, 46.524137720775627 ], [ 6.626709901618791, 46.524215324128534 ], [ 6.62647717769287, 46.524441915936862 ], [ 6.626435650590963, 46.524475084072748 ], [ 6.626369666173627, 46.52452778750574 ], [ 6.626298808699662, 46.524585592771658 ], [ 6.626101174291283, 46.524724147526541 ], [ 6.625976873605252, 46.524804887668957 ], [ 6.625726083512513, 46.524948035847075 ], [ 6.625650359276364, 46.52484753777118 ], [ 6.625285254192566, 46.524405048412802 ], [ 6.625192968398757, 46.524282759719839 ], [ 6.62516027180243, 46.524235745648362 ], [ 6.625112636972136, 46.524167231764167 ], [ 6.62500705147108, 46.523964863366551 ], [ 6.624887440038942, 46.523732401316629 ] ] ] } },
{ "type": "Feature", "properties": { "CADRE_NO": "10.003", "DDT_URL": null, "ETC_NOM": "Transports publics de la région lausannoise", "ETC_SIGLE": "TL", "ETC_URL": "https://www.t-l.ch", "GO_CENTRE": 0, "HORAIR_URL": "https://www.tableaux-horaires.ch/fileadmin/fap_pdf_fields/2025/10.003.pdf", "LIGNE_NO": "3", "LIGNE_NOM": "Lausanne gare - Chauderon - casernes - Bellevaux - Le Mont-sur-Lausanne Maillefer", "LIGNE_SIGL": null, "LIGNE_TYPE": "Trolleybus", "PLAN_URL": "https://prestations.vd.ch/pub/101587/api/download/2_Cartographie_et_geodonnees/2.1_Carte_des_reseaux/Carte_des_lignes_TP/topo/ligne_10.003.pdf", "SHAPE_LEN": 5388.772 }, "geometry": { "type": "MultiLineString", "coordinates": [ [ [ 6.630489064820258, 46.53315787635507 ], [ 6.630223928396451, 46.533289282505208 ], [ 6.630019613024743, 46.533391128582188 ], [ 6.629913097801348, 46.533426164848194 ], [ 6.629905578578309, 46.533428630157211 ], [ 6.629810973074901, 46.533459613018223 ], [ 6.629706708212264, 46.533488853669873 ], [ 6.629602655433403, 46.533504790545692 ], [ 6.629525377723649, 46.53350590380596 ], [ 6.629409704661061, 46.533491746742214 ], [ 6.629308612161912, 46.533471036463077 ], [ 6.629217315881951, 46.533442056612948 ], [ 6.62913348994898, 46.533396478249628 ], [ 6.629054574696025, 46.533345933042767 ], [ 6.628987954990039, 46.533282134335629 ], [ 6.628907052025792, 46.533201581927635 ], [ 6.628840631156916, 46.533122797089455 ], [ 6.62879104041433, 46.533049143145142 ], [ 6.628748696934743, 46.532975522913716 ], [ 6.628711362728463, 46.532888615233936 ], [ 6.628676965321694, 46.5327684070418 ], [ 6.628636356973964, 46.532578174030675 ], [ 6.628593898849496, 46.532349613510377 ], [ 6.628568897309459, 46.532246133086701 ], [ 6.628540538210444, 46.532089245972394 ], [ 6.628495328819448, 46.531839057187248 ], [ 6.628453822516438, 46.531708812511546 ], [ 6.628405142920963, 46.531574504345976 ], [ 6.628386891181139, 46.531503394973143 ], [ 6.628361041206205, 46.531456556726603 ], [ 6.628308766844637, 46.531401199397024 ], [ 6.628180591802782, 46.531255339162882 ], [ 6.627947281471176, 46.53103540062866 ], [ 6.62748562892902, 46.530590564768978 ], [ 6.627002056306573, 46.530157238083824 ], [ 6.62664951979212, 46.52983981699429 ], [ 6.626401831123356, 46.529616443733964 ], [ 6.626282784120114, 46.529505632375916 ], [ 6.626237772133923, 46.529448661781018 ], [ 6.626221419374594, 46.529411876671745 ], [ 6.626205216590587, 46.529365115981513 ], [ 6.626208328924305, 46.529318484598157 ], [ 6.626211442304226, 46.529273517496932 ], [ 6.626229147526121, 46.529220324507662 ], [ 6.626261068804542, 46.529183903038557 ], [ 6.626305233941509, 46.529135901306923 ], [ 6.626405371099353, 46.529059980600813 ], [ 6.626654467257797, 46.528868491765969 ], [ 6.626808362431813, 46.528747948035623 ], [ 6.626942554565581, 46.528653945517071 ], [ 6.626993852884287, 46.528614324923872 ], [ 6.627030720662197, 46.528569599263598 ], [ 6.627048249659553, 46.528528072806175 ], [ 6.627053346952636, 46.528509784254709 ], [ 6.627064218089629, 46.528429886874143 ], [ 6.627036709994444, 46.528333063220877 ], [ 6.62688347347392, 46.528087030729033 ], [ 6.626584289441456, 46.527595044244592 ], [ 6.626575848970689, 46.527581660638738 ], [ 6.626431032849035, 46.527352357502039 ], [ 6.626379214062154, 46.527265345285727 ] ], [ [ 6.630489064820258, 46.53315787635507 ], [ 6.630554683071539, 46.533128350776153 ], [ 6.63076130794752, 46.533033195279117 ], [ 6.63105771495024, 46.532908667549286 ], [ 6.631548486129762, 46.5327005628181 ], [ 6.631758513920836, 46.53260949595866 ], [ 6.631854684810489, 46.532567781314178 ], [ 6.632012381742284, 46.532515582756524 ], [ 6.63216744335329, 46.532478361701983 ], [ 6.632312586228502, 46.53245940394546 ], [ 6.632505832155582, 46.532452455668427 ], [ 6.632648065579146, 46.53246512499048 ], [ 6.632790002157275, 46.532499454563265 ], [ 6.632876464470303, 46.532530061487186 ], [ 6.632970048387774, 46.532567376003222 ], [ 6.633049202715947, 46.53260292372282 ], [ 6.633214272322516, 46.532704068878154 ], [ 6.633292731988659, 46.5327862561156 ], [ 6.63336125920686, 46.532885051520061 ], [ 6.633395853962841, 46.532993591716604 ], [ 6.633421101264007, 46.533082094294159 ], [ 6.633441736859076, 46.533155540703802 ], [ 6.633448027345031, 46.533218908674066 ], [ 6.633449128207364, 46.533235136398886 ], [ 6.633451981204711, 46.533277249252215 ], [ 6.633455663350274, 46.53335557716769 ], [ 6.633451468391694, 46.533637133360806 ], [ 6.633421069210732, 46.533893503524531 ], [ 6.633383787865061, 46.534289785679583 ], [ 6.633359282791202, 46.534637831607689 ], [ 6.633351729433866, 46.534821045915436 ], [ 6.633350119043881, 46.535090952530112 ], [ 6.633343437491392, 46.535377492867269 ], [ 6.633341376978768, 46.53551576580805 ], [ 6.633342348339834, 46.535612417464101 ], [ 6.633355407572881, 46.535784065164002 ], [ 6.633366569616764, 46.535930816272355 ], [ 6.633381588958319, 46.536057542515167 ], [ 6.633403544534526, 46.536204325230734 ], [ 6.633439945134944, 46.536354547981297 ], [ 6.633500126197541, 46.536528239264015 ], [ 6.633684687902192, 46.537104379340605 ], [ 6.633757690902756, 46.537391475881755 ], [ 6.633809931754973, 46.537611773255868 ], [ 6.633838777638543, 46.537783586808807 ], [ 6.633858297454456, 46.537930361131302 ], [ 6.633867949735051, 46.538093699197461 ], [ 6.633869973185801, 46.538183674213158 ], [ 6.633872319251664, 46.538287001678952 ], [ 6.633863310055292, 46.538405236062083 ], [ 6.633823265315351, 46.538663202145131 ], [ 6.633815409013222, 46.538703142938218 ], [ 6.633792264767954, 46.538797950265376 ], [ 6.633756478938574, 46.538930991168606 ] ], [ [ 6.625726083512513, 46.524948035847075 ], [ 6.625650359276364, 46.52484753777118 ], [ 6.625285254192566, 46.524405048412802 ], [ 6.625192968398757, 46.524282759719839 ], [ 6.62516027180243, 46.524235745648362 ], [ 6.625112636972136, 46.524167231764167 ], [ 6.62500705147108, 46.523964863366551 ], [ 6.624887440038942, 46.523732401316629 ] ], [ [ 6.628298452368905, 46.517514472054593 ], [ 6.628299053437241, 46.517520449746769 ], [ 6.628298093309167, 46.517526254357087 ], [ 6.628295637674524, 46.517531850370247 ], [ 6.628291754785163, 46.517537031363872 ], [ 6.628286577100203, 46.517541654346829 ], [ 6.628280827752877, 46.517545292672764 ], [ 6.628273678289549, 46.51754844420396 ], [ 6.628265238345496, 46.517550749880101 ], [ 6.628258120703761, 46.517551778562314 ], [ 6.628249008681429, 46.517551974352735 ], [ 6.628240656236485, 46.517551051058668 ], [ 6.628231581567267, 46.517548755199869 ], [ 6.628224277707956, 46.517545689332209 ], [ 6.628218414858035, 46.517542120982355 ], [ 6.628212754794272, 46.517537195672574 ], [ 6.628209099089569, 46.517532437615785 ], [ 6.628206335153234, 46.517526435474593 ], [ 6.628205504068961, 46.517516677783952 ], [ 6.628206887865089, 46.517511299017109 ], [ 6.628209797946463, 46.517505814205506 ], [ 6.628214095515052, 46.517500789110628 ], [ 6.628220108752624, 46.517496064147373 ], [ 6.628226231793936, 46.517492707372789 ], [ 6.628234264203941, 46.517489769062408 ], [ 6.628241703732054, 46.517488130947775 ], [ 6.628250733701832, 46.517487322838207 ], [ 6.628259199143462, 46.517487662193489 ], [ 6.628267414130414, 46.517489061296622 ], [ 6.628275132168302, 46.517491446418148 ], [ 6.628281589869919, 46.51749445226136 ], [ 6.628288091823154, 46.517498852813013 ], [ 6.628292612783855, 46.517503266201118 ], [ 6.628296436758666, 46.517508970045867 ], [ 6.628298452368905, 46.517514472054593 ], [ 6.628454348179831, 46.517487589793618 ], [ 6.628433826134946, 46.517423067257113 ], [ 6.629304533359125, 46.517300998736957 ], [ 6.629471195029324, 46.517292202052772 ], [ 6.630114495694782, 46.517205137007622 ], [ 6.630121155628039, 46.517238191094364 ], [ 6.630264047331266, 46.517222431784504 ], [ 6.630262591693, 46.517216942798584 ], [ 6.630262360097029, 46.517210643892263 ], [ 6.630263352239204, 46.517205298295075 ], [ 6.630265651697655, 46.517199674139668 ], [ 6.630269502816009, 46.517193989073121 ], [ 6.630274227741385, 46.517189128876666 ], [ 6.630279512540366, 46.517185172277713 ], [ 6.630286647480705, 46.517181237858921 ], [ 6.630294001090517, 46.517178366535369 ], [ 6.630301928949442, 46.517176308950631 ], [ 6.630309569321605, 46.517175175912911 ], [ 6.630317993232418, 46.517174804128778 ], [ 6.630326416723275, 46.517175331949012 ], [ 6.630335268039962, 46.517176879374162 ], [ 6.630342442759942, 46.517178999597078 ], [ 6.630349293325539, 46.517181882176466 ], [ 6.630355624285215, 46.517185525719796 ], [ 6.630361626114653, 46.517190264439265 ], [ 6.630365793119005, 46.517194828155127 ], [ 6.630369231632042, 46.517200178335067 ], [ 6.630371525631189, 46.517206249042296 ], [ 6.630372305146364, 46.517214252111479 ], [ 6.630371318109871, 46.517220128514587 ], [ 6.630369057886409, 46.5172257439555 ], [ 6.630365882610266, 46.517230678170364 ], [ 6.630360943020692, 46.517235950660691 ], [ 6.63035527443112, 46.517240300356235 ], [ 6.630348729475335, 46.517243996089121 ], [ 6.630342029114621, 46.517246755122038 ], [ 6.630334190036867, 46.517248975271706 ], [ 6.630325437923938, 46.51725037926758 ], [ 6.630317638775337, 46.517250800484717 ], [ 6.630308576123749, 46.517250313089733 ], [ 6.630300334656511, 46.517248940933889 ], [ 6.630292509901817, 46.517246717119342 ], [ 6.630285800779402, 46.517243961489591 ], [ 6.630278784735442, 46.51723994422111 ], [ 6.63027320779072, 46.517235550376128 ], [ 6.630268988266992, 46.517231013270766 ], [ 6.630264047331266, 46.517222431784504 ] ], [ [ 6.630121155628039, 46.517238191094364 ], [ 6.630134896349064, 46.517293587934738 ], [ 6.629494030422834, 46.517378988202516 ], [ 6.629453414278768, 46.517383997169325 ], [ 6.629225645311998, 46.517412077228961 ], [ 6.629097616555057, 46.517419484992857 ], [ 6.629073654595371, 46.517422759483772 ], [ 6.628459120116391, 46.517506560627979 ], [ 6.628454348179831, 46.517487589793618 ] ], [ [ 6.628231581567267, 46.517548755199869 ], [ 6.628150638725844, 46.517637651936127 ], [ 6.628070185698365, 46.517690387865734 ], [ 6.627975331743571, 46.517739701271267 ], [ 6.627875680410438, 46.517785642764174 ], [ 6.627168887277928, 46.518080491358035 ], [ 6.625988826821352, 46.5185502306025 ], [ 6.62536214487888, 46.51881400272466 ], [ 6.624776691047909, 46.519064717032272 ], [ 6.624611251434557, 46.519134734005107 ], [ 6.624033389832698, 46.519379291708169 ], [ 6.623831802313251, 46.519462811991943 ], [ 6.623401779217552, 46.519648001582219 ], [ 6.623098207511935, 46.519770775241284 ], [ 6.622677974157775, 46.519947693129467 ], [ 6.622617037980674, 46.519987251421824 ], [ 6.62257304013284, 46.520023584987072 ], [ 6.622545917910815, 46.520061713210552 ], [ 6.622528337817558, 46.520106576175699 ], [ 6.622527457678833, 46.520164873489648 ], [ 6.622533785059791, 46.520226578195079 ], [ 6.622554425964054, 46.520298371526621 ], [ 6.622842585752444, 46.520716971959779 ], [ 6.62289610208567, 46.520800381681823 ], [ 6.623132631759653, 46.521168924678484 ], [ 6.623236751456814, 46.521331134864653 ], [ 6.623315020931012, 46.52144976204827 ], [ 6.624459081854036, 46.52307304565425 ], [ 6.624603705754999, 46.523284375938417 ], [ 6.624780148145256, 46.523542201149624 ], [ 6.624802269966949, 46.52358343596223 ], [ 6.624809889088676, 46.523597632461751 ], [ 6.624812170862302, 46.523601894981461 ], [ 6.624830194194928, 46.523633150719228 ], [ 6.624887440038942, 46.523732401316629 ] ], [ [ 6.625726083512513, 46.524948035847075 ], [ 6.625985911168467, 46.525328119536688 ], [ 6.626153713771608, 46.525565918303954 ], [ 6.626366590075484, 46.525857350298708 ], [ 6.626515332494794, 46.526078351298878 ], [ 6.626812785251003, 46.526510582709179 ], [ 6.627174454483486, 46.527036112145666 ], [ 6.627054695805487, 46.527075396051721 ], [ 6.626970682584131, 46.527102952782521 ], [ 6.626682181680118, 46.527184210177992 ], [ 6.626379214062154, 46.527265345285727 ] ] ] } },
{ "type": "Feature", "properties": { "CADRE_NO": "10.008", "DDT_URL": null, "ETC_NOM": "Transports publics de la région lausannoise", "ETC_SIGLE": "TL", "ETC_URL": "https://www.t-l.ch", "GO_CENTRE": 0, "HORAIR_URL": "https://www.tableaux-horaires.ch/fileadmin/fap_pdf_fields/2025/10.008.pdf", "LIGNE_NO": "8", "LIGNE_NOM": "Le Mont-sur-Lausanne - Lausanne - Pully", "LIGNE_SIGL": null, "LIGNE_TYPE": "Trolleybus", "PLAN_URL": "https://prestations.vd.ch/pub/101587/api/download/2_Cartographie_et_geodonnees/2.1_Carte_des_reseaux/Carte_des_lignes_TP/topo/ligne_10.008.pdf", "SHAPE_LEN": 9467.741 }, "geometry": { "type": "MultiLineString", "coordinates": [ [ [ 6.631269513606708, 46.523256496644272 ], [ 6.63112432033083, 46.523280454362137 ], [ 6.63099841474771, 46.523306222476769 ], [ 6.630891959514108, 46.523323789577077 ], [ 6.630790437226994, 46.52333307033409 ], [ 6.630599783749527, 46.523330048283995 ], [ 6.630339125732903, 46.523328191439134 ], [ 6.630049548552154, 46.523322781340944 ], [ 6.629943602155291, 46.523303701160984 ], [ 6.629665178523084, 46.523200078438144 ], [ 6.629607564248208, 46.523178014028652 ], [ 6.629549913368472, 46.523159268881365 ], [ 6.629497570939641, 46.5231089133624 ], [ 6.629223413745811, 46.522718758879115 ], [ 6.629012745674302, 46.52244067117033 ], [ 6.628925388285793, 46.522310081341814 ] ], [ [ 6.635332726376558, 46.556338408708662 ], [ 6.635368972673809, 46.556500279346302 ], [ 6.635379349958575, 46.556551369410442 ], [ 6.635452449694587, 46.556911512970444 ], [ 6.635470238366217, 46.556999179447843 ], [ 6.635476467872166, 46.557029279344412 ], [ 6.635508551094521, 46.557184391421004 ], [ 6.635532606364769, 46.557305819436557 ], [ 6.635587180312371, 46.557581493799546 ], [ 6.635614322248482, 46.557704976736282 ], [ 6.635661692243644, 46.55793192243884 ], [ 6.635715464206213, 46.558158985365019 ], [ 6.635761690142433, 46.558354157853799 ], [ 6.635809407036311, 46.558556087904122 ], [ 6.635824759908183, 46.558661180433248 ], [ 6.635876744520825, 46.558899790553383 ], [ 6.63587324246139, 46.558973092626168 ], [ 6.635848375349281, 46.55902289885482 ], [ 6.635800468386825, 46.559082041975209 ], [ 6.635807837531705, 46.559084630977061 ], [ 6.63581493691558, 46.559087820806312 ], [ 6.635822024936719, 46.559091775219358 ], [ 6.635827576083986, 46.559095592818778 ], [ 6.635832934241272, 46.559100110745334 ], [ 6.635837621866719, 46.559104992768063 ], [ 6.635841509493766, 46.559110174999091 ], [ 6.635844624004816, 46.559115603652316 ], [ 6.635847037758927, 46.55912167506586 ], [ 6.635848327975489, 46.559127000857721 ], [ 6.635848906399652, 46.559132834391157 ], [ 6.635848572007463, 46.559138661469532 ], [ 6.635847240407711, 46.559144895314475 ], [ 6.635845134815525, 46.55915055693464 ], [ 6.63584217110713, 46.55915604156143 ], [ 6.635838428726903, 46.559161268792117 ], [ 6.635833907942055, 46.559166220636421 ], [ 6.635829097658459, 46.55917046874108 ], [ 6.635822783334315, 46.559175003078984 ], [ 6.635816285036483, 46.559178753458816 ], [ 6.635809259173321, 46.559182023316531 ], [ 6.635795458006503, 46.559186621654966 ], [ 6.635837719930872, 46.559251080383241 ], [ 6.635863342220877, 46.559314566804673 ], [ 6.635869069237827, 46.559416244719998 ], [ 6.635852526458969, 46.559554415078637 ], [ 6.635851011093564, 46.559562482819047 ], [ 6.635828944051256, 46.559679221492871 ], [ 6.635805706988342, 46.559779030310892 ], [ 6.635774898903049, 46.559902103352385 ], [ 6.635746752125918, 46.560010198785932 ], [ 6.635688883707723, 46.560164737533718 ], [ 6.635656562499395, 46.560224629552636 ], [ 6.635634232806337, 46.56026599739338 ], [ 6.635584741897018, 46.560345622234799 ], [ 6.635535485621713, 46.560408579027559 ], [ 6.635488778625735, 46.560463223488881 ], [ 6.635444533128525, 46.560514583794799 ], [ 6.635378451517349, 46.560574092941323 ], [ 6.635317243079582, 46.560628634727358 ], [ 6.635253684548116, 46.560679831310431 ], [ 6.635163375440759, 46.560742515415015 ], [ 6.63496547134543, 46.560892734091283 ], [ 6.634784641829261, 46.561033069718547 ], [ 6.634721020923319, 46.561089267374136 ], [ 6.634649999183697, 46.561153742929761 ], [ 6.634568743530687, 46.561256478147982 ], [ 6.634526737079303, 46.561321159127942 ], [ 6.634486956473846, 46.561397514745813 ], [ 6.634456862455464, 46.561470610425708 ], [ 6.634431668956948, 46.561540421267992 ] ], [ [ 6.637091309955604, 46.511029095803693 ], [ 6.637217288841942, 46.51100918071927 ], [ 6.637375316407192, 46.510939750004084 ], [ 6.637562267421417, 46.510886329459296 ], [ 6.639613375196065, 46.510338345268181 ], [ 6.640543574222604, 46.510088641531702 ], [ 6.640788831484839, 46.510026108144046 ], [ 6.641427292253709, 46.509863360713027 ], [ 6.64250342719462, 46.509583954146841 ], [ 6.643238246076394, 46.509393643293684 ], [ 6.643391255098307, 46.509355394444405 ], [ 6.64343497465157, 46.509347064761265 ], [ 6.643549147696072, 46.509325276086479 ], [ 6.643716992051688, 46.509303314725535 ], [ 6.64384545532005, 46.509292367215551 ], [ 6.643960168130581, 46.509282591661076 ], [ 6.644181901958674, 46.50927130768769 ], [ 6.644369634126819, 46.509270283578289 ], [ 6.644582599737399, 46.509281121716818 ], [ 6.644810683808996, 46.509297894724718 ], [ 6.645389882358, 46.509339118938541 ], [ 6.645520302756765, 46.509348397381814 ], [ 6.646002783720694, 46.509383391504883 ], [ 6.646268761134315, 46.509402666417891 ], [ 6.646919421637417, 46.509445299650828 ], [ 6.647860640834224, 46.509513493846647 ], [ 6.64794334462504, 46.509492288512135 ], [ 6.648103887277808, 46.509435368889122 ], [ 6.648227132142547, 46.509417511740196 ], [ 6.64831794414815, 46.509415279596148 ], [ 6.648373080008684, 46.509450993889537 ], [ 6.64839902629599, 46.509500101004662 ], [ 6.648399026295973, 46.509580458006432 ], [ 6.648282268003046, 46.509647422083837 ], [ 6.648210915712931, 46.50964742208388 ], [ 6.648074697704542, 46.509611707919547 ], [ 6.647863884120135, 46.509515725986653 ] ], [ [ 6.637217288841942, 46.51100918071927 ], [ 6.637132661850993, 46.511120052897724 ] ], [ [ 6.633659611836431, 46.526794057995296 ], [ 6.633932883499861, 46.526599396418497 ], [ 6.634024560190006, 46.52652691755663 ], [ 6.634206026583811, 46.52638346657217 ], [ 6.634235780563516, 46.526359954895185 ], [ 6.634306475054144, 46.526303924793808 ], [ 6.634565405923637, 46.526098679631936 ], [ 6.63458997729292, 46.526079206353685 ], [ 6.634651978000793, 46.526031912585651 ], [ 6.635027039415824, 46.525745750992471 ], [ 6.635066546324302, 46.525711413942624 ], [ 6.635204029355312, 46.525591822300257 ], [ 6.635158794565561, 46.525590638329362 ], [ 6.635029392552561, 46.52558748179667 ], [ 6.634855843551312, 46.525569591652342 ], [ 6.634796856241079, 46.525559790823721 ], [ 6.634677659339736, 46.525540000491176 ], [ 6.634460922367727, 46.525505142964391 ], [ 6.634223119026328, 46.525426801578512 ], [ 6.634102524327676, 46.525754878824969 ], [ 6.634074677844478, 46.525830635185621 ], [ 6.633935658358397, 46.526194161063302 ], [ 6.633913931670808, 46.52625103305747 ], [ 6.633836633046865, 46.526437198224826 ], [ 6.633798740472383, 46.526528464453357 ], [ 6.633659611836431, 46.526794057995296 ], [ 6.63344547527456, 46.527070795969223 ], [ 6.633216472197983, 46.527372401111833 ], [ 6.633208069751824, 46.52738609645715 ], [ 6.633030930317004, 46.527674323409627 ], [ 6.632991208909188, 46.52774735035127 ], [ 6.632862338301421, 46.527971363977827 ], [ 6.632723946443026, 46.528186988465684 ], [ 6.632582818391961, 46.52842257362844 ], [ 6.632461377688951, 46.52863498069113 ], [ 6.632220293673728, 46.529098130485117 ], [ 6.632123136622551, 46.529300697164423 ], [ 6.632080479494588, 46.529408697653537 ], [ 6.632003032859512, 46.529583093707416 ], [ 6.631927282928747, 46.529776519471653 ], [ 6.631897632753565, 46.529852262496483 ], [ 6.631717915500033, 46.530247531407099 ], [ 6.631645301853308, 46.530421961597895 ], [ 6.631590648704088, 46.530524874773164 ], [ 6.631543515524641, 46.530609516414749 ], [ 6.631491646630352, 46.530687440267045 ], [ 6.63142539771839, 46.530760295961734 ], [ 6.631359184635935, 46.530828123069021 ], [ 6.631261289124823, 46.53091740523594 ], [ 6.631141429592359, 46.531021518467782 ], [ 6.630867241979872, 46.531276161811313 ], [ 6.630595874794732, 46.531504151236327 ], [ 6.630187238869358, 46.531869467701675 ], [ 6.629771485682108, 46.532230935650716 ], [ 6.629638486749553, 46.532344237613486 ], [ 6.629589842371138, 46.53239193881101 ], [ 6.629553597724942, 46.532428096481468 ], [ 6.629514428557586, 46.532474137964165 ], [ 6.629504870036749, 46.532503118127089 ], [ 6.629494028012687, 46.532535984436663 ], [ 6.629483510010844, 46.532594221985413 ], [ 6.629484823916718, 46.532667531368141 ], [ 6.629498119000154, 46.532745945998208 ], [ 6.629525834210937, 46.532831120547897 ], [ 6.629570639867107, 46.532901420496088 ], [ 6.629634825166679, 46.532968503063636 ], [ 6.629715902200047, 46.533035733004596 ], [ 6.629835499276512, 46.533109903552692 ], [ 6.629974874941394, 46.533154213025696 ], [ 6.630080739608116, 46.533178303259625 ], [ 6.630157917258921, 46.533183846006253 ], [ 6.63026409433708, 46.533187931027719 ], [ 6.630326956408546, 46.533186687589371 ], [ 6.630409039235444, 46.533180642181456 ], [ 6.630489064820258, 46.53315787635507 ], [ 6.630554683071539, 46.533128350776153 ], [ 6.63076130794752, 46.533033195279117 ], [ 6.63105771495024, 46.532908667549286 ], [ 6.631548486129762, 46.5327005628181 ], [ 6.631758513920836, 46.53260949595866 ], [ 6.631854684810489, 46.532567781314178 ], [ 6.632012381742284, 46.532515582756524 ], [ 6.63216744335329, 46.532478361701983 ], [ 6.632312586228502, 46.53245940394546 ], [ 6.632505832155582, 46.532452455668427 ], [ 6.632648065579146, 46.53246512499048 ], [ 6.632790002157275, 46.532499454563265 ], [ 6.632876464470303, 46.532530061487186 ], [ 6.632970048387774, 46.532567376003222 ], [ 6.633049202715947, 46.53260292372282 ], [ 6.633214272322516, 46.532704068878154 ], [ 6.633292731988659, 46.5327862561156 ], [ 6.63336125920686, 46.532885051520061 ], [ 6.633395853962841, 46.532993591716604 ], [ 6.633421101264007, 46.533082094294159 ], [ 6.633441736859076, 46.533155540703802 ], [ 6.633448027345031, 46.533218908674066 ], [ 6.633449128207364, 46.533235136398886 ], [ 6.633451981204711, 46.533277249252215 ], [ 6.633455663350274, 46.53335557716769 ], [ 6.633451468391694, 46.533637133360806 ], [ 6.633421069210732, 46.533893503524531 ], [ 6.633383787865061, 46.534289785679583 ], [ 6.633359282791202, 46.534637831607689 ], [ 6.633351729433866, 46.534821045915436 ], [ 6.633350119043881, 46.535090952530112 ], [ 6.633343437491392, 46.535377492867269 ], [ 6.633341376978768, 46.53551576580805 ], [ 6.633342348339834, 46.535612417464101 ], [ 6.633355407572881, 46.535784065164002 ], [ 6.633366569616764, 46.535930816272355 ], [ 6.633381588958319, 46.536057542515167 ], [ 6.633403544534526, 46.536204325230734 ], [ 6.633439945134944, 46.536354547981297 ], [ 6.633500126197541, 46.536528239264015 ], [ 6.633684687902192, 46.537104379340605 ], [ 6.633757690902756, 46.537391475881755 ], [ 6.633809931754973, 46.537611773255868 ], [ 6.633838777638543, 46.537783586808807 ], [ 6.633858297454456, 46.537930361131302 ], [ 6.633867949735051, 46.538093699197461 ], [ 6.633869973185801, 46.538183674213158 ], [ 6.633872319251664, 46.538287001678952 ], [ 6.633863310055292, 46.538405236062083 ], [ 6.633823265315351, 46.538663202145131 ], [ 6.633815409013222, 46.538703142938218 ], [ 6.633792264767954, 46.538797950265376 ], [ 6.633756478938574, 46.538930991168606 ], [ 6.633175739008942, 46.541401637966381 ], [ 6.632770733680244, 46.542305116656266 ], [ 6.632847356309844, 46.542914956272497 ], [ 6.632863775444741, 46.543135174450455 ], [ 6.632798098904936, 46.543353509539813 ], [ 6.632108495237248, 46.544422585922369 ], [ 6.631747274268419, 46.545167915452005 ], [ 6.631812950807987, 46.546131558665166 ], [ 6.631988088247219, 46.546801581754735 ], [ 6.632042818696895, 46.547403842642431 ], [ 6.631791058627615, 46.548397558498536 ], [ 6.631550244648349, 46.549135305473477 ], [ 6.631517406378368, 46.549654733552671 ], [ 6.631747274267411, 46.550241907134726 ], [ 6.633017020702411, 46.552063610385929 ], [ 6.634724610735705, 46.55441216236175 ], [ 6.635293807413276, 46.55618856365102 ] ], [ [ 6.635795458006503, 46.559186621654966 ], [ 6.635787712510968, 46.559188294120474 ], [ 6.63577876028828, 46.559189553228819 ], [ 6.63577097987784, 46.559190064955281 ], [ 6.635761838263213, 46.559190027291088 ], [ 6.635754074297725, 46.559189432618027 ], [ 6.635746123151922, 46.559188269869253 ], [ 6.635737427036934, 46.559186337186425 ], [ 6.635729689679477, 46.559183952485121 ], [ 6.635722908806616, 46.55918126868238 ], [ 6.635715995054583, 46.559177873251137 ], [ 6.635709648986716, 46.559174014039762 ], [ 6.635703922362894, 46.559169718402636 ], [ 6.635698840595048, 46.559165031499823 ], [ 6.635694213160511, 46.559159610133811 ], [ 6.635690960638109, 46.559154693275332 ], [ 6.635688186657234, 46.55914916806978 ], [ 6.635686191143269, 46.559143036638574 ], [ 6.635685266603716, 46.559137677447012 ], [ 6.635685079404152, 46.55913184667979 ], [ 6.635685876907617, 46.559125573074681 ], [ 6.635687501230371, 46.559119827088836 ], [ 6.635690921487385, 46.559112582468472 ], [ 6.635694495826356, 46.559107255097388 ], [ 6.635698848032065, 46.559102239093839 ], [ 6.635703886421673, 46.55909756079744 ], [ 6.635709636674421, 46.559093247377866 ], [ 6.635715467511266, 46.559089654212279 ], [ 6.635722877417598, 46.559085991250264 ], [ 6.635729659858727, 46.559083304419829 ], [ 6.635737389689419, 46.559080930155318 ], [ 6.635746091252004, 46.559078985577436 ], [ 6.635754377470009, 46.55907778473388 ], [ 6.635762798439636, 46.55907716958626 ], [ 6.635770610467506, 46.559077161863144 ], [ 6.635779704118466, 46.559077792927106 ], [ 6.635788006666233, 46.559079003139118 ], [ 6.635800468386825, 46.559082041975209 ] ], [ [ 6.637131851029514, 46.511120610916244 ], [ 6.637168945811979, 46.511231671875315 ], [ 6.637170215082267, 46.511495877542835 ], [ 6.637154648496488, 46.511848035802537 ], [ 6.637136638970625, 46.512016908780836 ], [ 6.637112641647981, 46.512123837459363 ], [ 6.637078700242908, 46.512204526280776 ], [ 6.637023773381324, 46.512304111469298 ], [ 6.636944482644181, 46.51242018515692 ], [ 6.636861963617248, 46.512521959201749 ], [ 6.636769245234109, 46.512612937763123 ], [ 6.636712652045981, 46.512655251015488 ], [ 6.636669894454561, 46.512687199631451 ], [ 6.636550528818177, 46.512750911422891 ], [ 6.636537742557343, 46.512757289180996 ], [ 6.636186751877398, 46.512932191153759 ], [ 6.635950814116931, 46.513062620077733 ], [ 6.635882146833228, 46.513116794264334 ], [ 6.635842597159888, 46.513167827960352 ], [ 6.635824374772108, 46.513198924361681 ], [ 6.635817233198289, 46.513244609858525 ], [ 6.635821334695185, 46.513294836985743 ], [ 6.635845894773841, 46.513373105741024 ], [ 6.63589903226391, 46.513473230292853 ], [ 6.636055984808599, 46.513763834637771 ], [ 6.636221146102549, 46.514071274499244 ], [ 6.636502836296344, 46.514604053230769 ], [ 6.636691625665013, 46.514974883849611 ], [ 6.636696374325319, 46.514984183377763 ], [ 6.637311116558803, 46.516111651532476 ], [ 6.637564466170176, 46.516598203319624 ], [ 6.637587179548089, 46.516645710045033 ], [ 6.637634565115067, 46.51675364667539 ], [ 6.63756803600501, 46.516765339551689 ], [ 6.637625381948877, 46.516883539073575 ], [ 6.637856935028121, 46.517383367362171 ], [ 6.63806010541006, 46.517842989303354 ], [ 6.638028506526367, 46.517857753740842 ], [ 6.637324390154596, 46.518141034123438 ], [ 6.636705445120461, 46.518374921163407 ], [ 6.636173840139818, 46.518579429845168 ], [ 6.635387548723751, 46.518893585270867 ], [ 6.634763186722371, 46.51914092658869 ], [ 6.634306498584052, 46.519335953860946 ] ], [ [ 6.631269513606708, 46.523256496644272 ], [ 6.631485183980393, 46.523199709729383 ], [ 6.631676806889878, 46.523137767533221 ], [ 6.631766360805185, 46.523121743769785 ], [ 6.631853092852066, 46.523132364236162 ], [ 6.631920450691188, 46.523147839690957 ], [ 6.631977978342133, 46.523174895126694 ], [ 6.632027999697023, 46.523220249157099 ], [ 6.632077610668484, 46.523292237625704 ], [ 6.632162541703797, 46.523424462987549 ], [ 6.632172285560358, 46.523439636663852 ], [ 6.632247459988294, 46.523556697187573 ], [ 6.632344321913766, 46.523697337575001 ], [ 6.632462150637079, 46.523889800320568 ], [ 6.632627132450104, 46.524157544243174 ], [ 6.632770663572922, 46.524405155262869 ], [ 6.632971317701075, 46.524709820036193 ], [ 6.633064045092553, 46.524805450046067 ], [ 6.633188016799905, 46.524909623169656 ], [ 6.633304978233986, 46.52499709466079 ], [ 6.633407760501985, 46.525066140391132 ], [ 6.633515388532105, 46.525131882872039 ], [ 6.633630437550099, 46.525187683268946 ], [ 6.633733455778427, 46.52524006065056 ], [ 6.633882234841479, 46.525299428634618 ], [ 6.634033423742128, 46.525357158234733 ], [ 6.634223119026328, 46.525426801578512 ] ], [ [ 6.632349754941282, 46.519611979411565 ], [ 6.632524090845434, 46.519574895106466 ], [ 6.632726960410757, 46.519534738679226 ], [ 6.632751637715066, 46.519529858197039 ], [ 6.632838962349156, 46.519514339565596 ], [ 6.633049309132547, 46.51947698847782 ], [ 6.633185800328273, 46.519461683784421 ], [ 6.633498884232848, 46.519426554631657 ], [ 6.634306498584052, 46.519335953860946 ] ], [ [ 6.632349754941282, 46.519611979411565 ], [ 6.632243070692172, 46.519644542557771 ], [ 6.632165203411478, 46.519685631845704 ], [ 6.63210419984362, 46.519730196515916 ], [ 6.631776185021224, 46.520048637048987 ], [ 6.631751522449192, 46.520072589109297 ], [ 6.631594804767154, 46.520222221558662 ], [ 6.631428198894709, 46.520389901536092 ], [ 6.631410480667445, 46.520407848577371 ], [ 6.631396442243124, 46.520421989472268 ], [ 6.631063406215356, 46.520757565778233 ], [ 6.630719039920195, 46.521104539436202 ], [ 6.630675785298566, 46.521144641759285 ], [ 6.63049202444068, 46.521334886324226 ], [ 6.630362205730933, 46.521462263518714 ], [ 6.630254556975411, 46.521558123358538 ], [ 6.630141936552493, 46.521663960301773 ], [ 6.629953918437393, 46.521809238266009 ], [ 6.629852794642312, 46.521890489634373 ], [ 6.629712285132639, 46.521987464104114 ], [ 6.629651834875246, 46.52202348515636 ], [ 6.629485914228649, 46.522114142814125 ], [ 6.628925388285793, 46.522310081341814 ] ] ] } },
{ "type": "Feature", "properties": { "CADRE_NO": "10.042", "DDT_URL": null, "ETC_NOM": "Transports publics de la région lausannoise", "ETC_SIGLE": "TL", "ETC_URL": "https://www.t-l.ch", "GO_CENTRE": 0, "HORAIR_URL": "https://www.tableaux-horaires.ch/fileadmin/fap_pdf_fields/2025/10.042.pdf", "LIGNE_NO": "42", "LIGNE_NOM": "Lausanne Foyer - Pont-de-Chailly - Sallaz", "LIGNE_SIGL": null, "LIGNE_TYPE": "Bus urbain", "PLAN_URL": "https://prestations.vd.ch/pub/101587/api/download/2_Cartographie_et_geodonnees/2.1_Carte_des_reseaux/Carte_des_lignes_TP/topo/ligne_10.042.pdf", "SHAPE_LEN": 2148.262 }, "geometry": { "type": "MultiLineString", "coordinates": [ [ [ 6.651469718304063, 46.526652248742366 ], [ 6.651547225972417, 46.526622991570733 ], [ 6.651688300622299, 46.526550661395206 ], [ 6.651756442620598, 46.526511155588302 ], [ 6.651795507254143, 46.526481433694897 ], [ 6.651833648316305, 46.526452479043492 ] ], [ [ 6.66079723017114, 46.533316374185944 ], [ 6.660798023217441, 46.533310181352839 ], [ 6.660799956138995, 46.533304491116056 ], [ 6.660802954615382, 46.533299033084873 ], [ 6.660807017222127, 46.533293906205948 ], [ 6.660812038262435, 46.533289208710926 ], [ 6.660817451834432, 46.533285314553872 ], [ 6.66082461235614, 46.533281405384095 ], [ 6.660831338827074, 46.533278671719245 ], [ 6.660845285293493, 46.533275141919532 ], [ 6.660853093633917, 46.533274223873136 ], [ 6.660861543707598, 46.533274002920002 ], [ 6.660869969354534, 46.533274573450086 ], [ 6.660878837988252, 46.533276064611925 ], [ 6.660886109478236, 46.533278030611243 ], [ 6.660893512044756, 46.533280852132108 ], [ 6.660900318111817, 46.533284362258669 ], [ 6.660906346756366, 46.533288451798455 ], [ 6.660911533455451, 46.533293075329127 ], [ 6.660915749421964, 46.533298124015644 ], [ 6.660918956459757, 46.533303534624011 ], [ 6.660921187974803, 46.533309703208957 ], [ 6.660922069774153, 46.533315457720803 ], [ 6.660921757836936, 46.533321734816653 ], [ 6.660920416897173, 46.533327051279485 ], [ 6.660917671215547, 46.533333059804654 ], [ 6.660914342407299, 46.533337921836122 ], [ 6.660905579525924, 46.533346291058812 ], [ 6.660898921633788, 46.533350599504658 ], [ 6.660892567707912, 46.533353713560714 ], [ 6.660884482840029, 46.533356635830685 ], [ 6.660876490027963, 46.533358596155196 ], [ 6.660868208695047, 46.533359771846143 ], [ 6.660861007418374, 46.533360172284837 ], [ 6.660852564451798, 46.533359898504671 ], [ 6.660844223857846, 46.533358851766437 ], [ 6.660835584170249, 46.533356849397329 ], [ 6.660828009175746, 46.533354233599603 ], [ 6.660821534869359, 46.533351220525091 ], [ 6.660815190428928, 46.533347335724812 ], [ 6.660809674774049, 46.533342925839534 ], [ 6.660805065979552, 46.533338000400619 ], [ 6.66080123745948, 46.533332297655342 ], [ 6.660798939190432, 46.533327145162559 ], [ 6.66079723017114, 46.533316374185944 ] ] ] } },
{ "type": "Feature", "properties": { "CADRE_NO": "10.007", "DDT_URL": null, "ETC_NOM": "Transports publics de la région lausannoise", "ETC_SIGLE": "TL", "ETC_URL": "https://www.t-l.ch", "GO_CENTRE": 0, "HORAIR_URL": "https://www.tableaux-horaires.ch/fileadmin/fap_pdf_fields/2025/10.007.pdf", "LIGNE_NO": "7", "LIGNE_NOM": "Prilly Galicien/Aréna - Lausanne Chauderon - Pully Rosiaz - Val-Vert", "LIGNE_SIGL": null, "LIGNE_TYPE": "Trolleybus", "PLAN_URL": "https://prestations.vd.ch/pub/101587/api/download/2_Cartographie_et_geodonnees/2.1_Carte_des_reseaux/Carte_des_lignes_TP/topo/ligne_10.007.pdf", "SHAPE_LEN": 6947.888 }, "geometry": { "type": "MultiLineString", "coordinates": [ [ [ 6.602079263204334, 46.528863233771652 ], [ 6.602547752175795, 46.528696741435304 ], [ 6.60329338276277, 46.52840565869618 ], [ 6.603732525073466, 46.5282407806707 ], [ 6.604009248411198, 46.528126379966452 ], [ 6.604021999125188, 46.528121103084054 ], [ 6.604184340882537, 46.528061942254688 ], [ 6.60444935850022, 46.527959311269605 ], [ 6.604850129961239, 46.52780062405408 ], [ 6.605425625655411, 46.527581586360178 ], [ 6.606278094299992, 46.527247952529123 ], [ 6.60674690231872, 46.527058118503646 ], [ 6.606760316200064, 46.527052909152594 ], [ 6.607108763153535, 46.526917481165682 ], [ 6.607436585638344, 46.526791580836054 ], [ 6.607476333613161, 46.526776668608292 ], [ 6.607754660050026, 46.526672283292463 ], [ 6.607936575684456, 46.526615302616591 ], [ 6.608256649477509, 46.526522673772831 ], [ 6.608612273202556, 46.526471965062335 ], [ 6.608945877773519, 46.52644107456647 ], [ 6.60958864297861, 46.526399128356374 ], [ 6.610131614841833, 46.52637202208517 ], [ 6.611245749508268, 46.526324574507747 ], [ 6.612154297417431, 46.526308904160018 ], [ 6.612263170864543, 46.5263070253595 ], [ 6.612715795593891, 46.526299202009511 ], [ 6.613078424421116, 46.526292944081995 ], [ 6.614010509499298, 46.526274740326627 ], [ 6.614863092698427, 46.526244265789614 ], [ 6.615713136876887, 46.526222114819319 ], [ 6.616022258153859, 46.526214352866461 ], [ 6.616203453601067, 46.526204016538308 ], [ 6.61622672199, 46.526201234487708 ], [ 6.616321962572278, 46.526189879049575 ], [ 6.616481585523625, 46.526169364274999 ], [ 6.616622021577769, 46.526142071148925 ], [ 6.616810981868121, 46.52609677732071 ], [ 6.6170389619671, 46.526026792600064 ], [ 6.617121494092798, 46.525995723988473 ], [ 6.617228529905304, 46.525943179131467 ], [ 6.617479156948779, 46.525811707279424 ], [ 6.618026521234307, 46.525534089982294 ], [ 6.618037914572704, 46.525527947094041 ], [ 6.618178904814417, 46.525451960228338 ], [ 6.618452380363276, 46.525307247313862 ], [ 6.619247803122684, 46.524906443526554 ], [ 6.619972728231918, 46.524538456072527 ], [ 6.620123533611237, 46.524462906492843 ], [ 6.620220704308258, 46.524421946613501 ], [ 6.620393169655499, 46.524349881481399 ], [ 6.62049759866728, 46.524308973716636 ], [ 6.620711192844617, 46.524231096349894 ], [ 6.620931633466933, 46.524165835467144 ], [ 6.621459641558817, 46.52402916597606 ], [ 6.622162467420535, 46.523850616066667 ], [ 6.622637864324602, 46.523777191816933 ], [ 6.622651176747763, 46.523775956146018 ], [ 6.622944195152369, 46.523748646090262 ], [ 6.623333179481901, 46.523719371131563 ], [ 6.623925807586398, 46.523676974789552 ], [ 6.62451351139339, 46.52362138775031 ], [ 6.624802269966949, 46.52358343596223 ], [ 6.624913610046487, 46.523568806327468 ], [ 6.625211733935591, 46.523516454973539 ], [ 6.625824337193182, 46.523390897243139 ], [ 6.626107745874473, 46.52332461114279 ], [ 6.626139263263852, 46.523314833225264 ], [ 6.626627005939548, 46.523145051768545 ] ], [ [ 6.651254367414912, 46.526653642090494 ], [ 6.651201856743238, 46.526635591404471 ], [ 6.651089391646538, 46.526566503742309 ], [ 6.650743850721089, 46.526259192387258 ], [ 6.650596108058003, 46.526128209278944 ], [ 6.650372131313317, 46.525926716023434 ], [ 6.65022919934866, 46.525795765848457 ], [ 6.650172134854116, 46.525737047860289 ], [ 6.650112779261033, 46.525668319303485 ], [ 6.650079583163297, 46.525628101115906 ], [ 6.650015708917024, 46.525537678602412 ], [ 6.649966217851616, 46.525455704377585 ], [ 6.649923924229372, 46.525377108707275 ], [ 6.649884271878169, 46.525281861696598 ], [ 6.649847346710103, 46.525164971135524 ], [ 6.649808023805446, 46.525048063888811 ], [ 6.649720827270664, 46.524737552505293 ], [ 6.649655610465429, 46.524469574316441 ], [ 6.649604682853556, 46.524260232790347 ], [ 6.649556580192089, 46.524083278689041 ], [ 6.649510037194552, 46.523964665829467 ], [ 6.649475026753829, 46.523882783098934 ], [ 6.649428070646534, 46.523792486908256 ], [ 6.649364285718624, 46.523697062812865 ], [ 6.649274162906408, 46.523588141260561 ], [ 6.64920303540081, 46.523499341052322 ], [ 6.6491172353759, 46.523423761842977 ], [ 6.648952759666551, 46.523281001155645 ], [ 6.648642322067269, 46.523052238143279 ], [ 6.648302977888304, 46.522818289065874 ], [ 6.647975936401293, 46.522569410278841 ], [ 6.647667794219153, 46.522347326614643 ], [ 6.647359802433246, 46.522116921790229 ], [ 6.647056195653136, 46.521916539565495 ], [ 6.646963131246395, 46.521842581261801 ], [ 6.646725971669115, 46.521719299248119 ], [ 6.646558714156611, 46.521660430819793 ] ], [ [ 6.631269513606708, 46.523256496644272 ], [ 6.63112432033083, 46.523280454362137 ], [ 6.63099841474771, 46.523306222476769 ], [ 6.630891959514108, 46.523323789577077 ], [ 6.630790437226994, 46.52333307033409 ], [ 6.630599783749527, 46.523330048283995 ], [ 6.630339125732903, 46.523328191439134 ], [ 6.630049548552154, 46.523322781340944 ], [ 6.629943602155291, 46.523303701160984 ], [ 6.629665178523084, 46.523200078438144 ], [ 6.629607564248208, 46.523178014028652 ], [ 6.629549913368472, 46.523159268881365 ], [ 6.629497570939641, 46.5231089133624 ], [ 6.629223413745811, 46.522718758879115 ], [ 6.629012745674302, 46.52244067117033 ], [ 6.628925388285793, 46.522310081341814 ], [ 6.6287408607252, 46.522382073194777 ], [ 6.627806436321824, 46.522723618755499 ], [ 6.626627005939548, 46.523145051768545 ] ], [ [ 6.603485607968159, 46.527310987966025 ], [ 6.603493683291821, 46.527310516635573 ], [ 6.603502154562106, 46.527310569993226 ], [ 6.603510591567455, 46.527311153868425 ], [ 6.603519527112251, 46.527312371139935 ], [ 6.603527036971578, 46.527313910773302 ], [ 6.603534902708067, 46.527316037772493 ], [ 6.603542473808261, 46.527318675380698 ], [ 6.603550190320285, 46.527322024751179 ], [ 6.603556395895561, 46.52732530902383 ], [ 6.603562643317623, 46.527329259316168 ], [ 6.603568736265141, 46.527333928159862 ], [ 6.603573785917532, 46.527338634305153 ], [ 6.603578192530364, 46.527343623592955 ], [ 6.603581649993643, 46.527348461957239 ], [ 6.603584922192236, 46.527354324514206 ], [ 6.603587044502896, 46.527359530888347 ], [ 6.603588721454108, 46.527365723556557 ], [ 6.603589433612535, 46.527371090478226 ], [ 6.603589460575432, 46.52737693814678 ], [ 6.603588719175109, 46.527382744175995 ], [ 6.603587033178944, 46.527388948077942 ], [ 6.603584717482477, 46.527394571594485 ], [ 6.603581661432699, 46.527400027732135 ], [ 6.603577866280165, 46.527405235535056 ], [ 6.603573780550743, 46.527409847456155 ], [ 6.603568742055858, 46.527414542325857 ], [ 6.603562819988149, 46.527419059766139 ], [ 6.603556606648548, 46.527423026299779 ], [ 6.603549891292964, 46.527426584313304 ], [ 6.603537418410244, 46.527431602299792 ] ], [ [ 6.603485607968159, 46.527310987966025 ], [ 6.603476911221191, 46.527312030472693 ], [ 6.603468126132636, 46.527313729044259 ], [ 6.603460810659459, 46.527315636347311 ], [ 6.603452621696833, 46.527318400846497 ], [ 6.603445392830499, 46.527321451291805 ], [ 6.603438613429594, 46.527324936858449 ], [ 6.603432309698069, 46.527328848743245 ], [ 6.603426982987258, 46.527332794808103 ], [ 6.603421405705751, 46.527337773580619 ], [ 6.603417203509423, 46.527342330662158 ] ], [ [ 6.65125457484205, 46.526653046337223 ], [ 6.651469718304063, 46.526652248742366 ], [ 6.651547225972417, 46.526622991570733 ], [ 6.651688300622299, 46.526550661395206 ], [ 6.651756442620598, 46.526511155588302 ], [ 6.651795507254143, 46.526481433694897 ], [ 6.651833648316305, 46.526452479043492 ], [ 6.65185932738422, 46.526410213762503 ], [ 6.651882893482457, 46.526282093507731 ], [ 6.651918119894243, 46.526019086357962 ], [ 6.65196282012732, 46.525767803771309 ], [ 6.652011479955524, 46.525574879015402 ], [ 6.652046813004819, 46.525470149082658 ], [ 6.652099119254122, 46.525358888733855 ], [ 6.652153679753916, 46.525259293875351 ], [ 6.652249335808919, 46.525153326782693 ], [ 6.652356869077654, 46.525064093619868 ], [ 6.65242035855653, 46.525014542578589 ], [ 6.652500578779055, 46.5249751200435 ], [ 6.652660741384821, 46.524916253108529 ], [ 6.652825787034252, 46.524854082238591 ], [ 6.652995861074613, 46.524778604811686 ], [ 6.65302713398136, 46.524761153134982 ], [ 6.653149177284106, 46.524693025490826 ], [ 6.653326942489882, 46.52458597971161 ], [ 6.653534559839462, 46.524417454341233 ], [ 6.654105963983795, 46.523966549055501 ], [ 6.654427960464457, 46.523733843548818 ], [ 6.654730557457681, 46.523507678164407 ], [ 6.654915827184987, 46.523382338855392 ], [ 6.655081458225787, 46.523280181363937 ], [ 6.655156693824571, 46.523234569255415 ], [ 6.655198348005202, 46.52320932614078 ], [ 6.6553442545516, 46.523135369605171 ], [ 6.655436537235245, 46.523096019318338 ], [ 6.655499659528912, 46.523071455072923 ], [ 6.655792793899186, 46.522996849965764 ], [ 6.656289264361561, 46.522883632159257 ], [ 6.656409559691335, 46.522854657797467 ], [ 6.656702071158086, 46.522784202238199 ], [ 6.657069220280501, 46.522695746312678 ], [ 6.657398639471261, 46.522618031545093 ], [ 6.657548277452613, 46.52258495794478 ], [ 6.657815249168398, 46.52251759824545 ], [ 6.658120459644829, 46.522444725564064 ], [ 6.658306742801829, 46.522412685751981 ], [ 6.658446979849549, 46.522396989639255 ], [ 6.658505572637063, 46.522392633686536 ], [ 6.658570219003364, 46.522387833544137 ], [ 6.658618511391127, 46.522386501342652 ], [ 6.658992785505718, 46.522377415346149 ], [ 6.659386287046059, 46.522373453000206 ], [ 6.659606014604548, 46.522368296072088 ], [ 6.65976059586929, 46.522361036177635 ], [ 6.659876482145456, 46.522360167514876 ], [ 6.659912802682584, 46.522357565099767 ], [ 6.660026263867617, 46.522349527782886 ], [ 6.660181063078499, 46.522328936677489 ], [ 6.660292341747587, 46.522311357309476 ], [ 6.660401246268018, 46.522292115269835 ], [ 6.660493334025881, 46.522267755973978 ], [ 6.660626695346599, 46.522225345743664 ], [ 6.660813457842996, 46.522161648051018 ], [ 6.661078140827812, 46.522051830701365 ], [ 6.661515201471126, 46.521871549274017 ], [ 6.661856691108285, 46.521726667930423 ], [ 6.662163321778583, 46.52161773804476 ], [ 6.662588249767883, 46.521442362289228 ], [ 6.663149120613991, 46.521211275310321 ], [ 6.663404092485832, 46.521106388010601 ], [ 6.663576670056525, 46.521022590684211 ], [ 6.66369343485731, 46.520958419021333 ], [ 6.663781149057439, 46.520900696881107 ], [ 6.663908071018834, 46.520801590792644 ], [ 6.664071672223597, 46.520671086957648 ], [ 6.664174043187169, 46.520601796734738 ], [ 6.664295558539179, 46.520544313964685 ], [ 6.664368292663823, 46.520521492707374 ], [ 6.664494247366245, 46.520490695290512 ], [ 6.664629749521866, 46.520466619948643 ], [ 6.66476255441328, 46.520462533234074 ], [ 6.664818127129654, 46.520459574813245 ], [ 6.664880762776514, 46.520466668136635 ], [ 6.665017986071685, 46.520492595056204 ], [ 6.665087771486702, 46.520506412085233 ], [ 6.665162298557205, 46.520528573741458 ], [ 6.665277463390183, 46.520576021390724 ], [ 6.665423805871491, 46.520638659843428 ], [ 6.665670908418734, 46.520743636388573 ], [ 6.666105163266326, 46.520926533325913 ], [ 6.666448220664906, 46.521073831232108 ], [ 6.66670018537632, 46.521177183335602 ], [ 6.666832066547409, 46.52123972154034 ], [ 6.666903801607188, 46.521286863027754 ], [ 6.666958767174838, 46.521325569060224 ], [ 6.667003672722585, 46.521392508162293 ], [ 6.667036521950013, 46.521457718965266 ], [ 6.667106521395348, 46.521592703794703 ], [ 6.667221192602649, 46.521813814541069 ], [ 6.667238621724903, 46.521858238534541 ], [ 6.667247688656924, 46.521881330039704 ], [ 6.667310098862167, 46.52207605077313 ], [ 6.667330978906653, 46.52214898865698 ], [ 6.66733889453207, 46.522147738052226 ], [ 6.667347936698608, 46.522146998884352 ], [ 6.667356434309982, 46.522146975696053 ], [ 6.667364831716831, 46.522147581548289 ], [ 6.667372491793968, 46.522148713152859 ], [ 6.667381143478841, 46.522150679133929 ], [ 6.6673882666428, 46.522152904603274 ], [ 6.667396105702577, 46.522156106511098 ], [ 6.667404021607812, 46.522160316496681 ], [ 6.667402106602872, 46.522242464260771 ], [ 6.667395293250713, 46.522245926392536 ], [ 6.667387979245886, 46.522248854354025 ], [ 6.667379602184689, 46.522251388258013 ], [ 6.667369707508414, 46.522253417061357 ], [ 6.667361274334578, 46.522254403264562 ], [ 6.667352824211048, 46.522254750633415 ], [ 6.66734489091211, 46.522254498781322 ], [ 6.66732960764141, 46.522252388751468 ], [ 6.667321634473457, 46.522250364407839 ], [ 6.667314617732792, 46.522247986725375 ], [ 6.667307441853803, 46.522244888277704 ], [ 6.667300303719792, 46.522240971447026 ], [ 6.667294328718626, 46.522236828627811 ], [ 6.667289011064705, 46.522232285456461 ], [ 6.667284775145738, 46.52222774064429 ], [ 6.667280952828391, 46.522222523941721 ], [ 6.667277968243565, 46.522217052050344 ], [ 6.667275872618, 46.522211388290806 ], [ 6.667274606186093, 46.522205154423403 ], [ 6.667274383358318, 46.522199764283428 ], [ 6.667275085436297, 46.522193489825199 ], [ 6.667276705168519, 46.522187752372787 ], [ 6.667278981156871, 46.522182604125007 ], [ 6.667282530559779, 46.522176807825495 ], [ 6.667286708486794, 46.522171717490309 ], [ 6.667291254438684, 46.522167322352139 ], [ 6.667297342456938, 46.522162631833915 ], [ 6.667303640582987, 46.522158743391181 ], [ 6.667309993467452, 46.522155583999208 ], [ 6.667317922634189, 46.522152471308779 ], [ 6.667330978906653, 46.52214898865698 ] ], [ [ 6.629683936315569, 46.522005219450762 ], [ 6.629870019844847, 46.522216107791728 ], [ 6.630773072266511, 46.52239310273162 ], [ 6.63147635854638, 46.522705666855643 ], [ 6.631766360805185, 46.523121743769785 ], [ 6.631853092852066, 46.523132364236162 ], [ 6.631920450691188, 46.523147839690957 ], [ 6.631977978342133, 46.523174895126694 ], [ 6.632027999697023, 46.523220249157099 ], [ 6.632077610668484, 46.523292237625704 ], [ 6.632162541703797, 46.523424462987549 ], [ 6.632172285560358, 46.523439636663852 ], [ 6.632247459988294, 46.523556697187573 ], [ 6.632344321913766, 46.523697337575001 ], [ 6.632462150637079, 46.523889800320568 ], [ 6.632627132450104, 46.524157544243174 ], [ 6.632770663572922, 46.524405155262869 ], [ 6.632971317701075, 46.524709820036193 ], [ 6.633064045092553, 46.524805450046067 ], [ 6.633188016799905, 46.524909623169656 ], [ 6.633304978233986, 46.52499709466079 ], [ 6.633407760501985, 46.525066140391132 ], [ 6.633515388532105, 46.525131882872039 ], [ 6.633630437550099, 46.525187683268946 ], [ 6.633733455778427, 46.52524006065056 ], [ 6.633882234841479, 46.525299428634618 ], [ 6.634033423742128, 46.525357158234733 ], [ 6.634223119026328, 46.525426801578512 ] ], [ [ 6.638957230848847, 46.522150661438211 ], [ 6.638802488581751, 46.522151891523876 ], [ 6.638621360287246, 46.52215893570316 ], [ 6.638604470251442, 46.522157152319785 ], [ 6.638497970214913, 46.522178072737177 ], [ 6.638398541772031, 46.522209019578213 ], [ 6.638320775455218, 46.522245120968698 ], [ 6.638235368801694, 46.522307832747316 ], [ 6.638193592815864, 46.522357529143406 ], [ 6.638149233303392, 46.522418866199317 ], [ 6.638129007987971, 46.522480364544393 ], [ 6.638118414131136, 46.522543604118901 ], [ 6.638120035364656, 46.522596935255969 ], [ 6.638123932446462, 46.522660277083972 ], [ 6.638146931847935, 46.522737076879324 ], [ 6.638177040305442, 46.522822266185429 ], [ 6.638270778369116, 46.523012870531531 ], [ 6.638303348848912, 46.523096403901498 ], [ 6.638323714405868, 46.523186517247808 ], [ 6.638341522510618, 46.52328828044832 ], [ 6.638340067090746, 46.523386579209529 ], [ 6.638321931905161, 46.523469745866755 ], [ 6.638303427820676, 46.523579583259391 ], [ 6.638258648126866, 46.523669237017714 ], [ 6.638121983982895, 46.523933206959207 ], [ 6.637921765741013, 46.52433638315582 ], [ 6.637838340881912, 46.524504353641944 ], [ 6.637824559665447, 46.524528446790846 ], [ 6.637559809875237, 46.525055546477496 ], [ 6.637495443911767, 46.52516505990468 ], [ 6.637426957555729, 46.525224562043952 ], [ 6.637356369719035, 46.525264042045137 ], [ 6.637220052917599, 46.525341398956463 ], [ 6.63710582970341, 46.525392238456917 ], [ 6.637003922607817, 46.525428159426504 ], [ 6.636851059865041, 46.525480407909889 ], [ 6.636715346942717, 46.525516098701075 ], [ 6.636616159647223, 46.525532067277815 ], [ 6.63642903731292, 46.525553162509148 ], [ 6.636283336852946, 46.525563620160305 ], [ 6.636203765046385, 46.525568158156183 ], [ 6.635434110053096, 46.525582179352931 ], [ 6.635292060616326, 46.525587245948138 ], [ 6.635204029355312, 46.525591822300257 ], [ 6.635158794565561, 46.525590638329362 ], [ 6.635029392552561, 46.52558748179667 ], [ 6.634855843551312, 46.525569591652342 ], [ 6.634796856241079, 46.525559790823721 ], [ 6.634677659339736, 46.525540000491176 ], [ 6.634460922367727, 46.525505142964391 ], [ 6.634223119026328, 46.525426801578512 ] ], [ [ 6.638957230848847, 46.522150661438211 ], [ 6.639024578626185, 46.522150128600231 ], [ 6.639111433878315, 46.522152405039755 ], [ 6.63944439031462, 46.522161399237639 ], [ 6.639502425893011, 46.522155159979242 ], [ 6.63957268817177, 46.522137320922248 ], [ 6.639643135755839, 46.52210782422469 ], [ 6.63971630103747, 46.522056693090825 ], [ 6.640002578619241, 46.52179545693064 ], [ 6.640085730964291, 46.521721060075386 ], [ 6.640283907391875, 46.521540851323302 ], [ 6.640381783956255, 46.52145157043077 ], [ 6.640452586301686, 46.521397075668474 ], [ 6.640496412667332, 46.521370728680388 ], [ 6.64061524891833, 46.521333250464401 ], [ 6.640770185985223, 46.521301000861477 ], [ 6.640951755067765, 46.521265636762791 ], [ 6.641126132766392, 46.521240684243281 ], [ 6.641140420522096, 46.521238634627522 ], [ 6.641338790929139, 46.521208371845404 ], [ 6.64175722950707, 46.521149652942164 ], [ 6.642100523273573, 46.521112085409008 ], [ 6.642436461757581, 46.521082786577018 ], [ 6.642806177842024, 46.521055396988729 ], [ 6.64312500665178, 46.521040972530635 ], [ 6.64351383659087, 46.521025373575846 ], [ 6.643721504995089, 46.521018489611187 ], [ 6.644054505611727, 46.521025815373712 ], [ 6.644230489710937, 46.521040380058686 ], [ 6.644403965218742, 46.52106159298863 ], [ 6.644661516969114, 46.521110040468251 ], [ 6.645118820577754, 46.521198217011246 ], [ 6.645296838131695, 46.521239449588982 ], [ 6.645530173103741, 46.521294391807373 ], [ 6.645780090315173, 46.521369465672763 ], [ 6.645972293454018, 46.52143078557237 ], [ 6.64628444620304, 46.52154292512062 ], [ 6.646558714156611, 46.521660430819793 ] ], [ [ 6.603537418271268, 46.527431611294865 ], [ 6.603580314993979, 46.527489709018369 ], [ 6.603629879080799, 46.527563392071109 ], [ 6.603685930208512, 46.527685431937009 ], [ 6.60373715951604, 46.527807436291681 ], [ 6.603765410366152, 46.527854306980011 ], [ 6.603812615456517, 46.527922952761529 ], [ 6.603881571922372, 46.527991776544596 ], [ 6.604021999125188, 46.528121103084054 ] ] ] } },
{ "type": "Feature", "properties": { "CADRE_NO": "10.064", "DDT_URL": null, "ETC_NOM": "Transports publics de la région lausannoise", "ETC_SIGLE": "TL", "ETC_URL": "https://www.t-l.ch", "GO_CENTRE": 0, "HORAIR_URL": "https://www.tableaux-horaires.ch/fileadmin/fap_pdf_fields/2025/10.064.pdf", "LIGNE_NO": "64", "LIGNE_NOM": "Epalinges - Montblesson - Lausanne", "LIGNE_SIGL": null, "LIGNE_TYPE": "Bus urbain", "PLAN_URL": "https://prestations.vd.ch/pub/101587/api/download/2_Cartographie_et_geodonnees/2.1_Carte_des_reseaux/Carte_des_lignes_TP/topo/ligne_10.064.pdf", "SHAPE_LEN": 8681.346 }, "geometry": { "type": "MultiLineString", "coordinates": [ [ [ 6.66793782860517, 46.54458157215366 ], [ 6.667906766306925, 46.544556379243559 ], [ 6.667815871427806, 46.54449744967755 ], [ 6.667727124898785, 46.544455186271968 ], [ 6.667668212304598, 46.544436479155927 ], [ 6.667631011216785, 46.544421203063948 ], [ 6.667530002428214, 46.544392206294674 ], [ 6.667433579802747, 46.544379883246236 ], [ 6.667320144898308, 46.544377448071636 ], [ 6.667201704741145, 46.544384964347813 ], [ 6.66706857951081, 46.544407386031175 ], [ 6.666961901775565, 46.544436653452216 ], [ 6.666692049369381, 46.544520937168038 ], [ 6.666653860143549, 46.544532858014506 ], [ 6.666490548628949, 46.544579183030301 ], [ 6.666351170517518, 46.544608470282434 ], [ 6.666226983473345, 46.544625770099259 ], [ 6.666128000104424, 46.544631132694413 ], [ 6.666025348432153, 46.544630433896451 ], [ 6.665933998284272, 46.544628084718205 ], [ 6.665771393996248, 46.544608499635707 ], [ 6.665162931384503, 46.544531279551101 ], [ 6.664668075474502, 46.544468289095477 ], [ 6.664301044882051, 46.544423522055162 ], [ 6.663888838069425, 46.544372400095732 ], [ 6.663782816867507, 46.544356679885233 ], [ 6.663621355063655, 46.544333905925043 ], [ 6.663503442178975, 46.544306454384632 ], [ 6.663402483829739, 46.544274107751164 ], [ 6.663301716773783, 46.544228439214379 ], [ 6.663237022349978, 46.54419301164841 ], [ 6.66315333172409, 46.544135782805093 ], [ 6.663081689326479, 46.544080300501243 ], [ 6.663010296821513, 46.544006512938076 ], [ 6.662948745176091, 46.543921124741047 ], [ 6.662842214201049, 46.543772096984831 ], [ 6.662775672158343, 46.543698333429916 ], [ 6.662701749321793, 46.543632849694212 ], [ 6.662606118805243, 46.543565544209045 ], [ 6.662491337922547, 46.543488122076418 ], [ 6.66242369202842, 46.543433170455742 ], [ 6.662416559194662, 46.543436882009445 ], [ 6.662409331630973, 46.543439927208532 ], [ 6.662402309435475, 46.543442290113489 ], [ 6.662394391727302, 46.543444368015727 ], [ 6.662386220913374, 46.543445913420349 ], [ 6.662377875471361, 46.543446908871978 ], [ 6.662369433749724, 46.543447345910579 ], [ 6.662361521371358, 46.543447237811471 ], [ 6.662353121102006, 46.543446604604682 ], [ 6.662344820359738, 46.543445396332118 ], [ 6.66233612530884, 46.543443501663262 ], [ 6.662328919779403, 46.543441383286194 ], [ 6.662321475862719, 46.543438615563709 ], [ 6.662314430279383, 46.543435346787916 ], [ 6.662307899453237, 46.54343164072742 ], [ 6.662301896162321, 46.543427515461964 ], [ 6.662296484942873, 46.543423016413158 ], [ 6.662291730460317, 46.543418180007563 ], [ 6.662287403227756, 46.54341264483422 ], [ 6.662284358724045, 46.543407667193669 ], [ 6.662281641960431, 46.543401657251607 ], [ 6.662279570853399, 46.543394266337643 ], [ 6.662171658915587, 46.543395965980459 ], [ 6.662054416964308, 46.543392779802915 ], [ 6.661951828033268, 46.543389693789493 ], [ 6.661827646873321, 46.543389446568575 ], [ 6.661728905446487, 46.543393520543106 ], [ 6.661653767227955, 46.54339906945556 ], [ 6.661587321384024, 46.543403976146195 ], [ 6.661499545031458, 46.54341527684587 ], [ 6.661458495897922, 46.543439276028096 ], [ 6.661370947811154, 46.543485455808529 ] ], [ [ 6.662316221248119, 46.543337014428431 ], [ 6.66231982077013, 46.543335122897119 ], [ 6.66232712408805, 46.543332249146587 ], [ 6.662334850888083, 46.543329846086081 ], [ 6.662343510368069, 46.543327863222459 ], [ 6.662351141759106, 46.543326655980316 ], [ 6.662359523061517, 46.543325885676801 ], [ 6.662368000901238, 46.543325655794895 ], [ 6.662377095574138, 46.543326050857736 ], [ 6.662385465228932, 46.543326998714569 ], [ 6.662393644490302, 46.543328494026376 ], [ 6.6624010103218, 46.543330343614969 ], [ 6.662413294732715, 46.543334682762101 ], [ 6.662420688804475, 46.543338196808271 ], [ 6.662426688362392, 46.543341674327756 ], [ 6.662433077578444, 46.543346162067508 ], [ 6.66243838373442, 46.543350714367421 ], [ 6.662443033286243, 46.543355595029297 ], [ 6.662446706783079, 46.543360352066763 ], [ 6.662449966716482, 46.543365762985786 ], [ 6.662452468079525, 46.543371339640998 ], [ 6.662454283146659, 46.543377496344299 ], [ 6.662455105388969, 46.543382881594461 ], [ 6.662455184536961, 46.543389170361323 ], [ 6.662454396960042, 46.543394985406678 ], [ 6.662452964924329, 46.543400283270422 ], [ 6.662450641496735, 46.543405916886677 ], [ 6.662447564536781, 46.543411365428405 ], [ 6.662443747726881, 46.543416584009037 ], [ 6.66243921817365, 46.543421500845604 ], [ 6.662434014857225, 46.543426125200675 ], [ 6.66242369202842, 46.543433170455742 ] ], [ [ 6.661236294549343, 46.543364868263787 ], [ 6.661368284322914, 46.543482999641483 ], [ 6.661370947811154, 46.543485455808529 ] ] ] } },
{ "type": "Feature", "properties": { "CADRE_NO": "10.069", "DDT_URL": null, "ETC_NOM": "Transports publics de la région lausannoise", "ETC_SIGLE": "TL", "ETC_URL": "https://www.t-l.ch", "GO_CENTRE": 0, "HORAIR_URL": "https://www.tableaux-horaires.ch/fileadmin/fap_pdf_fields/2025/10.069.pdf", "LIGNE_NO": "69", "LIGNE_NOM": "Lutry port - Croix/Lutry - Landar", "LIGNE_SIGL": null, "LIGNE_TYPE": "Bus urbain", "PLAN_URL": "https://prestations.vd.ch/pub/101587/api/download/2_Cartographie_et_geodonnees/2.1_Carte_des_reseaux/Carte_des_lignes_TP/topo/ligne_10.069.pdf", "SHAPE_LEN": 4885.975 }, "geometry": { "type": "MultiLineString", "coordinates": [ [ [ 6.699535084698151, 46.518765931895516 ], [ 6.699463395668339, 46.518766976065471 ] ] ] } },
{ "type": "Feature", "properties": { "CADRE_NO": "10.362", "DDT_URL": null, "ETC_NOM": "CarPostal", "ETC_SIGLE": "CarPostal", "ETC_URL": "https://www.postauto.ch/fr", "GO_CENTRE": 0, "HORAIR_URL": "https://www.tableaux-horaires.ch/fileadmin/fap_pdf_fields/2025/10.362.pdf", "LIGNE_NO": "362", "LIGNE_NOM": "Moudon - Mézières VD - Epalinges Croisettes", "LIGNE_SIGL": null, "LIGNE_TYPE": "Bus régional", "PLAN_URL": "https://prestations.vd.ch/pub/101587/api/download/2_Cartographie_et_geodonnees/2.1_Carte_des_reseaux/Carte_des_lignes_TP/topo/ligne_10.362.pdf", "SHAPE_LEN": 36552.551 }, "geometry": { "type": "MultiLineString", "coordinates": [ [ [ 6.647146103260699, 46.533779095780979 ], [ 6.647146062173557, 46.533780121044423 ], [ 6.647168234611281, 46.533818454954329 ], [ 6.647170201390797, 46.5338826465143 ], [ 6.64717169817358, 46.533973589056735 ], [ 6.647198758780506, 46.534105399055484 ], [ 6.647228497495639, 46.53421723849609 ], [ 6.647300692457827, 46.534397681054202 ], [ 6.647403409416756, 46.534638322075601 ], [ 6.647510753154375, 46.534890663132948 ], [ 6.647664782894388, 46.535254961529901 ], [ 6.647734886188825, 46.535413735706534 ], [ 6.647789145611578, 46.535500745862159 ], [ 6.647862197381588, 46.5356228815942 ], [ 6.647947441281976, 46.535736780886566 ], [ 6.6481278588811, 46.535947969768756 ], [ 6.64817058527407, 46.535998258470997 ], [ 6.648289665314783, 46.536109046668145 ], [ 6.64845890353047, 46.536258516200206 ], [ 6.648699870831145, 46.536456793623238 ], [ 6.648814313375856, 46.536555899085151 ], [ 6.648783009812995, 46.536568644501813 ] ], [ [ 6.631269513606708, 46.523256496644272 ], [ 6.63112432033083, 46.523280454362137 ], [ 6.63099841474771, 46.523306222476769 ], [ 6.630891959514108, 46.523323789577077 ], [ 6.630790437226994, 46.52333307033409 ], [ 6.630599783749527, 46.523330048283995 ], [ 6.630339125732903, 46.523328191439134 ], [ 6.630049548552154, 46.523322781340944 ], [ 6.629943602155291, 46.523303701160984 ], [ 6.629665178523084, 46.523200078438144 ], [ 6.629607564248208, 46.523178014028652 ], [ 6.629549913368472, 46.523159268881365 ], [ 6.629497570939641, 46.5231089133624 ], [ 6.629223413745811, 46.522718758879115 ], [ 6.629012745674302, 46.52244067117033 ], [ 6.628925388285793, 46.522310081341814 ], [ 6.6287408607252, 46.522382073194777 ], [ 6.627806436321824, 46.522723618755499 ], [ 6.626627005939548, 46.523145051768545 ] ], [ [ 6.628298452368905, 46.517514472054593 ], [ 6.628299053437241, 46.517520449746769 ], [ 6.628298093309167, 46.517526254357087 ], [ 6.628295637674524, 46.517531850370247 ], [ 6.628291754785163, 46.517537031363872 ], [ 6.628286577100203, 46.517541654346829 ], [ 6.628280827752877, 46.517545292672764 ], [ 6.628273678289549, 46.51754844420396 ], [ 6.628265238345496, 46.517550749880101 ], [ 6.628258120703761, 46.517551778562314 ], [ 6.628249008681429, 46.517551974352735 ], [ 6.628240656236485, 46.517551051058668 ], [ 6.628231581567267, 46.517548755199869 ], [ 6.628224277707956, 46.517545689332209 ], [ 6.628218414858035, 46.517542120982355 ], [ 6.628212754794272, 46.517537195672574 ], [ 6.628209099089569, 46.517532437615785 ], [ 6.628206335153234, 46.517526435474593 ], [ 6.628205504068961, 46.517516677783952 ], [ 6.628206887865089, 46.517511299017109 ], [ 6.628209797946463, 46.517505814205506 ], [ 6.628214095515052, 46.517500789110628 ], [ 6.628220108752624, 46.517496064147373 ], [ 6.628226231793936, 46.517492707372789 ], [ 6.628234264203941, 46.517489769062408 ], [ 6.628241703732054, 46.517488130947775 ], [ 6.628250733701832, 46.517487322838207 ], [ 6.628259199143462, 46.517487662193489 ], [ 6.628267414130414, 46.517489061296622 ], [ 6.628275132168302, 46.517491446418148 ], [ 6.628281589869919, 46.51749445226136 ], [ 6.628288091823154, 46.517498852813013 ], [ 6.628292612783855, 46.517503266201118 ], [ 6.628296436758666, 46.517508970045867 ], [ 6.628298452368905, 46.517514472054593 ], [ 6.628454348179831, 46.517487589793618 ], [ 6.628433826134946, 46.517423067257113 ], [ 6.629304533359125, 46.517300998736957 ], [ 6.629471195029324, 46.517292202052772 ], [ 6.630114495694782, 46.517205137007622 ], [ 6.630121155628039, 46.517238191094364 ], [ 6.630264047331266, 46.517222431784504 ], [ 6.630262591693, 46.517216942798584 ], [ 6.630262360097029, 46.517210643892263 ], [ 6.630263352239204, 46.517205298295075 ], [ 6.630265651697655, 46.517199674139668 ], [ 6.630269502816009, 46.517193989073121 ], [ 6.630274227741385, 46.517189128876666 ], [ 6.630279512540366, 46.517185172277713 ], [ 6.630286647480705, 46.517181237858921 ], [ 6.630294001090517, 46.517178366535369 ], [ 6.630301928949442, 46.517176308950631 ], [ 6.630309569321605, 46.517175175912911 ], [ 6.630317993232418, 46.517174804128778 ], [ 6.630326416723275, 46.517175331949012 ], [ 6.630335268039962, 46.517176879374162 ], [ 6.630342442759942, 46.517178999597078 ], [ 6.630349293325539, 46.517181882176466 ], [ 6.630355624285215, 46.517185525719796 ], [ 6.630361626114653, 46.517190264439265 ], [ 6.630365793119005, 46.517194828155127 ], [ 6.630369231632042, 46.517200178335067 ], [ 6.630371525631189, 46.517206249042296 ], [ 6.630372305146364, 46.517214252111479 ], [ 6.630371318109871, 46.517220128514587 ], [ 6.630369057886409, 46.5172257439555 ], [ 6.630365882610266, 46.517230678170364 ], [ 6.630360943020692, 46.517235950660691 ], [ 6.63035527443112, 46.517240300356235 ], [ 6.630348729475335, 46.517243996089121 ], [ 6.630342029114621, 46.517246755122038 ], [ 6.630334190036867, 46.517248975271706 ], [ 6.630325437923938, 46.51725037926758 ], [ 6.630317638775337, 46.517250800484717 ], [ 6.630308576123749, 46.517250313089733 ], [ 6.630300334656511, 46.517248940933889 ], [ 6.630292509901817, 46.517246717119342 ], [ 6.630285800779402, 46.517243961489591 ], [ 6.630278784735442, 46.51723994422111 ], [ 6.63027320779072, 46.517235550376128 ], [ 6.630268988266992, 46.517231013270766 ], [ 6.630264047331266, 46.517222431784504 ] ], [ [ 6.630121155628039, 46.517238191094364 ], [ 6.630134896349064, 46.517293587934738 ], [ 6.629494030422834, 46.517378988202516 ], [ 6.629453414278768, 46.517383997169325 ], [ 6.629225645311998, 46.517412077228961 ], [ 6.629097616555057, 46.517419484992857 ], [ 6.629073654595371, 46.517422759483772 ], [ 6.628459120116391, 46.517506560627979 ], [ 6.628454348179831, 46.517487589793618 ] ], [ [ 6.628231581567267, 46.517548755199869 ], [ 6.628150638725844, 46.517637651936127 ], [ 6.628070185698365, 46.517690387865734 ], [ 6.627975331743571, 46.517739701271267 ], [ 6.627875680410438, 46.517785642764174 ], [ 6.627168887277928, 46.518080491358035 ], [ 6.625988826821352, 46.5185502306025 ], [ 6.62536214487888, 46.51881400272466 ], [ 6.624776691047909, 46.519064717032272 ], [ 6.624611251434557, 46.519134734005107 ], [ 6.624033389832698, 46.519379291708169 ], [ 6.623831802313251, 46.519462811991943 ], [ 6.623401779217552, 46.519648001582219 ], [ 6.623098207511935, 46.519770775241284 ], [ 6.622677974157775, 46.519947693129467 ], [ 6.622617037980674, 46.519987251421824 ], [ 6.62257304013284, 46.520023584987072 ], [ 6.622545917910815, 46.520061713210552 ], [ 6.622528337817558, 46.520106576175699 ], [ 6.622527457678833, 46.520164873489648 ], [ 6.622533785059791, 46.520226578195079 ], [ 6.622554425964054, 46.520298371526621 ], [ 6.622842585752444, 46.520716971959779 ], [ 6.62289610208567, 46.520800381681823 ], [ 6.623132631759653, 46.521168924678484 ], [ 6.623236751456814, 46.521331134864653 ], [ 6.623315020931012, 46.52144976204827 ], [ 6.624459081854036, 46.52307304565425 ], [ 6.624603705754999, 46.523284375938417 ], [ 6.624780148145256, 46.523542201149624 ], [ 6.624802269966949, 46.52358343596223 ], [ 6.624913610046487, 46.523568806327468 ], [ 6.625211733935591, 46.523516454973539 ], [ 6.625824337193182, 46.523390897243139 ], [ 6.626107745874473, 46.52332461114279 ], [ 6.626139263263852, 46.523314833225264 ], [ 6.626627005939548, 46.523145051768545 ] ], [ [ 6.631269513606708, 46.523256496644272 ], [ 6.631485183980393, 46.523199709729383 ], [ 6.631676806889878, 46.523137767533221 ], [ 6.631766360805185, 46.523121743769785 ], [ 6.631853092852066, 46.523132364236162 ], [ 6.631920450691188, 46.523147839690957 ], [ 6.631977978342133, 46.523174895126694 ], [ 6.632027999697023, 46.523220249157099 ], [ 6.632077610668484, 46.523292237625704 ], [ 6.632162541703797, 46.523424462987549 ], [ 6.632172285560358, 46.523439636663852 ], [ 6.632247459988294, 46.523556697187573 ], [ 6.632344321913766, 46.523697337575001 ], [ 6.632462150637079, 46.523889800320568 ], [ 6.632627132450104, 46.524157544243174 ], [ 6.632770663572922, 46.524405155262869 ], [ 6.632971317701075, 46.524709820036193 ], [ 6.633064045092553, 46.524805450046067 ], [ 6.633188016799905, 46.524909623169656 ], [ 6.633304978233986, 46.52499709466079 ], [ 6.633407760501985, 46.525066140391132 ], [ 6.633515388532105, 46.525131882872039 ], [ 6.633630437550099, 46.525187683268946 ], [ 6.633733455778427, 46.52524006065056 ], [ 6.633882234841479, 46.525299428634618 ], [ 6.634033423742128, 46.525357158234733 ], [ 6.634223119026328, 46.525426801578512 ] ], [ [ 6.638957230848847, 46.522150661438211 ], [ 6.638802488581751, 46.522151891523876 ], [ 6.638621360287246, 46.52215893570316 ], [ 6.638604470251442, 46.522157152319785 ], [ 6.638497970214913, 46.522178072737177 ], [ 6.638398541772031, 46.522209019578213 ], [ 6.638320775455218, 46.522245120968698 ], [ 6.638235368801694, 46.522307832747316 ], [ 6.638193592815864, 46.522357529143406 ], [ 6.638149233303392, 46.522418866199317 ], [ 6.638129007987971, 46.522480364544393 ], [ 6.638118414131136, 46.522543604118901 ], [ 6.638120035364656, 46.522596935255969 ], [ 6.638123932446462, 46.522660277083972 ], [ 6.638146931847935, 46.522737076879324 ], [ 6.638177040305442, 46.522822266185429 ], [ 6.638270778369116, 46.523012870531531 ], [ 6.638303348848912, 46.523096403901498 ], [ 6.638323714405868, 46.523186517247808 ], [ 6.638341522510618, 46.52328828044832 ], [ 6.638340067090746, 46.523386579209529 ], [ 6.638321931905161, 46.523469745866755 ], [ 6.638303427820676, 46.523579583259391 ], [ 6.638258648126866, 46.523669237017714 ], [ 6.638121983982895, 46.523933206959207 ], [ 6.637921765741013, 46.52433638315582 ], [ 6.637838340881912, 46.524504353641944 ], [ 6.637824559665447, 46.524528446790846 ], [ 6.637559809875237, 46.525055546477496 ], [ 6.637495443911767, 46.52516505990468 ], [ 6.637426957555729, 46.525224562043952 ], [ 6.637356369719035, 46.525264042045137 ], [ 6.637220052917599, 46.525341398956463 ], [ 6.63710582970341, 46.525392238456917 ], [ 6.637003922607817, 46.525428159426504 ], [ 6.636851059865041, 46.525480407909889 ], [ 6.636715346942717, 46.525516098701075 ], [ 6.636616159647223, 46.525532067277815 ], [ 6.63642903731292, 46.525553162509148 ], [ 6.636283336852946, 46.525563620160305 ], [ 6.636203765046385, 46.525568158156183 ], [ 6.635434110053096, 46.525582179352931 ], [ 6.635292060616326, 46.525587245948138 ], [ 6.635204029355312, 46.525591822300257 ], [ 6.635158794565561, 46.525590638329362 ], [ 6.635029392552561, 46.52558748179667 ], [ 6.634855843551312, 46.525569591652342 ], [ 6.634796856241079, 46.525559790823721 ], [ 6.634677659339736, 46.525540000491176 ], [ 6.634460922367727, 46.525505142964391 ], [ 6.634223119026328, 46.525426801578512 ] ], [ [ 6.638957230848847, 46.522150661438211 ], [ 6.639024578626185, 46.522150128600231 ], [ 6.639111433878315, 46.522152405039755 ], [ 6.63944439031462, 46.522161399237639 ], [ 6.639502425893011, 46.522155159979242 ], [ 6.63957268817177, 46.522137320922248 ], [ 6.639643135755839, 46.52210782422469 ], [ 6.63971630103747, 46.522056693090825 ], [ 6.640002578619241, 46.52179545693064 ], [ 6.640085730964291, 46.521721060075386 ], [ 6.640212422628873, 46.521671519868612 ], [ 6.640284056152912, 46.521651665913311 ], [ 6.640354602712885, 46.521640989247878 ], [ 6.640428811668627, 46.521638236854201 ], [ 6.640507674133165, 46.521646015560989 ], [ 6.640584482101363, 46.521662308030109 ], [ 6.640646923726499, 46.521685084510999 ], [ 6.640704492952417, 46.521715689247259 ], [ 6.640755261097288, 46.521756762520425 ], [ 6.640794552587422, 46.52180102962371 ], [ 6.640820613556816, 46.521839284255776 ], [ 6.640837155121253, 46.521878803353609 ], [ 6.640852480679264, 46.521935370437177 ], [ 6.640870414938698, 46.522138375822109 ], [ 6.640884297134758, 46.52231482331073 ], [ 6.640904217694053, 46.522559872268815 ], [ 6.6409199078168, 46.522722451532964 ], [ 6.640925034699236, 46.522768034660615 ], [ 6.64094144763096, 46.522913436518103 ], [ 6.640957174786302, 46.523085884716394 ], [ 6.640968511683933, 46.52322553837395 ], [ 6.640963598185823, 46.523312090948345 ], [ 6.640954256035139, 46.523366676353461 ], [ 6.640940152362394, 46.523414499221012 ], [ 6.64091742624685, 46.523468135887185 ], [ 6.640892337377793, 46.523516727134272 ], [ 6.640859840441488, 46.523574505239964 ], [ 6.6408124358696, 46.523650674407591 ], [ 6.640737729133949, 46.523761124457408 ], [ 6.640671755186974, 46.52385650450357 ], [ 6.640650576724838, 46.523889146193035 ], [ 6.640611955058667, 46.523947717782974 ], [ 6.640586841404943, 46.523998836684918 ], [ 6.640572923032641, 46.524033193703389 ], [ 6.64056500391055, 46.524074339971889 ], [ 6.640561984453248, 46.524114657085491 ], [ 6.640564875367954, 46.524165136349616 ], [ 6.640571504780824, 46.524213105022199 ], [ 6.640590130865652, 46.524271251669489 ], [ 6.640620568839141, 46.5243538607359 ], [ 6.640718860825245, 46.524626089305571 ], [ 6.640801866460335, 46.524862064093497 ], [ 6.640873084013708, 46.525070230052272 ], [ 6.640916845508393, 46.525180928469126 ], [ 6.640962077823862, 46.525312966875987 ], [ 6.640986405311191, 46.525396387495121 ], [ 6.641015398975817, 46.525497464202807 ], [ 6.641050881627757, 46.525649891071716 ], [ 6.641112390533466, 46.525908447524394 ], [ 6.641116235674708, 46.525926097842415 ], [ 6.641241866723122, 46.526469398535149 ], [ 6.641251594976974, 46.526507925078292 ], [ 6.641321677778343, 46.526785325432193 ], [ 6.641332725409851, 46.526829843620888 ], [ 6.641386160168754, 46.527024498094008 ], [ 6.641416055241344, 46.527122009577674 ], [ 6.641452301794342, 46.52722721233399 ], [ 6.641513203954535, 46.527376039289273 ], [ 6.641589453961568, 46.527550055052792 ], [ 6.641657412738312, 46.527692391360084 ], [ 6.641692337958199, 46.527762626052521 ], [ 6.641723708769621, 46.527821995512639 ], [ 6.641779615908788, 46.527905700718996 ], [ 6.641826586202319, 46.527969659749544 ], [ 6.641867334314149, 46.528018929474975 ], [ 6.641922623727746, 46.528083558618647 ], [ 6.641977996025121, 46.5281399209358 ], [ 6.642036250923836, 46.528189961241118 ], [ 6.642121965182663, 46.528272975942912 ], [ 6.642228796912305, 46.528351442869806 ], [ 6.64235303969476, 46.528438955984853 ], [ 6.642521116747653, 46.528547719378736 ], [ 6.642794321086413, 46.528729584287817 ], [ 6.642995289565123, 46.528862858042068 ], [ 6.643215106159226, 46.529007679573027 ], [ 6.643363929637051, 46.52911060320784 ], [ 6.643616775411324, 46.529273278734529 ], [ 6.643868188209635, 46.529436888234756 ], [ 6.644003185724567, 46.529522000923485 ], [ 6.644175648247949, 46.52963613618968 ], [ 6.644353224326077, 46.529754481157184 ], [ 6.644566373763982, 46.529894026632434 ], [ 6.644797277201696, 46.530045120911872 ], [ 6.644962669309832, 46.530150992087357 ], [ 6.645060990060971, 46.530219294180483 ], [ 6.645114219479654, 46.530257737783657 ], [ 6.645148328117662, 46.530283687059082 ], [ 6.645192597948569, 46.530328680066745 ], [ 6.645239571253287, 46.53038308384432 ], [ 6.645299844124863, 46.530478053853727 ], [ 6.646383564808951, 46.531218581854148 ] ], [ [ 6.648814313507326, 46.536555890090007 ], [ 6.649027903462932, 46.536731243217986 ], [ 6.649083906103019, 46.536777692673496 ], [ 6.649338418217922, 46.53700037027329 ], [ 6.649458878517242, 46.537111580626267 ], [ 6.649567005560431, 46.537244313594549 ], [ 6.64979261260131, 46.537515736639605 ], [ 6.650119761844995, 46.537906036940093 ], [ 6.650260343560952, 46.538073368632986 ], [ 6.650611724750497, 46.538466129798749 ], [ 6.650992149268238, 46.538891603137991 ], [ 6.651052734165189, 46.538959350048614 ], [ 6.651196231306235, 46.539116661182391 ], [ 6.651614596170024, 46.539569401752054 ], [ 6.651790696800238, 46.539755707571864 ], [ 6.651823873082738, 46.539790806275327 ], [ 6.651997883216881, 46.539945287254092 ], [ 6.652071834659433, 46.540005785484226 ], [ 6.652224613516082, 46.540126806590422 ], [ 6.652372726442699, 46.540236136284257 ], [ 6.65243000271733, 46.540281513336105 ], [ 6.652750906221823, 46.540463684002745 ], [ 6.652928411580653, 46.540544887963556 ], [ 6.653139741487809, 46.540623006236487 ], [ 6.65331996336956, 46.540684221181749 ], [ 6.6534463651163, 46.540716051225374 ], [ 6.653681983795242, 46.540775381872855 ], [ 6.653741151672218, 46.540790274752553 ], [ 6.654027144976546, 46.540862286658871 ], [ 6.65454248676143, 46.540965911530165 ], [ 6.654609849144211, 46.540983037615433 ], [ 6.654905940990228, 46.541040282591823 ], [ 6.655272315858268, 46.541117398445095 ], [ 6.65579915171241, 46.541226179687285 ], [ 6.656010566241315, 46.541270117201478 ], [ 6.656097666710806, 46.541288224148076 ], [ 6.656300253064099, 46.541328726728203 ], [ 6.656352827988699, 46.541341638638364 ], [ 6.656543038030336, 46.541377935280778 ], [ 6.657010169928999, 46.541469458805942 ], [ 6.657600803324264, 46.541590932640993 ], [ 6.657971188702607, 46.541667104763434 ], [ 6.65818018551689, 46.541710778690678 ], [ 6.658902163790692, 46.541877355467875 ], [ 6.659036773445478, 46.541919931930522 ], [ 6.659255356868469, 46.542001408091849 ], [ 6.659447286143791, 46.542086029352731 ], [ 6.65969404271157, 46.54222100859841 ], [ 6.659873471622769, 46.54233720936665 ], [ 6.660065002995429, 46.542474021826678 ], [ 6.660507556723211, 46.542783129218023 ], [ 6.66077164439997, 46.542984336757783 ], [ 6.660837892464569, 46.543034799773899 ], [ 6.661086554240205, 46.543230899041767 ], [ 6.661208323772295, 46.543339829612876 ], [ 6.661236294549343, 46.543364868263787 ], [ 6.661368284322914, 46.543482999641483 ], [ 6.661370947811154, 46.543485455808529 ] ], [ [ 6.662316221248119, 46.543337014428431 ], [ 6.66231982077013, 46.543335122897119 ], [ 6.66232712408805, 46.543332249146587 ], [ 6.662334850888083, 46.543329846086081 ], [ 6.662343510368069, 46.543327863222459 ], [ 6.662351141759106, 46.543326655980316 ], [ 6.662359523061517, 46.543325885676801 ], [ 6.662368000901238, 46.543325655794895 ], [ 6.662377095574138, 46.543326050857736 ], [ 6.662385465228932, 46.543326998714569 ], [ 6.662393644490302, 46.543328494026376 ], [ 6.6624010103218, 46.543330343614969 ], [ 6.662413294732715, 46.543334682762101 ], [ 6.662420688804475, 46.543338196808271 ], [ 6.662426688362392, 46.543341674327756 ], [ 6.662433077578444, 46.543346162067508 ], [ 6.66243838373442, 46.543350714367421 ], [ 6.662443033286243, 46.543355595029297 ], [ 6.662446706783079, 46.543360352066763 ], [ 6.662449966716482, 46.543365762985786 ], [ 6.662452468079525, 46.543371339640998 ], [ 6.662454283146659, 46.543377496344299 ], [ 6.662455105388969, 46.543382881594461 ], [ 6.662455184536961, 46.543389170361323 ], [ 6.662454396960042, 46.543394985406678 ], [ 6.662452964924329, 46.543400283270422 ], [ 6.662450641496735, 46.543405916886677 ], [ 6.662447564536781, 46.543411365428405 ], [ 6.662443747726881, 46.543416584009037 ], [ 6.66243921817365, 46.543421500845604 ], [ 6.662434014857225, 46.543426125200675 ], [ 6.66242369202842, 46.543433170455742 ], [ 6.662416559194662, 46.543436882009445 ], [ 6.662409331630973, 46.543439927208532 ], [ 6.662402309435475, 46.543442290113489 ], [ 6.662394391727302, 46.543444368015727 ], [ 6.662386220913374, 46.543445913420349 ], [ 6.662377875471361, 46.543446908871978 ], [ 6.662369433749724, 46.543447345910579 ], [ 6.662361521371358, 46.543447237811471 ], [ 6.662353121102006, 46.543446604604682 ], [ 6.662344820359738, 46.543445396332118 ], [ 6.66233612530884, 46.543443501663262 ], [ 6.662328919779403, 46.543441383286194 ], [ 6.662321475862719, 46.543438615563709 ], [ 6.662314430279383, 46.543435346787916 ], [ 6.662307899453237, 46.54343164072742 ], [ 6.662301896162321, 46.543427515461964 ], [ 6.662296484942873, 46.543423016413158 ], [ 6.662291730460317, 46.543418180007563 ], [ 6.662287403227756, 46.54341264483422 ], [ 6.662284358724045, 46.543407667193669 ], [ 6.662281641960431, 46.543401657251607 ], [ 6.662279570853399, 46.543394266337643 ], [ 6.662171658915587, 46.543395965980459 ], [ 6.662054416964308, 46.543392779802915 ], [ 6.661951828033268, 46.543389693789493 ], [ 6.661827646873321, 46.543389446568575 ], [ 6.661728905446487, 46.543393520543106 ], [ 6.661653767227955, 46.54339906945556 ], [ 6.661587321384024, 46.543403976146195 ], [ 6.661499545031458, 46.54341527684587 ], [ 6.661458495897922, 46.543439276028096 ], [ 6.661370947811154, 46.543485455808529 ] ] ] } },
{ "type": "Feature", "properties": { "CADRE_NO": "10.056", "DDT_URL": null, "ETC_NOM": "Transports publics de la région lausannoise", "ETC_SIGLE": "TL", "ETC_URL": "https://www.t-l.ch", "GO_CENTRE": 0, "HORAIR_URL": "https://www.tableaux-horaires.ch/fileadmin/fap_pdf_fields/2025/10.056.pdf", "LIGNE_NO": "56", "LIGNE_NOM": "Bussigny - Mex VD - Vufflens-la-Ville", "LIGNE_SIGL": null, "LIGNE_TYPE": "Bus régional", "PLAN_URL": "https://prestations.vd.ch/pub/101587/api/download/2_Cartographie_et_geodonnees/2.1_Carte_des_reseaux/Carte_des_lignes_TP/topo/ligne_10.056.pdf", "SHAPE_LEN": 7817.935 }, "geometry": { "type": "MultiLineString", "coordinates": [ ] } },
{ "type": "Feature", "properties": { "CADRE_NO": "10.018", "DDT_URL": null, "ETC_NOM": "Transports publics de la région lausannoise", "ETC_SIGLE": "TL", "ETC_URL": "https://www.t-l.ch", "GO_CENTRE": 0, "HORAIR_URL": "https://www.tableaux-horaires.ch/fileadmin/fap_pdf_fields/2025/10.018.pdf", "LIGNE_NO": "18", "LIGNE_NOM": "Lausanne Clochatte - Prilly - Renens VD - Crissier", "LIGNE_SIGL": null, "LIGNE_TYPE": "Bus urbain", "PLAN_URL": "https://prestations.vd.ch/pub/101587/api/download/2_Cartographie_et_geodonnees/2.1_Carte_des_reseaux/Carte_des_lignes_TP/topo/ligne_10.018.pdf", "SHAPE_LEN": 10630.516 }, "geometry": { "type": "MultiLineString", "coordinates": [ [ [ 6.579293111793614, 46.550249751594421 ], [ 6.579379650721949, 46.550123777209095 ] ], [ [ 6.633366569616764, 46.535930816272355 ], [ 6.633381588958319, 46.536057542515167 ], [ 6.633403544534526, 46.536204325230734 ], [ 6.633439945134944, 46.536354547981297 ], [ 6.633500126197541, 46.536528239264015 ], [ 6.633684687902192, 46.537104379340605 ], [ 6.633757690902756, 46.537391475881755 ], [ 6.633809931754973, 46.537611773255868 ], [ 6.633838777638543, 46.537783586808807 ], [ 6.633858297454456, 46.537930361131302 ], [ 6.633867949735051, 46.538093699197461 ], [ 6.633869973185801, 46.538183674213158 ], [ 6.633872319251664, 46.538287001678952 ], [ 6.633863310055292, 46.538405236062083 ], [ 6.633823265315351, 46.538663202145131 ], [ 6.633815409013222, 46.538703142938218 ], [ 6.633792264767954, 46.538797950265376 ], [ 6.633756478938574, 46.538930991168606 ] ], [ [ 6.598777498731003, 46.529906851772438 ], [ 6.599007771549128, 46.52983113543133 ], [ 6.599243375990646, 46.529753667843714 ], [ 6.599760142884835, 46.529589217303354 ], [ 6.60045142529831, 46.529379399908287 ], [ 6.600587262273114, 46.529337078005646 ], [ 6.600868683571886, 46.529247503850087 ], [ 6.601300535284341, 46.529109074840704 ], [ 6.601584403832347, 46.529017870700599 ], [ 6.602079263204334, 46.528863233771652 ], [ 6.602547752175795, 46.528696741435304 ], [ 6.60329338276277, 46.52840565869618 ], [ 6.603732525073466, 46.5282407806707 ], [ 6.604009248411198, 46.528126379966452 ], [ 6.604021999125188, 46.528121103084054 ], [ 6.604184340882537, 46.528061942254688 ], [ 6.60444935850022, 46.527959311269605 ], [ 6.604850129961239, 46.52780062405408 ], [ 6.605425625655411, 46.527581586360178 ], [ 6.606278094299992, 46.527247952529123 ], [ 6.60674690231872, 46.527058118503646 ], [ 6.606760316200064, 46.527052909152594 ], [ 6.607108763153535, 46.526917481165682 ], [ 6.607436585638344, 46.526791580836054 ], [ 6.607476333613161, 46.526776668608292 ], [ 6.607754660050026, 46.526672283292463 ], [ 6.607936575684456, 46.526615302616591 ], [ 6.608256649477509, 46.526522673772831 ], [ 6.608612273202556, 46.526471965062335 ], [ 6.608945877773519, 46.52644107456647 ], [ 6.60958864297861, 46.526399128356374 ], [ 6.610131614841833, 46.52637202208517 ], [ 6.611245749508268, 46.526324574507747 ], [ 6.612154297417431, 46.526308904160018 ], [ 6.612263170864543, 46.5263070253595 ], [ 6.612715795593891, 46.526299202009511 ], [ 6.613078424421116, 46.526292944081995 ], [ 6.614010509499298, 46.526274740326627 ], [ 6.614863092698427, 46.526244265789614 ], [ 6.615713136876887, 46.526222114819319 ], [ 6.616022258153859, 46.526214352866461 ], [ 6.616203453601067, 46.526204016538308 ], [ 6.61622672199, 46.526201234487708 ], [ 6.616321962572278, 46.526189879049575 ], [ 6.616481585523625, 46.526169364274999 ], [ 6.616622021577769, 46.526142071148925 ], [ 6.616810981868121, 46.52609677732071 ], [ 6.6170389619671, 46.526026792600064 ], [ 6.617121494092798, 46.525995723988473 ], [ 6.617228529905304, 46.525943179131467 ], [ 6.617479156948779, 46.525811707279424 ], [ 6.618026521234307, 46.525534089982294 ], [ 6.618037914572704, 46.525527947094041 ], [ 6.618178904814417, 46.525451960228338 ], [ 6.618452380363276, 46.525307247313862 ], [ 6.619247803122684, 46.524906443526554 ], [ 6.619972728231918, 46.524538456072527 ], [ 6.620123533611237, 46.524462906492843 ], [ 6.620220704308258, 46.524421946613501 ], [ 6.620393169655499, 46.524349881481399 ], [ 6.62049759866728, 46.524308973716636 ], [ 6.620711192844617, 46.524231096349894 ], [ 6.620931633466933, 46.524165835467144 ], [ 6.621459641558817, 46.52402916597606 ], [ 6.622162467420535, 46.523850616066667 ], [ 6.622637864324602, 46.523777191816933 ], [ 6.622651176747763, 46.523775956146018 ], [ 6.622944195152369, 46.523748646090262 ], [ 6.623333179481901, 46.523719371131563 ], [ 6.623925807586398, 46.523676974789552 ], [ 6.62451351139339, 46.52362138775031 ], [ 6.624802269966949, 46.52358343596223 ], [ 6.624913610046487, 46.523568806327468 ], [ 6.625211733935591, 46.523516454973539 ], [ 6.625824337193182, 46.523390897243139 ], [ 6.626107745874473, 46.52332461114279 ], [ 6.626139263263852, 46.523314833225264 ], [ 6.626627005939548, 46.523145051768545 ] ], [ [ 6.631269513606708, 46.523256496644272 ], [ 6.63112432033083, 46.523280454362137 ], [ 6.63099841474771, 46.523306222476769 ], [ 6.630891959514108, 46.523323789577077 ], [ 6.630790437226994, 46.52333307033409 ], [ 6.630599783749527, 46.523330048283995 ], [ 6.630339125732903, 46.523328191439134 ], [ 6.630049548552154, 46.523322781340944 ], [ 6.629943602155291, 46.523303701160984 ], [ 6.629665178523084, 46.523200078438144 ], [ 6.629607564248208, 46.523178014028652 ], [ 6.629549913368472, 46.523159268881365 ], [ 6.629497570939641, 46.5231089133624 ], [ 6.629223413745811, 46.522718758879115 ], [ 6.629012745674302, 46.52244067117033 ], [ 6.628925388285793, 46.522310081341814 ], [ 6.6287408607252, 46.522382073194777 ], [ 6.627806436321824, 46.522723618755499 ], [ 6.626627005939548, 46.523145051768545 ] ], [ [ 6.63858738403872, 46.54271898333581 ], [ 6.6384573438184, 46.542595918032355 ], [ 6.638323060991827, 46.542468855394084 ], [ 6.638178404151812, 46.542330132496474 ], [ 6.638039106777763, 46.54219842815958 ], [ 6.637865574139416, 46.542042057781011 ], [ 6.637754306898833, 46.5419386275668 ], [ 6.637387287026732, 46.541579199134986 ], [ 6.637270800694583, 46.541455076626555 ] ], [ [ 6.633659611836431, 46.526794057995296 ], [ 6.633932883499861, 46.526599396418497 ], [ 6.634024560190006, 46.52652691755663 ], [ 6.634206026583811, 46.52638346657217 ], [ 6.634235780563516, 46.526359954895185 ], [ 6.634306475054144, 46.526303924793808 ], [ 6.634565405923637, 46.526098679631936 ], [ 6.63458997729292, 46.526079206353685 ], [ 6.634651978000793, 46.526031912585651 ], [ 6.635027039415824, 46.525745750992471 ], [ 6.635066546324302, 46.525711413942624 ], [ 6.635204029355312, 46.525591822300257 ], [ 6.635158794565561, 46.525590638329362 ], [ 6.635029392552561, 46.52558748179667 ], [ 6.634855843551312, 46.525569591652342 ], [ 6.634796856241079, 46.525559790823721 ], [ 6.634677659339736, 46.525540000491176 ], [ 6.634460922367727, 46.525505142964391 ], [ 6.634223119026328, 46.525426801578512 ], [ 6.634102524327676, 46.525754878824969 ], [ 6.634074677844478, 46.525830635185621 ], [ 6.633935658358397, 46.526194161063302 ], [ 6.633913931670808, 46.52625103305747 ], [ 6.633836633046865, 46.526437198224826 ], [ 6.633798740472383, 46.526528464453357 ], [ 6.633659611836431, 46.526794057995296 ], [ 6.63344547527456, 46.527070795969223 ], [ 6.633216472197983, 46.527372401111833 ], [ 6.633208069751824, 46.52738609645715 ], [ 6.633030930317004, 46.527674323409627 ], [ 6.632991208909188, 46.52774735035127 ], [ 6.632862338301421, 46.527971363977827 ], [ 6.632723946443026, 46.528186988465684 ], [ 6.632582818391961, 46.52842257362844 ], [ 6.632461377688951, 46.52863498069113 ], [ 6.632220293673728, 46.529098130485117 ], [ 6.632123136622551, 46.529300697164423 ], [ 6.632080479494588, 46.529408697653537 ], [ 6.632003032859512, 46.529583093707416 ], [ 6.631927282928747, 46.529776519471653 ], [ 6.631897632753565, 46.529852262496483 ], [ 6.631717915500033, 46.530247531407099 ], [ 6.631645301853308, 46.530421961597895 ], [ 6.631590648704088, 46.530524874773164 ], [ 6.631543515524641, 46.530609516414749 ], [ 6.631491646630352, 46.530687440267045 ], [ 6.63142539771839, 46.530760295961734 ], [ 6.631359184635935, 46.530828123069021 ], [ 6.631261289124823, 46.53091740523594 ], [ 6.631141429592359, 46.531021518467782 ], [ 6.630867241979872, 46.531276161811313 ], [ 6.630595874794732, 46.531504151236327 ], [ 6.630187238869358, 46.531869467701675 ], [ 6.629771485682108, 46.532230935650716 ], [ 6.629638486749553, 46.532344237613486 ], [ 6.629589842371138, 46.53239193881101 ], [ 6.629553597724942, 46.532428096481468 ], [ 6.629514428557586, 46.532474137964165 ], [ 6.629504870036749, 46.532503118127089 ], [ 6.629494028012687, 46.532535984436663 ], [ 6.629483510010844, 46.532594221985413 ], [ 6.629484823916718, 46.532667531368141 ], [ 6.629498119000154, 46.532745945998208 ], [ 6.629525834210937, 46.532831120547897 ], [ 6.629570639867107, 46.532901420496088 ], [ 6.629634825166679, 46.532968503063636 ], [ 6.629715902200047, 46.533035733004596 ], [ 6.629835499276512, 46.533109903552692 ], [ 6.629974874941394, 46.533154213025696 ], [ 6.630080739608116, 46.533178303259625 ], [ 6.630157917258921, 46.533183846006253 ], [ 6.63026409433708, 46.533187931027719 ], [ 6.630326956408546, 46.533186687589371 ], [ 6.630409039235444, 46.533180642181456 ], [ 6.630489064820258, 46.53315787635507 ], [ 6.630554683071539, 46.533128350776153 ], [ 6.63076130794752, 46.533033195279117 ], [ 6.63105771495024, 46.532908667549286 ], [ 6.631548486129762, 46.5327005628181 ], [ 6.631758513920836, 46.53260949595866 ], [ 6.631854684810489, 46.532567781314178 ], [ 6.632012381742284, 46.532515582756524 ], [ 6.63216744335329, 46.532478361701983 ], [ 6.632312586228502, 46.53245940394546 ], [ 6.632505832155582, 46.532452455668427 ], [ 6.632648065579146, 46.53246512499048 ], [ 6.632790002157275, 46.532499454563265 ], [ 6.632876464470303, 46.532530061487186 ], [ 6.632970048387774, 46.532567376003222 ], [ 6.633049202715947, 46.53260292372282 ], [ 6.633214272322516, 46.532704068878154 ], [ 6.633292731988659, 46.5327862561156 ], [ 6.63336125920686, 46.532885051520061 ], [ 6.633395853962841, 46.532993591716604 ], [ 6.633421101264007, 46.533082094294159 ], [ 6.633441736859076, 46.533155540703802 ], [ 6.633448027345031, 46.533218908674066 ], [ 6.633449128207364, 46.533235136398886 ], [ 6.633451981204711, 46.533277249252215 ], [ 6.633455663350274, 46.53335557716769 ], [ 6.633451468391694, 46.533637133360806 ], [ 6.633421069210732, 46.533893503524531 ], [ 6.633383787865061, 46.534289785679583 ], [ 6.633359282791202, 46.534637831607689 ], [ 6.633351729433866, 46.534821045915436 ], [ 6.633350119043881, 46.535090952530112 ], [ 6.633343437491392, 46.535377492867269 ], [ 6.633341376978768, 46.53551576580805 ], [ 6.633342348339834, 46.535612417464101 ], [ 6.633355407572881, 46.535784065164002 ] ], [ [ 6.631269513606708, 46.523256496644272 ], [ 6.631485183980393, 46.523199709729383 ], [ 6.631676806889878, 46.523137767533221 ], [ 6.631766360805185, 46.523121743769785 ], [ 6.631853092852066, 46.523132364236162 ], [ 6.631920450691188, 46.523147839690957 ], [ 6.631977978342133, 46.523174895126694 ], [ 6.632027999697023, 46.523220249157099 ], [ 6.632077610668484, 46.523292237625704 ], [ 6.632162541703797, 46.523424462987549 ], [ 6.632172285560358, 46.523439636663852 ], [ 6.632247459988294, 46.523556697187573 ], [ 6.632344321913766, 46.523697337575001 ], [ 6.632462150637079, 46.523889800320568 ], [ 6.632627132450104, 46.524157544243174 ], [ 6.632770663572922, 46.524405155262869 ], [ 6.632971317701075, 46.524709820036193 ], [ 6.633064045092553, 46.524805450046067 ], [ 6.633188016799905, 46.524909623169656 ], [ 6.633304978233986, 46.52499709466079 ], [ 6.633407760501985, 46.525066140391132 ], [ 6.633515388532105, 46.525131882872039 ], [ 6.633630437550099, 46.525187683268946 ], [ 6.633733455778427, 46.52524006065056 ], [ 6.633882234841479, 46.525299428634618 ], [ 6.634033423742128, 46.525357158234733 ], [ 6.634223119026328, 46.525426801578512 ] ] ] } },
{ "type": "Feature", "properties": { "CADRE_NO": "10.044", "DDT_URL": null, "ETC_NOM": "Transports publics de la région lausannoise", "ETC_SIGLE": "TL", "ETC_URL": "https://www.t-l.ch", "GO_CENTRE": 0, "HORAIR_URL": "https://www.tableaux-horaires.ch/fileadmin/fap_pdf_fields/2025/10.044.pdf", "LIGNE_NO": "44", "LIGNE_NOM": "Epalinges Croisettes - Montéclard - Ballègue", "LIGNE_SIGL": null, "LIGNE_TYPE": "Bus urbain", "PLAN_URL": "https://prestations.vd.ch/pub/101587/api/download/2_Cartographie_et_geodonnees/2.1_Carte_des_reseaux/Carte_des_lignes_TP/topo/ligne_10.044.pdf", "SHAPE_LEN": 2948.159 }, "geometry": { "type": "MultiLineString", "coordinates": [ [ [ 6.662316221248119, 46.543337014428431 ], [ 6.66231982077013, 46.543335122897119 ], [ 6.66232712408805, 46.543332249146587 ], [ 6.662334850888083, 46.543329846086081 ], [ 6.662343510368069, 46.543327863222459 ], [ 6.662351141759106, 46.543326655980316 ], [ 6.662359523061517, 46.543325885676801 ], [ 6.662368000901238, 46.543325655794895 ], [ 6.662377095574138, 46.543326050857736 ], [ 6.662385465228932, 46.543326998714569 ], [ 6.662393644490302, 46.543328494026376 ], [ 6.6624010103218, 46.543330343614969 ], [ 6.662413294732715, 46.543334682762101 ], [ 6.662420688804475, 46.543338196808271 ], [ 6.662426688362392, 46.543341674327756 ], [ 6.662433077578444, 46.543346162067508 ], [ 6.66243838373442, 46.543350714367421 ], [ 6.662443033286243, 46.543355595029297 ], [ 6.662446706783079, 46.543360352066763 ], [ 6.662449966716482, 46.543365762985786 ], [ 6.662452468079525, 46.543371339640998 ], [ 6.662454283146659, 46.543377496344299 ], [ 6.662455105388969, 46.543382881594461 ], [ 6.662455184536961, 46.543389170361323 ], [ 6.662454396960042, 46.543394985406678 ], [ 6.662452964924329, 46.543400283270422 ], [ 6.662450641496735, 46.543405916886677 ], [ 6.662447564536781, 46.543411365428405 ], [ 6.662443747726881, 46.543416584009037 ], [ 6.66243921817365, 46.543421500845604 ], [ 6.662434014857225, 46.543426125200675 ], [ 6.66242369202842, 46.543433170455742 ], [ 6.662416559194662, 46.543436882009445 ], [ 6.662409331630973, 46.543439927208532 ], [ 6.662402309435475, 46.543442290113489 ], [ 6.662394391727302, 46.543444368015727 ], [ 6.662386220913374, 46.543445913420349 ], [ 6.662377875471361, 46.543446908871978 ], [ 6.662369433749724, 46.543447345910579 ], [ 6.662361521371358, 46.543447237811471 ], [ 6.662353121102006, 46.543446604604682 ], [ 6.662344820359738, 46.543445396332118 ], [ 6.66233612530884, 46.543443501663262 ], [ 6.662328919779403, 46.543441383286194 ], [ 6.662321475862719, 46.543438615563709 ], [ 6.662314430279383, 46.543435346787916 ], [ 6.662307899453237, 46.54343164072742 ], [ 6.662301896162321, 46.543427515461964 ], [ 6.662296484942873, 46.543423016413158 ], [ 6.662291730460317, 46.543418180007563 ], [ 6.662287403227756, 46.54341264483422 ], [ 6.662284358724045, 46.543407667193669 ], [ 6.662281641960431, 46.543401657251607 ], [ 6.662279570853399, 46.543394266337643 ], [ 6.662171658915587, 46.543395965980459 ], [ 6.662054416964308, 46.543392779802915 ], [ 6.661951828033268, 46.543389693789493 ], [ 6.661827646873321, 46.543389446568575 ], [ 6.661728905446487, 46.543393520543106 ], [ 6.661653767227955, 46.54339906945556 ], [ 6.661587321384024, 46.543403976146195 ], [ 6.661499545031458, 46.54341527684587 ], [ 6.661458495897922, 46.543439276028096 ], [ 6.661370947811154, 46.543485455808529 ] ], [ [ 6.661236294549343, 46.543364868263787 ], [ 6.661368284322914, 46.543482999641483 ], [ 6.661370947811154, 46.543485455808529 ] ] ] } },
{ "type": "Feature", "properties": { "CADRE_NO": "10.049", "DDT_URL": null, "ETC_NOM": "Transports publics de la région lausannoise", "ETC_SIGLE": "TL", "ETC_URL": "https://www.t-l.ch", "GO_CENTRE": 0, "HORAIR_URL": "https://www.tableaux-horaires.ch/fileadmin/fap_pdf_fields/2025/10.049.pdf", "LIGNE_NO": "49", "LIGNE_NOM": "Pully - Belmont-sur-Lausanne", "LIGNE_SIGL": null, "LIGNE_TYPE": "Bus urbain", "PLAN_URL": "https://prestations.vd.ch/pub/101587/api/download/2_Cartographie_et_geodonnees/2.1_Carte_des_reseaux/Carte_des_lignes_TP/topo/ligne_10.049.pdf", "SHAPE_LEN": 3244.429 }, "geometry": { "type": "MultiLineString", "coordinates": [ [ [ 6.66388847345204, 46.512983789631718 ], [ 6.663915183213375, 46.512944875276936 ], [ 6.6639398548567, 46.512895421625736 ], [ 6.663960476479406, 46.51282488057246 ], [ 6.663966258841307, 46.512724164393724 ], [ 6.663952587896106, 46.512614283318911 ], [ 6.663919502034988, 46.512490748577157 ], [ 6.663875170986202, 46.512392685769882 ], [ 6.663813463260567, 46.512291508554178 ], [ 6.663727683299282, 46.51219617619396 ], [ 6.663594198523668, 46.512085494395954 ], [ 6.663504615052963, 46.512022836486715 ], [ 6.663283650120944, 46.511868294447531 ], [ 6.6631367237458, 46.51178459829881 ], [ 6.663032827262287, 46.511738772697122 ], [ 6.662887693945796, 46.511683632929675 ], [ 6.662706701020997, 46.511631288315535 ], [ 6.662514629912732, 46.51157279527267 ], [ 6.662432332829497, 46.511539144629708 ], [ 6.662390754641636, 46.51151821414873 ], [ 6.662341505301331, 46.511493407827906 ], [ 6.662237869060749, 46.511429546201512 ], [ 6.662091507541926, 46.511306719750863 ], [ 6.661951180737494, 46.511171115068215 ] ] ] } },
{ "type": "Feature", "properties": { "CADRE_NO": "10.361", "DDT_URL": null, "ETC_NOM": "CarPostal", "ETC_SIGLE": "CarPostal", "ETC_URL": "https://www.postauto.ch/fr", "GO_CENTRE": 0, "HORAIR_URL": "https://www.tableaux-horaires.ch/fileadmin/fap_pdf_fields/2025/10.361.pdf", "LIGNE_NO": "361", "LIGNE_NOM": "Lucens - Moudon- Epalinges (direct)", "LIGNE_SIGL": null, "LIGNE_TYPE": "Bus régional", "PLAN_URL": "https://prestations.vd.ch/pub/101587/api/download/2_Cartographie_et_geodonnees/2.1_Carte_des_reseaux/Carte_des_lignes_TP/topo/ligne_10.361.pdf", "SHAPE_LEN": 26091.673 }, "geometry": { "type": "MultiLineString", "coordinates": [ [ [ 6.662316221248119, 46.543337014428431 ], [ 6.66231982077013, 46.543335122897119 ], [ 6.66232712408805, 46.543332249146587 ], [ 6.662334850888083, 46.543329846086081 ], [ 6.662343510368069, 46.543327863222459 ], [ 6.662351141759106, 46.543326655980316 ], [ 6.662359523061517, 46.543325885676801 ], [ 6.662368000901238, 46.543325655794895 ], [ 6.662377095574138, 46.543326050857736 ], [ 6.662385465228932, 46.543326998714569 ], [ 6.662393644490302, 46.543328494026376 ], [ 6.6624010103218, 46.543330343614969 ], [ 6.662413294732715, 46.543334682762101 ], [ 6.662420688804475, 46.543338196808271 ], [ 6.662426688362392, 46.543341674327756 ], [ 6.662433077578444, 46.543346162067508 ], [ 6.66243838373442, 46.543350714367421 ], [ 6.662443033286243, 46.543355595029297 ], [ 6.662446706783079, 46.543360352066763 ], [ 6.662449966716482, 46.543365762985786 ], [ 6.662452468079525, 46.543371339640998 ], [ 6.662454283146659, 46.543377496344299 ], [ 6.662455105388969, 46.543382881594461 ], [ 6.662455184536961, 46.543389170361323 ], [ 6.662454396960042, 46.543394985406678 ], [ 6.662452964924329, 46.543400283270422 ], [ 6.662450641496735, 46.543405916886677 ], [ 6.662447564536781, 46.543411365428405 ], [ 6.662443747726881, 46.543416584009037 ], [ 6.66243921817365, 46.543421500845604 ], [ 6.662434014857225, 46.543426125200675 ], [ 6.66242369202842, 46.543433170455742 ], [ 6.662416559194662, 46.543436882009445 ], [ 6.662409331630973, 46.543439927208532 ], [ 6.662402309435475, 46.543442290113489 ], [ 6.662394391727302, 46.543444368015727 ], [ 6.662386220913374, 46.543445913420349 ], [ 6.662377875471361, 46.543446908871978 ], [ 6.662369433749724, 46.543447345910579 ], [ 6.662361521371358, 46.543447237811471 ], [ 6.662353121102006, 46.543446604604682 ], [ 6.662344820359738, 46.543445396332118 ], [ 6.66233612530884, 46.543443501663262 ], [ 6.662328919779403, 46.543441383286194 ], [ 6.662321475862719, 46.543438615563709 ], [ 6.662314430279383, 46.543435346787916 ], [ 6.662307899453237, 46.54343164072742 ], [ 6.662301896162321, 46.543427515461964 ], [ 6.662296484942873, 46.543423016413158 ], [ 6.662291730460317, 46.543418180007563 ], [ 6.662287403227756, 46.54341264483422 ], [ 6.662284358724045, 46.543407667193669 ], [ 6.662281641960431, 46.543401657251607 ], [ 6.662279570853399, 46.543394266337643 ], [ 6.662171658915587, 46.543395965980459 ], [ 6.662054416964308, 46.543392779802915 ], [ 6.661951828033268, 46.543389693789493 ], [ 6.661827646873321, 46.543389446568575 ], [ 6.661728905446487, 46.543393520543106 ], [ 6.661653767227955, 46.54339906945556 ], [ 6.661587321384024, 46.543403976146195 ], [ 6.661499545031458, 46.54341527684587 ], [ 6.661458495897922, 46.543439276028096 ], [ 6.661370947811154, 46.543485455808529 ] ], [ [ 6.661236294549343, 46.543364868263787 ], [ 6.661368284322914, 46.543482999641483 ], [ 6.661370947811154, 46.543485455808529 ] ] ] } },
{ "type": "Feature", "properties": { "CADRE_NO": "10.702", "DDT_URL": null, "ETC_NOM": "Transports de la région Morges - Bière - Cossonay", "ETC_SIGLE": "MBC", "ETC_URL": "https://mbc.ch", "GO_CENTRE": 0, "HORAIR_URL": "https://www.tableaux-horaires.ch/fileadmin/fap_pdf_fields/2025/10.702.pdf", "LIGNE_NO": "702", "LIGNE_NOM": "Tolochenaz - Morges - Lonay - Echandens - Bussigny", "LIGNE_SIGL": "TPM", "LIGNE_TYPE": "Bus urbain", "PLAN_URL": "https://prestations.vd.ch/pub/101587/api/download/2_Cartographie_et_geodonnees/2.1_Carte_des_reseaux/Carte_des_lignes_TP/topo/ligne_10.702.pdf", "SHAPE_LEN": 13319.045 }, "geometry": { "type": "MultiLineString", "coordinates": [ ] } },
{ "type": "Feature", "properties": { "CADRE_NO": "10.905", "DDT_URL": null, "ETC_NOM": "Transports publics de la région lausannoise", "ETC_SIGLE": "TL", "ETC_URL": "https://www.t-l.ch", "GO_CENTRE": 0, "HORAIR_URL": "https://www.tableaux-horaires.ch/fileadmin/fap_pdf_fields/2025/10.905.pdf", "LIGNE_NO": "N5", "LIGNE_NOM": "Lausanne St-François - St-Sulpice VD Venoge sud (N5)", "LIGNE_SIGL": null, "LIGNE_TYPE": "Bus nocturne", "PLAN_URL": "https://prestations.vd.ch/pub/101587/api/download/2_Cartographie_et_geodonnees/2.1_Carte_des_reseaux/Carte_des_lignes_TP/topo/ligne_10.905.pdf", "SHAPE_LEN": 21851.074 }, "geometry": { "type": "MultiLineString", "coordinates": [ [ [ 6.586782735224596, 46.532023492698684 ], [ 6.58687639670875, 46.532015802401489 ], [ 6.587011423879786, 46.532026810571239 ], [ 6.587136609388424, 46.532049412704581 ], [ 6.587288069052286, 46.532090527941072 ], [ 6.587420435933666, 46.532116521201445 ], [ 6.587543564857443, 46.532115780501726 ], [ 6.587669222839033, 46.532108401501759 ], [ 6.587811995551731, 46.532087800441133 ], [ 6.587945332937236, 46.532052149918208 ], [ 6.58806665353814, 46.532013071602535 ], [ 6.58820289988701, 46.531947440507786 ], [ 6.588336891746872, 46.531870151372388 ], [ 6.588458303613117, 46.531824398202687 ], [ 6.588637811298914, 46.531782048825931 ] ], [ [ 6.565910224550798, 46.529065621186795 ], [ 6.565859015308894, 46.529063805917794 ], [ 6.565752329406022, 46.529063722952202 ], [ 6.565705282324193, 46.529069721305866 ], [ 6.565644814321124, 46.529080276393699 ], [ 6.565528494579336, 46.529107710306285 ], [ 6.565385424550228, 46.529148261542339 ], [ 6.565026309159601, 46.529260468129472 ], [ 6.564815475036946, 46.529310491644203 ], [ 6.564563505908446, 46.529365199773707 ], [ 6.564389011052572, 46.529407180977465 ], [ 6.564301824021879, 46.529424834370914 ], [ 6.564173569099835, 46.529443844499802 ], [ 6.564047833180704, 46.529456198751667 ], [ 6.56389320486642, 46.529465001559281 ], [ 6.563642056881764, 46.52946807604436 ], [ 6.563301754521823, 46.529463769113761 ], [ 6.563169054743587, 46.529459416785699 ], [ 6.5629856978298, 46.529451335819026 ], [ 6.562852971144487, 46.529448647202983 ], [ 6.562809519285197, 46.529448311826762 ], [ 6.562741889355791, 46.529451127377698 ], [ 6.562637892818667, 46.529461992585475 ], [ 6.562485608519459, 46.529474131157563 ], [ 6.562287311735497, 46.52949593589647 ], [ 6.562063579255107, 46.529517246927071 ], [ 6.562028592114661, 46.52952060209514 ], [ 6.561866527857651, 46.529541003725178 ], [ 6.561764711990889, 46.52956687258802 ], [ 6.56151747869386, 46.529628276745548 ], [ 6.561413225325357, 46.529654126454233 ], [ 6.561302047892702, 46.529663270640178 ], [ 6.561211554402459, 46.529657281186779 ], [ 6.56120956678462, 46.529663293244838 ], [ 6.561206376442495, 46.529668720248409 ], [ 6.56120239075737, 46.529673358435858 ], [ 6.5611970125845, 46.529677859909249 ], [ 6.561190705963959, 46.529681742463993 ], [ 6.561183589653041, 46.529684917056741 ], [ 6.56117355876682, 46.529687772237658 ], [ 6.561165784122725, 46.529688944590838 ], [ 6.561157344466423, 46.529689329134953 ], [ 6.56114828225597, 46.529688719286504 ], [ 6.561140095119272, 46.529687198596093 ], [ 6.561132351653228, 46.529684844693143 ], [ 6.561120599574052, 46.529678906306302 ], [ 6.561115141194875, 46.529674698872199 ], [ 6.561110247872975, 46.529669407272237 ], [ 6.561107121636671, 46.529664462195733 ], [ 6.56110490621477, 46.529658813466277 ], [ 6.561104030235617, 46.529652554360275 ], [ 6.561104495668659, 46.529647169259505 ], [ 6.561106230851481, 46.529641452124267 ], [ 6.561109291310222, 46.529635997130498 ], [ 6.561113505279061, 46.529630946888304 ], [ 6.561118832052426, 46.529626400040577 ], [ 6.561125638890426, 46.529622215488658 ], [ 6.561132203429987, 46.529619306517425 ], [ 6.561139932614049, 46.529616919333407 ], [ 6.561148535190012, 46.529615330565015 ] ], [ [ 6.623132631759653, 46.521168924678484 ], [ 6.623236751456814, 46.521331134864653 ], [ 6.623315020931012, 46.52144976204827 ], [ 6.624459081854036, 46.52307304565425 ], [ 6.624603705754999, 46.523284375938417 ], [ 6.624780148145256, 46.523542201149624 ], [ 6.624802269966949, 46.52358343596223 ], [ 6.624913610046487, 46.523568806327468 ], [ 6.625211733935591, 46.523516454973539 ], [ 6.625824337193182, 46.523390897243139 ], [ 6.626107745874473, 46.52332461114279 ], [ 6.626139263263852, 46.523314833225264 ], [ 6.626627005939548, 46.523145051768545 ] ], [ [ 6.57188407562314, 46.519217760835765 ], [ 6.571884015580246, 46.519071132109879 ], [ 6.571890385877972, 46.518974553119861 ], [ 6.571906237970818, 46.518889696585909 ], [ 6.571938990922511, 46.518803313876241 ], [ 6.571998927146024, 46.518678806218112 ], [ 6.572167811319746, 46.518381846831801 ], [ 6.57228427003296, 46.51819445580751 ], [ 6.572362535407189, 46.518067829904908 ] ], [ [ 6.580809024831453, 46.536016242838869 ], [ 6.580805019643935, 46.536010688937608 ], [ 6.580802231853332, 46.536005639026087 ], [ 6.580799987760987, 46.536000008475796 ], [ 6.580798567130915, 46.535994240212062 ], [ 6.580797962782287, 46.535987965339231 ], [ 6.580798191687621, 46.535982578386168 ], [ 6.580799411891513, 46.53597633529786 ], [ 6.580801215978921, 46.535971086197804 ], [ 6.580804178386246, 46.535965135159209 ], [ 6.580807730102301, 46.535959836296776 ], [ 6.580811675751536, 46.535955179137432 ], [ 6.580816639665557, 46.535950430717662 ], [ 6.580822249452352, 46.535946056021281 ], [ 6.58082845254537, 46.535942081639249 ], [ 6.580835209127098, 46.535938552251146 ], [ 6.580842440276459, 46.535935512241039 ], [ 6.580850080820828, 46.535932961116146 ], [ 6.58086555579758, 46.53592960558008 ], [ 6.580873300130759, 46.535928728518819 ], [ 6.58088175379707, 46.535928333613469 ], [ 6.580890875408857, 46.535928564489346 ], [ 6.580898607364198, 46.53592928864439 ], [ 6.580906877062854, 46.535930628600269 ], [ 6.58091487721986, 46.53593252427855 ], [ 6.58092315228845, 46.535935168713074 ], [ 6.580929887710917, 46.535937900467651 ], [ 6.580936755521832, 46.535941325924647 ], [ 6.580943068459241, 46.53594521498637 ], [ 6.580948827379738, 46.535949513682617 ], [ 6.580954261766094, 46.535954547608625 ], [ 6.580958307880223, 46.535959166216074 ], [ 6.580962232588294, 46.535964863441691 ], [ 6.580964850514255, 46.535969939053857 ], [ 6.580966937636823, 46.535975604398942 ], [ 6.580968246727558, 46.535981830620194 ], [ 6.580968617428891, 46.53598722210517 ], [ 6.580968185741759, 46.535993066328629 ], [ 6.580966933733625, 46.535998850375485 ], [ 6.580964646998369, 46.536004941466771 ], [ 6.580961718384293, 46.536010406973631 ], [ 6.580958290700505, 46.536015283959976 ], [ 6.580953896602321, 46.536020270591926 ], [ 6.580948368067598, 46.536025275638153 ], [ 6.580939035238011, 46.536031781273763 ], [ 6.580932027282865, 46.536035542667619 ], [ 6.580924834372331, 46.536038636949293 ], [ 6.580917860863907, 46.536041049182735 ], [ 6.580909338810405, 46.536043287781105 ], [ 6.580901794734332, 46.536044688134247 ], [ 6.580892796210692, 46.536045735640606 ], [ 6.580884330062608, 46.536046094467963 ], [ 6.580876771723236, 46.536045929384613 ], [ 6.58086772454455, 46.53604511432178 ], [ 6.580860130913913, 46.536043887426921 ], [ 6.580852091210321, 46.536042018434379 ], [ 6.580843789203085, 46.536039427767967 ], [ 6.580836483820536, 46.536036466796801 ], [ 6.58083015931538, 46.536033306328477 ], [ 6.580823342596427, 46.536029125576171 ], [ 6.580818034747351, 46.536025154144021 ], [ 6.580809024831453, 46.536016242838869 ], [ 6.580704227805284, 46.536059738576078 ], [ 6.58024649719568, 46.536147911796661 ], [ 6.580118020318597, 46.536180261593195 ], [ 6.58002102298301, 46.536207856571686 ], [ 6.579928663640726, 46.536245472271467 ], [ 6.579863053988524, 46.536271631337456 ], [ 6.579777716134867, 46.536324314597643 ], [ 6.579599952079124, 46.536419596583201 ], [ 6.579441711675141, 46.536511031828695 ], [ 6.579261222076352, 46.536615315779791 ], [ 6.579180851869799, 46.536659678808817 ], [ 6.579100733165145, 46.536687400838176 ], [ 6.579006159404881, 46.536713340035718 ], [ 6.578911810916323, 46.536724293301489 ], [ 6.578757310226716, 46.536723122738934 ], [ 6.57857607212736, 46.536733417321813 ] ], [ [ 6.57489040508029, 46.531590839994692 ], [ 6.574983166997586, 46.531609331421009 ], [ 6.5755268471342, 46.531731767353335 ], [ 6.575943126190491, 46.531823050109075 ], [ 6.576077750810685, 46.531852591287397 ], [ 6.576272322859318, 46.531915711689066 ], [ 6.576512150127601, 46.532014179571014 ], [ 6.576689433809065, 46.532100485893039 ], [ 6.576813778412197, 46.53217475787342 ], [ 6.576916436255282, 46.532247173754762 ], [ 6.577009316382946, 46.532327863715061 ], [ 6.577082735190876, 46.532416727268036 ], [ 6.577144680754529, 46.532519645598249 ], [ 6.577288500938047, 46.532806625660363 ], [ 6.577434378188109, 46.533075862759588 ], [ 6.577559451834305, 46.533256761654926 ], [ 6.577683252459225, 46.53351762640979 ], [ 6.577713882401912, 46.533564494772541 ], [ 6.577751824909005, 46.533608117020343 ] ], [ [ 6.604249834174861, 46.517192353311295 ], [ 6.60423274336763, 46.51722907567266 ], [ 6.604201400069766, 46.517284108233966 ], [ 6.604170259841082, 46.517325980969858 ], [ 6.604132840941337, 46.517364308021961 ], [ 6.60411088602418, 46.517385197411699 ], [ 6.604077447152689, 46.517409663729289 ], [ 6.604071935293947, 46.517413851351542 ], [ 6.604065687220518, 46.517418456374436 ], [ 6.604059874972658, 46.517422686766686 ], [ 6.60405441995321, 46.51742656893844 ], [ 6.604047978646722, 46.517431028600996 ], [ 6.604041933797896, 46.517435131335539 ], [ 6.604035824769571, 46.51743917062479 ], [ 6.604029651006267, 46.517443182449099 ], [ 6.604023425954741, 46.517447139919049 ], [ 6.604017610113689, 46.517450758547199 ], [ 6.604010769449853, 46.517454918397732 ], [ 6.604004364056778, 46.517458739598155 ], [ 6.60399786828507, 46.517462506156605 ], [ 6.603991334116428, 46.517466227451578 ], [ 6.603985248387923, 46.51746960119732 ], [ 6.603978598196191, 46.517473240672935 ], [ 6.603971910163061, 46.517476798904738 ], [ 6.603964605962503, 46.517480595497439 ], [ 6.603958314526055, 46.517483787806022 ], [ 6.603950907887923, 46.51748746669471 ], [ 6.603944513458664, 46.517490577279659 ], [ 6.60393700438301, 46.517494138464308 ], [ 6.603929969113853, 46.517497397266965 ], [ 6.603923420542648, 46.517500362778748 ], [ 6.603916295866379, 46.517503503973273 ], [ 6.6039091065941, 46.517506608707585 ], [ 6.603901879202783, 46.517509650188181 ], [ 6.603894600523407, 46.517512637314226 ], [ 6.603887283586138, 46.517515570181679 ], [ 6.603879915499738, 46.51751843969943 ], [ 6.603872482817381, 46.517521272756923 ], [ 6.603865038215269, 46.517524033757368 ], [ 6.60385751612597, 46.517526749206553 ], [ 6.603849955917752, 46.517529401401923 ], [ 6.603842370342994, 46.51753200842959 ], [ 6.603834733897003, 46.517534534117381 ], [ 6.603827071945606, 46.517537023632578 ], [ 6.60381876971001, 46.517539625384686 ], [ 6.603811018629653, 46.517541979301178 ], [ 6.603803242321755, 46.517544279054775 ], [ 6.603800244802362, 46.517545138614189 ], [ 6.603796029921694, 46.517546349058989 ], [ 6.603788150899276, 46.517548549098464 ], [ 6.603780260235185, 46.517550659090567 ], [ 6.60377234420471, 46.517552723914918 ], [ 6.603764376747574, 46.517554743379669 ], [ 6.603755782591834, 46.517556839196587 ], [ 6.60374839304488, 46.517558566041807 ], [ 6.603739722651804, 46.517560535350803 ], [ 6.603731642088441, 46.517562284097508 ], [ 6.603724150521411, 46.51756386625248 ], [ 6.603716045702714, 46.517565497870095 ], [ 6.603707249034521, 46.517567205360066 ], [ 6.603699054809695, 46.517568719368995 ], [ 6.603690861417981, 46.517570179406761 ], [ 6.603683270330909, 46.517571454958748 ], [ 6.603674386617447, 46.517572891922136 ], [ 6.603666118099925, 46.517574153490749 ], [ 6.603658477252901, 46.51757527574091 ], [ 6.603649218303081, 46.517576539014307 ], [ 6.603588253293351, 46.517585167334865 ], [ 6.603501363121292, 46.517592444268487 ], [ 6.603412988303133, 46.517589535601935 ], [ 6.603342699783352, 46.51758335951267 ], [ 6.603243120320998, 46.51756341953412 ], [ 6.603161662110173, 46.517537954375818 ], [ 6.603083548822926, 46.51750686423717 ], [ 6.603034009989776, 46.517476875143693 ], [ 6.603027094896289, 46.517473198773111 ], [ 6.603020439572294, 46.517469578292371 ], [ 6.603013850234119, 46.517465904320559 ], [ 6.60300730068245, 46.517462185660882 ], [ 6.603001346902888, 46.517458705288426 ], [ 6.602994438627026, 46.517454588156575 ], [ 6.602988564420369, 46.517451018408465 ], [ 6.602981801007416, 46.517446803385702 ], [ 6.602976045325049, 46.517443153545031 ], [ 6.602969878241092, 46.517439140828905 ], [ 6.602963299755775, 46.517434765237262 ], [ 6.602957264087409, 46.517430681519627 ], [ 6.602951758900897, 46.517426844604671 ], [ 6.602945390986339, 46.517422335621532 ], [ 6.602939553136488, 46.517418100426276 ], [ 6.602934219290884, 46.517414138827135 ], [ 6.602928513134574, 46.517409814640388 ], [ 6.602922434806819, 46.517405118870919 ], [ 6.602916886404424, 46.517400705884619 ], [ 6.602911802220342, 46.517396611181965 ], [ 6.602906385511463, 46.517392109204202 ], [ 6.602901021202078, 46.517387589620007 ], [ 6.602895350289335, 46.517382671947772 ], [ 6.602890529492115, 46.517378399262256 ], [ 6.602885016055164, 46.51737341078077 ], [ 6.602880326534162, 46.51736907608921 ], [ 6.602874984020263, 46.517363989909221 ], [ 6.602870053603762, 46.517359221629043 ], [ 6.602865228124342, 46.517354409141184 ], [ 6.602860840246003, 46.517349950725603 ], [ 6.602856172102991, 46.517345076423759 ], [ 6.602851197635274, 46.517339786043671 ], [ 6.602846686967818, 46.517334840932733 ], [ 6.602841307220274, 46.517328791892645 ], [ 6.602797249234145, 46.517282317215191 ], [ 6.602766363798222, 46.517232629012248 ], [ 6.60274078419533, 46.517163431343448 ], [ 6.602726675769076, 46.51710581523038 ], [ 6.602724259811199, 46.517047151765382 ], [ 6.602728354514365, 46.516989660790259 ], [ 6.602763194259899, 46.516899056768345 ], [ 6.602799826503082, 46.516829894685586 ], [ 6.602803654837097, 46.516824183373153 ], [ 6.60280731999599, 46.51681891166789 ], [ 6.602811063055913, 46.516813658528754 ], [ 6.602814603850948, 46.516808844708692 ], [ 6.602818808243383, 46.516803253116109 ], [ 6.602822491532381, 46.516798494322408 ], [ 6.602826864200332, 46.51679297593828 ], [ 6.602830689844172, 46.516788281165987 ], [ 6.602834938426402, 46.516783202676834 ], [ 6.602839570161568, 46.516777785158283 ], [ 6.602843960681169, 46.516772797675728 ], [ 6.6028480973726, 46.516768213147969 ], [ 6.602852630524976, 46.516763271696561 ], [ 6.602857611840772, 46.516758000690707 ], [ 6.602862339328425, 46.516753132639607 ], [ 6.602866760729166, 46.516748676154407 ], [ 6.602871987803773, 46.516743523908055 ], [ 6.60287652536012, 46.516739140247182 ], [ 6.60288190767995, 46.516734061113098 ], [ 6.602887010111953, 46.516729384741765 ], [ 6.60289217713665, 46.516724744830569 ], [ 6.602897408614961, 46.516720150374574 ], [ 6.602902295334087, 46.516715940211185 ], [ 6.602908091409526, 46.516711071034798 ], [ 6.602913107175071, 46.516706942786726 ], [ 6.602918622805929, 46.516702512353199 ], [ 6.602924203168493, 46.516698109384663 ], [ 6.602930309177884, 46.516693422412672 ], [ 6.602936031477518, 46.516689110450365 ], [ 6.602941818230746, 46.516684843943139 ], [ 6.602947695497468, 46.516680623082983 ], [ 6.602953163133932, 46.5166767680455 ], [ 6.602959143248005, 46.516672637903575 ], [ 6.602965213875565, 46.516668553408678 ], [ 6.602971809871351, 46.516664202900337 ], [ 6.602977088272096, 46.516660787277203 ], [ 6.602983339369589, 46.516656830056405 ], [ 6.602989641890729, 46.51665291819468 ], [ 6.602996482253614, 46.516648776395655 ], [ 6.603002426846747, 46.516645257725514 ], [ 6.603008922450611, 46.516641500218959 ], [ 6.60301596906501, 46.516637503875955 ], [ 6.60302258026802, 46.516633855173524 ], [ 6.603029242894714, 46.516630251830065 ], [ 6.603035444467539, 46.516626968950156 ], [ 6.603042761369951, 46.516623190503168 ], [ 6.603049065790316, 46.516619998341262 ], [ 6.603056472232013, 46.516616328506288 ], [ 6.603063417480984, 46.516612988129928 ], [ 6.60307041429271, 46.516609684117434 ], [ 6.603077475280061, 46.51660644355001 ], [ 6.603084010481485, 46.51660349598108 ], [ 6.603091161008437, 46.516600364025685 ], [ 6.60309835006825, 46.516597268338096 ], [ 6.603106154175301, 46.516594006254095 ], [ 6.603113445387533, 46.516591046259713 ], [ 6.603120237430161, 46.516588343475533 ], [ 6.603127605430233, 46.516585474006909 ], [ 6.603135627289109, 46.516582456419712 ], [ 6.60314252092766, 46.516579925308669 ], [ 6.603150619296255, 46.516577016237342 ], [ 6.603158179266708, 46.516574373083479 ], [ 6.60316577735311, 46.516571793182635 ], [ 6.603172837041633, 46.51656947919944 ], [ 6.603180498747156, 46.516566998723405 ], [ 6.603188826646087, 46.516564415199916 ], [ 6.603196590504428, 46.516562070416832 ], [ 6.603203764262527, 46.516559964182427 ], [ 6.603211591601133, 46.516557727819212 ], [ 6.603219470085758, 46.51655555480491 ], [ 6.603227975673877, 46.516553278454985 ], [ 6.603235276392764, 46.516551389060261 ], [ 6.603243871104012, 46.516549248307221 ], [ 6.603251863102432, 46.51654731902169 ], [ 6.603259278587006, 46.516545592400618 ], [ 6.603267935388082, 46.51654365001751 ], [ 6.603276015814364, 46.516541901303761 ], [ 6.60328414738684, 46.516540215938868 ], [ 6.603291637713129, 46.516538705773527 ], [ 6.603299806428533, 46.516537146626611 ], [ 6.603308000369364, 46.516535641641525 ], [ 6.603316833470499, 46.516534096381889 ], [ 6.603325077584256, 46.516532717710597 ], [ 6.603332680730109, 46.516531496248973 ], [ 6.603340948818161, 46.51653025269475 ], [ 6.603349895156239, 46.516528969153697 ], [ 6.603358187635576, 46.516527833731189 ], [ 6.603366544152308, 46.516526770748534 ], [ 6.603374246810464, 46.516525855884687 ], [ 6.603382588489978, 46.516524909741051 ], [ 6.603391607724639, 46.516523968585687 ], [ 6.603399986408703, 46.516523157654952 ], [ 6.603408403209452, 46.516522409977036 ], [ 6.603416818898209, 46.5165217342592 ], [ 6.603425220861999, 46.516521103420253 ], [ 6.603433660664623, 46.516520553824328 ], [ 6.603441447442884, 46.516520098377029 ], [ 6.603450550381027, 46.516519643623347 ], [ 6.603459013324765, 46.516519283114242 ], [ 6.603467462543678, 46.516518967484039 ], [ 6.603475910372888, 46.516518741804106 ], [ 6.603483744684532, 46.516518583575561 ], [ 6.603492216905953, 46.51651846602735 ], [ 6.603500675124726, 46.516518411348201 ], [ 6.603509145122803, 46.516518437720165 ], [ 6.603518265782734, 46.516518522858256 ], [ 6.603526720944557, 46.51651866606916 ], [ 6.60353518788578, 46.516518890331135 ], [ 6.603543654132332, 46.516519159567906 ], [ 6.603552119267384, 46.516519500764801 ], [ 6.603560557509048, 46.516519895739748 ], [ 6.603568356729378, 46.516520321994363 ], [ 6.603577443688017, 46.516520901665807 ], [ 6.603585865982391, 46.516521485439846 ], [ 6.60359428702648, 46.516522150169017 ], [ 6.603602681177319, 46.51652286867634 ], [ 6.603611087107858, 46.516523668234726 ], [ 6.603619466284133, 46.516524512576112 ], [ 6.60362783131928, 46.516525428781705 ], [ 6.603636169322346, 46.516526407760452 ], [ 6.603644519383103, 46.516527449800179 ], [ 6.603652179414473, 46.516528450775688 ], [ 6.603661125517596, 46.516529713108142 ], [ 6.603669420681127, 46.516530934664154 ], [ 6.603684213992432, 46.51653329257865 ], [ 6.603741960571231, 46.516543973172766 ], [ 6.603811199206906, 46.516561512384172 ], [ 6.603866954083491, 46.516580499660357 ], [ 6.603917131241794, 46.516598663204192 ], [ 6.6039772610009, 46.516624645608239 ], [ 6.604029451249994, 46.516656758891052 ], [ 6.604082968049924, 46.516696645553154 ], [ 6.604109795799156, 46.51672138431222 ], [ 6.604114835088657, 46.516725856467595 ], [ 6.604120374355197, 46.516730863071444 ], [ 6.604125436373918, 46.516735551300194 ], [ 6.604130034313426, 46.516739912254728 ], [ 6.604134952032235, 46.516744662394323 ], [ 6.604140176084026, 46.516749828608319 ], [ 6.604144922887682, 46.516754676447363 ], [ 6.604149617294615, 46.516759541892974 ], [ 6.604154232828318, 46.516764451738737 ], [ 6.604158743706535, 46.516769387802704 ], [ 6.604163188741475, 46.516774368362796 ], [ 6.604167568210813, 46.516779375428648 ], [ 6.60417185591576, 46.516784417803741 ], [ 6.60417574524597, 46.516789097403787 ], [ 6.604180195261131, 46.516794599774215 ], [ 6.604184233871556, 46.516799739273772 ], [ 6.604189662621945, 46.516806841155166 ] ], [ [ 6.571838297921707, 46.521623359605677 ], [ 6.572390959241574, 46.521627580680693 ], [ 6.572958097599306, 46.521633573818541 ], [ 6.573066458593764, 46.521649397173093 ], [ 6.573143173621141, 46.521683295170071 ], [ 6.573254809326624, 46.521795788946591 ], [ 6.573432132183624, 46.522027064917737 ], [ 6.573640422193154, 46.52228524128347 ], [ 6.573735557998698, 46.522374272761098 ], [ 6.573809346027727, 46.522429918658879 ], [ 6.573840497001291, 46.522453393157186 ], [ 6.573912285865153, 46.522492263925635 ], [ 6.573967266400932, 46.52252599569416 ], [ 6.57419687203403, 46.522657703687862 ], [ 6.574608363092891, 46.52288911540176 ], [ 6.574972268422769, 46.523076828933135 ], [ 6.57537882565533, 46.523313184107913 ], [ 6.575610755513196, 46.52345157301442 ], [ 6.575926451764689, 46.523637252421629 ], [ 6.5760746849261, 46.523725021333519 ], [ 6.576225355480984, 46.523812808575137 ], [ 6.576543361268357, 46.524003487650923 ], [ 6.576765720171193, 46.524136808566013 ], [ 6.577074245271157, 46.524317437382265 ], [ 6.577301468219497, 46.524449120880142 ], [ 6.577495351906383, 46.52455223102227 ], [ 6.57761508445678, 46.524611461707075 ], [ 6.577730247482767, 46.524655652026823 ], [ 6.577871836939645, 46.52470837314484 ], [ 6.577984682582374, 46.524745879481756 ], [ 6.578141002509135, 46.524783724428083 ], [ 6.578246867938105, 46.524804516709594 ], [ 6.578391346162838, 46.524827283939082 ], [ 6.578533560024462, 46.52484001211792 ], [ 6.578625145250777, 46.52485071007375 ], [ 6.578909679258889, 46.524867863034082 ], [ 6.579329392630028, 46.524887712455723 ], [ 6.579671866591998, 46.524906957600265 ], [ 6.579956334440885, 46.524930773571768 ], [ 6.580206931397272, 46.524959334419535 ], [ 6.580426082051005, 46.52499097642967 ], [ 6.580601850266071, 46.525018970368137 ], [ 6.580798920051515, 46.525073771650497 ], [ 6.580942898096355, 46.525128171253257 ] ], [ [ 6.586782735224596, 46.532023492698684 ], [ 6.586783641281716, 46.53202886119216 ], [ 6.586783802853638, 46.532035150697695 ], [ 6.58678315039632, 46.532040984285921 ], [ 6.586781828413525, 46.532046291072589 ], [ 6.586779438372653, 46.532052372504211 ], [ 6.586776673484979, 46.532057425563274 ], [ 6.586772673937068, 46.532063072093969 ], [ 6.586768202777457, 46.532068040374476 ], [ 6.58676350750331, 46.532072341258967 ], [ 6.586757359541015, 46.532077009074825 ], [ 6.586751041299937, 46.532080901945044 ], [ 6.586744785684276, 46.532084129571729 ], [ 6.586737555381237, 46.532087169958032 ], [ 6.586729941441214, 46.532089739665103 ], [ 6.586722009599628, 46.532091803201922 ], [ 6.586713838625615, 46.532093325175204 ], [ 6.586705493829343, 46.532094297079162 ], [ 6.586696388272252, 46.532094741495435 ], [ 6.586687931288325, 46.532094561051572 ], [ 6.586680562760126, 46.532093965961231 ], [ 6.586672291094433, 46.532092779341362 ], [ 6.58666357445379, 46.532090878685949 ], [ 6.586655789582354, 46.532088580199996 ], [ 6.586648934495011, 46.532086009814748 ], [ 6.586641868329694, 46.532082772130771 ], [ 6.586635291499435, 46.532079088314177 ], [ 6.586628804783074, 46.532074649499137 ], [ 6.586621731578848, 46.532068550992669 ], [ 6.586617029207393, 46.532063378896169 ], [ 6.586613227149459, 46.532058150586693 ], [ 6.586610158520163, 46.532052702880961 ], [ 6.58660786185298, 46.532047072052833 ], [ 6.586606349188668, 46.532041321165707 ], [ 6.586605645885212, 46.53203549539068 ], [ 6.586605691866854, 46.532030098059728 ], [ 6.586606624855684, 46.532023834764694 ], [ 6.586608155251127, 46.532018538540953 ], [ 6.586610778780345, 46.532012530834997 ], [ 6.58661401870512, 46.532007112505511 ], [ 6.586617971507317, 46.532001951420156 ], [ 6.586622610977761, 46.531997056378216 ], [ 6.586627474417263, 46.531992837727358 ], [ 6.586633341585499, 46.531988617616541 ], [ 6.58664026277328, 46.531984513372954 ], [ 6.586649861378992, 46.531980078382901 ], [ 6.586635828407476, 46.531962340609446 ], [ 6.586562000603787, 46.531896816225363 ], [ 6.586449265579946, 46.53185098000089 ], [ 6.586254445376656, 46.531804527085356 ], [ 6.586035487231739, 46.531757901465845 ], [ 6.585970591173123, 46.531742669182037 ], [ 6.585609786554543, 46.531658002683145 ], [ 6.585294645256798, 46.531584041979976 ], [ 6.584546811053388, 46.531396801727652 ] ], [ [ 6.57489040508029, 46.531590839994692 ], [ 6.574887453762075, 46.531596071276574 ], [ 6.574883038235903, 46.531601570293333 ], [ 6.574878380583042, 46.531605906964494 ], [ 6.574872025556399, 46.531610419634035 ], [ 6.574865385133777, 46.531614030516586 ], [ 6.574858077031403, 46.531617006586309 ], [ 6.574850925809851, 46.531619138212463 ], [ 6.574842766169234, 46.531620749381624 ], [ 6.574834397034521, 46.531621603279547 ], [ 6.574825297066182, 46.531621695937559 ], [ 6.574818006933826, 46.5316211006731 ], [ 6.574809167446006, 46.531619576007117 ], [ 6.574800265571922, 46.53161706128985 ] ], [ [ 6.608092871139795, 46.518756046681347 ], [ 6.60808815670176, 46.518760933035296 ], [ 6.608082886651887, 46.518765509453587 ], [ 6.608077074573403, 46.518769740051148 ], [ 6.608070707574015, 46.51877361573743 ], [ 6.60806389072667, 46.518777083304997 ], [ 6.608057227164266, 46.518779904274837 ], [ 6.608049667539674, 46.518782520769264 ], [ 6.608041789201278, 46.518784676128213 ], [ 6.608033670746678, 46.518786343938778 ], [ 6.608025377466603, 46.518787515682938 ], [ 6.608016309545211, 46.518788213957031 ], [ 6.608008501670329, 46.518788327713558 ], [ 6.608000518279597, 46.518787990379067 ], [ 6.607991488405268, 46.518787060634594 ], [ 6.607983273469143, 46.518785678055167 ], [ 6.607975248838366, 46.518783784090594 ], [ 6.60796751820399, 46.518781415484597 ], [ 6.607960094181978, 46.518778599317898 ], [ 6.607953067985701, 46.518775336258514 ], [ 6.607946478291972, 46.51877165357805 ], [ 6.607940389423825, 46.518767605724214 ], [ 6.607934853641329, 46.51876318408371 ], [ 6.607930255223377, 46.518758823283626 ], [ 6.607925542397618, 46.518753427093358 ], [ 6.607922111294306, 46.51874858005511 ], [ 6.607918839422757, 46.51874269963055 ], [ 6.607916554134197, 46.518737069325432 ], [ 6.607914333398647, 46.518727238311357 ], [ 6.607914005028485, 46.518721469402692 ], [ 6.607914492425164, 46.51871519368968 ], [ 6.607915728123307, 46.518709409246163 ], [ 6.607917692143829, 46.518703720097115 ], [ 6.60792035773449, 46.518698171027133 ], [ 6.607923724480419, 46.518692789021408 ], [ 6.607927420203107, 46.518688048148185 ], [ 6.607933365555263, 46.518681929351864 ], [ 6.607938580585182, 46.518677541455801 ], [ 6.60794499593497, 46.518673063391851 ], [ 6.607951452485922, 46.518669296321683 ], [ 6.607957834070127, 46.518666167425664 ], [ 6.607965688922098, 46.518662995340634 ], [ 6.607973363734707, 46.518660514636942 ], [ 6.607981330782889, 46.518658521862321 ], [ 6.607988872149021, 46.518657092724816 ], [ 6.607997202566205, 46.518656047200913 ], [ 6.608006268254297, 46.518655492849845 ], [ 6.608014764788038, 46.51865551008148 ], [ 6.608022537461025, 46.518655989809965 ], [ 6.608031525873171, 46.5186570721824 ], [ 6.608039699211978, 46.518658616383803 ], [ 6.608047630540318, 46.518660644602399 ], [ 6.608054684545741, 46.518662945276247 ], [ 6.608062585569423, 46.518666097785221 ], [ 6.608073316666754, 46.518671654982121 ], [ 6.608229471499079, 46.518549911357674 ], [ 6.608576883957037, 46.518297270408752 ], [ 6.609095973643313, 46.517919776552347 ], [ 6.609467017521395, 46.517647586277079 ], [ 6.609735636302696, 46.517442935864217 ], [ 6.609994189493994, 46.517266549030957 ], [ 6.610135435261411, 46.517184285785447 ], [ 6.610335008011524, 46.517075765830398 ], [ 6.610444430301911, 46.51702324485143 ], [ 6.610619346485266, 46.516947892943925 ], [ 6.610904822245254, 46.516803528799869 ], [ 6.610759022264696, 46.516810606302137 ] ], [ [ 6.601082923741165, 46.524145654520012 ], [ 6.600886440638819, 46.524209182772154 ], [ 6.600799271467266, 46.524238793005779 ], [ 6.600670462999056, 46.52428256138554 ], [ 6.600464322099042, 46.524344353301416 ], [ 6.599526079010905, 46.524607337348854 ], [ 6.598985223635251, 46.524771626237929 ], [ 6.598682202012562, 46.524854360566415 ], [ 6.598221316893989, 46.524997557233156 ], [ 6.597897447787, 46.525105720012071 ], [ 6.597801544728517, 46.525137737178447 ], [ 6.597355016681412, 46.525289376163748 ], [ 6.596760251014373, 46.525504901507105 ], [ 6.596590269213347, 46.52557170470795 ], [ 6.596424155567279, 46.525636989038951 ], [ 6.596356028852941, 46.525663759534112 ], [ 6.595433788653433, 46.526043598502028 ], [ 6.595351237072068, 46.526077602030995 ], [ 6.59496001667988, 46.526242975012671 ], [ 6.594486092187431, 46.526447719120199 ], [ 6.593864026707231, 46.526709662240357 ], [ 6.593015946964623, 46.527066572074816 ], [ 6.59227850150526, 46.527357747661881 ], [ 6.592239654430174, 46.527373093140014 ], [ 6.59186458740279, 46.527521177589811 ], [ 6.591417239554014, 46.527722778825634 ], [ 6.591113563008834, 46.527847131326894 ], [ 6.591041546846191, 46.527879708103974 ], [ 6.590921484962065, 46.527934002371211 ], [ 6.590855655368355, 46.527975171570532 ], [ 6.590774014728743, 46.528037975211596 ], [ 6.59071352869725, 46.528109069382502 ], [ 6.590669045230342, 46.528175389226263 ], [ 6.590550518185569, 46.528344458129048 ], [ 6.590404488606272, 46.528573289475567 ], [ 6.590317839869271, 46.528710930097205 ], [ 6.590204263548506, 46.528873360541169 ], [ 6.590088550145559, 46.529015785506033 ], [ 6.590073036304354, 46.529032573202755 ], [ 6.589995242004735, 46.529116725878801 ], [ 6.58987749587806, 46.529235799485804 ], [ 6.58971324487729, 46.529394530813192 ], [ 6.58960531197336, 46.529503682870434 ], [ 6.589413935111507, 46.529698870007451 ], [ 6.589364548204887, 46.529770136511395 ], [ 6.589337214377502, 46.52981992338681 ], [ 6.589299817408191, 46.529894617169177 ], [ 6.589277148667313, 46.52995443364442 ], [ 6.589262248501758, 46.529990198653962 ], [ 6.589225902363608, 46.530142329923315 ], [ 6.589209236311248, 46.530282157871888 ], [ 6.589192282289114, 46.530438644484477 ], [ 6.589181380897577, 46.530518538421347 ], [ 6.589165617832709, 46.530600069240215 ], [ 6.5891056686299, 46.530727914155776 ], [ 6.589055390113128, 46.530854158169348 ], [ 6.588940364784995, 46.531108229062852 ], [ 6.588912218103757, 46.531207992221724 ], [ 6.588847783480746, 46.531397192971589 ], [ 6.588792431116303, 46.531555065233952 ], [ 6.588752431269849, 46.531691542725504 ], [ 6.588760333313028, 46.531693023297812 ], [ 6.588768876425328, 46.531695183380265 ], [ 6.588776527741333, 46.531697687631777 ], [ 6.588783859463891, 46.531700621303102 ], [ 6.588790276293413, 46.531703710052113 ], [ 6.588796800524811, 46.531707429333828 ], [ 6.588802849609141, 46.531711522893843 ], [ 6.588808345769464, 46.531715963161339 ], [ 6.588813661886878, 46.531721076789516 ], [ 6.588817923136594, 46.531726128540527 ], [ 6.588821581025137, 46.531731418668066 ], [ 6.588824356734615, 46.531736441300986 ], [ 6.588826719069885, 46.531742054582296 ], [ 6.588828349405208, 46.531747797323369 ], [ 6.588829287689624, 46.53175361584664 ], [ 6.5888294494985, 46.531759905349368 ], [ 6.588828888641364, 46.531765730637623 ], [ 6.588827585578465, 46.531771505386757 ], [ 6.588825579975993, 46.531777193909342 ], [ 6.588822551673655, 46.531783261606044 ], [ 6.58881921054365, 46.531788499316328 ], [ 6.588815115304996, 46.531793614429255 ], [ 6.588810014783849, 46.531798829966661 ], [ 6.588804690123947, 46.531803378111988 ], [ 6.588799284270343, 46.531807286924142 ], [ 6.588792440621773, 46.531811445855361 ], [ 6.588786159516234, 46.531814646414041 ], [ 6.588778403919328, 46.531817943882587 ], [ 6.588771392062863, 46.531820365300717 ], [ 6.588763549593394, 46.53182255559431 ], [ 6.588754800572641, 46.531824370256373 ], [ 6.588747170296312, 46.531825500595446 ], [ 6.588738124876924, 46.531826269485826 ], [ 6.5887303136658, 46.531826471867731 ], [ 6.588721715045177, 46.531826182560636 ], [ 6.588713969972158, 46.531825494820481 ], [ 6.588705048887673, 46.531824159546389 ], [ 6.588697565740029, 46.531822565158443 ], [ 6.588689117098965, 46.5318201988675 ], [ 6.588682142807966, 46.531817744662057 ], [ 6.588674943532631, 46.531814677034511 ], [ 6.588668154947353, 46.531811189664907 ], [ 6.588661351188376, 46.531807009479685 ], [ 6.588655552429612, 46.531802746860883 ], [ 6.588650306174142, 46.531798164519948 ], [ 6.588645625172568, 46.53179328054469 ], [ 6.588641867149813, 46.531788556417204 ], [ 6.588637811298914, 46.531782048825931 ] ], [ [ 6.60289575398209, 46.517744318658124 ], [ 6.60317155066881, 46.517691581847693 ], [ 6.603243120320998, 46.51756341953412 ] ], [ [ 6.571838297921707, 46.521623359605677 ], [ 6.571847207087031, 46.521366839476485 ], [ 6.571851801630363, 46.52108029321478 ], [ 6.571853404430354, 46.520980331241041 ], [ 6.571869523845395, 46.520511449084516 ], [ 6.57186694729937, 46.520135687174708 ], [ 6.571871555298223, 46.519910062934052 ], [ 6.571878279485235, 46.519579271862376 ], [ 6.57188407562314, 46.519217760835765 ] ], [ [ 6.632349754941282, 46.519611979411565 ], [ 6.632524090845434, 46.519574895106466 ], [ 6.632726960410757, 46.519534738679226 ], [ 6.632751637715066, 46.519529858197039 ], [ 6.632838962349156, 46.519514339565596 ], [ 6.633049309132547, 46.51947698847782 ], [ 6.633185800328273, 46.519461683784421 ], [ 6.633498884232848, 46.519426554631657 ], [ 6.634306498584052, 46.519335953860946 ] ], [ [ 6.572362535407189, 46.518067829904908 ], [ 6.57219214891295, 46.518013064571171 ], [ 6.57141401737331, 46.517762981302269 ], [ 6.570966440506694, 46.517618535251302 ], [ 6.570702639082984, 46.517541444385536 ], [ 6.570466108539787, 46.517485774533981 ], [ 6.57023026778825, 46.517443981535635 ], [ 6.570042570927843, 46.517409204829953 ], [ 6.569797682222761, 46.517380673952403 ] ], [ [ 6.582468240345209, 46.527125777502619 ], [ 6.583081181820168, 46.526987101561865 ], [ 6.583740600098821, 46.526808802713184 ], [ 6.583832336929747, 46.526782163627772 ], [ 6.584232895146862, 46.526665873950357 ], [ 6.584681592815365, 46.526532627645281 ], [ 6.585404723399547, 46.526294812519815 ], [ 6.586145118540078, 46.526032122310291 ], [ 6.586839606944215, 46.525772420254881 ], [ 6.587645764378213, 46.525471899546091 ], [ 6.588063495096955, 46.525311752215373 ], [ 6.588415539860292, 46.525182750535144 ], [ 6.589124563518923, 46.52491814173986 ], [ 6.589179249651312, 46.524896717588717 ], [ 6.589547022459542, 46.524752644733489 ], [ 6.590355606401393, 46.524459167132385 ], [ 6.591854815308763, 46.523942617789672 ], [ 6.591898385878628, 46.523927604582937 ], [ 6.592195843650053, 46.523798525759425 ] ], [ [ 6.608092845078875, 46.518756046490552 ], [ 6.608242315409295, 46.51881326741718 ], [ 6.608993793082896, 46.519073688370497 ], [ 6.609195384443337, 46.519148471755152 ], [ 6.6094427418752, 46.51923024642528 ], [ 6.609531567411679, 46.519260888660519 ], [ 6.609699691107582, 46.519315455182422 ], [ 6.609800596574146, 46.519346167481409 ], [ 6.609925736612899, 46.519370417604073 ], [ 6.610075022214231, 46.519393161673264 ], [ 6.610352152914229, 46.519421840891297 ], [ 6.610669465285089, 46.519446890404993 ], [ 6.610817422316269, 46.519458558591971 ], [ 6.611094592112054, 46.519485580995571 ], [ 6.611289886310849, 46.51949866440669 ], [ 6.611726769837752, 46.519537294428851 ], [ 6.611844290798772, 46.519547686871505 ], [ 6.61230355187752, 46.51959138962949 ], [ 6.612372485060902, 46.519607176101793 ], [ 6.61249471689817, 46.519643609906907 ], [ 6.612578718565372, 46.519677947992747 ], [ 6.612646890734307, 46.519709435946247 ], [ 6.612701889791985, 46.519739919344609 ], [ 6.612752830140221, 46.51977675140273 ], [ 6.612793119229313, 46.51981896653151 ], [ 6.612831980559973, 46.519868485081261 ], [ 6.612851277527144, 46.519905410602554 ], [ 6.612856354589952, 46.519915154351317 ], [ 6.612866171749348, 46.519963525871347 ], [ 6.612904135810824, 46.520157965027529 ], [ 6.612935443623488, 46.520270302297234 ], [ 6.612981072847918, 46.520395518250915 ], [ 6.613036617815746, 46.520561828559245 ], [ 6.613060726331629, 46.520627621554929 ], [ 6.613075962040797, 46.520665111221049 ], [ 6.613101761504584, 46.520707229783461 ], [ 6.613174644251981, 46.520783669207688 ] ], [ [ 6.590748786871908, 46.523245803016181 ], [ 6.590230813489941, 46.523181953626406 ], [ 6.589977926187888, 46.523146740602314 ], [ 6.589802106661383, 46.523122107335809 ], [ 6.589734721881986, 46.523108261901733 ], [ 6.589696488894351, 46.523082993577283 ], [ 6.589692077553165, 46.523075088957242 ], [ 6.589673034906349, 46.52304115701115 ], [ 6.589680921302034, 46.522999572952216 ], [ 6.589695935736916, 46.522964690368021 ], [ 6.589773739136, 46.522875275269456 ], [ 6.590067305801444, 46.52298987797522 ], [ 6.590748786871908, 46.523245803016181 ], [ 6.591167077669097, 46.523423156263902 ], [ 6.591413861911926, 46.523516103158627 ], [ 6.591642483550991, 46.523600430573616 ], [ 6.59180407812155, 46.523662189755271 ], [ 6.591875375613651, 46.523688414832861 ], [ 6.592195843650053, 46.523798525759425 ], [ 6.592552119915561, 46.523662696917789 ], [ 6.593239904195664, 46.523397706407962 ], [ 6.593831063574303, 46.523166357509012 ], [ 6.594330399795734, 46.522970945473922 ], [ 6.594653205429393, 46.522824533479557 ], [ 6.595397726100135, 46.522486894614978 ], [ 6.595429201563183, 46.522472617813357 ], [ 6.596116627177432, 46.522194464092706 ], [ 6.596262521133318, 46.522127230923232 ], [ 6.59650581934496, 46.522004081067799 ], [ 6.596722649668242, 46.521875741437441 ], [ 6.596854298013976, 46.521791722997158 ], [ 6.596986204767025, 46.52169108149711 ], [ 6.597076648116289, 46.521621807614636 ], [ 6.597333098386153, 46.521425399228406 ], [ 6.597733906311558, 46.521106795569281 ], [ 6.598441240321946, 46.520551218344487 ], [ 6.598889695690305, 46.52019896723818 ], [ 6.599773234834643, 46.519488333554243 ], [ 6.599786721718589, 46.519477503001177 ], [ 6.59994101175282, 46.519333680364227 ], [ 6.600102455313464, 46.519196594513225 ], [ 6.600205499417357, 46.519087378617492 ], [ 6.600279279350751, 46.518999618011804 ], [ 6.600543492668382, 46.518771647553322 ], [ 6.600836541385316, 46.518550528587632 ], [ 6.601129393935749, 46.518342757667398 ], [ 6.601306633178527, 46.518237183196661 ], [ 6.601538186259071, 46.518132576011013 ], [ 6.601574604253399, 46.518116120961842 ], [ 6.601756935995613, 46.518030833628622 ], [ 6.601890487551688, 46.517978498821755 ], [ 6.602041029367922, 46.517921296316302 ], [ 6.602217997571466, 46.517870936591073 ], [ 6.602431176017289, 46.5178208705034 ], [ 6.60289575398209, 46.517744318658124 ], [ 6.602948514384982, 46.517715973759799 ], [ 6.602980653487035, 46.517672786280606 ], [ 6.603001470862925, 46.517620141444361 ], [ 6.603034009989776, 46.517476875143693 ] ], [ [ 6.605919975012002, 46.523758203910965 ], [ 6.604425833732404, 46.524025571434542 ], [ 6.603134195117117, 46.524044400084058 ], [ 6.60168241621694, 46.523743121471078 ], [ 6.601565398325814, 46.523690512523565 ], [ 6.60152759113294, 46.523666825687592 ], [ 6.601457600520175, 46.523630819580639 ], [ 6.601220860088215, 46.523538733445562 ], [ 6.601031910709923, 46.523468644302383 ], [ 6.600901426613103, 46.523427243355044 ], [ 6.600795107486759, 46.523397517748414 ], [ 6.600727589271133, 46.523378631054626 ], [ 6.600527354914539, 46.523331208887171 ], [ 6.600353603293043, 46.523298960573328 ], [ 6.600157331691565, 46.523268335785254 ], [ 6.599943247717998, 46.523245882393731 ], [ 6.59985700645995, 46.523240117040018 ], [ 6.599782769395026, 46.523235142075869 ], [ 6.599643922392787, 46.523230507930485 ], [ 6.599509793190478, 46.523230082706782 ], [ 6.599360347464283, 46.523234869720142 ], [ 6.599166573245473, 46.523248252691772 ], [ 6.599050760255444, 46.523259261572889 ], [ 6.598962257772473, 46.523269860731546 ], [ 6.598846357737004, 46.52328562770581 ], [ 6.598701361716394, 46.523311857546197 ], [ 6.598589383108455, 46.523333581731542 ], [ 6.598328272285416, 46.523391031430791 ], [ 6.598012342903557, 46.523461109744865 ], [ 6.597676202943461, 46.523537595548369 ], [ 6.59706765099223, 46.523675572600155 ], [ 6.596665437829493, 46.523765797158774 ], [ 6.596512978344585, 46.523800785029884 ], [ 6.596281751703608, 46.523853818869782 ], [ 6.595937564888049, 46.523932003057489 ], [ 6.595521694341213, 46.524022724890543 ], [ 6.595355701302664, 46.524057106863665 ], [ 6.595187333958587, 46.524089113961288 ], [ 6.595134407831235, 46.524098184402142 ], [ 6.595077809805216, 46.524107866241749 ], [ 6.594935361649774, 46.524127579064618 ], [ 6.594775244242542, 46.524145370061937 ], [ 6.594609606512797, 46.52415777607149 ], [ 6.594446400295037, 46.524167204224206 ], [ 6.594306600111895, 46.524170895880928 ], [ 6.594111445315203, 46.52417056789227 ], [ 6.594042409256436, 46.52416883051589 ], [ 6.593889969665792, 46.524158159719512 ], [ 6.593738457241931, 46.524141540190264 ], [ 6.593635013609807, 46.524130622175683 ], [ 6.59347794964533, 46.524109804742054 ], [ 6.593316098018236, 46.524085946714258 ], [ 6.593173547725813, 46.52406048704146 ], [ 6.593035089655142, 46.524030883488088 ], [ 6.592932662427486, 46.524007503780794 ], [ 6.592783094165847, 46.523968299203347 ], [ 6.592606513564894, 46.523915434800166 ], [ 6.592538875597559, 46.523893510636405 ], [ 6.592445382175333, 46.523863944804539 ], [ 6.592438733302344, 46.523875725116426 ], [ 6.592195843650053, 46.523798525759425 ] ], [ [ 6.57326011483215, 46.52762157232317 ], [ 6.573552164541816, 46.52764962728191 ], [ 6.573701710660933, 46.527657424502152 ], [ 6.574314893889497, 46.527655439930172 ], [ 6.575041205631389, 46.527675957858946 ], [ 6.576057086960721, 46.52770201942527 ], [ 6.576358790136171, 46.527705976903576 ], [ 6.576728054136136, 46.527710446808662 ], [ 6.576865784704378, 46.527708884078898 ], [ 6.577167501273157, 46.527705462674831 ], [ 6.577533188625596, 46.527701266512246 ], [ 6.578023021492013, 46.527680981172331 ], [ 6.578241190264248, 46.527670113112912 ], [ 6.5782783081051, 46.527667866653466 ], [ 6.57838902072372, 46.52766126628174 ], [ 6.578654385436436, 46.527645510493102 ], [ 6.579217233604442, 46.527601501810686 ], [ 6.580229506384516, 46.527488742309679 ], [ 6.580991593901055, 46.527384536517019 ], [ 6.581492465743977, 46.527306492529611 ], [ 6.581705485843524, 46.527273295511435 ], [ 6.582056528760557, 46.527209293851037 ], [ 6.582468240487687, 46.527125768507538 ] ], [ [ 6.573236546539033, 46.527555792674633 ], [ 6.573241423143219, 46.52756056184117 ], [ 6.57324553342201, 46.527565163232111 ], [ 6.57324947823849, 46.52757033011811 ], [ 6.573252885554175, 46.527575690819795 ], [ 6.573255756377013, 46.527581182371812 ], [ 6.573258266393642, 46.527587228932973 ], [ 6.573259863054576, 46.527592521847971 ], [ 6.573261131958112, 46.527598747862399 ], [ 6.573261729363023, 46.527604581921182 ], [ 6.57326174736085, 46.527609970749829 ], [ 6.573261223680437, 46.527615814250616 ], [ 6.57326010179962, 46.527621572223758 ] ], [ [ 6.632349754941282, 46.519611979411565 ], [ 6.632243070692172, 46.519644542557771 ], [ 6.632165203411478, 46.519685631845704 ], [ 6.63210419984362, 46.519730196515916 ], [ 6.631776185021224, 46.520048637048987 ], [ 6.631751522449192, 46.520072589109297 ], [ 6.631594804767154, 46.520222221558662 ], [ 6.631428198894709, 46.520389901536092 ], [ 6.631410480667445, 46.520407848577371 ], [ 6.631396442243124, 46.520421989472268 ], [ 6.631063406215356, 46.520757565778233 ], [ 6.630719039920195, 46.521104539436202 ], [ 6.630675785298566, 46.521144641759285 ], [ 6.63049202444068, 46.521334886324226 ], [ 6.630362205730933, 46.521462263518714 ], [ 6.630254556975411, 46.521558123358538 ], [ 6.630141936552493, 46.521663960301773 ], [ 6.629953918437393, 46.521809238266009 ], [ 6.629852794642312, 46.521890489634373 ], [ 6.629712285132639, 46.521987464104114 ], [ 6.629651834875246, 46.52202348515636 ], [ 6.629485914228649, 46.522114142814125 ], [ 6.628925388285793, 46.522310081341814 ], [ 6.6287408607252, 46.522382073194777 ], [ 6.627806436321824, 46.522723618755499 ], [ 6.626627005939548, 46.523145051768545 ] ], [ [ 6.623132631759653, 46.521168924678484 ], [ 6.622496300723332, 46.521167677137669 ], [ 6.622495440673136, 46.521167670950327 ], [ 6.621923014213325, 46.521191880049798 ], [ 6.621585715635918, 46.521193922318965 ], [ 6.621546432110032, 46.52119416115795 ], [ 6.621401756947043, 46.521184779663763 ], [ 6.621208902131258, 46.521168411722527 ], [ 6.620497092930019, 46.521090987965358 ], [ 6.619811331222392, 46.521016563518288 ], [ 6.619594071117021, 46.52099480793445 ], [ 6.619448073195293, 46.520985909180361 ], [ 6.619098989378736, 46.520982263384965 ], [ 6.618771127112129, 46.520974010953744 ], [ 6.61847406192315, 46.520966528992261 ], [ 6.618021259465541, 46.520950444064944 ], [ 6.617269735851242, 46.520928686438232 ], [ 6.617130719762761, 46.520929488060162 ], [ 6.61666721956244, 46.520932176076386 ], [ 6.616251007434962, 46.520966133586967 ], [ 6.616124915052896, 46.520981781260637 ], [ 6.615427452343773, 46.521076264109027 ], [ 6.615216399923843, 46.521110788780426 ], [ 6.614964660412084, 46.521163234756237 ], [ 6.614794597212051, 46.521077013759701 ], [ 6.614746533188971, 46.521063350485178 ], [ 6.614688725048362, 46.521056255539229 ], [ 6.614628569253456, 46.521044150677746 ], [ 6.614491038212426, 46.521039841078618 ], [ 6.614307626625374, 46.521038508504461 ], [ 6.614126752291587, 46.521027190413889 ], [ 6.61401581750572, 46.521021373271715 ], [ 6.613854382872525, 46.521003538936938 ], [ 6.613685841922092, 46.52097399375328 ], [ 6.613635272474776, 46.520960563677512 ], [ 6.613534483220484, 46.520929585787826 ], [ 6.613414350558829, 46.520893708165929 ], [ 6.613294395119389, 46.52084452647496 ], [ 6.613174644251981, 46.520783669207688 ] ] ] } },
{ "type": "Feature", "properties": { "CADRE_NO": "10.025", "DDT_URL": null, "ETC_NOM": "Transports publics de la région lausannoise", "ETC_SIGLE": "TL", "ETC_URL": "https://www.t-l.ch", "GO_CENTRE": 0, "HORAIR_URL": "https://www.tableaux-horaires.ch/fileadmin/fap_pdf_fields/2025/10.025.pdf", "LIGNE_NO": "25", "LIGNE_NOM": "Chavannes-près-Renens - Renens VD - Lausanne - Pully", "LIGNE_SIGL": null, "LIGNE_TYPE": "Trolleybus", "PLAN_URL": "https://prestations.vd.ch/pub/101587/api/download/2_Cartographie_et_geodonnees/2.1_Carte_des_reseaux/Carte_des_lignes_TP/topo/ligne_10.025.pdf", "SHAPE_LEN": 8765.666 }, "geometry": { "type": "MultiLineString", "coordinates": [ [ [ 6.578008034840429, 46.536622479721551 ], [ 6.57857801055051, 46.536730601596155 ] ], [ [ 6.637217288841942, 46.51100918071927 ], [ 6.637375316407192, 46.510939750004084 ], [ 6.637562267421417, 46.510886329459296 ], [ 6.639613375196065, 46.510338345268181 ], [ 6.640543574222604, 46.510088641531702 ], [ 6.640788831484839, 46.510026108144046 ], [ 6.641427292253709, 46.509863360713027 ], [ 6.64250342719462, 46.509583954146841 ], [ 6.643238246076394, 46.509393643293684 ], [ 6.643391255098307, 46.509355394444405 ], [ 6.64343497465157, 46.509347064761265 ], [ 6.643549147696072, 46.509325276086479 ], [ 6.643716992051688, 46.509303314725535 ], [ 6.64384545532005, 46.509292367215551 ], [ 6.643960168130581, 46.509282591661076 ], [ 6.644181901958674, 46.50927130768769 ], [ 6.644369634126819, 46.509270283578289 ], [ 6.644582599737399, 46.509281121716818 ], [ 6.644810683808996, 46.509297894724718 ], [ 6.645389882358, 46.509339118938541 ], [ 6.645520302756765, 46.509348397381814 ], [ 6.646002783720694, 46.509383391504883 ], [ 6.646268761134315, 46.509402666417891 ], [ 6.646919421637417, 46.509445299650828 ], [ 6.647848556064262, 46.509510831963311 ] ], [ [ 6.63690551092603, 46.511049321824267 ], [ 6.636841780852539, 46.511044067418254 ] ], [ [ 6.635240348659086, 46.509551927105562 ], [ 6.635203523553559, 46.509592481450149 ], [ 6.635207977802901, 46.509675906635827 ], [ 6.635229953082693, 46.509793793958757 ], [ 6.635260767964548, 46.509914829544016 ], [ 6.635306150956017, 46.510053357720132 ], [ 6.635364768519531, 46.510200921707813 ], [ 6.635421318860705, 46.510310489587987 ], [ 6.635486959313882, 46.510416883219747 ], [ 6.635559805772746, 46.510503086662695 ], [ 6.635648187222815, 46.510588203563998 ], [ 6.635770852633608, 46.510685473888707 ], [ 6.635869818205943, 46.510752826315212 ], [ 6.635994764981302, 46.510813210637203 ], [ 6.636057779953265, 46.510839403324653 ], [ 6.636157147855109, 46.510880570767526 ], [ 6.63624636542636, 46.510908577025376 ], [ 6.63633910655585, 46.510931831221036 ], [ 6.636522926175616, 46.510973613681948 ], [ 6.636841780852539, 46.511044067418254 ], [ 6.63690551092603, 46.511049321824267 ], [ 6.637089688312644, 46.511030211842524 ] ], [ [ 6.580809024831453, 46.536016242838869 ], [ 6.580805019643935, 46.536010688937608 ], [ 6.580802231853332, 46.536005639026087 ], [ 6.580799987760987, 46.536000008475796 ], [ 6.580798567130915, 46.535994240212062 ], [ 6.580797962782287, 46.535987965339231 ], [ 6.580798191687621, 46.535982578386168 ], [ 6.580799411891513, 46.53597633529786 ], [ 6.580801215978921, 46.535971086197804 ], [ 6.580804178386246, 46.535965135159209 ], [ 6.580807730102301, 46.535959836296776 ], [ 6.580811675751536, 46.535955179137432 ], [ 6.580816639665557, 46.535950430717662 ], [ 6.580822249452352, 46.535946056021281 ], [ 6.58082845254537, 46.535942081639249 ], [ 6.580835209127098, 46.535938552251146 ], [ 6.580842440276459, 46.535935512241039 ], [ 6.580850080820828, 46.535932961116146 ], [ 6.58086555579758, 46.53592960558008 ], [ 6.580873300130759, 46.535928728518819 ], [ 6.58088175379707, 46.535928333613469 ], [ 6.580890875408857, 46.535928564489346 ], [ 6.580898607364198, 46.53592928864439 ], [ 6.580906877062854, 46.535930628600269 ], [ 6.58091487721986, 46.53593252427855 ], [ 6.58092315228845, 46.535935168713074 ], [ 6.580929887710917, 46.535937900467651 ], [ 6.580936755521832, 46.535941325924647 ], [ 6.580943068459241, 46.53594521498637 ], [ 6.580948827379738, 46.535949513682617 ], [ 6.580954261766094, 46.535954547608625 ], [ 6.580958307880223, 46.535959166216074 ], [ 6.580962232588294, 46.535964863441691 ], [ 6.580964850514255, 46.535969939053857 ], [ 6.580966937636823, 46.535975604398942 ], [ 6.580968246727558, 46.535981830620194 ], [ 6.580968617428891, 46.53598722210517 ], [ 6.580968185741759, 46.535993066328629 ], [ 6.580966933733625, 46.535998850375485 ], [ 6.580964646998369, 46.536004941466771 ], [ 6.580961718384293, 46.536010406973631 ], [ 6.580958290700505, 46.536015283959976 ], [ 6.580953896602321, 46.536020270591926 ], [ 6.580948368067598, 46.536025275638153 ], [ 6.580939035238011, 46.536031781273763 ], [ 6.580932027282865, 46.536035542667619 ], [ 6.580924834372331, 46.536038636949293 ], [ 6.580917860863907, 46.536041049182735 ], [ 6.580909338810405, 46.536043287781105 ], [ 6.580901794734332, 46.536044688134247 ], [ 6.580892796210692, 46.536045735640606 ], [ 6.580884330062608, 46.536046094467963 ], [ 6.580876771723236, 46.536045929384613 ], [ 6.58086772454455, 46.53604511432178 ], [ 6.580860130913913, 46.536043887426921 ], [ 6.580852091210321, 46.536042018434379 ], [ 6.580843789203085, 46.536039427767967 ], [ 6.580836483820536, 46.536036466796801 ], [ 6.58083015931538, 46.536033306328477 ], [ 6.580823342596427, 46.536029125576171 ], [ 6.580818034747351, 46.536025154144021 ], [ 6.580809024831453, 46.536016242838869 ], [ 6.580704227805284, 46.536059738576078 ], [ 6.58024649719568, 46.536147911796661 ], [ 6.580118020318597, 46.536180261593195 ], [ 6.58002102298301, 46.536207856571686 ], [ 6.579928663640726, 46.536245472271467 ], [ 6.579863053988524, 46.536271631337456 ], [ 6.579777716134867, 46.536324314597643 ], [ 6.579599952079124, 46.536419596583201 ], [ 6.579441711675141, 46.536511031828695 ], [ 6.579261222076352, 46.536615315779791 ], [ 6.579180851869799, 46.536659678808817 ], [ 6.579100733165145, 46.536687400838176 ], [ 6.579006159404881, 46.536713340035718 ], [ 6.578911810916323, 46.536724293301489 ], [ 6.578757310226716, 46.536723122738934 ], [ 6.57857607212736, 46.536733417321813 ] ], [ [ 6.604249834174861, 46.517192353311295 ], [ 6.60423274336763, 46.51722907567266 ], [ 6.604201400069766, 46.517284108233966 ], [ 6.604170259841082, 46.517325980969858 ], [ 6.604132840941337, 46.517364308021961 ], [ 6.60411088602418, 46.517385197411699 ], [ 6.604077447152689, 46.517409663729289 ], [ 6.604071935293947, 46.517413851351542 ], [ 6.604065687220518, 46.517418456374436 ], [ 6.604059874972658, 46.517422686766686 ], [ 6.60405441995321, 46.51742656893844 ], [ 6.604047978646722, 46.517431028600996 ], [ 6.604041933797896, 46.517435131335539 ], [ 6.604035824769571, 46.51743917062479 ], [ 6.604029651006267, 46.517443182449099 ], [ 6.604023425954741, 46.517447139919049 ], [ 6.604017610113689, 46.517450758547199 ], [ 6.604010769449853, 46.517454918397732 ], [ 6.604004364056778, 46.517458739598155 ], [ 6.60399786828507, 46.517462506156605 ], [ 6.603991334116428, 46.517466227451578 ], [ 6.603985248387923, 46.51746960119732 ], [ 6.603978598196191, 46.517473240672935 ], [ 6.603971910163061, 46.517476798904738 ], [ 6.603964605962503, 46.517480595497439 ], [ 6.603958314526055, 46.517483787806022 ], [ 6.603950907887923, 46.51748746669471 ], [ 6.603944513458664, 46.517490577279659 ], [ 6.60393700438301, 46.517494138464308 ], [ 6.603929969113853, 46.517497397266965 ], [ 6.603923420542648, 46.517500362778748 ], [ 6.603916295866379, 46.517503503973273 ], [ 6.6039091065941, 46.517506608707585 ], [ 6.603901879202783, 46.517509650188181 ], [ 6.603894600523407, 46.517512637314226 ], [ 6.603887283586138, 46.517515570181679 ], [ 6.603879915499738, 46.51751843969943 ], [ 6.603872482817381, 46.517521272756923 ], [ 6.603865038215269, 46.517524033757368 ], [ 6.60385751612597, 46.517526749206553 ], [ 6.603849955917752, 46.517529401401923 ], [ 6.603842370342994, 46.51753200842959 ], [ 6.603834733897003, 46.517534534117381 ], [ 6.603827071945606, 46.517537023632578 ], [ 6.60381876971001, 46.517539625384686 ], [ 6.603811018629653, 46.517541979301178 ], [ 6.603803242321755, 46.517544279054775 ], [ 6.603800244802362, 46.517545138614189 ], [ 6.603796029921694, 46.517546349058989 ], [ 6.603788150899276, 46.517548549098464 ], [ 6.603780260235185, 46.517550659090567 ], [ 6.60377234420471, 46.517552723914918 ], [ 6.603764376747574, 46.517554743379669 ], [ 6.603755782591834, 46.517556839196587 ], [ 6.60374839304488, 46.517558566041807 ], [ 6.603739722651804, 46.517560535350803 ], [ 6.603731642088441, 46.517562284097508 ], [ 6.603724150521411, 46.51756386625248 ], [ 6.603716045702714, 46.517565497870095 ], [ 6.603707249034521, 46.517567205360066 ], [ 6.603699054809695, 46.517568719368995 ], [ 6.603690861417981, 46.517570179406761 ], [ 6.603683270330909, 46.517571454958748 ], [ 6.603674386617447, 46.517572891922136 ], [ 6.603666118099925, 46.517574153490749 ], [ 6.603658477252901, 46.51757527574091 ], [ 6.603649218303081, 46.517576539014307 ], [ 6.603588253293351, 46.517585167334865 ], [ 6.603501363121292, 46.517592444268487 ], [ 6.603412988303133, 46.517589535601935 ], [ 6.603342699783352, 46.51758335951267 ], [ 6.603243120320998, 46.51756341953412 ] ], [ [ 6.610904822245254, 46.516803528799869 ], [ 6.611111445977545, 46.516793503306104 ], [ 6.611111049512283, 46.516787904837784 ], [ 6.611111738391473, 46.516782062396175 ], [ 6.611113643878469, 46.516775913966079 ], [ 6.61111628858125, 46.516770850460937 ], [ 6.611120453160786, 46.516765249280809 ], [ 6.611124873882523, 46.516760792474209 ], [ 6.611130965883421, 46.516756122956537 ], [ 6.611137409367039, 46.51675232862457 ], [ 6.611143957314745, 46.516749371691844 ], [ 6.611152143734703, 46.516746642617385 ], [ 6.611160212007951, 46.516744821286863 ], [ 6.611168516422632, 46.516743748354877 ], [ 6.611183907030552, 46.516743716683223 ], [ 6.611191802184533, 46.516744691875736 ], [ 6.61120049115447, 46.516746590460457 ], [ 6.611208141532318, 46.51674908420776 ], [ 6.611214743179373, 46.516751984125747 ], [ 6.611221731409714, 46.516756020372057 ], [ 6.611227451327236, 46.516760335242154 ], [ 6.611234797320422, 46.516768242421428 ], [ 6.61123812898701, 46.516773637395758 ], [ 6.611240264786492, 46.516778834729301 ], [ 6.611241544688557, 46.516784610566731 ], [ 6.611241729108028, 46.516790441386554 ], [ 6.61124081914591, 46.516796255228002 ], [ 6.611238653485793, 46.51680237477413 ], [ 6.611235800863703, 46.51680740078114 ], [ 6.611229152648602, 46.516815205887269 ], [ 6.6112238073519, 46.516819619969603 ], [ 6.611217083214973, 46.516823871060666 ], [ 6.611210112519911, 46.516827202750335 ], [ 6.611203193580254, 46.516829707175653 ], [ 6.611195252153845, 46.516831754337105 ], [ 6.611187009296532, 46.516833061618868 ], [ 6.611177943395575, 46.516833652204205 ], [ 6.611169906225868, 46.516833440643701 ], [ 6.611162191689456, 46.516832583716628 ], [ 6.611154072034187, 46.516830950169002 ], [ 6.6111457450511, 46.516828388509779 ], [ 6.611139077009239, 46.51682556906843 ], [ 6.611131970266913, 46.516821612917475 ], [ 6.61112615790134, 46.516817378333108 ], [ 6.611121173861675, 46.516812664001435 ], [ 6.611117108531639, 46.51680752455853 ], [ 6.611114266369407, 46.516802501991734 ], [ 6.611111445977545, 46.516793503306104 ] ], [ [ 6.610904822245254, 46.516803528799869 ], [ 6.610759022264696, 46.516810606302137 ] ], [ [ 6.611234797320422, 46.516768242421428 ], [ 6.611451196374901, 46.516685698058502 ], [ 6.611562619577147, 46.516659846057721 ], [ 6.611843345022885, 46.516610245873167 ], [ 6.612095193900878, 46.516555432763695 ], [ 6.612448796326627, 46.516474704795115 ], [ 6.612649006236446, 46.516422087238205 ], [ 6.612720208786267, 46.516403372014388 ], [ 6.613054626480231, 46.516314154107654 ], [ 6.613465077395388, 46.516197834329965 ], [ 6.61353707106837, 46.516176767374695 ], [ 6.613899685724936, 46.516068752329858 ], [ 6.613975176404651, 46.516046505047058 ], [ 6.614298911298581, 46.515940581050934 ], [ 6.614713279551355, 46.515813966742463 ], [ 6.615175728347161, 46.515672118737697 ], [ 6.615388690357942, 46.515611780348678 ], [ 6.615470022201458, 46.515590950876152 ], [ 6.615577171559418, 46.515575067612716 ], [ 6.615730805922913, 46.51556069997261 ], [ 6.616280619848187, 46.515548440316017 ], [ 6.616329413959347, 46.515547219729292 ], [ 6.616799716060066, 46.515535523638341 ], [ 6.616906442097859, 46.515534596565978 ], [ 6.617009052784471, 46.515524931363565 ], [ 6.617032620086256, 46.515525326967378 ], [ 6.617219263688717, 46.515494535630062 ], [ 6.61779159123468, 46.515382062256471 ], [ 6.617884684391881, 46.515360668453638 ], [ 6.618014638018725, 46.515316385295904 ], [ 6.618174259078921, 46.515250905873664 ], [ 6.618743814995395, 46.514978906930772 ], [ 6.619041775852478, 46.514834891676692 ], [ 6.619588230110495, 46.514570773138495 ], [ 6.619805914140299, 46.514475942616542 ], [ 6.619929345240043, 46.514407788553157 ], [ 6.620037388659138, 46.514330032431424 ], [ 6.620384219320631, 46.514080230469666 ], [ 6.620687706861214, 46.513846775690212 ], [ 6.620856752701768, 46.513725422808228 ], [ 6.62104657840751, 46.513598255052543 ], [ 6.621144016849676, 46.513538251712596 ], [ 6.62127527273157, 46.513453905662892 ], [ 6.62145448131246, 46.513344526969163 ], [ 6.621631825638074, 46.513244643438433 ], [ 6.621812555045715, 46.513148355460324 ], [ 6.621981052120483, 46.513063880958065 ], [ 6.622201620565533, 46.512955977366857 ], [ 6.622425489021675, 46.512856427479939 ], [ 6.622628446048842, 46.512772199995517 ], [ 6.622824348430853, 46.512698635756664 ], [ 6.622924075575685, 46.512661155592589 ], [ 6.623151317756898, 46.512593474713483 ], [ 6.623324211798471, 46.512560208611937 ], [ 6.623618652402468, 46.512510570176424 ], [ 6.623656027303857, 46.512504271580362 ], [ 6.623804621465426, 46.51248035701002 ], [ 6.624569792343262, 46.512379931332703 ], [ 6.624882389292663, 46.512335871573491 ], [ 6.625773751969536, 46.51221136095365 ] ], [ [ 6.60289575398209, 46.517744318658124 ], [ 6.60317155066881, 46.517691581847693 ], [ 6.603243120320998, 46.51756341953412 ] ], [ [ 6.582468240345209, 46.527125777502619 ], [ 6.583081181820168, 46.526987101561865 ], [ 6.583740600098821, 46.526808802713184 ], [ 6.583832336929747, 46.526782163627772 ], [ 6.584232895146862, 46.526665873950357 ], [ 6.584681592815365, 46.526532627645281 ], [ 6.585404723399547, 46.526294812519815 ], [ 6.586145118540078, 46.526032122310291 ], [ 6.586839606944215, 46.525772420254881 ], [ 6.587645764378213, 46.525471899546091 ], [ 6.588063495096955, 46.525311752215373 ], [ 6.588415539860292, 46.525182750535144 ], [ 6.589124563518923, 46.52491814173986 ], [ 6.589179249651312, 46.524896717588717 ], [ 6.589547022459542, 46.524752644733489 ], [ 6.590355606401393, 46.524459167132385 ], [ 6.591854815308763, 46.523942617789672 ], [ 6.591898385878628, 46.523927604582937 ], [ 6.592195843650053, 46.523798525759425 ], [ 6.592552119915561, 46.523662696917789 ], [ 6.593239904195664, 46.523397706407962 ], [ 6.593831063574303, 46.523166357509012 ], [ 6.594330399795734, 46.522970945473922 ], [ 6.594653205429393, 46.522824533479557 ], [ 6.595397726100135, 46.522486894614978 ], [ 6.595429201563183, 46.522472617813357 ], [ 6.596116627177432, 46.522194464092706 ], [ 6.596262521133318, 46.522127230923232 ], [ 6.59650581934496, 46.522004081067799 ], [ 6.596722649668242, 46.521875741437441 ], [ 6.596854298013976, 46.521791722997158 ], [ 6.596986204767025, 46.52169108149711 ], [ 6.597076648116289, 46.521621807614636 ], [ 6.597333098386153, 46.521425399228406 ], [ 6.597733906311558, 46.521106795569281 ], [ 6.598441240321946, 46.520551218344487 ], [ 6.598889695690305, 46.52019896723818 ], [ 6.599773234834643, 46.519488333554243 ], [ 6.599786721718589, 46.519477503001177 ], [ 6.59994101175282, 46.519333680364227 ], [ 6.600102455313464, 46.519196594513225 ], [ 6.600205499417357, 46.519087378617492 ], [ 6.600279279350751, 46.518999618011804 ], [ 6.600543492668382, 46.518771647553322 ], [ 6.600836541385316, 46.518550528587632 ], [ 6.601129393935749, 46.518342757667398 ], [ 6.601306633178527, 46.518237183196661 ], [ 6.601538186259071, 46.518132576011013 ], [ 6.601574604253399, 46.518116120961842 ], [ 6.601756935995613, 46.518030833628622 ], [ 6.601890487551688, 46.517978498821755 ], [ 6.602041029367922, 46.517921296316302 ], [ 6.602217997571466, 46.517870936591073 ], [ 6.602431176017289, 46.5178208705034 ], [ 6.60289575398209, 46.517744318658124 ], [ 6.602948514384982, 46.517715973759799 ], [ 6.602980653487035, 46.517672786280606 ], [ 6.603001470862925, 46.517620141444361 ], [ 6.603034009989776, 46.517476875143693 ], [ 6.603027094896289, 46.517473198773111 ], [ 6.603020439572294, 46.517469578292371 ], [ 6.603013850234119, 46.517465904320559 ], [ 6.60300730068245, 46.517462185660882 ], [ 6.603001346902888, 46.517458705288426 ], [ 6.602994438627026, 46.517454588156575 ], [ 6.602988564420369, 46.517451018408465 ], [ 6.602981801007416, 46.517446803385702 ], [ 6.602976045325049, 46.517443153545031 ], [ 6.602969878241092, 46.517439140828905 ], [ 6.602963299755775, 46.517434765237262 ], [ 6.602957264087409, 46.517430681519627 ], [ 6.602951758900897, 46.517426844604671 ], [ 6.602945390986339, 46.517422335621532 ], [ 6.602939553136488, 46.517418100426276 ], [ 6.602934219290884, 46.517414138827135 ], [ 6.602928513134574, 46.517409814640388 ], [ 6.602922434806819, 46.517405118870919 ], [ 6.602916886404424, 46.517400705884619 ], [ 6.602911802220342, 46.517396611181965 ], [ 6.602906385511463, 46.517392109204202 ], [ 6.602901021202078, 46.517387589620007 ], [ 6.602895350289335, 46.517382671947772 ], [ 6.602890529492115, 46.517378399262256 ], [ 6.602885016055164, 46.51737341078077 ], [ 6.602880326534162, 46.51736907608921 ], [ 6.602874984020263, 46.517363989909221 ], [ 6.602870053603762, 46.517359221629043 ], [ 6.602865228124342, 46.517354409141184 ], [ 6.602860840246003, 46.517349950725603 ], [ 6.602856172102991, 46.517345076423759 ], [ 6.602851197635274, 46.517339786043671 ], [ 6.602846686967818, 46.517334840932733 ], [ 6.602841307220274, 46.517328791892645 ], [ 6.602797249234145, 46.517282317215191 ], [ 6.602766363798222, 46.517232629012248 ], [ 6.60274078419533, 46.517163431343448 ], [ 6.602726675769076, 46.51710581523038 ], [ 6.602724259811199, 46.517047151765382 ], [ 6.602728354514365, 46.516989660790259 ], [ 6.602763194259899, 46.516899056768345 ], [ 6.602799826503082, 46.516829894685586 ], [ 6.602803654837097, 46.516824183373153 ], [ 6.60280731999599, 46.51681891166789 ], [ 6.602811063055913, 46.516813658528754 ], [ 6.602814603850948, 46.516808844708692 ], [ 6.602818808243383, 46.516803253116109 ], [ 6.602822491532381, 46.516798494322408 ], [ 6.602826864200332, 46.51679297593828 ], [ 6.602830689844172, 46.516788281165987 ], [ 6.602834938426402, 46.516783202676834 ], [ 6.602839570161568, 46.516777785158283 ], [ 6.602843960681169, 46.516772797675728 ], [ 6.6028480973726, 46.516768213147969 ], [ 6.602852630524976, 46.516763271696561 ], [ 6.602857611840772, 46.516758000690707 ], [ 6.602862339328425, 46.516753132639607 ], [ 6.602866760729166, 46.516748676154407 ], [ 6.602871987803773, 46.516743523908055 ], [ 6.60287652536012, 46.516739140247182 ], [ 6.60288190767995, 46.516734061113098 ], [ 6.602887010111953, 46.516729384741765 ], [ 6.60289217713665, 46.516724744830569 ], [ 6.602897408614961, 46.516720150374574 ], [ 6.602902295334087, 46.516715940211185 ], [ 6.602908091409526, 46.516711071034798 ], [ 6.602913107175071, 46.516706942786726 ], [ 6.602918622805929, 46.516702512353199 ], [ 6.602924203168493, 46.516698109384663 ], [ 6.602930309177884, 46.516693422412672 ], [ 6.602936031477518, 46.516689110450365 ], [ 6.602941818230746, 46.516684843943139 ], [ 6.602947695497468, 46.516680623082983 ], [ 6.602953163133932, 46.5166767680455 ], [ 6.602959143248005, 46.516672637903575 ], [ 6.602965213875565, 46.516668553408678 ], [ 6.602971809871351, 46.516664202900337 ], [ 6.602977088272096, 46.516660787277203 ], [ 6.602983339369589, 46.516656830056405 ], [ 6.602989641890729, 46.51665291819468 ], [ 6.602996482253614, 46.516648776395655 ], [ 6.603002426846747, 46.516645257725514 ], [ 6.603008922450611, 46.516641500218959 ], [ 6.60301596906501, 46.516637503875955 ], [ 6.60302258026802, 46.516633855173524 ], [ 6.603029242894714, 46.516630251830065 ], [ 6.603035444467539, 46.516626968950156 ], [ 6.603042761369951, 46.516623190503168 ], [ 6.603049065790316, 46.516619998341262 ], [ 6.603056472232013, 46.516616328506288 ], [ 6.603063417480984, 46.516612988129928 ], [ 6.60307041429271, 46.516609684117434 ], [ 6.603077475280061, 46.51660644355001 ], [ 6.603084010481485, 46.51660349598108 ], [ 6.603091161008437, 46.516600364025685 ], [ 6.60309835006825, 46.516597268338096 ], [ 6.603106154175301, 46.516594006254095 ], [ 6.603113445387533, 46.516591046259713 ], [ 6.603120237430161, 46.516588343475533 ], [ 6.603127605430233, 46.516585474006909 ], [ 6.603135627289109, 46.516582456419712 ], [ 6.60314252092766, 46.516579925308669 ], [ 6.603150619296255, 46.516577016237342 ], [ 6.603158179266708, 46.516574373083479 ], [ 6.60316577735311, 46.516571793182635 ], [ 6.603172837041633, 46.51656947919944 ], [ 6.603180498747156, 46.516566998723405 ], [ 6.603188826646087, 46.516564415199916 ], [ 6.603196590504428, 46.516562070416832 ], [ 6.603203764262527, 46.516559964182427 ], [ 6.603211591601133, 46.516557727819212 ], [ 6.603219470085758, 46.51655555480491 ], [ 6.603227975673877, 46.516553278454985 ], [ 6.603235276392764, 46.516551389060261 ], [ 6.603243871104012, 46.516549248307221 ], [ 6.603251863102432, 46.51654731902169 ], [ 6.603259278587006, 46.516545592400618 ], [ 6.603267935388082, 46.51654365001751 ], [ 6.603276015814364, 46.516541901303761 ], [ 6.60328414738684, 46.516540215938868 ], [ 6.603291637713129, 46.516538705773527 ], [ 6.603299806428533, 46.516537146626611 ], [ 6.603308000369364, 46.516535641641525 ], [ 6.603316833470499, 46.516534096381889 ], [ 6.603325077584256, 46.516532717710597 ], [ 6.603332680730109, 46.516531496248973 ], [ 6.603340948818161, 46.51653025269475 ], [ 6.603349895156239, 46.516528969153697 ], [ 6.603358187635576, 46.516527833731189 ], [ 6.603366544152308, 46.516526770748534 ], [ 6.603374246810464, 46.516525855884687 ], [ 6.603382588489978, 46.516524909741051 ], [ 6.603391607724639, 46.516523968585687 ], [ 6.603399986408703, 46.516523157654952 ], [ 6.603408403209452, 46.516522409977036 ], [ 6.603416818898209, 46.5165217342592 ], [ 6.603425220861999, 46.516521103420253 ], [ 6.603433660664623, 46.516520553824328 ], [ 6.603441447442884, 46.516520098377029 ], [ 6.603450550381027, 46.516519643623347 ], [ 6.603459013324765, 46.516519283114242 ], [ 6.603467462543678, 46.516518967484039 ], [ 6.603475910372888, 46.516518741804106 ], [ 6.603483744684532, 46.516518583575561 ], [ 6.603492216905953, 46.51651846602735 ], [ 6.603500675124726, 46.516518411348201 ], [ 6.603509145122803, 46.516518437720165 ], [ 6.603518265782734, 46.516518522858256 ], [ 6.603526720944557, 46.51651866606916 ], [ 6.60353518788578, 46.516518890331135 ], [ 6.603543654132332, 46.516519159567906 ], [ 6.603552119267384, 46.516519500764801 ], [ 6.603560557509048, 46.516519895739748 ], [ 6.603568356729378, 46.516520321994363 ], [ 6.603577443688017, 46.516520901665807 ], [ 6.603585865982391, 46.516521485439846 ], [ 6.60359428702648, 46.516522150169017 ], [ 6.603602681177319, 46.51652286867634 ], [ 6.603611087107858, 46.516523668234726 ], [ 6.603619466284133, 46.516524512576112 ], [ 6.60362783131928, 46.516525428781705 ], [ 6.603636169322346, 46.516526407760452 ], [ 6.603644519383103, 46.516527449800179 ], [ 6.603652179414473, 46.516528450775688 ], [ 6.603661125517596, 46.516529713108142 ], [ 6.603669420681127, 46.516530934664154 ], [ 6.603684213992432, 46.51653329257865 ], [ 6.603741960571231, 46.516543973172766 ], [ 6.603811199206906, 46.516561512384172 ], [ 6.603866954083491, 46.516580499660357 ], [ 6.603917131241794, 46.516598663204192 ], [ 6.6039772610009, 46.516624645608239 ], [ 6.604029451249994, 46.516656758891052 ], [ 6.604082968049924, 46.516696645553154 ], [ 6.604109795799156, 46.51672138431222 ], [ 6.604114835088657, 46.516725856467595 ], [ 6.604120374355197, 46.516730863071444 ], [ 6.604125436373918, 46.516735551300194 ], [ 6.604130034313426, 46.516739912254728 ], [ 6.604134952032235, 46.516744662394323 ], [ 6.604140176084026, 46.516749828608319 ], [ 6.604144922887682, 46.516754676447363 ], [ 6.604149617294615, 46.516759541892974 ], [ 6.604154232828318, 46.516764451738737 ], [ 6.604158743706535, 46.516769387802704 ], [ 6.604163188741475, 46.516774368362796 ], [ 6.604167568210813, 46.516779375428648 ], [ 6.60417185591576, 46.516784417803741 ], [ 6.60417574524597, 46.516789097403787 ], [ 6.604180195261131, 46.516794599774215 ], [ 6.604184233871556, 46.516799739273772 ], [ 6.604189662621945, 46.516806841155166 ] ], [ [ 6.584546811053388, 46.531396801727652 ], [ 6.584638590655419, 46.531240878881427 ], [ 6.584659275000038, 46.531154392825556 ], [ 6.584667456079227, 46.53109447719774 ], [ 6.584690130393314, 46.531034661645499 ], [ 6.584745333869497, 46.530901790416053 ], [ 6.584825609152272, 46.530710776911285 ], [ 6.584855568813137, 46.53064936085817 ], [ 6.584885265623566, 46.530602930372105 ], [ 6.584907491930883, 46.530571449216481 ], [ 6.585077875969962, 46.530482751740593 ], [ 6.585166023986421, 46.530443525947497 ], [ 6.585328286586636, 46.530371337885676 ], [ 6.585449723558592, 46.530325597119081 ], [ 6.585549447224938, 46.530278028696962 ], [ 6.585586310750307, 46.530236653761385 ], [ 6.58567654989088, 46.53020195974829 ], [ 6.58578601079049, 46.530171837321141 ], [ 6.585895471690104, 46.530096531180241 ], [ 6.586311423108611, 46.529953449224848 ], [ 6.586683590167276, 46.529870612130978 ], [ 6.587756306983445, 46.52941877121345 ], [ 6.588106581862187, 46.529328402578855 ], [ 6.588993215148832, 46.529923326659336 ], [ 6.589266867397806, 46.530051347444875 ] ] ] } },
{ "type": "Feature", "properties": { "CADRE_NO": "10.004", "DDT_URL": null, "ETC_NOM": "Transports publics de la région lausannoise", "ETC_SIGLE": "TL", "ETC_URL": "https://www.t-l.ch", "GO_CENTRE": 0, "HORAIR_URL": "https://www.tableaux-horaires.ch/fileadmin/fap_pdf_fields/2025/10.004.pdf", "LIGNE_NO": "4", "LIGNE_NOM": "Lausanne Faverges - Prilly Coudraie", "LIGNE_SIGL": null, "LIGNE_TYPE": "Trolleybus", "PLAN_URL": "https://prestations.vd.ch/pub/101587/api/download/2_Cartographie_et_geodonnees/2.1_Carte_des_reseaux/Carte_des_lignes_TP/topo/ligne_10.004.pdf", "SHAPE_LEN": 6990.031 }, "geometry": { "type": "MultiLineString", "coordinates": [ [ [ 6.624802269966949, 46.52358343596223 ], [ 6.624809889088676, 46.523597632461751 ], [ 6.624812170862302, 46.523601894981461 ], [ 6.624830194194928, 46.523633150719228 ], [ 6.624887440038942, 46.523732401316629 ] ], [ [ 6.63806010541006, 46.517842989303354 ], [ 6.638028506526367, 46.517857753740842 ], [ 6.637324390154596, 46.518141034123438 ], [ 6.636705445120461, 46.518374921163407 ], [ 6.636173840139818, 46.518579429845168 ], [ 6.635387548723751, 46.518893585270867 ], [ 6.634763186722371, 46.51914092658869 ], [ 6.634306498584052, 46.519335953860946 ] ], [ [ 6.624802269966949, 46.52358343596223 ], [ 6.624913610046487, 46.523568806327468 ], [ 6.625211733935591, 46.523516454973539 ], [ 6.625824337193182, 46.523390897243139 ], [ 6.626107745874473, 46.52332461114279 ], [ 6.626139263263852, 46.523314833225264 ], [ 6.626627005939548, 46.523145051768545 ], [ 6.626906921621583, 46.523310342803818 ], [ 6.627055150694273, 46.523406365926256 ], [ 6.627148352567197, 46.523468682772481 ], [ 6.627256232780437, 46.523517781324436 ], [ 6.627347249283487, 46.523565085907912 ], [ 6.627397342314633, 46.523605431697611 ], [ 6.627420901854329, 46.523643923465571 ], [ 6.627419901919968, 46.523710550284349 ], [ 6.627395091956435, 46.523755371273495 ], [ 6.627326709491538, 46.523808193044687 ], [ 6.627314632089867, 46.523814853735516 ], [ 6.627135075029407, 46.523913812838934 ], [ 6.62697115506772, 46.524017246637015 ], [ 6.626810028305117, 46.524137720775627 ], [ 6.626709901618791, 46.524215324128534 ], [ 6.62647717769287, 46.524441915936862 ], [ 6.626435650590963, 46.524475084072748 ], [ 6.626369666173627, 46.52452778750574 ], [ 6.626298808699662, 46.524585592771658 ], [ 6.626101174291283, 46.524724147526541 ], [ 6.625976873605252, 46.524804887668957 ], [ 6.625726083512513, 46.524948035847075 ], [ 6.625558119235246, 46.5250418128566 ], [ 6.625334149653593, 46.525168509641986 ], [ 6.625044879694574, 46.525301376839565 ], [ 6.624438559605575, 46.525650267400749 ], [ 6.624343700563762, 46.525697904571892 ], [ 6.624068916866313, 46.525830891282048 ], [ 6.623485264524178, 46.526116598149585 ], [ 6.623288321980158, 46.526210163645452 ], [ 6.623045052794478, 46.526333370741888 ], [ 6.62284784517856, 46.526445258603772 ], [ 6.622762388983134, 46.526509613835621 ], [ 6.622647545958917, 46.526600431046987 ], [ 6.622490998384147, 46.526737592853259 ], [ 6.622337287486367, 46.526893999492366 ], [ 6.622017603858621, 46.527234036023351 ], [ 6.6220004741165, 46.527248909204104 ], [ 6.621909777693594, 46.527339890488641 ], [ 6.621861258250335, 46.527385205341545 ], [ 6.621513120488047, 46.527710246080609 ], [ 6.621167758861741, 46.528039327030555 ], [ 6.621153427320953, 46.528052717900991 ], [ 6.62100860292862, 46.52818812697673 ], [ 6.620700991252284, 46.528415849784622 ], [ 6.620654218650125, 46.528445514540074 ], [ 6.620378782800054, 46.528648459335791 ], [ 6.620015230050518, 46.528904078561801 ], [ 6.619890959970515, 46.528979837548384 ], [ 6.619667351920404, 46.529079852560351 ], [ 6.619617045526613, 46.529054489309139 ], [ 6.6195569046845, 46.529040740958862 ], [ 6.619417093716998, 46.529026399375716 ], [ 6.619255532510328, 46.529015229102008 ], [ 6.619170913756652, 46.529022939364879 ], [ 6.619045090059941, 46.529042037847113 ], [ 6.618766490361876, 46.529106668065104 ], [ 6.61848060605131, 46.529174582497234 ], [ 6.618267422857154, 46.529223023584208 ], [ 6.617717427644936, 46.52935567822211 ], [ 6.617172289929656, 46.529485009842311 ], [ 6.617019586968651, 46.529525565076582 ], [ 6.616799370294634, 46.529560629285371 ], [ 6.616897818942949, 46.529436386625477 ], [ 6.617051048277402, 46.529202563355504 ], [ 6.617149660897966, 46.529068309022598 ], [ 6.617208642183533, 46.528973926243928 ], [ 6.617335220029744, 46.528771422957824 ], [ 6.617473345749797, 46.528577468433923 ], [ 6.617542224603024, 46.528493007839195 ], [ 6.617618184911183, 46.528418575110884 ], [ 6.617699056000506, 46.528339185034653 ], [ 6.617789495005135, 46.528264874945577 ], [ 6.617874871974387, 46.528207170934571 ], [ 6.617965007169822, 46.528152838826934 ], [ 6.618094278073388, 46.528067114452533 ], [ 6.618164934140935, 46.528024318238906 ], [ 6.618423245401144, 46.527861080661737 ], [ 6.618727958314603, 46.527668499738347 ], [ 6.618964388370995, 46.527518596959631 ], [ 6.619245733763516, 46.527337639725047 ], [ 6.619417843488046, 46.527226962225818 ], [ 6.619785705309182, 46.527004679571391 ], [ 6.619950652238768, 46.526898636544743 ], [ 6.619985597513232, 46.526876164579384 ], [ 6.62004089819397, 46.526841011048546 ], [ 6.620662792526741, 46.526445881132382 ], [ 6.620880147355076, 46.526307783712383 ], [ 6.621275060342361, 46.526052378778807 ], [ 6.6217064752143, 46.525777237033772 ], [ 6.62187935881448, 46.525678508244447 ], [ 6.622028156299063, 46.525576295274185 ], [ 6.62206377509471, 46.525553125833667 ], [ 6.622199799570422, 46.525464683678358 ], [ 6.622347524858488, 46.525368660884808 ], [ 6.622520882558996, 46.525239230905477 ], [ 6.623393554239836, 46.524674730442435 ], [ 6.62350571690379, 46.524600545002464 ], [ 6.624083148678955, 46.524244803930351 ], [ 6.624887440038942, 46.523732401316629 ] ], [ [ 6.632349754941282, 46.519611979411565 ], [ 6.632524090845434, 46.519574895106466 ], [ 6.632726960410757, 46.519534738679226 ], [ 6.632751637715066, 46.519529858197039 ], [ 6.632838962349156, 46.519514339565596 ], [ 6.633049309132547, 46.51947698847782 ], [ 6.633185800328273, 46.519461683784421 ], [ 6.633498884232848, 46.519426554631657 ], [ 6.634306498584052, 46.519335953860946 ] ], [ [ 6.610287887768838, 46.539601204460034 ], [ 6.609586486490877, 46.540389826104523 ] ], [ [ 6.609996781714637, 46.53994069695208 ], [ 6.610082568190449, 46.539845281001 ], [ 6.610222751577507, 46.539679678725797 ], [ 6.610288483815976, 46.539601442709142 ], [ 6.610328480898568, 46.539553830445165 ], [ 6.610370461168392, 46.539506961325365 ], [ 6.610694525602295, 46.539144957238314 ], [ 6.610869283928504, 46.538927959853666 ], [ 6.611059020560176, 46.538679432176515 ], [ 6.611189805777438, 46.538493770885509 ], [ 6.611253361025805, 46.53839405377397 ], [ 6.611298683034161, 46.538322946220426 ], [ 6.611377918594146, 46.538193575282989 ], [ 6.611415150550974, 46.538127185635467 ], [ 6.611608542780679, 46.53779703517241 ], [ 6.611834658741496, 46.537378817163564 ], [ 6.612010935871528, 46.5370618555595 ], [ 6.612184620458166, 46.536754878466695 ], [ 6.612255665130612, 46.536599061744298 ], [ 6.612259576710556, 46.536590489964148 ], [ 6.612312128466342, 46.536469245464858 ], [ 6.612413992479423, 46.53628170793548 ], [ 6.612594423277258, 46.53600810088669 ], [ 6.612917052771866, 46.53543563461173 ], [ 6.612926978249085, 46.535417381793486 ], [ 6.612979109439864, 46.53532946446196 ], [ 6.613103217170663, 46.535102082556371 ], [ 6.613389156192424, 46.534610528803576 ], [ 6.613408192979185, 46.534577786528715 ], [ 6.613570969698708, 46.534352394597093 ], [ 6.613837744717349, 46.533957786243924 ], [ 6.613943963825657, 46.533800263024666 ], [ 6.61432414618379, 46.533251529033521 ], [ 6.614361180014996, 46.533196813943967 ], [ 6.614535414568515, 46.532894821216743 ], [ 6.61474230597843, 46.532584770958096 ], [ 6.615051058311058, 46.532127168133037 ], [ 6.615547414478288, 46.531397651246458 ], [ 6.616014062290524, 46.530717917157894 ], [ 6.616353983488977, 46.530215016656051 ], [ 6.616414163244344, 46.530125995635416 ], [ 6.616572244199532, 46.529890543870124 ], [ 6.616799370294634, 46.529560629285371 ] ], [ [ 6.632349754941282, 46.519611979411565 ], [ 6.632243070692172, 46.519644542557771 ], [ 6.632165203411478, 46.519685631845704 ], [ 6.63210419984362, 46.519730196515916 ], [ 6.631776185021224, 46.520048637048987 ], [ 6.631751522449192, 46.520072589109297 ], [ 6.631594804767154, 46.520222221558662 ], [ 6.631428198894709, 46.520389901536092 ], [ 6.631410480667445, 46.520407848577371 ], [ 6.631396442243124, 46.520421989472268 ], [ 6.631063406215356, 46.520757565778233 ], [ 6.630719039920195, 46.521104539436202 ], [ 6.630675785298566, 46.521144641759285 ], [ 6.63049202444068, 46.521334886324226 ], [ 6.630362205730933, 46.521462263518714 ], [ 6.630254556975411, 46.521558123358538 ], [ 6.630141936552493, 46.521663960301773 ], [ 6.629953918437393, 46.521809238266009 ], [ 6.629852794642312, 46.521890489634373 ], [ 6.629712285132639, 46.521987464104114 ], [ 6.629651834875246, 46.52202348515636 ], [ 6.629485914228649, 46.522114142814125 ], [ 6.628925388285793, 46.522310081341814 ], [ 6.6287408607252, 46.522382073194777 ], [ 6.627806436321824, 46.522723618755499 ], [ 6.626627005939548, 46.523145051768545 ] ], [ [ 6.63806010541006, 46.517842989303354 ], [ 6.638887790591069, 46.517527245240139 ], [ 6.639635531542249, 46.517232612653366 ], [ 6.639691371653593, 46.517209679158995 ], [ 6.640322467779534, 46.516969195451594 ], [ 6.641366657191223, 46.516536685715565 ], [ 6.64172152363654, 46.516399857301558 ], [ 6.641796209414855, 46.516370452070028 ], [ 6.642485363583041, 46.516099192939322 ], [ 6.643173161243573, 46.515826660710381 ], [ 6.6434913804003, 46.515727551205593 ], [ 6.643762741905224, 46.515662774301326 ], [ 6.643981578643269, 46.515624302121843 ], [ 6.644186654880801, 46.515601746140192 ], [ 6.644383874047349, 46.515587114281594 ], [ 6.644537439165314, 46.515582225078141 ], [ 6.644753537488667, 46.51559706090957 ], [ 6.644977114349685, 46.515630633479169 ], [ 6.645220540745901, 46.515669337266765 ], [ 6.645310493135191, 46.515683640445474 ], [ 6.645466117690103, 46.515720470134291 ], [ 6.645676218801706, 46.515770202973428 ], [ 6.645959082517022, 46.515844184536924 ], [ 6.646116964743117, 46.515877295738925 ], [ 6.646257116118846, 46.5158976613858 ], [ 6.64633862193648, 46.515909502792056 ], [ 6.646474819437474, 46.515921357265803 ], [ 6.646667882763779, 46.515928031070651 ], [ 6.64695645458644, 46.515919376191015 ], [ 6.647421556148943, 46.515887806654128 ], [ 6.648072718403913, 46.515843597252697 ], [ 6.648500915487219, 46.515796796644757 ], [ 6.648731616300124, 46.515760404097101 ], [ 6.648917640677198, 46.515719031089439 ], [ 6.649127020010207, 46.515665819599569 ], [ 6.64935217679421, 46.515591378864251 ], [ 6.649560258749168, 46.515510035877561 ], [ 6.6496334186972, 46.515478545821779 ], [ 6.649746229840265, 46.515425776945541 ], [ 6.649916497196125, 46.515335318187205 ], [ 6.65038915788737, 46.515077988076925 ], [ 6.650435230833061, 46.515052381609173 ], [ 6.650822046815611, 46.5148374363201 ], [ 6.650963514888335, 46.514770048781394 ], [ 6.651037438618783, 46.514738779042219 ] ] ] } },
{ "type": "Feature", "properties": { "CADRE_NO": "10.060", "DDT_URL": null, "ETC_NOM": "Transports publics de la région lausannoise", "ETC_SIGLE": "TL", "ETC_URL": "https://www.t-l.ch", "GO_CENTRE": 0, "HORAIR_URL": "https://www.tableaux-horaires.ch/fileadmin/fap_pdf_fields/2025/10.060.pdf", "LIGNE_NO": "60", "LIGNE_NOM": "Lausanne - Cugy VD - Bottens - Froideville", "LIGNE_SIGL": null, "LIGNE_TYPE": "Bus régional", "PLAN_URL": "https://prestations.vd.ch/pub/101587/api/download/2_Cartographie_et_geodonnees/2.1_Carte_des_reseaux/Carte_des_lignes_TP/topo/ligne_10.060.pdf", "SHAPE_LEN": 19960.168 }, "geometry": { "type": "MultiLineString", "coordinates": [ [ [ 6.628298452368905, 46.517514472054593 ], [ 6.628299053437241, 46.517520449746769 ], [ 6.628298093309167, 46.517526254357087 ], [ 6.628295637674524, 46.517531850370247 ], [ 6.628291754785163, 46.517537031363872 ], [ 6.628286577100203, 46.517541654346829 ], [ 6.628280827752877, 46.517545292672764 ], [ 6.628273678289549, 46.51754844420396 ], [ 6.628265238345496, 46.517550749880101 ], [ 6.628258120703761, 46.517551778562314 ], [ 6.628249008681429, 46.517551974352735 ], [ 6.628240656236485, 46.517551051058668 ], [ 6.628231581567267, 46.517548755199869 ], [ 6.628224277707956, 46.517545689332209 ], [ 6.628218414858035, 46.517542120982355 ], [ 6.628212754794272, 46.517537195672574 ], [ 6.628209099089569, 46.517532437615785 ], [ 6.628206335153234, 46.517526435474593 ], [ 6.628205504068961, 46.517516677783952 ], [ 6.628206887865089, 46.517511299017109 ], [ 6.628209797946463, 46.517505814205506 ], [ 6.628214095515052, 46.517500789110628 ], [ 6.628220108752624, 46.517496064147373 ], [ 6.628226231793936, 46.517492707372789 ], [ 6.628234264203941, 46.517489769062408 ], [ 6.628241703732054, 46.517488130947775 ], [ 6.628250733701832, 46.517487322838207 ], [ 6.628259199143462, 46.517487662193489 ], [ 6.628267414130414, 46.517489061296622 ], [ 6.628275132168302, 46.517491446418148 ], [ 6.628281589869919, 46.51749445226136 ], [ 6.628288091823154, 46.517498852813013 ], [ 6.628292612783855, 46.517503266201118 ], [ 6.628296436758666, 46.517508970045867 ], [ 6.628298452368905, 46.517514472054593 ], [ 6.628454348179831, 46.517487589793618 ], [ 6.628433826134946, 46.517423067257113 ], [ 6.629304533359125, 46.517300998736957 ], [ 6.629471195029324, 46.517292202052772 ], [ 6.630114495694782, 46.517205137007622 ], [ 6.630121155628039, 46.517238191094364 ], [ 6.630264047331266, 46.517222431784504 ], [ 6.630262591693, 46.517216942798584 ], [ 6.630262360097029, 46.517210643892263 ], [ 6.630263352239204, 46.517205298295075 ], [ 6.630265651697655, 46.517199674139668 ], [ 6.630269502816009, 46.517193989073121 ], [ 6.630274227741385, 46.517189128876666 ], [ 6.630279512540366, 46.517185172277713 ], [ 6.630286647480705, 46.517181237858921 ], [ 6.630294001090517, 46.517178366535369 ], [ 6.630301928949442, 46.517176308950631 ], [ 6.630309569321605, 46.517175175912911 ], [ 6.630317993232418, 46.517174804128778 ], [ 6.630326416723275, 46.517175331949012 ], [ 6.630335268039962, 46.517176879374162 ], [ 6.630342442759942, 46.517178999597078 ], [ 6.630349293325539, 46.517181882176466 ], [ 6.630355624285215, 46.517185525719796 ], [ 6.630361626114653, 46.517190264439265 ], [ 6.630365793119005, 46.517194828155127 ], [ 6.630369231632042, 46.517200178335067 ], [ 6.630371525631189, 46.517206249042296 ], [ 6.630372305146364, 46.517214252111479 ], [ 6.630371318109871, 46.517220128514587 ], [ 6.630369057886409, 46.5172257439555 ], [ 6.630365882610266, 46.517230678170364 ], [ 6.630360943020692, 46.517235950660691 ], [ 6.63035527443112, 46.517240300356235 ], [ 6.630348729475335, 46.517243996089121 ], [ 6.630342029114621, 46.517246755122038 ], [ 6.630334190036867, 46.517248975271706 ], [ 6.630325437923938, 46.51725037926758 ], [ 6.630317638775337, 46.517250800484717 ], [ 6.630308576123749, 46.517250313089733 ], [ 6.630300334656511, 46.517248940933889 ], [ 6.630292509901817, 46.517246717119342 ], [ 6.630285800779402, 46.517243961489591 ], [ 6.630278784735442, 46.51723994422111 ], [ 6.63027320779072, 46.517235550376128 ], [ 6.630268988266992, 46.517231013270766 ], [ 6.630264047331266, 46.517222431784504 ] ], [ [ 6.630121155628039, 46.517238191094364 ], [ 6.630134896349064, 46.517293587934738 ], [ 6.629494030422834, 46.517378988202516 ], [ 6.629453414278768, 46.517383997169325 ], [ 6.629225645311998, 46.517412077228961 ], [ 6.629097616555057, 46.517419484992857 ], [ 6.629073654595371, 46.517422759483772 ], [ 6.628459120116391, 46.517506560627979 ], [ 6.628454348179831, 46.517487589793618 ] ], [ [ 6.628231581567267, 46.517548755199869 ], [ 6.628150638725844, 46.517637651936127 ], [ 6.628070185698365, 46.517690387865734 ], [ 6.627975331743571, 46.517739701271267 ], [ 6.627875680410438, 46.517785642764174 ], [ 6.627168887277928, 46.518080491358035 ], [ 6.625988826821352, 46.5185502306025 ], [ 6.62536214487888, 46.51881400272466 ], [ 6.624776691047909, 46.519064717032272 ], [ 6.624611251434557, 46.519134734005107 ], [ 6.624033389832698, 46.519379291708169 ], [ 6.623831802313251, 46.519462811991943 ], [ 6.623401779217552, 46.519648001582219 ], [ 6.623098207511935, 46.519770775241284 ], [ 6.622677974157775, 46.519947693129467 ], [ 6.622617037980674, 46.519987251421824 ], [ 6.62257304013284, 46.520023584987072 ], [ 6.622545917910815, 46.520061713210552 ], [ 6.622528337817558, 46.520106576175699 ], [ 6.622527457678833, 46.520164873489648 ], [ 6.622533785059791, 46.520226578195079 ], [ 6.622554425964054, 46.520298371526621 ], [ 6.622842585752444, 46.520716971959779 ], [ 6.62289610208567, 46.520800381681823 ], [ 6.623132631759653, 46.521168924678484 ], [ 6.623236751456814, 46.521331134864653 ], [ 6.623315020931012, 46.52144976204827 ], [ 6.624459081854036, 46.52307304565425 ], [ 6.624603705754999, 46.523284375938417 ], [ 6.624780148145256, 46.523542201149624 ], [ 6.624802269966949, 46.52358343596223 ], [ 6.624913610046487, 46.523568806327468 ], [ 6.625211733935591, 46.523516454973539 ], [ 6.625824337193182, 46.523390897243139 ], [ 6.626107745874473, 46.52332461114279 ], [ 6.626139263263852, 46.523314833225264 ], [ 6.626627005939548, 46.523145051768545 ] ], [ [ 6.635795458006503, 46.559186621654966 ], [ 6.635837719930872, 46.559251080383241 ], [ 6.635863342220877, 46.559314566804673 ], [ 6.635869069237827, 46.559416244719998 ], [ 6.635852526458969, 46.559554415078637 ], [ 6.635851011093564, 46.559562482819047 ], [ 6.635828944051256, 46.559679221492871 ], [ 6.635805706988342, 46.559779030310892 ], [ 6.635774898903049, 46.559902103352385 ], [ 6.635746752125918, 46.560010198785932 ], [ 6.635688883707723, 46.560164737533718 ], [ 6.635656562499395, 46.560224629552636 ], [ 6.635634232806337, 46.56026599739338 ], [ 6.635584741897018, 46.560345622234799 ], [ 6.635535485621713, 46.560408579027559 ], [ 6.635488778625735, 46.560463223488881 ], [ 6.635444533128525, 46.560514583794799 ], [ 6.635378451517349, 46.560574092941323 ], [ 6.635317243079582, 46.560628634727358 ], [ 6.635253684548116, 46.560679831310431 ], [ 6.635163375440759, 46.560742515415015 ], [ 6.63496547134543, 46.560892734091283 ], [ 6.634784641829261, 46.561033069718547 ], [ 6.634721020923319, 46.561089267374136 ], [ 6.634649999183697, 46.561153742929761 ], [ 6.634568743530687, 46.561256478147982 ], [ 6.634526737079303, 46.561321159127942 ], [ 6.634486956473846, 46.561397514745813 ], [ 6.634456862455464, 46.561470610425708 ], [ 6.634431668956948, 46.561540421267992 ] ], [ [ 6.630489064820258, 46.53315787635507 ], [ 6.630554683071539, 46.533128350776153 ], [ 6.63076130794752, 46.533033195279117 ], [ 6.63105771495024, 46.532908667549286 ], [ 6.631548486129762, 46.5327005628181 ], [ 6.631758513920836, 46.53260949595866 ], [ 6.631854684810489, 46.532567781314178 ], [ 6.632012381742284, 46.532515582756524 ], [ 6.63216744335329, 46.532478361701983 ], [ 6.632312586228502, 46.53245940394546 ], [ 6.632505832155582, 46.532452455668427 ], [ 6.632648065579146, 46.53246512499048 ], [ 6.632790002157275, 46.532499454563265 ], [ 6.632876464470303, 46.532530061487186 ], [ 6.632970048387774, 46.532567376003222 ], [ 6.633049202715947, 46.53260292372282 ], [ 6.633214272322516, 46.532704068878154 ], [ 6.633292731988659, 46.5327862561156 ], [ 6.63336125920686, 46.532885051520061 ], [ 6.633395853962841, 46.532993591716604 ], [ 6.633421101264007, 46.533082094294159 ], [ 6.633441736859076, 46.533155540703802 ], [ 6.633448027345031, 46.533218908674066 ], [ 6.633449128207364, 46.533235136398886 ], [ 6.633451981204711, 46.533277249252215 ], [ 6.633455663350274, 46.53335557716769 ], [ 6.633451468391694, 46.533637133360806 ], [ 6.633421069210732, 46.533893503524531 ], [ 6.633383787865061, 46.534289785679583 ], [ 6.633359282791202, 46.534637831607689 ], [ 6.633351729433866, 46.534821045915436 ], [ 6.633350119043881, 46.535090952530112 ], [ 6.633343437491392, 46.535377492867269 ], [ 6.633341376978768, 46.53551576580805 ], [ 6.633342348339834, 46.535612417464101 ], [ 6.633355407572881, 46.535784065164002 ], [ 6.633366569616764, 46.535930816272355 ], [ 6.633381588958319, 46.536057542515167 ], [ 6.633403544534526, 46.536204325230734 ], [ 6.633439945134944, 46.536354547981297 ], [ 6.633500126197541, 46.536528239264015 ], [ 6.633684687902192, 46.537104379340605 ], [ 6.633757690902756, 46.537391475881755 ], [ 6.633809931754973, 46.537611773255868 ], [ 6.633838777638543, 46.537783586808807 ], [ 6.633858297454456, 46.537930361131302 ], [ 6.633867949735051, 46.538093699197461 ], [ 6.633869973185801, 46.538183674213158 ], [ 6.633872319251664, 46.538287001678952 ], [ 6.633863310055292, 46.538405236062083 ], [ 6.633823265315351, 46.538663202145131 ], [ 6.633815409013222, 46.538703142938218 ], [ 6.633792264767954, 46.538797950265376 ], [ 6.633756478938574, 46.538930991168606 ] ], [ [ 6.633659611836431, 46.526794057995296 ], [ 6.63344547527456, 46.527070795969223 ], [ 6.633216472197983, 46.527372401111833 ], [ 6.633208069751824, 46.52738609645715 ], [ 6.633030930317004, 46.527674323409627 ], [ 6.632991208909188, 46.52774735035127 ], [ 6.632862338301421, 46.527971363977827 ], [ 6.632723946443026, 46.528186988465684 ], [ 6.632582818391961, 46.52842257362844 ], [ 6.632461377688951, 46.52863498069113 ], [ 6.632220293673728, 46.529098130485117 ], [ 6.632123136622551, 46.529300697164423 ], [ 6.632080479494588, 46.529408697653537 ], [ 6.632003032859512, 46.529583093707416 ], [ 6.631927282928747, 46.529776519471653 ], [ 6.631897632753565, 46.529852262496483 ], [ 6.631717915500033, 46.530247531407099 ], [ 6.631645301853308, 46.530421961597895 ], [ 6.631590648704088, 46.530524874773164 ], [ 6.631543515524641, 46.530609516414749 ], [ 6.631491646630352, 46.530687440267045 ], [ 6.63142539771839, 46.530760295961734 ], [ 6.631359184635935, 46.530828123069021 ], [ 6.631261289124823, 46.53091740523594 ], [ 6.631141429592359, 46.531021518467782 ], [ 6.630867241979872, 46.531276161811313 ], [ 6.630595874794732, 46.531504151236327 ], [ 6.630187238869358, 46.531869467701675 ], [ 6.629771485682108, 46.532230935650716 ], [ 6.629638486749553, 46.532344237613486 ], [ 6.629589842371138, 46.53239193881101 ], [ 6.629553597724942, 46.532428096481468 ], [ 6.629514428557586, 46.532474137964165 ], [ 6.629504870036749, 46.532503118127089 ], [ 6.629494028012687, 46.532535984436663 ], [ 6.629483510010844, 46.532594221985413 ], [ 6.629484823916718, 46.532667531368141 ], [ 6.629498119000154, 46.532745945998208 ], [ 6.629525834210937, 46.532831120547897 ], [ 6.629570639867107, 46.532901420496088 ], [ 6.629634825166679, 46.532968503063636 ], [ 6.629715902200047, 46.533035733004596 ], [ 6.629835499276512, 46.533109903552692 ], [ 6.629974874941394, 46.533154213025696 ], [ 6.630080739608116, 46.533178303259625 ], [ 6.630157917258921, 46.533183846006253 ], [ 6.63026409433708, 46.533187931027719 ], [ 6.630326956408546, 46.533186687589371 ], [ 6.630409039235444, 46.533180642181456 ], [ 6.630489064820258, 46.53315787635507 ], [ 6.630223928396451, 46.533289282505208 ], [ 6.630019613024743, 46.533391128582188 ], [ 6.629913097801348, 46.533426164848194 ], [ 6.629905578578309, 46.533428630157211 ], [ 6.629810973074901, 46.533459613018223 ], [ 6.629706708212264, 46.533488853669873 ], [ 6.629602655433403, 46.533504790545692 ], [ 6.629525377723649, 46.53350590380596 ], [ 6.629409704661061, 46.533491746742214 ], [ 6.629308612161912, 46.533471036463077 ], [ 6.629217315881951, 46.533442056612948 ], [ 6.62913348994898, 46.533396478249628 ], [ 6.629054574696025, 46.533345933042767 ], [ 6.628987954990039, 46.533282134335629 ], [ 6.628907052025792, 46.533201581927635 ], [ 6.628840631156916, 46.533122797089455 ], [ 6.62879104041433, 46.533049143145142 ], [ 6.628748696934743, 46.532975522913716 ], [ 6.628711362728463, 46.532888615233936 ], [ 6.628676965321694, 46.5327684070418 ], [ 6.628636356973964, 46.532578174030675 ], [ 6.628593898849496, 46.532349613510377 ], [ 6.628568897309459, 46.532246133086701 ], [ 6.628540538210444, 46.532089245972394 ], [ 6.628495328819448, 46.531839057187248 ], [ 6.628453822516438, 46.531708812511546 ], [ 6.628405142920963, 46.531574504345976 ], [ 6.628386891181139, 46.531503394973143 ], [ 6.628361041206205, 46.531456556726603 ], [ 6.628308766844637, 46.531401199397024 ], [ 6.628180591802782, 46.531255339162882 ], [ 6.627947281471176, 46.53103540062866 ], [ 6.62748562892902, 46.530590564768978 ], [ 6.627002056306573, 46.530157238083824 ], [ 6.627537233767279, 46.52988616296517 ], [ 6.627701554231539, 46.529819696004274 ], [ 6.62799871989934, 46.529699508847536 ], [ 6.628219741099113, 46.5296094536968 ], [ 6.628366633680863, 46.529548141999385 ], [ 6.62837278557851, 46.529545559077718 ], [ 6.628501505515119, 46.529494831757546 ], [ 6.62892208051028, 46.529297896166838 ], [ 6.629267282161722, 46.529138753668612 ], [ 6.629379395041654, 46.529066226354978 ], [ 6.629883990398388, 46.528741602457607 ], [ 6.630288923014902, 46.528461228727721 ], [ 6.630523000064403, 46.528304619248154 ], [ 6.630696224184929, 46.52818256170935 ], [ 6.630793928268525, 46.528104946592251 ], [ 6.630901427901565, 46.528020744035082 ], [ 6.630992260085502, 46.527919735014528 ], [ 6.631080891359733, 46.527803749786138 ], [ 6.63112523830057, 46.52774408859775 ], [ 6.631144974695066, 46.527714236154189 ], [ 6.631192255408648, 46.527619592095043 ], [ 6.631229941275872, 46.527521569180934 ], [ 6.631263240038448, 46.527393513127478 ], [ 6.631274626081365, 46.527276969042802 ], [ 6.631276243854791, 46.527168667818245 ], [ 6.631277911068358, 46.527057056389594 ], [ 6.631267672656719, 46.526935356603502 ], [ 6.631220361265133, 46.526708408795443 ], [ 6.631195855047133, 46.526571611002993 ], [ 6.631190015722606, 46.526478271152655 ], [ 6.631155743355934, 46.526186455446975 ], [ 6.631141006115894, 46.526041378806859 ], [ 6.63112629354793, 46.525894656057119 ], [ 6.631107842338693, 46.525676270945503 ], [ 6.631096188270914, 46.525486235862367 ], [ 6.631087867146221, 46.525236256660122 ], [ 6.631087866517947, 46.525197915381682 ], [ 6.631087749572432, 46.524921357192603 ], [ 6.63108408459542, 46.524843020266175 ], [ 6.631049275646209, 46.524749474186486 ], [ 6.631241900193215, 46.524620878895441 ], [ 6.63141222346283, 46.524495804001916 ], [ 6.631525012219278, 46.524412960954876 ], [ 6.631705678148053, 46.524275958445074 ], [ 6.631798503638814, 46.524203291636141 ], [ 6.631850203679029, 46.524135361105998 ], [ 6.631877918166732, 46.524057247358392 ], [ 6.631878713916739, 46.524003933279928 ], [ 6.631836434666415, 46.52392533077812 ], [ 6.631701284195607, 46.523762746075434 ], [ 6.631528179045709, 46.523553246536821 ], [ 6.631357337902428, 46.523355430743699 ], [ 6.631269513606708, 46.523256496644272 ], [ 6.63112432033083, 46.523280454362137 ], [ 6.63099841474771, 46.523306222476769 ], [ 6.630891959514108, 46.523323789577077 ], [ 6.630790437226994, 46.52333307033409 ], [ 6.630599783749527, 46.523330048283995 ], [ 6.630339125732903, 46.523328191439134 ], [ 6.630049548552154, 46.523322781340944 ], [ 6.629943602155291, 46.523303701160984 ], [ 6.629665178523084, 46.523200078438144 ], [ 6.629607564248208, 46.523178014028652 ], [ 6.629549913368472, 46.523159268881365 ], [ 6.629497570939641, 46.5231089133624 ], [ 6.629223413745811, 46.522718758879115 ], [ 6.629012745674302, 46.52244067117033 ], [ 6.628925388285793, 46.522310081341814 ], [ 6.6287408607252, 46.522382073194777 ], [ 6.627806436321824, 46.522723618755499 ], [ 6.626627005939548, 46.523145051768545 ] ], [ [ 6.635332726376558, 46.556338408708662 ], [ 6.635368972673809, 46.556500279346302 ], [ 6.635379349958575, 46.556551369410442 ], [ 6.635452449694587, 46.556911512970444 ], [ 6.635470238366217, 46.556999179447843 ], [ 6.635476467872166, 46.557029279344412 ], [ 6.635508551094521, 46.557184391421004 ], [ 6.635532606364769, 46.557305819436557 ], [ 6.635587180312371, 46.557581493799546 ], [ 6.635614322248482, 46.557704976736282 ], [ 6.635661692243644, 46.55793192243884 ], [ 6.635715464206213, 46.558158985365019 ], [ 6.635761690142433, 46.558354157853799 ], [ 6.635809407036311, 46.558556087904122 ], [ 6.635824759908183, 46.558661180433248 ], [ 6.635876744520825, 46.558899790553383 ], [ 6.63587324246139, 46.558973092626168 ], [ 6.635848375349281, 46.55902289885482 ], [ 6.635800468386825, 46.559082041975209 ] ], [ [ 6.633659611836431, 46.526794057995296 ], [ 6.633932883499861, 46.526599396418497 ], [ 6.634024560190006, 46.52652691755663 ], [ 6.634206026583811, 46.52638346657217 ], [ 6.634235780563516, 46.526359954895185 ], [ 6.634306475054144, 46.526303924793808 ], [ 6.634565405923637, 46.526098679631936 ], [ 6.63458997729292, 46.526079206353685 ], [ 6.634651978000793, 46.526031912585651 ], [ 6.635027039415824, 46.525745750992471 ], [ 6.635066546324302, 46.525711413942624 ], [ 6.635204029355312, 46.525591822300257 ], [ 6.635158794565561, 46.525590638329362 ], [ 6.635029392552561, 46.52558748179667 ], [ 6.634855843551312, 46.525569591652342 ], [ 6.634796856241079, 46.525559790823721 ], [ 6.634677659339736, 46.525540000491176 ], [ 6.634460922367727, 46.525505142964391 ], [ 6.634223119026328, 46.525426801578512 ] ], [ [ 6.631269513606708, 46.523256496644272 ], [ 6.631485183980393, 46.523199709729383 ], [ 6.631676806889878, 46.523137767533221 ], [ 6.631766360805185, 46.523121743769785 ], [ 6.631853092852066, 46.523132364236162 ], [ 6.631920450691188, 46.523147839690957 ], [ 6.631977978342133, 46.523174895126694 ], [ 6.632027999697023, 46.523220249157099 ], [ 6.632077610668484, 46.523292237625704 ], [ 6.632162541703797, 46.523424462987549 ], [ 6.632172285560358, 46.523439636663852 ], [ 6.632247459988294, 46.523556697187573 ], [ 6.632344321913766, 46.523697337575001 ], [ 6.632462150637079, 46.523889800320568 ], [ 6.632627132450104, 46.524157544243174 ], [ 6.632770663572922, 46.524405155262869 ], [ 6.632971317701075, 46.524709820036193 ], [ 6.633064045092553, 46.524805450046067 ], [ 6.633188016799905, 46.524909623169656 ], [ 6.633304978233986, 46.52499709466079 ], [ 6.633407760501985, 46.525066140391132 ], [ 6.633515388532105, 46.525131882872039 ], [ 6.633630437550099, 46.525187683268946 ], [ 6.633733455778427, 46.52524006065056 ], [ 6.633882234841479, 46.525299428634618 ], [ 6.634033423742128, 46.525357158234733 ], [ 6.634223119026328, 46.525426801578512 ] ] ] } },
{ "type": "Feature", "properties": { "CADRE_NO": "10.009", "DDT_URL": null, "ETC_NOM": "Transports publics de la région lausannoise", "ETC_SIGLE": "TL", "ETC_URL": "https://www.t-l.ch", "GO_CENTRE": 0, "HORAIR_URL": "https://www.tableaux-horaires.ch/fileadmin/fap_pdf_fields/2025/10.009.pdf", "LIGNE_NO": "9", "LIGNE_NOM": "Lutry - Paudex - Pully - Lausanne - Prilly", "LIGNE_SIGL": null, "LIGNE_TYPE": "Trolleybus", "PLAN_URL": "https://prestations.vd.ch/pub/101587/api/download/2_Cartographie_et_geodonnees/2.1_Carte_des_reseaux/Carte_des_lignes_TP/topo/ligne_10.009.pdf", "SHAPE_LEN": 9374.154 }, "geometry": { "type": "MultiLineString", "coordinates": [ [ [ 6.677959837644754, 46.504775324201681 ], [ 6.677949218295473, 46.504763369213201 ], [ 6.678118064839234, 46.504669962431905 ] ], [ [ 6.63806010541006, 46.517842989303354 ], [ 6.638028506526367, 46.517857753740842 ], [ 6.637324390154596, 46.518141034123438 ], [ 6.636705445120461, 46.518374921163407 ], [ 6.636173840139818, 46.518579429845168 ], [ 6.635387548723751, 46.518893585270867 ], [ 6.634763186722371, 46.51914092658869 ], [ 6.634306498584052, 46.519335953860946 ] ], [ [ 6.654108425736372, 46.514243820521109 ], [ 6.654304468582886, 46.513996500943065 ], [ 6.654516514732028, 46.513728949090506 ] ], [ [ 6.654565100770366, 46.513656533886753 ], [ 6.654732287482346, 46.513445985383115 ], [ 6.654927886217465, 46.513245753519669 ], [ 6.655115386854352, 46.513068324355146 ], [ 6.655314482548439, 46.512896345610528 ], [ 6.655573111966488, 46.512681245666684 ], [ 6.655774467586253, 46.512523972287894 ], [ 6.655908661745798, 46.51243884222319 ], [ 6.656043959852499, 46.512372836229105 ], [ 6.656133054442908, 46.512339985628117 ], [ 6.656194266933933, 46.51232224489722 ], [ 6.656292206524917, 46.512303965820877 ], [ 6.656447510909502, 46.512290706254205 ], [ 6.656645579182071, 46.512290155875014 ], [ 6.656965203459487, 46.512311475722562 ], [ 6.657548983309925, 46.512359488204737 ], [ 6.657974319733482, 46.512396385638432 ], [ 6.658159807496983, 46.512405317820615 ], [ 6.658332884061984, 46.512407471253759 ], [ 6.658551803803204, 46.512401321519093 ], [ 6.658773664118866, 46.512383721620225 ], [ 6.659221803969683, 46.512328471715023 ], [ 6.659374456615616, 46.512306580709868 ], [ 6.659528803806809, 46.512275597140579 ], [ 6.659676325309065, 46.5122408331248 ], [ 6.659800595474145, 46.512203714221954 ], [ 6.659938783546206, 46.512155616606499 ], [ 6.660086394283812, 46.512090185150612 ], [ 6.661727286719306, 46.511283507529591 ], [ 6.661951180737494, 46.511171115068215 ] ], [ [ 6.66204331088659, 46.511127017606391 ], [ 6.662374227489721, 46.510968640619339 ], [ 6.66330999910993, 46.510520768286781 ], [ 6.663412258354803, 46.510470720618891 ], [ 6.663700035045693, 46.510329839111236 ], [ 6.664050861732088, 46.510153457316363 ], [ 6.664454907210969, 46.509941048751017 ], [ 6.665016294995, 46.509622146469241 ], [ 6.665567339414102, 46.509277118412008 ] ], [ [ 6.665691540573581, 46.509219454699306 ], [ 6.665882993063361, 46.509154971303573 ], [ 6.666173082977929, 46.509073752123506 ], [ 6.666349151231544, 46.50902444743722 ], [ 6.666458206047099, 46.509000864708753 ], [ 6.666669192548529, 46.508955224761216 ], [ 6.666911616263803, 46.508928015329275 ], [ 6.667147252622046, 46.508914415198966 ], [ 6.667349753846357, 46.508908199889916 ], [ 6.66756970018699, 46.508915776808408 ], [ 6.667818057305767, 46.508935691055548 ], [ 6.668077375456645, 46.508957217554837 ], [ 6.668240115516974, 46.508964386485324 ], [ 6.668440341566227, 46.508964226102002 ], [ 6.668620994033522, 46.508948747157994 ], [ 6.66883498452956, 46.508910689264198 ], [ 6.669020446598893, 46.508864862712592 ], [ 6.669159680478345, 46.50882174488639 ], [ 6.669334509630557, 46.508753049722834 ], [ 6.669529404530759, 46.508663223740456 ], [ 6.669667000718892, 46.508585864269932 ], [ 6.669910544833666, 46.50842923006811 ], [ 6.67036770776327, 46.508112707747458 ], [ 6.670403685978235, 46.508089471813584 ], [ 6.670629100576991, 46.507943949335683 ], [ 6.670815459111868, 46.50782364776984 ], [ 6.671844821012922, 46.507156404435378 ], [ 6.672015278478757, 46.507048066097525 ], [ 6.672081918981915, 46.507011506874683 ], [ 6.672289873408067, 46.506910483467237 ], [ 6.672513658607697, 46.50680844212652 ], [ 6.672725189760755, 46.506720621285261 ], [ 6.672988279266256, 46.506621498293548 ], [ 6.673199981421578, 46.506541738178406 ], [ 6.674012301748154, 46.506239832620594 ], [ 6.674603766987055, 46.506025233401481 ], [ 6.675373301273384, 46.505738817972187 ], [ 6.675768765866083, 46.505591632069944 ], [ 6.676766702493229, 46.505225851223379 ], [ 6.677724799832738, 46.504872865611553 ], [ 6.677959837644754, 46.504775324201681 ] ], [ [ 6.677970425644504, 46.504785803630021 ], [ 6.677959837644754, 46.504775324201681 ] ], [ [ 6.605306053974316, 46.53450009775991 ], [ 6.605311704438047, 46.534504781244102 ], [ 6.60531615949696, 46.534509213054648 ], [ 6.605320383126722, 46.534514281888832 ], [ 6.605324179674987, 46.534519995305899 ], [ 6.605326975360711, 46.534525521451002 ], [ 6.605329038909724, 46.534531186157146 ], [ 6.605330286294323, 46.534536521010075 ], [ 6.605330932435748, 46.53454280503464 ], [ 6.60533073814685, 46.534548642078526 ], [ 6.60532991253027, 46.534553997692782 ], [ 6.605328272686757, 46.534559743156315 ], [ 6.605325715867609, 46.534565778757354 ], [ 6.605322835830095, 46.534570795425161 ], [ 6.605318747069574, 46.534576423947613 ], [ 6.605312411972684, 46.534583169482609 ], [ 6.605307035734268, 46.534587753998046 ], [ 6.605301592108147, 46.534591636322418 ], [ 6.605295223464362, 46.534595484865036 ], [ 6.605287840643426, 46.53459916402953 ], [ 6.6052805080208, 46.534602123873981 ], [ 6.605272856614711, 46.534604622575522 ], [ 6.605264912632558, 46.534606651330577 ], [ 6.6052573822832, 46.534608062391733 ], [ 6.60524839653389, 46.534609174888381 ], [ 6.60524060675149, 46.534609657444555 ], [ 6.605232758872024, 46.534609680772263 ], [ 6.605223693955326, 46.534609164390936 ], [ 6.605215327900734, 46.534608131367698 ], [ 6.60520778883165, 46.534606726581401 ], [ 6.60519982851012, 46.534604742950052 ], [ 6.605191592394213, 46.534602046600426 ], [ 6.6051848427406, 46.53459932518345 ], [ 6.605174276422923, 46.534593885898616 ] ], [ [ 6.632349754941282, 46.519611979411565 ], [ 6.632524090845434, 46.519574895106466 ], [ 6.632726960410757, 46.519534738679226 ], [ 6.632751637715066, 46.519529858197039 ], [ 6.632838962349156, 46.519514339565596 ], [ 6.633049309132547, 46.51947698847782 ], [ 6.633185800328273, 46.519461683784421 ], [ 6.633498884232848, 46.519426554631657 ], [ 6.634306498584052, 46.519335953860946 ] ], [ [ 6.665691540573581, 46.509219454699306 ], [ 6.665567339414102, 46.509277118412008 ] ], [ [ 6.599021216110692, 46.538681284617084 ], [ 6.599108360013834, 46.538764792468939 ], [ 6.599121772342934, 46.538789289134208 ], [ 6.599120560845963, 46.538811887392427 ], [ 6.59910801869008, 46.53884214747999 ], [ 6.599074356010478, 46.538866592767135 ], [ 6.598933006158347, 46.538939908811365 ], [ 6.598824420536633, 46.538996248595112 ], [ 6.59879146480105, 46.539007906564848 ], [ 6.598735379689188, 46.539010469208783 ], [ 6.598688993273423, 46.538998817787935 ], [ 6.598644586487051, 46.538970520207037 ], [ 6.598563203195547, 46.538895528975083 ], [ 6.599021216110692, 46.538681284617084 ], [ 6.599453377791194, 46.538462574127266 ], [ 6.599745322038078, 46.538321442582742 ], [ 6.600076340154809, 46.538150606008912 ], [ 6.600297894801309, 46.538032279823966 ], [ 6.600534007853427, 46.537909067892514 ], [ 6.601259311798104, 46.537536207828779 ], [ 6.601909153264055, 46.537201101237727 ], [ 6.602310077189658, 46.537000411805273 ], [ 6.602310142781488, 46.537000385300388 ], [ 6.602352026784647, 46.536979436170206 ], [ 6.602580806116203, 46.536861149844377 ], [ 6.602812292169143, 46.536724566931206 ], [ 6.602956075522342, 46.536637320093057 ], [ 6.603075666825781, 46.536554896785105 ], [ 6.603390659268288, 46.536327275234221 ], [ 6.60346423848995, 46.536252843244952 ], [ 6.603724059950967, 46.535999832554687 ], [ 6.604047939684374, 46.535663988506585 ], [ 6.604317568647136, 46.535402727227392 ], [ 6.604346298817859, 46.535371551051149 ], [ 6.604609630368052, 46.535094967413819 ], [ 6.604866837209326, 46.534855249191885 ], [ 6.605055301963983, 46.534688361681006 ], [ 6.605174276422923, 46.534593885898616 ], [ 6.605168223419632, 46.534589946127426 ], [ 6.605162182347652, 46.534585232778809 ], [ 6.60515718415655, 46.534580518093662 ], [ 6.605153123045945, 46.53457590025225 ], [ 6.605149116992543, 46.534570248263243 ], [ 6.605146098630425, 46.534564792446901 ], [ 6.605143962714087, 46.534559595003124 ], [ 6.605142246120348, 46.534553411067932 ], [ 6.605141494610535, 46.534548043870679 ], [ 6.605141409241445, 46.534541745971559 ], [ 6.605142013571651, 46.534536370740994 ], [ 6.605143582303898, 46.534530165956447 ], [ 6.605145754905643, 46.534524532361864 ], [ 6.605148681412444, 46.534519039246284 ], [ 6.605151989790071, 46.534514142678276 ], [ 6.605156597158556, 46.534508697892974 ], [ 6.605161110089712, 46.534504304957849 ], [ 6.605167010753927, 46.534499526386846 ], [ 6.605177870544717, 46.534492697143804 ], [ 6.605184490852658, 46.534489435202836 ], [ 6.605191771328301, 46.534486474981641 ], [ 6.605200038105123, 46.534483800883265 ], [ 6.605208007446561, 46.534481817299614 ], [ 6.605216203635591, 46.53448033916326 ], [ 6.605224548466992, 46.534479365899792 ], [ 6.605232989665314, 46.534478906121286 ], [ 6.60524146178218, 46.534478977339347 ], [ 6.605249887028524, 46.534479551994224 ], [ 6.605257562526608, 46.534480561951327 ], [ 6.605265724726178, 46.534482133240623 ], [ 6.605273657576532, 46.534484206626757 ], [ 6.605281283288539, 46.534486754550187 ], [ 6.605288536829845, 46.534489767537202 ], [ 6.60529537979137, 46.534493200325429 ], [ 6.605306053974316, 46.53450009775991 ], [ 6.605460510484755, 46.534401411185002 ], [ 6.605677086834256, 46.534291377523324 ], [ 6.60592533104427, 46.534163241791411 ], [ 6.60605655820128, 46.534107565242614 ], [ 6.606238834239022, 46.534028927139765 ], [ 6.606508072604337, 46.533947588940137 ], [ 6.607024883350236, 46.533781423305392 ], [ 6.607313986441081, 46.533663578679459 ], [ 6.607539650590279, 46.533590267200161 ], [ 6.607731414734046, 46.533523355167311 ], [ 6.607925640637948, 46.533451450008464 ], [ 6.608212431497239, 46.533328593359052 ], [ 6.608343705546316, 46.533269576988694 ], [ 6.608494222699328, 46.533193383758011 ], [ 6.608557834666264, 46.533161184277468 ], [ 6.60877929922948, 46.533046169709721 ], [ 6.608845057217849, 46.533008318222855 ], [ 6.609147334107819, 46.5328189203927 ], [ 6.609242023037801, 46.532754336849365 ], [ 6.609906105076874, 46.532301305489668 ], [ 6.610472176033987, 46.531912218968124 ], [ 6.610652716071471, 46.531788580719535 ], [ 6.610899201733516, 46.531615431960866 ], [ 6.610999352198741, 46.531539515754289 ], [ 6.611119860448453, 46.531459510769551 ], [ 6.61127739888388, 46.531354928454185 ], [ 6.611630813445283, 46.531117399039069 ], [ 6.611726206115486, 46.531053286389707 ], [ 6.6119750965078, 46.530881835135091 ], [ 6.612470409679062, 46.530538886065109 ], [ 6.612897693798811, 46.530223750529039 ], [ 6.613000300733243, 46.530144530910491 ], [ 6.613378667730342, 46.529870707554856 ], [ 6.613611258450853, 46.529705809332711 ], [ 6.613673282293059, 46.529661900564172 ], [ 6.613886285851565, 46.529511163165829 ], [ 6.614131483289806, 46.529263024713693 ], [ 6.614353897900201, 46.529083027577343 ], [ 6.614593215275766, 46.528904826049413 ], [ 6.614703177598584, 46.528817318965267 ], [ 6.614883634588525, 46.52869866634957 ], [ 6.615195383653537, 46.52851765187043 ], [ 6.615547917293788, 46.52835358419172 ], [ 6.615693841210476, 46.528283006799541 ], [ 6.615980726389413, 46.528150118871608 ], [ 6.616184896187679, 46.528058300569114 ], [ 6.616678371024349, 46.527833618770153 ], [ 6.617393189439496, 46.527498895718729 ], [ 6.617624571988487, 46.527362282380956 ], [ 6.617788112004233, 46.527257401768559 ], [ 6.617958561463753, 46.527148090850133 ], [ 6.618219544414242, 46.526970038527651 ], [ 6.618642084157295, 46.526646526090957 ], [ 6.619003570946079, 46.526367569509965 ], [ 6.619420819515147, 46.526021903623445 ], [ 6.619490076574531, 46.525964531838504 ], [ 6.619766082981537, 46.525749916441384 ], [ 6.619905140045146, 46.525654293024807 ], [ 6.620085612451891, 46.525532303845864 ], [ 6.620295192769971, 46.525400520693715 ], [ 6.620402325088659, 46.525341316466395 ], [ 6.62063361627991, 46.525211344558066 ], [ 6.620867077112361, 46.525096402295418 ], [ 6.621653401292855, 46.524657201893106 ], [ 6.622288609245659, 46.524313544821638 ], [ 6.622918545801048, 46.523990474374109 ], [ 6.623027495577539, 46.523948643221154 ], [ 6.623171249600113, 46.523893460056854 ], [ 6.623589359759398, 46.523752959057063 ], [ 6.623925807586398, 46.523676974789552 ], [ 6.62451351139339, 46.52362138775031 ], [ 6.624802269966949, 46.52358343596223 ], [ 6.624913610046487, 46.523568806327468 ], [ 6.625211733935591, 46.523516454973539 ], [ 6.625824337193182, 46.523390897243139 ], [ 6.626107745874473, 46.52332461114279 ], [ 6.626139263263852, 46.523314833225264 ], [ 6.626627005939548, 46.523145051768545 ] ], [ [ 6.632349754941282, 46.519611979411565 ], [ 6.632243070692172, 46.519644542557771 ], [ 6.632165203411478, 46.519685631845704 ], [ 6.63210419984362, 46.519730196515916 ], [ 6.631776185021224, 46.520048637048987 ], [ 6.631751522449192, 46.520072589109297 ], [ 6.631594804767154, 46.520222221558662 ], [ 6.631428198894709, 46.520389901536092 ], [ 6.631410480667445, 46.520407848577371 ], [ 6.631396442243124, 46.520421989472268 ], [ 6.631063406215356, 46.520757565778233 ], [ 6.630719039920195, 46.521104539436202 ], [ 6.630675785298566, 46.521144641759285 ], [ 6.63049202444068, 46.521334886324226 ], [ 6.630362205730933, 46.521462263518714 ], [ 6.630254556975411, 46.521558123358538 ], [ 6.630141936552493, 46.521663960301773 ], [ 6.629953918437393, 46.521809238266009 ], [ 6.629852794642312, 46.521890489634373 ], [ 6.629712285132639, 46.521987464104114 ], [ 6.629651834875246, 46.52202348515636 ], [ 6.629485914228649, 46.522114142814125 ], [ 6.628925388285793, 46.522310081341814 ], [ 6.6287408607252, 46.522382073194777 ], [ 6.627806436321824, 46.522723618755499 ], [ 6.626627005939548, 46.523145051768545 ] ], [ [ 6.63806010541006, 46.517842989303354 ], [ 6.638887790591069, 46.517527245240139 ], [ 6.639635531542249, 46.517232612653366 ], [ 6.639691371653593, 46.517209679158995 ], [ 6.640322467779534, 46.516969195451594 ], [ 6.641366657191223, 46.516536685715565 ], [ 6.64172152363654, 46.516399857301558 ], [ 6.641796209414855, 46.516370452070028 ], [ 6.642485363583041, 46.516099192939322 ], [ 6.643173161243573, 46.515826660710381 ], [ 6.6434913804003, 46.515727551205593 ], [ 6.643762741905224, 46.515662774301326 ], [ 6.643981578643269, 46.515624302121843 ], [ 6.644186654880801, 46.515601746140192 ], [ 6.644383874047349, 46.515587114281594 ], [ 6.644537439165314, 46.515582225078141 ], [ 6.644753537488667, 46.51559706090957 ], [ 6.644977114349685, 46.515630633479169 ], [ 6.645220540745901, 46.515669337266765 ], [ 6.645310493135191, 46.515683640445474 ], [ 6.645466117690103, 46.515720470134291 ], [ 6.645676218801706, 46.515770202973428 ], [ 6.645959082517022, 46.515844184536924 ], [ 6.646116964743117, 46.515877295738925 ], [ 6.646257116118846, 46.5158976613858 ], [ 6.64633862193648, 46.515909502792056 ], [ 6.646474819437474, 46.515921357265803 ], [ 6.646667882763779, 46.515928031070651 ], [ 6.64695645458644, 46.515919376191015 ], [ 6.647421556148943, 46.515887806654128 ], [ 6.648072718403913, 46.515843597252697 ], [ 6.648500915487219, 46.515796796644757 ], [ 6.648731616300124, 46.515760404097101 ], [ 6.648917640677198, 46.515719031089439 ], [ 6.649127020010207, 46.515665819599569 ], [ 6.64935217679421, 46.515591378864251 ], [ 6.649560258749168, 46.515510035877561 ], [ 6.6496334186972, 46.515478545821779 ], [ 6.649746229840265, 46.515425776945541 ], [ 6.649916497196125, 46.515335318187205 ], [ 6.65038915788737, 46.515077988076925 ], [ 6.650435230833061, 46.515052381609173 ], [ 6.650822046815611, 46.5148374363201 ], [ 6.650963514888335, 46.514770048781394 ], [ 6.651037438618783, 46.514738779042219 ], [ 6.651112948406023, 46.514706863555368 ], [ 6.651161060215787, 46.514684374592683 ], [ 6.651244385877211, 46.51465263023055 ], [ 6.651389739211002, 46.514612770081612 ], [ 6.651564567933411, 46.514572025761183 ], [ 6.651732525202621, 46.514539608829956 ], [ 6.651936856118952, 46.514514919660179 ], [ 6.652155850150866, 46.514504311667032 ], [ 6.6526757082398, 46.514504766491442 ], [ 6.653218663975126, 46.514509220193673 ], [ 6.653323044820313, 46.514507154156277 ], [ 6.65340722294541, 46.514500045314946 ], [ 6.653481522041981, 46.514490358128143 ], [ 6.653792186304431, 46.51439455915763 ], [ 6.653997607143471, 46.514323400221876 ], [ 6.65403663543441, 46.514302673412836 ], [ 6.654108654297731, 46.514243563722182 ] ] ] } },
{ "type": "Feature", "properties": { "CADRE_NO": "10.906", "DDT_URL": null, "ETC_NOM": "Transports publics de la région lausannoise", "ETC_SIGLE": "TL", "ETC_URL": "https://www.t-l.ch", "GO_CENTRE": 0, "HORAIR_URL": "https://www.tableaux-horaires.ch/fileadmin/fap_pdf_fields/2025/10.906.pdf", "LIGNE_NO": "N6", "LIGNE_NOM": "Lausanne St-François - Grandvaux Pra Grana (N6)", "LIGNE_SIGL": null, "LIGNE_TYPE": "Bus nocturne", "PLAN_URL": "https://prestations.vd.ch/pub/101587/api/download/2_Cartographie_et_geodonnees/2.1_Carte_des_reseaux/Carte_des_lignes_TP/topo/ligne_10.906.pdf", "SHAPE_LEN": 20792.375 }, "geometry": { "type": "MultiLineString", "coordinates": [ [ [ 6.651469718304063, 46.526652248742366 ], [ 6.651547225972417, 46.526622991570733 ], [ 6.651688300622299, 46.526550661395206 ], [ 6.651756442620598, 46.526511155588302 ], [ 6.651795507254143, 46.526481433694897 ], [ 6.651833648316305, 46.526452479043492 ], [ 6.65185932738422, 46.526410213762503 ], [ 6.651882893482457, 46.526282093507731 ], [ 6.651918119894243, 46.526019086357962 ], [ 6.65196282012732, 46.525767803771309 ], [ 6.652011479955524, 46.525574879015402 ], [ 6.652046813004819, 46.525470149082658 ], [ 6.652099119254122, 46.525358888733855 ], [ 6.652153679753916, 46.525259293875351 ], [ 6.652249335808919, 46.525153326782693 ], [ 6.652356869077654, 46.525064093619868 ], [ 6.65242035855653, 46.525014542578589 ], [ 6.652500578779055, 46.5249751200435 ], [ 6.652660741384821, 46.524916253108529 ], [ 6.652825787034252, 46.524854082238591 ], [ 6.652995861074613, 46.524778604811686 ], [ 6.65302713398136, 46.524761153134982 ], [ 6.653149177284106, 46.524693025490826 ], [ 6.653326942489882, 46.52458597971161 ], [ 6.653534559839462, 46.524417454341233 ], [ 6.654105963983795, 46.523966549055501 ], [ 6.654427960464457, 46.523733843548818 ], [ 6.654730557457681, 46.523507678164407 ], [ 6.654915827184987, 46.523382338855392 ], [ 6.655081458225787, 46.523280181363937 ], [ 6.655156693824571, 46.523234569255415 ], [ 6.655198348005202, 46.52320932614078 ], [ 6.6553442545516, 46.523135369605171 ], [ 6.655436537235245, 46.523096019318338 ], [ 6.655499659528912, 46.523071455072923 ], [ 6.655792793899186, 46.522996849965764 ], [ 6.656289264361561, 46.522883632159257 ], [ 6.656409559691335, 46.522854657797467 ], [ 6.656702071158086, 46.522784202238199 ], [ 6.657069220280501, 46.522695746312678 ], [ 6.657398639471261, 46.522618031545093 ], [ 6.657548277452613, 46.52258495794478 ], [ 6.657815249168398, 46.52251759824545 ], [ 6.658120459644829, 46.522444725564064 ], [ 6.658306742801829, 46.522412685751981 ], [ 6.658446979849549, 46.522396989639255 ], [ 6.658505572637063, 46.522392633686536 ], [ 6.658570219003364, 46.522387833544137 ], [ 6.658618511391127, 46.522386501342652 ], [ 6.658992785505718, 46.522377415346149 ], [ 6.659386287046059, 46.522373453000206 ], [ 6.659606014604548, 46.522368296072088 ], [ 6.65976059586929, 46.522361036177635 ], [ 6.659876482145456, 46.522360167514876 ], [ 6.659912802682584, 46.522357565099767 ], [ 6.660026263867617, 46.522349527782886 ], [ 6.660181063078499, 46.522328936677489 ], [ 6.660292341747587, 46.522311357309476 ], [ 6.660401246268018, 46.522292115269835 ], [ 6.660493334025881, 46.522267755973978 ], [ 6.660626695346599, 46.522225345743664 ], [ 6.660813457842996, 46.522161648051018 ], [ 6.661078140827812, 46.522051830701365 ], [ 6.661515201471126, 46.521871549274017 ], [ 6.661856691108285, 46.521726667930423 ], [ 6.662163321778583, 46.52161773804476 ], [ 6.662588249767883, 46.521442362289228 ], [ 6.663149120613991, 46.521211275310321 ], [ 6.663404092485832, 46.521106388010601 ], [ 6.663576670056525, 46.521022590684211 ], [ 6.66369343485731, 46.520958419021333 ], [ 6.663781149057439, 46.520900696881107 ], [ 6.663908071018834, 46.520801590792644 ], [ 6.664071672223597, 46.520671086957648 ], [ 6.664174043187169, 46.520601796734738 ], [ 6.664295558539179, 46.520544313964685 ], [ 6.664368292663823, 46.520521492707374 ], [ 6.664494247366245, 46.520490695290512 ], [ 6.664629749521866, 46.520466619948643 ], [ 6.66476255441328, 46.520462533234074 ], [ 6.664818127129654, 46.520459574813245 ], [ 6.664880762776514, 46.520466668136635 ], [ 6.665017986071685, 46.520492595056204 ], [ 6.665087771486702, 46.520506412085233 ], [ 6.665162298557205, 46.520528573741458 ], [ 6.665277463390183, 46.520576021390724 ], [ 6.665423805871491, 46.520638659843428 ], [ 6.665670908418734, 46.520743636388573 ], [ 6.666105163266326, 46.520926533325913 ], [ 6.666448220664906, 46.521073831232108 ], [ 6.66670018537632, 46.521177183335602 ], [ 6.666832066547409, 46.52123972154034 ], [ 6.666903801607188, 46.521286863027754 ], [ 6.666958767174838, 46.521325569060224 ], [ 6.667003672722585, 46.521392508162293 ], [ 6.667036521950013, 46.521457718965266 ], [ 6.667106521395348, 46.521592703794703 ], [ 6.667221192602649, 46.521813814541069 ], [ 6.667238621724903, 46.521858238534541 ], [ 6.667247688656924, 46.521881330039704 ], [ 6.667310098862167, 46.52207605077313 ], [ 6.667330978906653, 46.52214898865698 ] ], [ [ 6.651254367414912, 46.526653642090494 ], [ 6.651201856743238, 46.526635591404471 ], [ 6.651089391646538, 46.526566503742309 ], [ 6.650743850721089, 46.526259192387258 ], [ 6.650596108058003, 46.526128209278944 ], [ 6.650372131313317, 46.525926716023434 ], [ 6.65022919934866, 46.525795765848457 ], [ 6.650172134854116, 46.525737047860289 ], [ 6.650112779261033, 46.525668319303485 ], [ 6.650079583163297, 46.525628101115906 ], [ 6.650015708917024, 46.525537678602412 ], [ 6.649966217851616, 46.525455704377585 ], [ 6.649923924229372, 46.525377108707275 ], [ 6.649884271878169, 46.525281861696598 ], [ 6.649847346710103, 46.525164971135524 ], [ 6.649808023805446, 46.525048063888811 ], [ 6.649720827270664, 46.524737552505293 ], [ 6.649655610465429, 46.524469574316441 ], [ 6.649604682853556, 46.524260232790347 ], [ 6.649556580192089, 46.524083278689041 ], [ 6.649510037194552, 46.523964665829467 ], [ 6.649475026753829, 46.523882783098934 ], [ 6.649428070646534, 46.523792486908256 ], [ 6.649364285718624, 46.523697062812865 ], [ 6.649274162906408, 46.523588141260561 ], [ 6.64920303540081, 46.523499341052322 ], [ 6.6491172353759, 46.523423761842977 ], [ 6.648952759666551, 46.523281001155645 ], [ 6.648642322067269, 46.523052238143279 ], [ 6.648302977888304, 46.522818289065874 ], [ 6.647975936401293, 46.522569410278841 ], [ 6.647667794219153, 46.522347326614643 ], [ 6.647359802433246, 46.522116921790229 ], [ 6.647056195653136, 46.521916539565495 ], [ 6.646963131246395, 46.521842581261801 ], [ 6.646725971669115, 46.521719299248119 ], [ 6.646558714156611, 46.521660430819793 ] ], [ [ 6.62257304013284, 46.520023584987072 ], [ 6.622545917910815, 46.520061713210552 ], [ 6.622528337817558, 46.520106576175699 ], [ 6.622527457678833, 46.520164873489648 ], [ 6.622533785059791, 46.520226578195079 ], [ 6.622554425964054, 46.520298371526621 ], [ 6.622842585752444, 46.520716971959779 ], [ 6.62289610208567, 46.520800381681823 ] ], [ [ 6.62289610208567, 46.520800381681823 ], [ 6.623132631759653, 46.521168924678484 ], [ 6.623236751456814, 46.521331134864653 ], [ 6.623315020931012, 46.52144976204827 ], [ 6.624459081854036, 46.52307304565425 ], [ 6.624603705754999, 46.523284375938417 ], [ 6.624780148145256, 46.523542201149624 ], [ 6.624802269966949, 46.52358343596223 ], [ 6.624913610046487, 46.523568806327468 ], [ 6.625211733935591, 46.523516454973539 ], [ 6.625824337193182, 46.523390897243139 ], [ 6.626107745874473, 46.52332461114279 ], [ 6.626139263263852, 46.523314833225264 ], [ 6.626627005939548, 46.523145051768545 ] ], [ [ 6.676938159317316, 46.524232989637767 ], [ 6.677027051510951, 46.524346306628821 ], [ 6.677140145053705, 46.524464364979828 ], [ 6.677229531504938, 46.524542654612056 ], [ 6.677371438048441, 46.524651766150953 ], [ 6.677555209610194, 46.524767239696146 ], [ 6.677818318082868, 46.524890864676713 ], [ 6.67809250514498, 46.524995104918204 ], [ 6.678560993995819, 46.525212422041747 ], [ 6.679175427969845, 46.525539665137387 ], [ 6.679297596688458, 46.525631981454715 ], [ 6.679358496665303, 46.525696377758614 ], [ 6.679399159161732, 46.525786511141952 ], [ 6.679407104420293, 46.525849041671215 ], [ 6.679383851002716, 46.525932656979158 ], [ 6.679334441275352, 46.525994785648386 ], [ 6.679272021459407, 46.526038538304718 ], [ 6.679200984056958, 46.526068541297278 ], [ 6.679066004630661, 46.526091998849303 ], [ 6.678851905401548, 46.526093623801486 ], [ 6.678715027738122, 46.526097267984326 ], [ 6.678620169402753, 46.526109316920049 ], [ 6.678566897364147, 46.52611607586983 ], [ 6.678418603919463, 46.526145542754328 ], [ 6.678308173170988, 46.526150901989261 ], [ 6.678204979847355, 46.526141169327069 ], [ 6.678195009341128, 46.526140229879964 ], [ 6.67815169108206, 46.526136143183358 ], [ 6.678083821887179, 46.526114151727711 ], [ 6.677969335931343, 46.526077040219384 ], [ 6.677835496690844, 46.526021311983769 ], [ 6.677721291908182, 46.525980918560656 ], [ 6.677597834909135, 46.525970968463106 ], [ 6.677290814623722, 46.525988699680831 ], [ 6.677115983028594, 46.526021045411554 ], [ 6.676970059411524, 46.526041386357939 ], [ 6.676802247388179, 46.526046358860711 ], [ 6.676584044317759, 46.526026604417119 ], [ 6.676370276052452, 46.526003847692088 ], [ 6.676216859517256, 46.5259926602414 ], [ 6.676209333945363, 46.525992105887788 ], [ 6.676045832583982, 46.526004716878454 ], [ 6.675921787417598, 46.526037384162365 ], [ 6.675846230289948, 46.52607166377787 ], [ 6.675833807925525, 46.526077301722488 ], [ 6.675766278664279, 46.52610793789821 ], [ 6.67563023979751, 46.526209091905791 ], [ 6.675551736494576, 46.526296922833623 ], [ 6.675501676935369, 46.526404736299646 ], [ 6.675468798260099, 46.526544664178836 ], [ 6.675425302581067, 46.526655580416104 ], [ 6.675375603448964, 46.526735985369434 ], [ 6.675317361038458, 46.526796514579544 ], [ 6.675243653232944, 46.526858478014674 ], [ 6.675154768482999, 46.526900530021898 ], [ 6.675032742313939, 46.526946937871081 ], [ 6.67450192590177, 46.527101990678354 ], [ 6.674421068856294, 46.527125618353622 ], [ 6.674301541246009, 46.527149183356634 ], [ 6.674217560423986, 46.527157748488889 ], [ 6.674080851927506, 46.527149216625943 ], [ 6.673917893820169, 46.527122227738651 ], [ 6.673898898732987, 46.527117961526166 ], [ 6.67368028704079, 46.527068826750458 ], [ 6.673539441090552, 46.527040466083569 ], [ 6.673446883025623, 46.52703069287638 ], [ 6.673352014480389, 46.527028532637722 ], [ 6.673168656322175, 46.527039476239054 ], [ 6.672921385718134, 46.527045436200574 ], [ 6.67285827421045, 46.527047403158811 ], [ 6.67273572776664, 46.527051262834718 ], [ 6.672544964525869, 46.527054967612905 ], [ 6.672297215295165, 46.527045953595724 ], [ 6.672195598051248, 46.527037161712116 ], [ 6.671985956875643, 46.526998951466815 ], [ 6.671807152358619, 46.526942480425092 ], [ 6.671648197627284, 46.526875060192509 ], [ 6.671514403372401, 46.526801782530157 ], [ 6.67137924454307, 46.526698871558132 ], [ 6.671281458557618, 46.526614906961676 ], [ 6.671195883074368, 46.526521012300002 ], [ 6.671106042862004, 46.526388783628725 ], [ 6.671049570223839, 46.526286764416767 ], [ 6.671016971043051, 46.526201567357901 ], [ 6.670980461980908, 46.526053047772791 ], [ 6.670967213715728, 46.525966308375082 ], [ 6.670953092593439, 46.52577126887148 ], [ 6.670921229959029, 46.525464504566095 ], [ 6.67085180840708, 46.525084141428316 ], [ 6.670817214640406, 46.524970611300155 ], [ 6.67078667253565, 46.524910419055026 ], [ 6.670736795550898, 46.524853442448908 ], [ 6.670677167621128, 46.524803038881629 ], [ 6.670308523513733, 46.524585609600592 ], [ 6.670198238412104, 46.52453321640283 ], [ 6.67011689733696, 46.524481028176055 ], [ 6.670069314169385, 46.524432379139853 ], [ 6.670053159144926, 46.524380623478557 ], [ 6.670035125143666, 46.524290531993522 ], [ 6.670040871137682, 46.524225574601793 ], [ 6.670056239049214, 46.524164037918311 ], [ 6.670103245889644, 46.524082717402706 ], [ 6.670171968289056, 46.5240048814996 ], [ 6.670218914595798, 46.523926880062909 ], [ 6.670275614101842, 46.523843969862732 ], [ 6.670298309281066, 46.523775798725616 ], [ 6.670311405680624, 46.523702578772614 ], [ 6.670312424032931, 46.523630941281723 ], [ 6.670289378735725, 46.523554139015765 ], [ 6.670251725988126, 46.523487250385628 ], [ 6.670199616641575, 46.52341691729265 ], [ 6.670140048746298, 46.523361521035291 ], [ 6.670056264336114, 46.523312644729209 ], [ 6.669969903431192, 46.523275409758639 ], [ 6.669857102892231, 46.523229647228781 ], [ 6.669645698018907, 46.523159907494758 ], [ 6.669436607554593, 46.523095166858148 ], [ 6.669112188373278, 46.522993002721805 ], [ 6.669077635822633, 46.522980362801221 ], [ 6.668187795192995, 46.522654702749641 ], [ 6.667957172043874, 46.522570291724563 ], [ 6.667719583520544, 46.522475379499262 ], [ 6.667566452425246, 46.522401147010761 ], [ 6.667465587915144, 46.522345738495289 ], [ 6.667413313369365, 46.522304667065292 ], [ 6.667369707508414, 46.522253417061357 ], [ 6.667361274334578, 46.522254403264562 ], [ 6.667352824211048, 46.522254750633415 ], [ 6.66734489091211, 46.522254498781322 ], [ 6.66732960764141, 46.522252388751468 ], [ 6.667321634473457, 46.522250364407839 ], [ 6.667314617732792, 46.522247986725375 ], [ 6.667307441853803, 46.522244888277704 ], [ 6.667300303719792, 46.522240971447026 ], [ 6.667294328718626, 46.522236828627811 ], [ 6.667289011064705, 46.522232285456461 ], [ 6.667284775145738, 46.52222774064429 ], [ 6.667280952828391, 46.522222523941721 ], [ 6.667277968243565, 46.522217052050344 ], [ 6.667275872618, 46.522211388290806 ], [ 6.667274606186093, 46.522205154423403 ], [ 6.667274383358318, 46.522199764283428 ], [ 6.667275085436297, 46.522193489825199 ], [ 6.667276705168519, 46.522187752372787 ], [ 6.667278981156871, 46.522182604125007 ], [ 6.667282530559779, 46.522176807825495 ], [ 6.667286708486794, 46.522171717490309 ], [ 6.667291254438684, 46.522167322352139 ], [ 6.667297342456938, 46.522162631833915 ], [ 6.667303640582987, 46.522158743391181 ], [ 6.667309993467452, 46.522155583999208 ], [ 6.667317922634189, 46.522152471308779 ], [ 6.667330978906653, 46.52214898865698 ] ], [ [ 6.64070335823281, 46.518961265719312 ], [ 6.640399165221157, 46.519129079272332 ], [ 6.640238774404269, 46.519200989589969 ], [ 6.640095464125989, 46.519265229328617 ], [ 6.639502940050365, 46.519509312224969 ], [ 6.639033688996093, 46.519700896374722 ], [ 6.638776864449125, 46.519805770170208 ], [ 6.63872880251836, 46.519827750521884 ], [ 6.638701537289724, 46.519840215728678 ], [ 6.638067928741371, 46.520085674770833 ], [ 6.637959741288862, 46.520139832222526 ], [ 6.63791230138482, 46.520162887155422 ], [ 6.637747243632011, 46.52024765242242 ], [ 6.63769466321695, 46.52027196640752 ], [ 6.637582931629557, 46.520341859596272 ], [ 6.637434589347722, 46.520440074625434 ], [ 6.637325759718854, 46.520524273820563 ], [ 6.637220638638875, 46.52060883196755 ], [ 6.637222559597808, 46.520612875777772 ] ], [ [ 6.628298452368905, 46.517514472054593 ], [ 6.628454348179831, 46.517487589793618 ] ], [ [ 6.630121155628039, 46.517238191094364 ], [ 6.630264047331266, 46.517222431784504 ] ], [ [ 6.628298452368905, 46.517514472054593 ], [ 6.628299053437241, 46.517520449746769 ], [ 6.628298093309167, 46.517526254357087 ], [ 6.628295637674524, 46.517531850370247 ], [ 6.628291754785163, 46.517537031363872 ], [ 6.628286577100203, 46.517541654346829 ], [ 6.628280827752877, 46.517545292672764 ], [ 6.628273678289549, 46.51754844420396 ], [ 6.628265238345496, 46.517550749880101 ], [ 6.628258120703761, 46.517551778562314 ], [ 6.628249008681429, 46.517551974352735 ], [ 6.628240656236485, 46.517551051058668 ], [ 6.628231581567267, 46.517548755199869 ], [ 6.628150638725844, 46.517637651936127 ], [ 6.628070185698365, 46.517690387865734 ], [ 6.627975331743571, 46.517739701271267 ], [ 6.627875680410438, 46.517785642764174 ], [ 6.627168887277928, 46.518080491358035 ], [ 6.625988826821352, 46.5185502306025 ], [ 6.62536214487888, 46.51881400272466 ], [ 6.624776691047909, 46.519064717032272 ], [ 6.624611251434557, 46.519134734005107 ], [ 6.624033389832698, 46.519379291708169 ], [ 6.623831802313251, 46.519462811991943 ], [ 6.623401779217552, 46.519648001582219 ], [ 6.623098207511935, 46.519770775241284 ], [ 6.622677974157775, 46.519947693129467 ], [ 6.622617037980674, 46.519987251421824 ], [ 6.62257304013284, 46.520023584987072 ] ], [ [ 6.630121155628039, 46.517238191094364 ], [ 6.630134896349064, 46.517293587934738 ], [ 6.629494030422834, 46.517378988202516 ], [ 6.629453414278768, 46.517383997169325 ], [ 6.629225645311998, 46.517412077228961 ], [ 6.629097616555057, 46.517419484992857 ], [ 6.629073654595371, 46.517422759483772 ], [ 6.628459120116391, 46.517506560627979 ], [ 6.628454348179831, 46.517487589793618 ] ], [ [ 6.63756803600501, 46.516765339551689 ], [ 6.637625381948877, 46.516883539073575 ], [ 6.637856935028121, 46.517383367362171 ], [ 6.63806010541006, 46.517842989303354 ], [ 6.638028506526367, 46.517857753740842 ], [ 6.637324390154596, 46.518141034123438 ], [ 6.636705445120461, 46.518374921163407 ], [ 6.636173840139818, 46.518579429845168 ], [ 6.635387548723751, 46.518893585270867 ], [ 6.634763186722371, 46.51914092658869 ], [ 6.634306498584052, 46.519335953860946 ] ], [ [ 6.699535084698151, 46.518765931895516 ], [ 6.699463395668339, 46.518766976065471 ] ], [ [ 6.63756803600501, 46.516765339551689 ], [ 6.637428952630446, 46.516785516013599 ], [ 6.636960152883513, 46.516823855601544 ], [ 6.636750002070564, 46.516835702368446 ], [ 6.635868353359339, 46.516882786086619 ], [ 6.634885170097965, 46.516942475761191 ], [ 6.634876222243427, 46.516943033088694 ], [ 6.633776317383479, 46.517011241982104 ], [ 6.632971872466865, 46.517068944617257 ], [ 6.632846114599517, 46.517077965031817 ], [ 6.632184205524335, 46.517118232567817 ], [ 6.631527103719317, 46.517161139320692 ], [ 6.631217838214322, 46.517181338653373 ], [ 6.630722800145906, 46.517199467501591 ], [ 6.630372305146364, 46.517214252111479 ], [ 6.630371318109871, 46.517220128514587 ], [ 6.630369057886409, 46.5172257439555 ], [ 6.630365882610266, 46.517230678170364 ], [ 6.630360943020692, 46.517235950660691 ], [ 6.63035527443112, 46.517240300356235 ], [ 6.630348729475335, 46.517243996089121 ], [ 6.630342029114621, 46.517246755122038 ], [ 6.630334190036867, 46.517248975271706 ], [ 6.630325437923938, 46.51725037926758 ], [ 6.630317638775337, 46.517250800484717 ], [ 6.630308576123749, 46.517250313089733 ], [ 6.630300334656511, 46.517248940933889 ], [ 6.630292509901817, 46.517246717119342 ], [ 6.630285800779402, 46.517243961489591 ], [ 6.630278784735442, 46.51723994422111 ], [ 6.63027320779072, 46.517235550376128 ], [ 6.630268988266992, 46.517231013270766 ], [ 6.630264047331266, 46.517222431784504 ] ], [ [ 6.665691540573581, 46.509219454699306 ], [ 6.665882993063361, 46.509154971303573 ], [ 6.666173082977929, 46.509073752123506 ], [ 6.666349151231544, 46.50902444743722 ], [ 6.666458206047099, 46.509000864708753 ], [ 6.666669192548529, 46.508955224761216 ], [ 6.666911616263803, 46.508928015329275 ], [ 6.667147252622046, 46.508914415198966 ], [ 6.667349753846357, 46.508908199889916 ], [ 6.66756970018699, 46.508915776808408 ], [ 6.667818057305767, 46.508935691055548 ], [ 6.668077375456645, 46.508957217554837 ], [ 6.668240115516974, 46.508964386485324 ], [ 6.668440341566227, 46.508964226102002 ], [ 6.668620994033522, 46.508948747157994 ], [ 6.66883498452956, 46.508910689264198 ], [ 6.669020446598893, 46.508864862712592 ], [ 6.669159680478345, 46.50882174488639 ], [ 6.669334509630557, 46.508753049722834 ], [ 6.669529404530759, 46.508663223740456 ], [ 6.669667000718892, 46.508585864269932 ], [ 6.669910544833666, 46.50842923006811 ], [ 6.67036770776327, 46.508112707747458 ], [ 6.670403685978235, 46.508089471813584 ], [ 6.670629100576991, 46.507943949335683 ], [ 6.670815459111868, 46.50782364776984 ], [ 6.671844821012922, 46.507156404435378 ], [ 6.672015278478757, 46.507048066097525 ], [ 6.672081918981915, 46.507011506874683 ], [ 6.672289873408067, 46.506910483467237 ], [ 6.672513658607697, 46.50680844212652 ], [ 6.672725189760755, 46.506720621285261 ], [ 6.672988279266256, 46.506621498293548 ], [ 6.673199981421578, 46.506541738178406 ], [ 6.674012301748154, 46.506239832620594 ], [ 6.674603766987055, 46.506025233401481 ], [ 6.675373301273384, 46.505738817972187 ], [ 6.675768765866083, 46.505591632069944 ], [ 6.676766702493229, 46.505225851223379 ], [ 6.677724799832738, 46.504872865611553 ], [ 6.677959837644754, 46.504775324201681 ], [ 6.677949218295473, 46.504763369213201 ], [ 6.678118064839234, 46.504669962431905 ] ], [ [ 6.632349754941282, 46.519611979411565 ], [ 6.632524090845434, 46.519574895106466 ], [ 6.632726960410757, 46.519534738679226 ], [ 6.632751637715066, 46.519529858197039 ], [ 6.632838962349156, 46.519514339565596 ], [ 6.632606542335338, 46.519775778349072 ], [ 6.632674955397554, 46.519930185157556 ], [ 6.632948607646539, 46.520013037410443 ], [ 6.633353612975058, 46.520016803418862 ], [ 6.633709360898792, 46.519851098798071 ], [ 6.633947438355474, 46.519589359787993 ], [ 6.633873552248283, 46.519385993355797 ], [ 6.633049309132547, 46.51947698847782 ], [ 6.633185800328273, 46.519461683784421 ], [ 6.633498884232848, 46.519426554631657 ], [ 6.634306498584052, 46.519335953860946 ] ], [ [ 6.632349754941282, 46.519611979411565 ], [ 6.632243070692172, 46.519644542557771 ], [ 6.632165203411478, 46.519685631845704 ], [ 6.63210419984362, 46.519730196515916 ], [ 6.631776185021224, 46.520048637048987 ], [ 6.631751522449192, 46.520072589109297 ], [ 6.631594804767154, 46.520222221558662 ], [ 6.631428198894709, 46.520389901536092 ], [ 6.631410480667445, 46.520407848577371 ], [ 6.631396442243124, 46.520421989472268 ], [ 6.631063406215356, 46.520757565778233 ], [ 6.630719039920195, 46.521104539436202 ], [ 6.630675785298566, 46.521144641759285 ], [ 6.63049202444068, 46.521334886324226 ], [ 6.630362205730933, 46.521462263518714 ], [ 6.630254556975411, 46.521558123358538 ], [ 6.630141936552493, 46.521663960301773 ], [ 6.629953918437393, 46.521809238266009 ], [ 6.629852794642312, 46.521890489634373 ], [ 6.629712285132639, 46.521987464104114 ], [ 6.629651834875246, 46.52202348515636 ], [ 6.629485914228649, 46.522114142814125 ], [ 6.628925388285793, 46.522310081341814 ], [ 6.6287408607252, 46.522382073194777 ], [ 6.627806436321824, 46.522723618755499 ], [ 6.626627005939548, 46.523145051768545 ] ], [ [ 6.63806010541006, 46.517842989303354 ], [ 6.638887790591069, 46.517527245240139 ], [ 6.639635531542249, 46.517232612653366 ], [ 6.639691371653593, 46.517209679158995 ], [ 6.640322467779534, 46.516969195451594 ], [ 6.641366657191223, 46.516536685715565 ], [ 6.64172152363654, 46.516399857301558 ], [ 6.641796209414855, 46.516370452070028 ], [ 6.642485363583041, 46.516099192939322 ], [ 6.643173161243573, 46.515826660710381 ], [ 6.6434913804003, 46.515727551205593 ], [ 6.643762741905224, 46.515662774301326 ], [ 6.643981578643269, 46.515624302121843 ], [ 6.644186654880801, 46.515601746140192 ], [ 6.644383874047349, 46.515587114281594 ], [ 6.644537439165314, 46.515582225078141 ], [ 6.644753537488667, 46.51559706090957 ], [ 6.644977114349685, 46.515630633479169 ], [ 6.645220540745901, 46.515669337266765 ], [ 6.645310493135191, 46.515683640445474 ], [ 6.645466117690103, 46.515720470134291 ], [ 6.645676218801706, 46.515770202973428 ], [ 6.645959082517022, 46.515844184536924 ], [ 6.646116964743117, 46.515877295738925 ], [ 6.646257116118846, 46.5158976613858 ], [ 6.64633862193648, 46.515909502792056 ], [ 6.646474819437474, 46.515921357265803 ], [ 6.646667882763779, 46.515928031070651 ], [ 6.64695645458644, 46.515919376191015 ], [ 6.647421556148943, 46.515887806654128 ], [ 6.648072718403913, 46.515843597252697 ], [ 6.648500915487219, 46.515796796644757 ], [ 6.648731616300124, 46.515760404097101 ], [ 6.648917640677198, 46.515719031089439 ], [ 6.649127020010207, 46.515665819599569 ], [ 6.64935217679421, 46.515591378864251 ], [ 6.649560258749168, 46.515510035877561 ], [ 6.6496334186972, 46.515478545821779 ], [ 6.649746229840265, 46.515425776945541 ], [ 6.649916497196125, 46.515335318187205 ], [ 6.65038915788737, 46.515077988076925 ], [ 6.650435230833061, 46.515052381609173 ], [ 6.650822046815611, 46.5148374363201 ], [ 6.650963514888335, 46.514770048781394 ], [ 6.651037438618783, 46.514738779042219 ], [ 6.651112948406023, 46.514706863555368 ], [ 6.651161060215787, 46.514684374592683 ], [ 6.651244385877211, 46.51465263023055 ], [ 6.651389739211002, 46.514612770081612 ], [ 6.651564567933411, 46.514572025761183 ], [ 6.651732525202621, 46.514539608829956 ], [ 6.651936856118952, 46.514514919660179 ], [ 6.652155850150866, 46.514504311667032 ], [ 6.6526757082398, 46.514504766491442 ], [ 6.653218663975126, 46.514509220193673 ], [ 6.653323044820313, 46.514507154156277 ], [ 6.65340722294541, 46.514500045314946 ], [ 6.653481522041981, 46.514490358128143 ], [ 6.653792186304431, 46.51439455915763 ], [ 6.653997607143471, 46.514323400221876 ], [ 6.65403663543441, 46.514302673412836 ], [ 6.654108654297731, 46.514243563722182 ], [ 6.654304468582886, 46.513996500943065 ], [ 6.654516514732028, 46.513728949090506 ], [ 6.654565100770366, 46.513656533886753 ], [ 6.654732287482346, 46.513445985383115 ], [ 6.654927886217465, 46.513245753519669 ], [ 6.655115386854352, 46.513068324355146 ], [ 6.655314482548439, 46.512896345610528 ], [ 6.655573111966488, 46.512681245666684 ], [ 6.655774467586253, 46.512523972287894 ], [ 6.655908661745798, 46.51243884222319 ], [ 6.656043959852499, 46.512372836229105 ], [ 6.656133054442908, 46.512339985628117 ], [ 6.656194266933933, 46.51232224489722 ], [ 6.656292206524917, 46.512303965820877 ], [ 6.656447510909502, 46.512290706254205 ], [ 6.656645579182071, 46.512290155875014 ], [ 6.656965203459487, 46.512311475722562 ], [ 6.657548983309925, 46.512359488204737 ], [ 6.657974319733482, 46.512396385638432 ], [ 6.658159807496983, 46.512405317820615 ], [ 6.658332884061984, 46.512407471253759 ], [ 6.658551803803204, 46.512401321519093 ], [ 6.658773664118866, 46.512383721620225 ], [ 6.659221803969683, 46.512328471715023 ], [ 6.659374456615616, 46.512306580709868 ], [ 6.659528803806809, 46.512275597140579 ], [ 6.659676325309065, 46.5122408331248 ], [ 6.659800595474145, 46.512203714221954 ], [ 6.659938783546206, 46.512155616606499 ], [ 6.660086394283812, 46.512090185150612 ], [ 6.661727286719306, 46.511283507529591 ], [ 6.661951180737494, 46.511171115068215 ], [ 6.66204331088659, 46.511127017606391 ], [ 6.662374227489721, 46.510968640619339 ], [ 6.66330999910993, 46.510520768286781 ], [ 6.663412258354803, 46.510470720618891 ], [ 6.663700035045693, 46.510329839111236 ], [ 6.664050861732088, 46.510153457316363 ], [ 6.664454907210969, 46.509941048751017 ], [ 6.665016294995, 46.509622146469241 ], [ 6.665567339414102, 46.509277118412008 ] ], [ [ 6.637220638638875, 46.52060883196755 ], [ 6.637222559597808, 46.520612875777772 ], [ 6.637093300747174, 46.520701932243874 ], [ 6.63743553698227, 46.520899294702886 ], [ 6.637576458882344, 46.521000245229665 ], [ 6.637698636646782, 46.521062766971653 ], [ 6.637799437712434, 46.521101792874866 ], [ 6.637905344884898, 46.521122529736154 ], [ 6.638090748569616, 46.521152166878068 ], [ 6.638348566379861, 46.521182305594955 ], [ 6.638546001080138, 46.521215355409034 ], [ 6.638668501010649, 46.521256215835734 ], [ 6.638761885324524, 46.521306847479728 ], [ 6.638838331681854, 46.521360724159393 ], [ 6.638885859584391, 46.52141104138655 ], [ 6.63891417400716, 46.521454557061638 ], [ 6.638959069458963, 46.521519852144138 ], [ 6.638975243129932, 46.521568284033783 ], [ 6.638981762287986, 46.521618303143377 ], [ 6.638983901727135, 46.521636661206202 ], [ 6.638980776223986, 46.521684957054156 ], [ 6.638958604958738, 46.521878072285226 ], [ 6.638957170310526, 46.522004996685951 ], [ 6.63895828009, 46.522063002156436 ], [ 6.638957230848847, 46.522150661438211 ], [ 6.639024578626185, 46.522150128600231 ], [ 6.639111433878315, 46.522152405039755 ], [ 6.63944439031462, 46.522161399237639 ], [ 6.639502425893011, 46.522155159979242 ], [ 6.63957268817177, 46.522137320922248 ], [ 6.639643135755839, 46.52210782422469 ], [ 6.63971630103747, 46.522056693090825 ], [ 6.640002578619241, 46.52179545693064 ], [ 6.640085730964291, 46.521721060075386 ], [ 6.640283907391875, 46.521540851323302 ], [ 6.640381783956255, 46.52145157043077 ], [ 6.640452586301686, 46.521397075668474 ], [ 6.640496412667332, 46.521370728680388 ], [ 6.64061524891833, 46.521333250464401 ], [ 6.640770185985223, 46.521301000861477 ], [ 6.640951755067765, 46.521265636762791 ], [ 6.641126132766392, 46.521240684243281 ], [ 6.641140420522096, 46.521238634627522 ], [ 6.641338790929139, 46.521208371845404 ], [ 6.64175722950707, 46.521149652942164 ], [ 6.642100523273573, 46.521112085409008 ], [ 6.642436461757581, 46.521082786577018 ], [ 6.642806177842024, 46.521055396988729 ], [ 6.64312500665178, 46.521040972530635 ], [ 6.64351383659087, 46.521025373575846 ], [ 6.643721504995089, 46.521018489611187 ], [ 6.644054505611727, 46.521025815373712 ], [ 6.644230489710937, 46.521040380058686 ], [ 6.644403965218742, 46.52106159298863 ], [ 6.644661516969114, 46.521110040468251 ], [ 6.645118820577754, 46.521198217011246 ], [ 6.645296838131695, 46.521239449588982 ], [ 6.645530173103741, 46.521294391807373 ], [ 6.645780090315173, 46.521369465672763 ], [ 6.645972293454018, 46.52143078557237 ], [ 6.64628444620304, 46.52154292512062 ], [ 6.646558714156611, 46.521660430819793 ] ] ] } },
{ "type": "Feature", "properties": { "CADRE_NO": "10.365", "DDT_URL": null, "ETC_NOM": "CarPostal", "ETC_SIGLE": "CarPostal", "ETC_URL": "https://www.postauto.ch/fr", "GO_CENTRE": 0, "HORAIR_URL": "https://www.tableaux-horaires.ch/fileadmin/fap_pdf_fields/2025/10.365.pdf", "LIGNE_NO": "365", "LIGNE_NOM": "(Moudon -) Mézières VD - Forel (Lavaux) - Savigny - Lausanne Sallaz", "LIGNE_SIGL": null, "LIGNE_TYPE": "Bus régional", "PLAN_URL": "https://prestations.vd.ch/pub/101587/api/download/2_Cartographie_et_geodonnees/2.1_Carte_des_reseaux/Carte_des_lignes_TP/topo/ligne_10.365.pdf", "SHAPE_LEN": 33411.636 }, "geometry": { "type": "MultiLineString", "coordinates": [ [ [ 6.631269513606708, 46.523256496644272 ], [ 6.63112432033083, 46.523280454362137 ], [ 6.63099841474771, 46.523306222476769 ], [ 6.630891959514108, 46.523323789577077 ], [ 6.630790437226994, 46.52333307033409 ], [ 6.630599783749527, 46.523330048283995 ], [ 6.630339125732903, 46.523328191439134 ], [ 6.630049548552154, 46.523322781340944 ], [ 6.629943602155291, 46.523303701160984 ], [ 6.629665178523084, 46.523200078438144 ], [ 6.629607564248208, 46.523178014028652 ], [ 6.629549913368472, 46.523159268881365 ], [ 6.629497570939641, 46.5231089133624 ], [ 6.629223413745811, 46.522718758879115 ], [ 6.629012745674302, 46.52244067117033 ], [ 6.628925388285793, 46.522310081341814 ], [ 6.6287408607252, 46.522382073194777 ], [ 6.627806436321824, 46.522723618755499 ], [ 6.626627005939548, 46.523145051768545 ] ], [ [ 6.628298452368905, 46.517514472054593 ], [ 6.628299053437241, 46.517520449746769 ], [ 6.628298093309167, 46.517526254357087 ], [ 6.628295637674524, 46.517531850370247 ], [ 6.628291754785163, 46.517537031363872 ], [ 6.628286577100203, 46.517541654346829 ], [ 6.628280827752877, 46.517545292672764 ], [ 6.628273678289549, 46.51754844420396 ], [ 6.628265238345496, 46.517550749880101 ], [ 6.628258120703761, 46.517551778562314 ], [ 6.628249008681429, 46.517551974352735 ], [ 6.628240656236485, 46.517551051058668 ], [ 6.628231581567267, 46.517548755199869 ], [ 6.628224277707956, 46.517545689332209 ], [ 6.628218414858035, 46.517542120982355 ], [ 6.628212754794272, 46.517537195672574 ], [ 6.628209099089569, 46.517532437615785 ], [ 6.628206335153234, 46.517526435474593 ], [ 6.628205504068961, 46.517516677783952 ], [ 6.628206887865089, 46.517511299017109 ], [ 6.628209797946463, 46.517505814205506 ], [ 6.628214095515052, 46.517500789110628 ], [ 6.628220108752624, 46.517496064147373 ], [ 6.628226231793936, 46.517492707372789 ], [ 6.628234264203941, 46.517489769062408 ], [ 6.628241703732054, 46.517488130947775 ], [ 6.628250733701832, 46.517487322838207 ], [ 6.628259199143462, 46.517487662193489 ], [ 6.628267414130414, 46.517489061296622 ], [ 6.628275132168302, 46.517491446418148 ], [ 6.628281589869919, 46.51749445226136 ], [ 6.628288091823154, 46.517498852813013 ], [ 6.628292612783855, 46.517503266201118 ], [ 6.628296436758666, 46.517508970045867 ], [ 6.628298452368905, 46.517514472054593 ], [ 6.628454348179831, 46.517487589793618 ], [ 6.628433826134946, 46.517423067257113 ], [ 6.629304533359125, 46.517300998736957 ], [ 6.629471195029324, 46.517292202052772 ], [ 6.630114495694782, 46.517205137007622 ], [ 6.630121155628039, 46.517238191094364 ], [ 6.630264047331266, 46.517222431784504 ], [ 6.630262591693, 46.517216942798584 ], [ 6.630262360097029, 46.517210643892263 ], [ 6.630263352239204, 46.517205298295075 ], [ 6.630265651697655, 46.517199674139668 ], [ 6.630269502816009, 46.517193989073121 ], [ 6.630274227741385, 46.517189128876666 ], [ 6.630279512540366, 46.517185172277713 ], [ 6.630286647480705, 46.517181237858921 ], [ 6.630294001090517, 46.517178366535369 ], [ 6.630301928949442, 46.517176308950631 ], [ 6.630309569321605, 46.517175175912911 ], [ 6.630317993232418, 46.517174804128778 ], [ 6.630326416723275, 46.517175331949012 ], [ 6.630335268039962, 46.517176879374162 ], [ 6.630342442759942, 46.517178999597078 ], [ 6.630349293325539, 46.517181882176466 ], [ 6.630355624285215, 46.517185525719796 ], [ 6.630361626114653, 46.517190264439265 ], [ 6.630365793119005, 46.517194828155127 ], [ 6.630369231632042, 46.517200178335067 ], [ 6.630371525631189, 46.517206249042296 ], [ 6.630372305146364, 46.517214252111479 ], [ 6.630371318109871, 46.517220128514587 ], [ 6.630369057886409, 46.5172257439555 ], [ 6.630365882610266, 46.517230678170364 ], [ 6.630360943020692, 46.517235950660691 ], [ 6.63035527443112, 46.517240300356235 ], [ 6.630348729475335, 46.517243996089121 ], [ 6.630342029114621, 46.517246755122038 ], [ 6.630334190036867, 46.517248975271706 ], [ 6.630325437923938, 46.51725037926758 ], [ 6.630317638775337, 46.517250800484717 ], [ 6.630308576123749, 46.517250313089733 ], [ 6.630300334656511, 46.517248940933889 ], [ 6.630292509901817, 46.517246717119342 ], [ 6.630285800779402, 46.517243961489591 ], [ 6.630278784735442, 46.51723994422111 ], [ 6.63027320779072, 46.517235550376128 ], [ 6.630268988266992, 46.517231013270766 ], [ 6.630264047331266, 46.517222431784504 ] ], [ [ 6.630121155628039, 46.517238191094364 ], [ 6.630134896349064, 46.517293587934738 ], [ 6.629494030422834, 46.517378988202516 ], [ 6.629453414278768, 46.517383997169325 ], [ 6.629225645311998, 46.517412077228961 ], [ 6.629097616555057, 46.517419484992857 ], [ 6.629073654595371, 46.517422759483772 ], [ 6.628459120116391, 46.517506560627979 ], [ 6.628454348179831, 46.517487589793618 ] ], [ [ 6.628231581567267, 46.517548755199869 ], [ 6.628150638725844, 46.517637651936127 ], [ 6.628070185698365, 46.517690387865734 ], [ 6.627975331743571, 46.517739701271267 ], [ 6.627875680410438, 46.517785642764174 ], [ 6.627168887277928, 46.518080491358035 ], [ 6.625988826821352, 46.5185502306025 ], [ 6.62536214487888, 46.51881400272466 ], [ 6.624776691047909, 46.519064717032272 ], [ 6.624611251434557, 46.519134734005107 ], [ 6.624033389832698, 46.519379291708169 ], [ 6.623831802313251, 46.519462811991943 ], [ 6.623401779217552, 46.519648001582219 ], [ 6.623098207511935, 46.519770775241284 ], [ 6.622677974157775, 46.519947693129467 ], [ 6.622617037980674, 46.519987251421824 ], [ 6.62257304013284, 46.520023584987072 ], [ 6.622545917910815, 46.520061713210552 ], [ 6.622528337817558, 46.520106576175699 ], [ 6.622527457678833, 46.520164873489648 ], [ 6.622533785059791, 46.520226578195079 ], [ 6.622554425964054, 46.520298371526621 ], [ 6.622842585752444, 46.520716971959779 ], [ 6.62289610208567, 46.520800381681823 ], [ 6.623132631759653, 46.521168924678484 ], [ 6.623236751456814, 46.521331134864653 ], [ 6.623315020931012, 46.52144976204827 ], [ 6.624459081854036, 46.52307304565425 ], [ 6.624603705754999, 46.523284375938417 ], [ 6.624780148145256, 46.523542201149624 ], [ 6.624802269966949, 46.52358343596223 ], [ 6.624913610046487, 46.523568806327468 ], [ 6.625211733935591, 46.523516454973539 ], [ 6.625824337193182, 46.523390897243139 ], [ 6.626107745874473, 46.52332461114279 ], [ 6.626139263263852, 46.523314833225264 ], [ 6.626627005939548, 46.523145051768545 ] ], [ [ 6.631269513606708, 46.523256496644272 ], [ 6.631485183980393, 46.523199709729383 ], [ 6.631676806889878, 46.523137767533221 ], [ 6.631766360805185, 46.523121743769785 ], [ 6.631853092852066, 46.523132364236162 ], [ 6.631920450691188, 46.523147839690957 ], [ 6.631977978342133, 46.523174895126694 ], [ 6.632027999697023, 46.523220249157099 ], [ 6.632077610668484, 46.523292237625704 ], [ 6.632162541703797, 46.523424462987549 ], [ 6.632172285560358, 46.523439636663852 ], [ 6.632247459988294, 46.523556697187573 ], [ 6.632344321913766, 46.523697337575001 ], [ 6.632462150637079, 46.523889800320568 ], [ 6.632627132450104, 46.524157544243174 ], [ 6.632770663572922, 46.524405155262869 ], [ 6.632971317701075, 46.524709820036193 ], [ 6.633064045092553, 46.524805450046067 ], [ 6.633188016799905, 46.524909623169656 ], [ 6.633304978233986, 46.52499709466079 ], [ 6.633407760501985, 46.525066140391132 ], [ 6.633515388532105, 46.525131882872039 ], [ 6.633630437550099, 46.525187683268946 ], [ 6.633733455778427, 46.52524006065056 ], [ 6.633882234841479, 46.525299428634618 ], [ 6.634033423742128, 46.525357158234733 ], [ 6.634223119026328, 46.525426801578512 ] ], [ [ 6.638957230848847, 46.522150661438211 ], [ 6.638802488581751, 46.522151891523876 ], [ 6.638621360287246, 46.52215893570316 ], [ 6.638604470251442, 46.522157152319785 ], [ 6.638497970214913, 46.522178072737177 ], [ 6.638398541772031, 46.522209019578213 ], [ 6.638320775455218, 46.522245120968698 ], [ 6.638235368801694, 46.522307832747316 ], [ 6.638193592815864, 46.522357529143406 ], [ 6.638149233303392, 46.522418866199317 ], [ 6.638129007987971, 46.522480364544393 ], [ 6.638118414131136, 46.522543604118901 ], [ 6.638120035364656, 46.522596935255969 ], [ 6.638123932446462, 46.522660277083972 ], [ 6.638146931847935, 46.522737076879324 ], [ 6.638177040305442, 46.522822266185429 ], [ 6.638270778369116, 46.523012870531531 ], [ 6.638303348848912, 46.523096403901498 ], [ 6.638323714405868, 46.523186517247808 ], [ 6.638341522510618, 46.52328828044832 ], [ 6.638340067090746, 46.523386579209529 ], [ 6.638321931905161, 46.523469745866755 ], [ 6.638303427820676, 46.523579583259391 ], [ 6.638258648126866, 46.523669237017714 ], [ 6.638121983982895, 46.523933206959207 ], [ 6.637921765741013, 46.52433638315582 ], [ 6.637838340881912, 46.524504353641944 ], [ 6.637824559665447, 46.524528446790846 ], [ 6.637559809875237, 46.525055546477496 ], [ 6.637495443911767, 46.52516505990468 ], [ 6.637426957555729, 46.525224562043952 ], [ 6.637356369719035, 46.525264042045137 ], [ 6.637220052917599, 46.525341398956463 ], [ 6.63710582970341, 46.525392238456917 ], [ 6.637003922607817, 46.525428159426504 ], [ 6.636851059865041, 46.525480407909889 ], [ 6.636715346942717, 46.525516098701075 ], [ 6.636616159647223, 46.525532067277815 ], [ 6.63642903731292, 46.525553162509148 ], [ 6.636283336852946, 46.525563620160305 ], [ 6.636203765046385, 46.525568158156183 ], [ 6.635434110053096, 46.525582179352931 ], [ 6.635292060616326, 46.525587245948138 ], [ 6.635204029355312, 46.525591822300257 ], [ 6.635158794565561, 46.525590638329362 ], [ 6.635029392552561, 46.52558748179667 ], [ 6.634855843551312, 46.525569591652342 ], [ 6.634796856241079, 46.525559790823721 ], [ 6.634677659339736, 46.525540000491176 ], [ 6.634460922367727, 46.525505142964391 ], [ 6.634223119026328, 46.525426801578512 ] ], [ [ 6.638957230848847, 46.522150661438211 ], [ 6.639024578626185, 46.522150128600231 ], [ 6.639111433878315, 46.522152405039755 ], [ 6.63944439031462, 46.522161399237639 ], [ 6.639502425893011, 46.522155159979242 ], [ 6.63957268817177, 46.522137320922248 ], [ 6.639643135755839, 46.52210782422469 ], [ 6.63971630103747, 46.522056693090825 ], [ 6.640002578619241, 46.52179545693064 ], [ 6.640085730964291, 46.521721060075386 ], [ 6.640212422628873, 46.521671519868612 ], [ 6.640284056152912, 46.521651665913311 ], [ 6.640354602712885, 46.521640989247878 ], [ 6.640428811668627, 46.521638236854201 ], [ 6.640507674133165, 46.521646015560989 ], [ 6.640584482101363, 46.521662308030109 ], [ 6.640646923726499, 46.521685084510999 ], [ 6.640704492952417, 46.521715689247259 ], [ 6.640755261097288, 46.521756762520425 ], [ 6.640794552587422, 46.52180102962371 ], [ 6.640820613556816, 46.521839284255776 ], [ 6.640837155121253, 46.521878803353609 ], [ 6.640852480679264, 46.521935370437177 ], [ 6.640870414938698, 46.522138375822109 ], [ 6.640884297134758, 46.52231482331073 ], [ 6.640904217694053, 46.522559872268815 ], [ 6.6409199078168, 46.522722451532964 ], [ 6.640925034699236, 46.522768034660615 ], [ 6.64094144763096, 46.522913436518103 ], [ 6.640957174786302, 46.523085884716394 ], [ 6.640968511683933, 46.52322553837395 ], [ 6.640963598185823, 46.523312090948345 ], [ 6.640954256035139, 46.523366676353461 ], [ 6.640940152362394, 46.523414499221012 ], [ 6.64091742624685, 46.523468135887185 ], [ 6.640892337377793, 46.523516727134272 ], [ 6.640859840441488, 46.523574505239964 ], [ 6.6408124358696, 46.523650674407591 ], [ 6.640737729133949, 46.523761124457408 ], [ 6.640671755186974, 46.52385650450357 ], [ 6.640650576724838, 46.523889146193035 ], [ 6.640611955058667, 46.523947717782974 ], [ 6.640586841404943, 46.523998836684918 ], [ 6.640572923032641, 46.524033193703389 ], [ 6.64056500391055, 46.524074339971889 ], [ 6.640561984453248, 46.524114657085491 ], [ 6.640564875367954, 46.524165136349616 ], [ 6.640571504780824, 46.524213105022199 ], [ 6.640590130865652, 46.524271251669489 ], [ 6.640620568839141, 46.5243538607359 ], [ 6.640718860825245, 46.524626089305571 ], [ 6.640801866460335, 46.524862064093497 ], [ 6.640873084013708, 46.525070230052272 ], [ 6.640916845508393, 46.525180928469126 ], [ 6.640962077823862, 46.525312966875987 ], [ 6.640986405311191, 46.525396387495121 ], [ 6.641015398975817, 46.525497464202807 ], [ 6.641050881627757, 46.525649891071716 ], [ 6.641112390533466, 46.525908447524394 ], [ 6.641116235674708, 46.525926097842415 ], [ 6.641241866723122, 46.526469398535149 ], [ 6.641251594976974, 46.526507925078292 ], [ 6.641321677778343, 46.526785325432193 ], [ 6.641332725409851, 46.526829843620888 ], [ 6.641386160168754, 46.527024498094008 ], [ 6.641416055241344, 46.527122009577674 ], [ 6.641452301794342, 46.52722721233399 ], [ 6.641513203954535, 46.527376039289273 ], [ 6.641589453961568, 46.527550055052792 ], [ 6.641657412738312, 46.527692391360084 ], [ 6.641692337958199, 46.527762626052521 ], [ 6.641723708769621, 46.527821995512639 ], [ 6.641779615908788, 46.527905700718996 ], [ 6.641826586202319, 46.527969659749544 ], [ 6.641867334314149, 46.528018929474975 ], [ 6.641922623727746, 46.528083558618647 ], [ 6.641977996025121, 46.5281399209358 ], [ 6.642036250923836, 46.528189961241118 ], [ 6.642121965182663, 46.528272975942912 ], [ 6.642228796912305, 46.528351442869806 ], [ 6.64235303969476, 46.528438955984853 ], [ 6.642521116747653, 46.528547719378736 ], [ 6.642794321086413, 46.528729584287817 ], [ 6.642995289565123, 46.528862858042068 ], [ 6.643215106159226, 46.529007679573027 ], [ 6.643363929637051, 46.52911060320784 ], [ 6.643616775411324, 46.529273278734529 ], [ 6.643868188209635, 46.529436888234756 ], [ 6.644003185724567, 46.529522000923485 ], [ 6.644175648247949, 46.52963613618968 ], [ 6.644353224326077, 46.529754481157184 ], [ 6.644566373763982, 46.529894026632434 ], [ 6.644797277201696, 46.530045120911872 ], [ 6.644962669309832, 46.530150992087357 ], [ 6.645060990060971, 46.530219294180483 ], [ 6.645114219479654, 46.530257737783657 ], [ 6.645148328117662, 46.530283687059082 ], [ 6.645192597948569, 46.530328680066745 ], [ 6.645239571253287, 46.53038308384432 ], [ 6.645330003650455, 46.53044670383651 ], [ 6.646383564808951, 46.531218581854148 ], [ 6.646755731867424, 46.532039396198819 ], [ 6.647205889816894, 46.532770776510979 ] ], [ [ 6.647109092705184, 46.53334764778878 ], [ 6.647153174001756, 46.533509929221253 ], [ 6.64718541820535, 46.533628677132825 ], [ 6.647200146797662, 46.533683961654823 ], [ 6.647190026272512, 46.533727917746361 ], [ 6.647169778745539, 46.533755745244349 ], [ 6.647146103260699, 46.533779095780979 ] ], [ [ 6.677019393205109, 46.536065217904678 ], [ 6.676739599047878, 46.535875898484626 ], [ 6.676349924923655, 46.535618370081345 ], [ 6.675988309994279, 46.535374522942327 ], [ 6.675648151885757, 46.535150295296596 ], [ 6.675338135513982, 46.53494726609447 ], [ 6.675088092437443, 46.534804634088978 ], [ 6.674893948567358, 46.534704353233742 ], [ 6.674712542749428, 46.534625172508797 ], [ 6.674567843993447, 46.534562710396337 ], [ 6.674403424325496, 46.534512115962002 ], [ 6.674241083797221, 46.534467535640836 ], [ 6.674074970522542, 46.534432573399116 ], [ 6.673913610250415, 46.534409031911004 ], [ 6.673761986349583, 46.5343947947419 ], [ 6.673612120096182, 46.53438531912051 ], [ 6.673460001206521, 46.534385795702725 ], [ 6.673307865959761, 46.534389267646489 ], [ 6.673136025572513, 46.534401611463998 ], [ 6.672957553772229, 46.534422888303219 ], [ 6.672794279750328, 46.534444276439423 ], [ 6.672611300551821, 46.534468086179885 ], [ 6.672400944865458, 46.534488328249452 ], [ 6.672236637899491, 46.534498877398804 ], [ 6.672113491757598, 46.534499709802304 ], [ 6.671961501319293, 46.534492025854256 ], [ 6.671848108226792, 46.534486257816539 ], [ 6.671715576732479, 46.534468701460803 ], [ 6.67160959383633, 46.534449660158366 ], [ 6.671405093139029, 46.534399959889335 ], [ 6.671275280935011, 46.534360758976838 ], [ 6.67114799856853, 46.534313244707583 ], [ 6.671037621911576, 46.534265844664411 ], [ 6.670934539922268, 46.534215156343265 ], [ 6.670870189833529, 46.534178925745294 ], [ 6.670850701436798, 46.534167935670673 ], [ 6.670747843500334, 46.534100588054052 ], [ 6.670637941017942, 46.534019878542203 ], [ 6.670504228747672, 46.533914007779032 ], [ 6.670351652776855, 46.53377801637437 ], [ 6.670222956266388, 46.533660511387396 ], [ 6.670039551080675, 46.533484332418183 ], [ 6.669930148654545, 46.533368631046223 ], [ 6.669816006147544, 46.533246213398215 ], [ 6.66973279943637, 46.533155680291379 ], [ 6.669549281269674, 46.532989503320678 ], [ 6.669484002922898, 46.53294355891321 ], [ 6.669470387148841, 46.53293397580255 ], [ 6.669400937781071, 46.5328935176355 ], [ 6.669259546214175, 46.532819250324657 ], [ 6.669110710176826, 46.532761583992794 ], [ 6.668990490345793, 46.532727456273797 ], [ 6.668940548657954, 46.532717662666208 ], [ 6.668869561704796, 46.532703750014555 ], [ 6.668780923295456, 46.532692713228855 ], [ 6.668672477897833, 46.532680309506702 ], [ 6.668530114438393, 46.532674350524076 ], [ 6.66840453739958, 46.532676826645357 ], [ 6.668150808015049, 46.532695093098901 ], [ 6.667926048065997, 46.532710236236383 ], [ 6.667619096993077, 46.532734806031264 ], [ 6.667607599731213, 46.53273573545755 ], [ 6.666913329060173, 46.532791657661228 ], [ 6.666011749328067, 46.532865496614527 ], [ 6.665576640657628, 46.532904184522934 ], [ 6.665209991518441, 46.532933828643337 ], [ 6.665158508009021, 46.532937984702421 ], [ 6.663630836158378, 46.533067511541958 ], [ 6.662337722107574, 46.533171976678403 ], [ 6.66195581781531, 46.533204348693992 ], [ 6.66128860966655, 46.533264766934956 ], [ 6.660921187974803, 46.533309703208957 ], [ 6.660922069774153, 46.533315457720803 ], [ 6.660921757836936, 46.533321734816653 ], [ 6.660920416897173, 46.533327051279485 ], [ 6.660917671215547, 46.533333059804654 ], [ 6.660914342407299, 46.533337921836122 ], [ 6.660905579525924, 46.533346291058812 ] ], [ [ 6.66079723017114, 46.533316374185944 ], [ 6.660708429163881, 46.533315765386675 ], [ 6.660582719168385, 46.533328244552898 ], [ 6.660297284127676, 46.533366265282751 ], [ 6.660064903385436, 46.533409660152515 ], [ 6.660017635326742, 46.53342064381809 ], [ 6.659842047453276, 46.533461450257498 ], [ 6.659662633877157, 46.533513529187026 ], [ 6.659473273367949, 46.533585537724413 ], [ 6.659416208156483, 46.53361239484483 ], [ 6.65933715947163, 46.53364959033371 ], [ 6.659091444650146, 46.533779514504346 ], [ 6.658899022043385, 46.533896490250122 ], [ 6.658504373601525, 46.534142041241218 ], [ 6.657812368967957, 46.534580480206742 ], [ 6.657410295070258, 46.534837626231948 ], [ 6.656998558674053, 46.53509471329285 ], [ 6.656877051041228, 46.535148860014445 ], [ 6.656731354981101, 46.535206177460651 ], [ 6.656612488380913, 46.535245336704783 ], [ 6.656486543148072, 46.535272788162651 ], [ 6.656302575864292, 46.535306505519344 ], [ 6.656159917443271, 46.535320518245854 ], [ 6.656068193464398, 46.535319885685411 ], [ 6.655962010262208, 46.53531582478108 ], [ 6.655834219312194, 46.535303275380606 ], [ 6.655713785089152, 46.535284119525379 ], [ 6.65555972138778, 46.535253072590834 ], [ 6.655405633874254, 46.535223680553635 ], [ 6.655217157407114, 46.535186242315902 ], [ 6.654892848378521, 46.535121831083693 ], [ 6.654028569324505, 46.534952588904517 ], [ 6.653691578618873, 46.534881942232872 ], [ 6.653193269646625, 46.53478184945763 ], [ 6.653015166039091, 46.534743966571973 ], [ 6.652841764410081, 46.534714437310186 ], [ 6.652607916755414, 46.534691164137378 ], [ 6.652566788623032, 46.534688513263184 ], [ 6.652492138160859, 46.534683695975865 ], [ 6.652361878546937, 46.534676118355392 ], [ 6.652295115154164, 46.534676645266593 ] ], [ [ 6.652295115154164, 46.534676645266593 ], [ 6.652248376868129, 46.534677014054033 ], [ 6.652154194229637, 46.534679689823321 ], [ 6.652009100673534, 46.534695353720274 ], [ 6.651965771000869, 46.534703347681564 ], [ 6.651817848445828, 46.534730659594814 ], [ 6.651701632895388, 46.534753198411082 ], [ 6.651587853108851, 46.534774071743378 ], [ 6.651214872683164, 46.534854778447318 ], [ 6.651026103240102, 46.534885125411144 ], [ 6.650871279336204, 46.534907377395932 ], [ 6.650685128297796, 46.534924409830552 ], [ 6.650511168502563, 46.534933196297686 ], [ 6.650305954501216, 46.534931770753666 ], [ 6.650103336807413, 46.534920368271052 ], [ 6.649912858505567, 46.534900719466314 ], [ 6.649681678920614, 46.534860798129529 ], [ 6.649491605257232, 46.534816142411159 ], [ 6.649313649967168, 46.534768269121663 ], [ 6.64915017270845, 46.534709134274841 ], [ 6.649102298069756, 46.534691807627119 ], [ 6.648965510430859, 46.53463588988761 ], [ 6.648797762074883, 46.534549736651684 ], [ 6.648618150397429, 46.534448522142064 ], [ 6.648448212696104, 46.534349029986267 ], [ 6.64829741843375, 46.534258001256283 ], [ 6.648204199559198, 46.534195710976427 ], [ 6.64811588630832, 46.534125124451677 ], [ 6.648029124699836, 46.534046506197519 ], [ 6.64798469845374, 46.53400114441326 ], [ 6.647897448850669, 46.533907796117809 ], [ 6.647787986524412, 46.533785982359817 ], [ 6.647688603884329, 46.533672883961664 ], [ 6.64754959128252, 46.53351099346974 ], [ 6.647404059400897, 46.533335023497607 ], [ 6.647363003989859, 46.53327140498714 ], [ 6.647308628101667, 46.533160500268913 ], [ 6.647289234648229, 46.533092633731208 ], [ 6.647288639553236, 46.53303713292938 ] ], [ [ 6.66079723017114, 46.533316374185944 ], [ 6.660798023217441, 46.533310181352839 ], [ 6.660799956138995, 46.533304491116056 ], [ 6.660802954615382, 46.533299033084873 ], [ 6.660807017222127, 46.533293906205948 ], [ 6.660812038262435, 46.533289208710926 ], [ 6.660817451834432, 46.533285314553872 ], [ 6.66082461235614, 46.533281405384095 ], [ 6.660831338827074, 46.533278671719245 ], [ 6.660845285293493, 46.533275141919532 ], [ 6.660853093633917, 46.533274223873136 ], [ 6.660861543707598, 46.533274002920002 ], [ 6.660869969354534, 46.533274573450086 ], [ 6.660878837988252, 46.533276064611925 ], [ 6.660886109478236, 46.533278030611243 ], [ 6.660893512044756, 46.533280852132108 ], [ 6.660900318111817, 46.533284362258669 ], [ 6.660906346756366, 46.533288451798455 ], [ 6.660911533455451, 46.533293075329127 ], [ 6.660915749421964, 46.533298124015644 ], [ 6.660918956459757, 46.533303534624011 ], [ 6.660921187974803, 46.533309703208957 ] ] ] } },
{ "type": "Feature", "properties": { "CADRE_NO": "10.369", "DDT_URL": null, "ETC_NOM": "CarPostal", "ETC_SIGLE": "CarPostal", "ETC_URL": "https://www.postauto.ch/fr", "GO_CENTRE": 0, "HORAIR_URL": "https://www.tableaux-horaires.ch/fileadmin/fap_pdf_fields/2025/10.369.pdf", "LIGNE_NO": "-> groupe", "LIGNE_NOM": "Moudon - Mézières VD - Epalinges Croisettes - Lausanne Sallaz // (Lignes 360, 361, 362, 365)", "LIGNE_SIGL": "CarPostal", "LIGNE_TYPE": "Bus régional", "PLAN_URL": "https://prestations.vd.ch/pub/101587/api/download/2_Cartographie_et_geodonnees/2.1_Carte_des_reseaux/Carte_des_lignes_TP/topo/ligne_10.369.pdf", "SHAPE_LEN": 58920.988 }, "geometry": { "type": "MultiLineString", "coordinates": [ [ [ 6.677019393205109, 46.536065217904678 ], [ 6.676739599047878, 46.535875898484626 ], [ 6.676349924923655, 46.535618370081345 ], [ 6.675988309994279, 46.535374522942327 ], [ 6.675648151885757, 46.535150295296596 ], [ 6.675338135513982, 46.53494726609447 ], [ 6.675088092437443, 46.534804634088978 ], [ 6.674893948567358, 46.534704353233742 ], [ 6.674712542749428, 46.534625172508797 ], [ 6.674567843993447, 46.534562710396337 ], [ 6.674403424325496, 46.534512115962002 ], [ 6.674241083797221, 46.534467535640836 ], [ 6.674074970522542, 46.534432573399116 ], [ 6.673913610250415, 46.534409031911004 ], [ 6.673761986349583, 46.5343947947419 ], [ 6.673612120096182, 46.53438531912051 ], [ 6.673460001206521, 46.534385795702725 ], [ 6.673307865959761, 46.534389267646489 ], [ 6.673136025572513, 46.534401611463998 ], [ 6.672957553772229, 46.534422888303219 ], [ 6.672794279750328, 46.534444276439423 ], [ 6.672611300551821, 46.534468086179885 ], [ 6.672400944865458, 46.534488328249452 ], [ 6.672236637899491, 46.534498877398804 ], [ 6.672113491757598, 46.534499709802304 ], [ 6.671961501319293, 46.534492025854256 ], [ 6.671848108226792, 46.534486257816539 ], [ 6.671715576732479, 46.534468701460803 ], [ 6.67160959383633, 46.534449660158366 ], [ 6.671405093139029, 46.534399959889335 ], [ 6.671275280935011, 46.534360758976838 ], [ 6.67114799856853, 46.534313244707583 ], [ 6.671037621911576, 46.534265844664411 ], [ 6.670934539922268, 46.534215156343265 ], [ 6.670870189833529, 46.534178925745294 ], [ 6.670850701436798, 46.534167935670673 ], [ 6.670747843500334, 46.534100588054052 ], [ 6.670637941017942, 46.534019878542203 ], [ 6.670504228747672, 46.533914007779032 ], [ 6.670351652776855, 46.53377801637437 ], [ 6.670222956266388, 46.533660511387396 ], [ 6.670039551080675, 46.533484332418183 ], [ 6.669930148654545, 46.533368631046223 ], [ 6.669816006147544, 46.533246213398215 ], [ 6.66973279943637, 46.533155680291379 ], [ 6.669549281269674, 46.532989503320678 ], [ 6.669484002922898, 46.53294355891321 ], [ 6.669470387148841, 46.53293397580255 ], [ 6.669400937781071, 46.5328935176355 ], [ 6.669259546214175, 46.532819250324657 ], [ 6.669110710176826, 46.532761583992794 ], [ 6.668990490345793, 46.532727456273797 ], [ 6.668940548657954, 46.532717662666208 ], [ 6.668869561704796, 46.532703750014555 ], [ 6.668780923295456, 46.532692713228855 ], [ 6.668672477897833, 46.532680309506702 ], [ 6.668530114438393, 46.532674350524076 ], [ 6.66840453739958, 46.532676826645357 ], [ 6.668150808015049, 46.532695093098901 ], [ 6.667926048065997, 46.532710236236383 ], [ 6.667619096993077, 46.532734806031264 ], [ 6.667607599731213, 46.53273573545755 ], [ 6.666913329060173, 46.532791657661228 ], [ 6.666011749328067, 46.532865496614527 ], [ 6.665576640657628, 46.532904184522934 ], [ 6.665209991518441, 46.532933828643337 ], [ 6.665158508009021, 46.532937984702421 ], [ 6.663630836158378, 46.533067511541958 ], [ 6.662337722107574, 46.533171976678403 ], [ 6.66195581781531, 46.533204348693992 ], [ 6.66128860966655, 46.533264766934956 ], [ 6.660921187974803, 46.533309703208957 ], [ 6.660922069774153, 46.533315457720803 ], [ 6.660921757836936, 46.533321734816653 ], [ 6.660920416897173, 46.533327051279485 ], [ 6.660917671215547, 46.533333059804654 ], [ 6.660914342407299, 46.533337921836122 ], [ 6.660905579525924, 46.533346291058812 ] ], [ [ 6.66079723017114, 46.533316374185944 ], [ 6.660708429163881, 46.533315765386675 ], [ 6.660582719168385, 46.533328244552898 ], [ 6.660297284127676, 46.533366265282751 ], [ 6.660064903385436, 46.533409660152515 ], [ 6.660017635326742, 46.53342064381809 ], [ 6.659842047453276, 46.533461450257498 ], [ 6.659662633877157, 46.533513529187026 ], [ 6.659473273367949, 46.533585537724413 ], [ 6.659416208156483, 46.53361239484483 ], [ 6.65933715947163, 46.53364959033371 ], [ 6.659091444650146, 46.533779514504346 ], [ 6.658899022043385, 46.533896490250122 ], [ 6.658504373601525, 46.534142041241218 ], [ 6.657812368967957, 46.534580480206742 ], [ 6.657410295070258, 46.534837626231948 ], [ 6.656998558674053, 46.53509471329285 ], [ 6.656877051041228, 46.535148860014445 ], [ 6.656731354981101, 46.535206177460651 ], [ 6.656612488380913, 46.535245336704783 ], [ 6.656486543148072, 46.535272788162651 ], [ 6.656302575864292, 46.535306505519344 ], [ 6.656159917443271, 46.535320518245854 ], [ 6.656068193464398, 46.535319885685411 ], [ 6.655962010262208, 46.53531582478108 ], [ 6.655834219312194, 46.535303275380606 ], [ 6.655713785089152, 46.535284119525379 ], [ 6.65555972138778, 46.535253072590834 ], [ 6.655405633874254, 46.535223680553635 ], [ 6.655217157407114, 46.535186242315902 ], [ 6.654892848378521, 46.535121831083693 ], [ 6.654028569324505, 46.534952588904517 ], [ 6.653691578618873, 46.534881942232872 ], [ 6.653193269646625, 46.53478184945763 ], [ 6.653015166039091, 46.534743966571973 ], [ 6.652841764410081, 46.534714437310186 ], [ 6.652607916755414, 46.534691164137378 ], [ 6.652566788623032, 46.534688513263184 ], [ 6.652492138160859, 46.534683695975865 ], [ 6.652361878546937, 46.534676118355392 ], [ 6.652295115154164, 46.534676645266593 ], [ 6.652248376868129, 46.534677014054033 ], [ 6.652154194229637, 46.534679689823321 ], [ 6.652009100673534, 46.534695353720274 ], [ 6.651965771000869, 46.534703347681564 ], [ 6.651817848445828, 46.534730659594814 ], [ 6.651701632895388, 46.534753198411082 ], [ 6.651587853108851, 46.534774071743378 ], [ 6.651214872683164, 46.534854778447318 ], [ 6.651026103240102, 46.534885125411144 ], [ 6.650871279336204, 46.534907377395932 ], [ 6.650685128297796, 46.534924409830552 ], [ 6.650511168502563, 46.534933196297686 ], [ 6.650305954501216, 46.534931770753666 ], [ 6.650103336807413, 46.534920368271052 ], [ 6.649912858505567, 46.534900719466314 ], [ 6.649681678920614, 46.534860798129529 ], [ 6.649491605257232, 46.534816142411159 ], [ 6.649313649967168, 46.534768269121663 ], [ 6.64915017270845, 46.534709134274841 ], [ 6.649102298069756, 46.534691807627119 ], [ 6.648965510430859, 46.53463588988761 ], [ 6.648797762074883, 46.534549736651684 ], [ 6.648618150397429, 46.534448522142064 ], [ 6.648448212696104, 46.534349029986267 ], [ 6.64829741843375, 46.534258001256283 ], [ 6.648204199559198, 46.534195710976427 ], [ 6.64811588630832, 46.534125124451677 ], [ 6.648029124699836, 46.534046506197519 ], [ 6.64798469845374, 46.53400114441326 ], [ 6.647897448850669, 46.533907796117809 ], [ 6.647787986524412, 46.533785982359817 ], [ 6.647688603884329, 46.533672883961664 ], [ 6.64754959128252, 46.53351099346974 ], [ 6.647404059400897, 46.533335023497607 ], [ 6.647363003989859, 46.53327140498714 ], [ 6.647308628101667, 46.533160500268913 ], [ 6.647289234648229, 46.533092633731208 ], [ 6.647288639553236, 46.53303713292938 ] ], [ [ 6.66079723017114, 46.533316374185944 ], [ 6.660798023217441, 46.533310181352839 ], [ 6.660799956138995, 46.533304491116056 ], [ 6.660802954615382, 46.533299033084873 ], [ 6.660807017222127, 46.533293906205948 ], [ 6.660812038262435, 46.533289208710926 ], [ 6.660817451834432, 46.533285314553872 ], [ 6.66082461235614, 46.533281405384095 ], [ 6.660831338827074, 46.533278671719245 ], [ 6.660845285293493, 46.533275141919532 ], [ 6.660853093633917, 46.533274223873136 ], [ 6.660861543707598, 46.533274002920002 ], [ 6.660869969354534, 46.533274573450086 ], [ 6.660878837988252, 46.533276064611925 ], [ 6.660886109478236, 46.533278030611243 ], [ 6.660893512044756, 46.533280852132108 ], [ 6.660900318111817, 46.533284362258669 ], [ 6.660906346756366, 46.533288451798455 ], [ 6.660911533455451, 46.533293075329127 ], [ 6.660915749421964, 46.533298124015644 ], [ 6.660918956459757, 46.533303534624011 ], [ 6.660921187974803, 46.533309703208957 ] ], [ [ 6.662279570853399, 46.543394266337643 ], [ 6.662278899914041, 46.543388333363211 ], [ 6.662279016574357, 46.543382936542677 ], [ 6.662279921498268, 46.54337712230123 ], [ 6.662281796291453, 46.54337095485343 ], [ 6.66228412579208, 46.54336580706773 ], [ 6.662287371335349, 46.543360422655809 ], [ 6.66229171439759, 46.543354874827294 ], [ 6.66229606828056, 46.543350388604317 ], [ 6.662301439653909, 46.54334586436147 ], [ 6.662307866075841, 46.54334141030801 ], [ 6.662316221248119, 46.543337014428431 ], [ 6.66231982077013, 46.543335122897119 ], [ 6.66232712408805, 46.543332249146587 ], [ 6.662334850888083, 46.543329846086081 ], [ 6.662343510368069, 46.543327863222459 ], [ 6.662351141759106, 46.543326655980316 ], [ 6.662359523061517, 46.543325885676801 ], [ 6.662368000901238, 46.543325655794895 ], [ 6.662377095574138, 46.543326050857736 ], [ 6.662385465228932, 46.543326998714569 ], [ 6.662393644490302, 46.543328494026376 ], [ 6.6624010103218, 46.543330343614969 ], [ 6.662413294732715, 46.543334682762101 ], [ 6.662420688804475, 46.543338196808271 ], [ 6.662426688362392, 46.543341674327756 ], [ 6.662433077578444, 46.543346162067508 ], [ 6.66243838373442, 46.543350714367421 ], [ 6.662443033286243, 46.543355595029297 ], [ 6.662446706783079, 46.543360352066763 ], [ 6.662449966716482, 46.543365762985786 ], [ 6.662452468079525, 46.543371339640998 ], [ 6.662454283146659, 46.543377496344299 ], [ 6.662455105388969, 46.543382881594461 ], [ 6.662455184536961, 46.543389170361323 ], [ 6.662454396960042, 46.543394985406678 ], [ 6.662452964924329, 46.543400283270422 ], [ 6.662450641496735, 46.543405916886677 ], [ 6.662447564536781, 46.543411365428405 ], [ 6.662443747726881, 46.543416584009037 ], [ 6.66243921817365, 46.543421500845604 ], [ 6.662434014857225, 46.543426125200675 ], [ 6.66242369202842, 46.543433170455742 ], [ 6.662416559194662, 46.543436882009445 ], [ 6.662409331630973, 46.543439927208532 ], [ 6.662402309435475, 46.543442290113489 ], [ 6.662394391727302, 46.543444368015727 ], [ 6.662386220913374, 46.543445913420349 ], [ 6.662377875471361, 46.543446908871978 ], [ 6.662369433749724, 46.543447345910579 ], [ 6.662361521371358, 46.543447237811471 ], [ 6.662353121102006, 46.543446604604682 ], [ 6.662344820359738, 46.543445396332118 ], [ 6.66233612530884, 46.543443501663262 ], [ 6.662328919779403, 46.543441383286194 ], [ 6.662321475862719, 46.543438615563709 ], [ 6.662314430279383, 46.543435346787916 ], [ 6.662307899453237, 46.54343164072742 ], [ 6.662301896162321, 46.543427515461964 ], [ 6.662296484942873, 46.543423016413158 ], [ 6.662291730460317, 46.543418180007563 ], [ 6.662287403227756, 46.54341264483422 ], [ 6.662284358724045, 46.543407667193669 ], [ 6.662281641960431, 46.543401657251607 ], [ 6.662279570853399, 46.543394266337643 ], [ 6.662171658915587, 46.543395965980459 ], [ 6.662054416964308, 46.543392779802915 ], [ 6.661951828033268, 46.543389693789493 ], [ 6.661827646873321, 46.543389446568575 ], [ 6.661728905446487, 46.543393520543106 ], [ 6.661653767227955, 46.54339906945556 ], [ 6.661587321384024, 46.543403976146195 ], [ 6.661499545031458, 46.54341527684587 ], [ 6.661458495897922, 46.543439276028096 ], [ 6.661370947811154, 46.543485455808529 ] ], [ [ 6.631269513606708, 46.523256496644272 ], [ 6.63112432033083, 46.523280454362137 ], [ 6.63099841474771, 46.523306222476769 ], [ 6.630891959514108, 46.523323789577077 ], [ 6.630790437226994, 46.52333307033409 ], [ 6.630599783749527, 46.523330048283995 ], [ 6.630339125732903, 46.523328191439134 ], [ 6.630049548552154, 46.523322781340944 ], [ 6.629943602155291, 46.523303701160984 ], [ 6.629665178523084, 46.523200078438144 ], [ 6.629607564248208, 46.523178014028652 ], [ 6.629549913368472, 46.523159268881365 ], [ 6.629497570939641, 46.5231089133624 ], [ 6.629223413745811, 46.522718758879115 ], [ 6.629012745674302, 46.52244067117033 ], [ 6.628925388285793, 46.522310081341814 ], [ 6.6287408607252, 46.522382073194777 ], [ 6.627806436321824, 46.522723618755499 ], [ 6.626627005939548, 46.523145051768545 ] ], [ [ 6.628298452368905, 46.517514472054593 ], [ 6.628454348179831, 46.517487589793618 ] ], [ [ 6.628298452368905, 46.517514472054593 ], [ 6.628299053437241, 46.517520449746769 ], [ 6.628298093309167, 46.517526254357087 ], [ 6.628295637674524, 46.517531850370247 ], [ 6.628291754785163, 46.517537031363872 ], [ 6.628286577100203, 46.517541654346829 ], [ 6.628280827752877, 46.517545292672764 ], [ 6.628273678289549, 46.51754844420396 ], [ 6.628265238345496, 46.517550749880101 ], [ 6.628258120703761, 46.517551778562314 ], [ 6.628249008681429, 46.517551974352735 ], [ 6.628240656236485, 46.517551051058668 ], [ 6.628231581567267, 46.517548755199869 ], [ 6.628224277707956, 46.517545689332209 ], [ 6.628218414858035, 46.517542120982355 ], [ 6.628212754794272, 46.517537195672574 ], [ 6.628209099089569, 46.517532437615785 ], [ 6.628206335153234, 46.517526435474593 ], [ 6.628205504068961, 46.517516677783952 ], [ 6.628206887865089, 46.517511299017109 ], [ 6.628209797946463, 46.517505814205506 ], [ 6.628214095515052, 46.517500789110628 ], [ 6.628220108752624, 46.517496064147373 ], [ 6.628226231793936, 46.517492707372789 ], [ 6.628234264203941, 46.517489769062408 ], [ 6.628241703732054, 46.517488130947775 ], [ 6.628250733701832, 46.517487322838207 ], [ 6.628259199143462, 46.517487662193489 ], [ 6.628267414130414, 46.517489061296622 ], [ 6.628275132168302, 46.517491446418148 ], [ 6.628281589869919, 46.51749445226136 ], [ 6.628288091823154, 46.517498852813013 ], [ 6.628292612783855, 46.517503266201118 ], [ 6.628296436758666, 46.517508970045867 ], [ 6.628298452368905, 46.517514472054593 ] ], [ [ 6.630121155628039, 46.517238191094364 ], [ 6.630134896349064, 46.517293587934738 ], [ 6.629494030422834, 46.517378988202516 ], [ 6.629453414278768, 46.517383997169325 ], [ 6.629225645311998, 46.517412077228961 ], [ 6.629097616555057, 46.517419484992857 ], [ 6.629073654595371, 46.517422759483772 ], [ 6.628459120116391, 46.517506560627979 ], [ 6.628454348179831, 46.517487589793618 ], [ 6.628433826134946, 46.517423067257113 ], [ 6.629304533359125, 46.517300998736957 ], [ 6.629471195029324, 46.517292202052772 ], [ 6.630114495694782, 46.517205137007622 ], [ 6.630121155628039, 46.517238191094364 ], [ 6.630264047331266, 46.517222431784504 ], [ 6.630262591693, 46.517216942798584 ], [ 6.630262360097029, 46.517210643892263 ], [ 6.630263352239204, 46.517205298295075 ], [ 6.630265651697655, 46.517199674139668 ], [ 6.630269502816009, 46.517193989073121 ], [ 6.630274227741385, 46.517189128876666 ], [ 6.630279512540366, 46.517185172277713 ], [ 6.630286647480705, 46.517181237858921 ], [ 6.630294001090517, 46.517178366535369 ], [ 6.630301928949442, 46.517176308950631 ], [ 6.630309569321605, 46.517175175912911 ], [ 6.630317993232418, 46.517174804128778 ], [ 6.630326416723275, 46.517175331949012 ], [ 6.630335268039962, 46.517176879374162 ], [ 6.630342442759942, 46.517178999597078 ], [ 6.630349293325539, 46.517181882176466 ], [ 6.630355624285215, 46.517185525719796 ], [ 6.630361626114653, 46.517190264439265 ], [ 6.630365793119005, 46.517194828155127 ], [ 6.630369231632042, 46.517200178335067 ], [ 6.630371525631189, 46.517206249042296 ], [ 6.630372305146364, 46.517214252111479 ], [ 6.630371318109871, 46.517220128514587 ], [ 6.630369057886409, 46.5172257439555 ], [ 6.630365882610266, 46.517230678170364 ], [ 6.630360943020692, 46.517235950660691 ], [ 6.63035527443112, 46.517240300356235 ], [ 6.630348729475335, 46.517243996089121 ], [ 6.630342029114621, 46.517246755122038 ], [ 6.630334190036867, 46.517248975271706 ], [ 6.630325437923938, 46.51725037926758 ], [ 6.630317638775337, 46.517250800484717 ], [ 6.630308576123749, 46.517250313089733 ], [ 6.630300334656511, 46.517248940933889 ], [ 6.630292509901817, 46.517246717119342 ], [ 6.630285800779402, 46.517243961489591 ], [ 6.630278784735442, 46.51723994422111 ], [ 6.63027320779072, 46.517235550376128 ], [ 6.630268988266992, 46.517231013270766 ], [ 6.630264047331266, 46.517222431784504 ] ], [ [ 6.628231581567267, 46.517548755199869 ], [ 6.628150638725844, 46.517637651936127 ], [ 6.628070185698365, 46.517690387865734 ], [ 6.627975331743571, 46.517739701271267 ], [ 6.627875680410438, 46.517785642764174 ], [ 6.627168887277928, 46.518080491358035 ], [ 6.625988826821352, 46.5185502306025 ], [ 6.62536214487888, 46.51881400272466 ], [ 6.624776691047909, 46.519064717032272 ], [ 6.624611251434557, 46.519134734005107 ], [ 6.624033389832698, 46.519379291708169 ], [ 6.623831802313251, 46.519462811991943 ], [ 6.623401779217552, 46.519648001582219 ], [ 6.623098207511935, 46.519770775241284 ], [ 6.622677974157775, 46.519947693129467 ], [ 6.622617037980674, 46.519987251421824 ], [ 6.62257304013284, 46.520023584987072 ], [ 6.622545917910815, 46.520061713210552 ], [ 6.622528337817558, 46.520106576175699 ], [ 6.622527457678833, 46.520164873489648 ], [ 6.622533785059791, 46.520226578195079 ], [ 6.622554425964054, 46.520298371526621 ], [ 6.622842585752444, 46.520716971959779 ], [ 6.62289610208567, 46.520800381681823 ], [ 6.623132631759653, 46.521168924678484 ], [ 6.623236751456814, 46.521331134864653 ], [ 6.623315020931012, 46.52144976204827 ], [ 6.624459081854036, 46.52307304565425 ], [ 6.624603705754999, 46.523284375938417 ], [ 6.624780148145256, 46.523542201149624 ], [ 6.624802269966949, 46.52358343596223 ], [ 6.624913610046487, 46.523568806327468 ], [ 6.625211733935591, 46.523516454973539 ], [ 6.625824337193182, 46.523390897243139 ], [ 6.626107745874473, 46.52332461114279 ], [ 6.626139263263852, 46.523314833225264 ], [ 6.626627005939548, 46.523145051768545 ] ], [ [ 6.631269513606708, 46.523256496644272 ], [ 6.631485183980393, 46.523199709729383 ], [ 6.631676806889878, 46.523137767533221 ], [ 6.631766360805185, 46.523121743769785 ], [ 6.631853092852066, 46.523132364236162 ], [ 6.631920450691188, 46.523147839690957 ], [ 6.631977978342133, 46.523174895126694 ], [ 6.632027999697023, 46.523220249157099 ], [ 6.632077610668484, 46.523292237625704 ], [ 6.632162541703797, 46.523424462987549 ], [ 6.632172285560358, 46.523439636663852 ], [ 6.632247459988294, 46.523556697187573 ], [ 6.632344321913766, 46.523697337575001 ], [ 6.632462150637079, 46.523889800320568 ], [ 6.632627132450104, 46.524157544243174 ], [ 6.632770663572922, 46.524405155262869 ], [ 6.632971317701075, 46.524709820036193 ], [ 6.633064045092553, 46.524805450046067 ], [ 6.633188016799905, 46.524909623169656 ], [ 6.633304978233986, 46.52499709466079 ], [ 6.633407760501985, 46.525066140391132 ], [ 6.633515388532105, 46.525131882872039 ], [ 6.633630437550099, 46.525187683268946 ], [ 6.633733455778427, 46.52524006065056 ], [ 6.633882234841479, 46.525299428634618 ], [ 6.634033423742128, 46.525357158234733 ], [ 6.634223119026328, 46.525426801578512 ] ], [ [ 6.638957230848847, 46.522150661438211 ], [ 6.638802488581751, 46.522151891523876 ], [ 6.638621360287246, 46.52215893570316 ], [ 6.638604470251442, 46.522157152319785 ], [ 6.638497970214913, 46.522178072737177 ], [ 6.638398541772031, 46.522209019578213 ], [ 6.638320775455218, 46.522245120968698 ], [ 6.638235368801694, 46.522307832747316 ], [ 6.638193592815864, 46.522357529143406 ], [ 6.638149233303392, 46.522418866199317 ], [ 6.638129007987971, 46.522480364544393 ], [ 6.638118414131136, 46.522543604118901 ], [ 6.638120035364656, 46.522596935255969 ], [ 6.638123932446462, 46.522660277083972 ], [ 6.638146931847935, 46.522737076879324 ], [ 6.638177040305442, 46.522822266185429 ], [ 6.638270778369116, 46.523012870531531 ], [ 6.638303348848912, 46.523096403901498 ], [ 6.638323714405868, 46.523186517247808 ], [ 6.638341522510618, 46.52328828044832 ], [ 6.638340067090746, 46.523386579209529 ], [ 6.638321931905161, 46.523469745866755 ], [ 6.638303427820676, 46.523579583259391 ], [ 6.638258648126866, 46.523669237017714 ], [ 6.638121983982895, 46.523933206959207 ], [ 6.637921765741013, 46.52433638315582 ], [ 6.637838340881912, 46.524504353641944 ], [ 6.637824559665447, 46.524528446790846 ], [ 6.637559809875237, 46.525055546477496 ], [ 6.637495443911767, 46.52516505990468 ], [ 6.637426957555729, 46.525224562043952 ], [ 6.637356369719035, 46.525264042045137 ], [ 6.637220052917599, 46.525341398956463 ], [ 6.63710582970341, 46.525392238456917 ], [ 6.637003922607817, 46.525428159426504 ], [ 6.636851059865041, 46.525480407909889 ], [ 6.636715346942717, 46.525516098701075 ], [ 6.636616159647223, 46.525532067277815 ], [ 6.63642903731292, 46.525553162509148 ], [ 6.636283336852946, 46.525563620160305 ], [ 6.636203765046385, 46.525568158156183 ], [ 6.635434110053096, 46.525582179352931 ], [ 6.635292060616326, 46.525587245948138 ], [ 6.635204029355312, 46.525591822300257 ], [ 6.635158794565561, 46.525590638329362 ], [ 6.635029392552561, 46.52558748179667 ], [ 6.634855843551312, 46.525569591652342 ], [ 6.634796856241079, 46.525559790823721 ], [ 6.634677659339736, 46.525540000491176 ], [ 6.634460922367727, 46.525505142964391 ], [ 6.634223119026328, 46.525426801578512 ] ], [ [ 6.638957230848847, 46.522150661438211 ], [ 6.639024578626185, 46.522150128600231 ], [ 6.639111433878315, 46.522152405039755 ], [ 6.63944439031462, 46.522161399237639 ], [ 6.639502425893011, 46.522155159979242 ], [ 6.63957268817177, 46.522137320922248 ], [ 6.639643135755839, 46.52210782422469 ], [ 6.63971630103747, 46.522056693090825 ], [ 6.640002578619241, 46.52179545693064 ], [ 6.640085730964291, 46.521721060075386 ], [ 6.640212422628873, 46.521671519868612 ], [ 6.640284056152912, 46.521651665913311 ], [ 6.640354602712885, 46.521640989247878 ], [ 6.640428811668627, 46.521638236854201 ], [ 6.640507674133165, 46.521646015560989 ], [ 6.640584482101363, 46.521662308030109 ], [ 6.640646923726499, 46.521685084510999 ], [ 6.640704492952417, 46.521715689247259 ], [ 6.640755261097288, 46.521756762520425 ], [ 6.640794552587422, 46.52180102962371 ], [ 6.640820613556816, 46.521839284255776 ], [ 6.640837155121253, 46.521878803353609 ], [ 6.640852480679264, 46.521935370437177 ], [ 6.640870414938698, 46.522138375822109 ], [ 6.640884297134758, 46.52231482331073 ], [ 6.640904217694053, 46.522559872268815 ], [ 6.6409199078168, 46.522722451532964 ], [ 6.640925034699236, 46.522768034660615 ], [ 6.64094144763096, 46.522913436518103 ], [ 6.640957174786302, 46.523085884716394 ], [ 6.640968511683933, 46.52322553837395 ], [ 6.640963598185823, 46.523312090948345 ], [ 6.640954256035139, 46.523366676353461 ], [ 6.640940152362394, 46.523414499221012 ], [ 6.64091742624685, 46.523468135887185 ], [ 6.640892337377793, 46.523516727134272 ], [ 6.640859840441488, 46.523574505239964 ], [ 6.6408124358696, 46.523650674407591 ], [ 6.640737729133949, 46.523761124457408 ], [ 6.640671755186974, 46.52385650450357 ], [ 6.640650576724838, 46.523889146193035 ], [ 6.640611955058667, 46.523947717782974 ], [ 6.640586841404943, 46.523998836684918 ], [ 6.640572923032641, 46.524033193703389 ], [ 6.64056500391055, 46.524074339971889 ], [ 6.640561984453248, 46.524114657085491 ], [ 6.640564875367954, 46.524165136349616 ], [ 6.640571504780824, 46.524213105022199 ], [ 6.640590130865652, 46.524271251669489 ], [ 6.640620568839141, 46.5243538607359 ], [ 6.640718860825245, 46.524626089305571 ], [ 6.640801866460335, 46.524862064093497 ], [ 6.640873084013708, 46.525070230052272 ], [ 6.640916845508393, 46.525180928469126 ], [ 6.640962077823862, 46.525312966875987 ], [ 6.640986405311191, 46.525396387495121 ], [ 6.641015398975817, 46.525497464202807 ], [ 6.641050881627757, 46.525649891071716 ], [ 6.641112390533466, 46.525908447524394 ], [ 6.641116235674708, 46.525926097842415 ], [ 6.641241866723122, 46.526469398535149 ], [ 6.641251594976974, 46.526507925078292 ] ], [ [ 6.641251594976974, 46.526507925078292 ], [ 6.641321677778343, 46.526785325432193 ], [ 6.641332725409851, 46.526829843620888 ], [ 6.641386160168754, 46.527024498094008 ], [ 6.641416055241344, 46.527122009577674 ], [ 6.641452301794342, 46.52722721233399 ], [ 6.641513203954535, 46.527376039289273 ], [ 6.641589453961568, 46.527550055052792 ], [ 6.641657412738312, 46.527692391360084 ], [ 6.641692337958199, 46.527762626052521 ], [ 6.641723708769621, 46.527821995512639 ], [ 6.641779615908788, 46.527905700718996 ], [ 6.641826586202319, 46.527969659749544 ], [ 6.641867334314149, 46.528018929474975 ], [ 6.641922623727746, 46.528083558618647 ], [ 6.641977996025121, 46.5281399209358 ], [ 6.642036250923836, 46.528189961241118 ], [ 6.642121965182663, 46.528272975942912 ], [ 6.642228796912305, 46.528351442869806 ], [ 6.64235303969476, 46.528438955984853 ], [ 6.642521116747653, 46.528547719378736 ], [ 6.642794321086413, 46.528729584287817 ], [ 6.642995289565123, 46.528862858042068 ], [ 6.643215106159226, 46.529007679573027 ], [ 6.643363929637051, 46.52911060320784 ], [ 6.643616775411324, 46.529273278734529 ], [ 6.643868188209635, 46.529436888234756 ], [ 6.644003185724567, 46.529522000923485 ], [ 6.644175648247949, 46.52963613618968 ], [ 6.644353224326077, 46.529754481157184 ], [ 6.644566373763982, 46.529894026632434 ], [ 6.644797277201696, 46.530045120911872 ], [ 6.644962669309832, 46.530150992087357 ], [ 6.645060990060971, 46.530219294180483 ], [ 6.645114219479654, 46.530257737783657 ], [ 6.645148328117662, 46.530283687059082 ], [ 6.645192597948569, 46.530328680066745 ], [ 6.645239571253287, 46.53038308384432 ], [ 6.645299844124863, 46.530478053853727 ], [ 6.646383564808951, 46.531218581854148 ] ], [ [ 6.64720588981689, 46.53276889394877 ], [ 6.647178524591952, 46.532961856231026 ], [ 6.647002018891343, 46.532991977110782 ], [ 6.647109092705184, 46.53334764778878 ], [ 6.647153174001756, 46.533509929221253 ], [ 6.64718541820535, 46.533628677132825 ], [ 6.647200146797662, 46.533683961654823 ], [ 6.647190026272512, 46.533727917746361 ], [ 6.647169778745539, 46.533755745244349 ], [ 6.647146103260699, 46.533779095780979 ], [ 6.647146062173557, 46.533780121044423 ], [ 6.647168234611281, 46.533818454954329 ], [ 6.647170201390797, 46.5338826465143 ], [ 6.64717169817358, 46.533973589056735 ], [ 6.647198758780506, 46.534105399055484 ], [ 6.647228497495639, 46.53421723849609 ], [ 6.647300692457827, 46.534397681054202 ], [ 6.647403409416756, 46.534638322075601 ], [ 6.647510753154375, 46.534890663132948 ], [ 6.647664782894388, 46.535254961529901 ], [ 6.647734886188825, 46.535413735706534 ], [ 6.647789145611578, 46.535500745862159 ], [ 6.647862197381588, 46.5356228815942 ], [ 6.647947441281976, 46.535736780886566 ], [ 6.6481278588811, 46.535947969768756 ], [ 6.64817058527407, 46.535998258470997 ], [ 6.648289665314783, 46.536109046668145 ], [ 6.64845890353047, 46.536258516200206 ], [ 6.648699870831145, 46.536456793623238 ], [ 6.648814313375856, 46.536555899085151 ], [ 6.648783009812995, 46.536568644501813 ] ], [ [ 6.648814313507326, 46.536555890090007 ], [ 6.649027903462932, 46.536731243217986 ], [ 6.649083906103019, 46.536777692673496 ], [ 6.649338418217922, 46.53700037027329 ], [ 6.649458878517242, 46.537111580626267 ], [ 6.649567005560431, 46.537244313594549 ], [ 6.64979261260131, 46.537515736639605 ], [ 6.650119761844995, 46.537906036940093 ], [ 6.650260343560952, 46.538073368632986 ], [ 6.650611724750497, 46.538466129798749 ], [ 6.650992149268238, 46.538891603137991 ], [ 6.651052734165189, 46.538959350048614 ], [ 6.651196231306235, 46.539116661182391 ], [ 6.651614596170024, 46.539569401752054 ], [ 6.651790696800238, 46.539755707571864 ], [ 6.651823873082738, 46.539790806275327 ], [ 6.651997883216881, 46.539945287254092 ], [ 6.652071834659433, 46.540005785484226 ], [ 6.652224613516082, 46.540126806590422 ], [ 6.652372726442699, 46.540236136284257 ], [ 6.65243000271733, 46.540281513336105 ], [ 6.652750906221823, 46.540463684002745 ], [ 6.652928411580653, 46.540544887963556 ], [ 6.653139741487809, 46.540623006236487 ], [ 6.65331996336956, 46.540684221181749 ], [ 6.6534463651163, 46.540716051225374 ], [ 6.653681983795242, 46.540775381872855 ], [ 6.653741151672218, 46.540790274752553 ], [ 6.654027144976546, 46.540862286658871 ], [ 6.65454248676143, 46.540965911530165 ], [ 6.654609849144211, 46.540983037615433 ], [ 6.654905940990228, 46.541040282591823 ], [ 6.655272315858268, 46.541117398445095 ], [ 6.65579915171241, 46.541226179687285 ], [ 6.656010566241315, 46.541270117201478 ], [ 6.656097666710806, 46.541288224148076 ], [ 6.656300253064099, 46.541328726728203 ], [ 6.656352827988699, 46.541341638638364 ], [ 6.656543038030336, 46.541377935280778 ], [ 6.657010169928999, 46.541469458805942 ], [ 6.657600803324264, 46.541590932640993 ], [ 6.657971188702607, 46.541667104763434 ], [ 6.65818018551689, 46.541710778690678 ], [ 6.658902163790692, 46.541877355467875 ], [ 6.659036773445478, 46.541919931930522 ], [ 6.659255356868469, 46.542001408091849 ], [ 6.659447286143791, 46.542086029352731 ], [ 6.65969404271157, 46.54222100859841 ], [ 6.659873471622769, 46.54233720936665 ], [ 6.660065002995429, 46.542474021826678 ], [ 6.660507556723211, 46.542783129218023 ], [ 6.66077164439997, 46.542984336757783 ], [ 6.660837892464569, 46.543034799773899 ], [ 6.661086554240205, 46.543230899041767 ], [ 6.661208323772295, 46.543339829612876 ], [ 6.661236294549343, 46.543364868263787 ], [ 6.661368284322914, 46.543482999641483 ], [ 6.661370947811154, 46.543485455808529 ] ] ] } },
{ "type": "Feature", "properties": { "CADRE_NO": "10.054", "DDT_URL": null, "ETC_NOM": "Transports publics de la région lausannoise", "ETC_SIGLE": "TL", "ETC_URL": "https://www.t-l.ch", "GO_CENTRE": 0, "HORAIR_URL": "https://www.tableaux-horaires.ch/fileadmin/fap_pdf_fields/2025/10.054.pdf", "LIGNE_NO": "54", "LIGNE_NOM": "Renens VD - Cheseaux-sur-Lausanne - Le Mont-sur-Lausanne (- Epalinges dès le 15.09.2025)", "LIGNE_SIGL": null, "LIGNE_TYPE": "Bus régional", "PLAN_URL": "https://prestations.vd.ch/pub/101587/api/download/2_Cartographie_et_geodonnees/2.1_Carte_des_reseaux/Carte_des_lignes_TP/topo/ligne_10.054.pdf", "SHAPE_LEN": 23832.922 }, "geometry": { "type": "MultiLineString", "coordinates": [ [ [ 6.578853430379403, 46.537815181077775 ], [ 6.579084358038377, 46.537716956338201 ], [ 6.579558227320886, 46.537525625252883 ], [ 6.579959954407859, 46.537337680220887 ] ], [ [ 6.661236294549343, 46.543364868263787 ], [ 6.661368284322914, 46.543482999641483 ], [ 6.661370947811154, 46.543485455808529 ] ], [ [ 6.662279570853399, 46.543394266337643 ], [ 6.662278899914041, 46.543388333363211 ], [ 6.662279016574357, 46.543382936542677 ], [ 6.662279921498268, 46.54337712230123 ], [ 6.662281796291453, 46.54337095485343 ], [ 6.66228412579208, 46.54336580706773 ], [ 6.662287371335349, 46.543360422655809 ], [ 6.66229171439759, 46.543354874827294 ], [ 6.66229606828056, 46.543350388604317 ], [ 6.662301439653909, 46.54334586436147 ], [ 6.662307866075841, 46.54334141030801 ], [ 6.662316221248119, 46.543337014428431 ], [ 6.66231982077013, 46.543335122897119 ], [ 6.66232712408805, 46.543332249146587 ], [ 6.662334850888083, 46.543329846086081 ], [ 6.662343510368069, 46.543327863222459 ], [ 6.662351141759106, 46.543326655980316 ], [ 6.662359523061517, 46.543325885676801 ], [ 6.662368000901238, 46.543325655794895 ], [ 6.662377095574138, 46.543326050857736 ], [ 6.662385465228932, 46.543326998714569 ], [ 6.662393644490302, 46.543328494026376 ], [ 6.6624010103218, 46.543330343614969 ], [ 6.662413294732715, 46.543334682762101 ], [ 6.662420688804475, 46.543338196808271 ], [ 6.662426688362392, 46.543341674327756 ], [ 6.662433077578444, 46.543346162067508 ], [ 6.66243838373442, 46.543350714367421 ], [ 6.662443033286243, 46.543355595029297 ], [ 6.662446706783079, 46.543360352066763 ], [ 6.662449966716482, 46.543365762985786 ], [ 6.662452468079525, 46.543371339640998 ], [ 6.662454283146659, 46.543377496344299 ], [ 6.662455105388969, 46.543382881594461 ], [ 6.662455184536961, 46.543389170361323 ], [ 6.662454396960042, 46.543394985406678 ], [ 6.662452964924329, 46.543400283270422 ], [ 6.662450641496735, 46.543405916886677 ], [ 6.662447564536781, 46.543411365428405 ], [ 6.662443747726881, 46.543416584009037 ], [ 6.66243921817365, 46.543421500845604 ], [ 6.662434014857225, 46.543426125200675 ], [ 6.66242369202842, 46.543433170455742 ], [ 6.662416559194662, 46.543436882009445 ], [ 6.662409331630973, 46.543439927208532 ], [ 6.662402309435475, 46.543442290113489 ], [ 6.662394391727302, 46.543444368015727 ], [ 6.662386220913374, 46.543445913420349 ], [ 6.662377875471361, 46.543446908871978 ], [ 6.662369433749724, 46.543447345910579 ], [ 6.662361521371358, 46.543447237811471 ], [ 6.662353121102006, 46.543446604604682 ], [ 6.662344820359738, 46.543445396332118 ], [ 6.66233612530884, 46.543443501663262 ], [ 6.662328919779403, 46.543441383286194 ], [ 6.662321475862719, 46.543438615563709 ], [ 6.662314430279383, 46.543435346787916 ], [ 6.662307899453237, 46.54343164072742 ], [ 6.662301896162321, 46.543427515461964 ], [ 6.662296484942873, 46.543423016413158 ], [ 6.662291730460317, 46.543418180007563 ], [ 6.662287403227756, 46.54341264483422 ], [ 6.662284358724045, 46.543407667193669 ], [ 6.662281641960431, 46.543401657251607 ], [ 6.662279570853399, 46.543394266337643 ], [ 6.662171658915587, 46.543395965980459 ], [ 6.662054416964308, 46.543392779802915 ], [ 6.661951828033268, 46.543389693789493 ], [ 6.661827646873321, 46.543389446568575 ], [ 6.661728905446487, 46.543393520543106 ], [ 6.661653767227955, 46.54339906945556 ], [ 6.661587321384024, 46.543403976146195 ], [ 6.661499545031458, 46.54341527684587 ], [ 6.661458495897922, 46.543439276028096 ], [ 6.661370947811154, 46.543485455808529 ] ] ] } },
{ "type": "Feature", "properties": { "CADRE_NO": "10.901", "DDT_URL": null, "ETC_NOM": "Transports publics de la région lausannoise", "ETC_SIGLE": "TL", "ETC_URL": "https://www.t-l.ch", "GO_CENTRE": 0, "HORAIR_URL": "https://www.tableaux-horaires.ch/fileadmin/fap_pdf_fields/2025/10.901.pdf", "LIGNE_NO": "N1", "LIGNE_NOM": "Lausanne St-François - Le Mont-sur-Lausanne - Grand-Mont (N1)", "LIGNE_SIGL": null, "LIGNE_TYPE": "Bus nocturne", "PLAN_URL": "https://prestations.vd.ch/pub/101587/api/download/2_Cartographie_et_geodonnees/2.1_Carte_des_reseaux/Carte_des_lignes_TP/topo/ligne_10.901.pdf", "SHAPE_LEN": 11976.905 }, "geometry": { "type": "MultiLineString", "coordinates": [ [ [ 6.630489064820258, 46.53315787635507 ], [ 6.630223928396451, 46.533289282505208 ], [ 6.630019613024743, 46.533391128582188 ], [ 6.629913097801348, 46.533426164848194 ], [ 6.629905578578309, 46.533428630157211 ], [ 6.629810973074901, 46.533459613018223 ], [ 6.629706708212264, 46.533488853669873 ], [ 6.629602655433403, 46.533504790545692 ], [ 6.629525377723649, 46.53350590380596 ], [ 6.629409704661061, 46.533491746742214 ], [ 6.629308612161912, 46.533471036463077 ], [ 6.629217315881951, 46.533442056612948 ], [ 6.62913348994898, 46.533396478249628 ], [ 6.629054574696025, 46.533345933042767 ], [ 6.628987954990039, 46.533282134335629 ], [ 6.628907052025792, 46.533201581927635 ], [ 6.628840631156916, 46.533122797089455 ], [ 6.62879104041433, 46.533049143145142 ], [ 6.628748696934743, 46.532975522913716 ], [ 6.628711362728463, 46.532888615233936 ], [ 6.628676965321694, 46.5327684070418 ], [ 6.628636356973964, 46.532578174030675 ], [ 6.628593898849496, 46.532349613510377 ], [ 6.628568897309459, 46.532246133086701 ], [ 6.628540538210444, 46.532089245972394 ], [ 6.628495328819448, 46.531839057187248 ], [ 6.628453822516438, 46.531708812511546 ], [ 6.628405142920963, 46.531574504345976 ], [ 6.628256680481609, 46.531654084941124 ], [ 6.628096045459491, 46.531739578774236 ], [ 6.627614264534945, 46.531991057999242 ], [ 6.627502168475345, 46.532061901475039 ], [ 6.627355874389016, 46.532157500432007 ], [ 6.627226434849105, 46.532256530289104 ], [ 6.62700638629686, 46.532441562131133 ], [ 6.626822593010028, 46.532621869125094 ], [ 6.626677756460346, 46.532780783051592 ], [ 6.626589182609854, 46.532891772531038 ], [ 6.626525035458301, 46.532984620756785 ], [ 6.6264802284669, 46.533074269831694 ], [ 6.626442530917084, 46.533173973416268 ], [ 6.62624504327231, 46.533622417528996 ], [ 6.626167759958475, 46.533785160996004 ], [ 6.626139907911189, 46.533827324097523 ], [ 6.626061526696681, 46.533946005840782 ], [ 6.625950356615701, 46.534113499317762 ], [ 6.625859142243251, 46.534239465797484 ], [ 6.625622919617165, 46.534534347239081 ], [ 6.625465741963763, 46.534711496256186 ], [ 6.625325944086153, 46.534855457153519 ], [ 6.625176576446593, 46.534996002739469 ], [ 6.62502250852964, 46.535124864510806 ], [ 6.624880950364466, 46.535227151412442 ], [ 6.624771167179884, 46.535303001666307 ], [ 6.624379429672904, 46.535534620176378 ], [ 6.623996067376478, 46.535788958607455 ], [ 6.623895814739408, 46.535873215815641 ], [ 6.623804981319344, 46.535972537038596 ], [ 6.623669899317261, 46.536124842185124 ], [ 6.623610477695443, 46.536222724572369 ], [ 6.623593826823789, 46.5362549548814 ], [ 6.623560740088632, 46.536318985225023 ], [ 6.623510762548613, 46.536430276582436 ], [ 6.623480417128455, 46.536521701665542 ], [ 6.623452231878166, 46.536629794002373 ], [ 6.623403801266189, 46.536858000482773 ], [ 6.62339505674326, 46.536899292639276 ], [ 6.623312407092675, 46.537255258459062 ], [ 6.623247882564724, 46.537531370314021 ], [ 6.62321520006992, 46.537617776715919 ], [ 6.623140426360017, 46.537772187869223 ], [ 6.6230487585968, 46.537926486553935 ], [ 6.622967478457631, 46.538032550883798 ], [ 6.622891386545182, 46.538115298629663 ], [ 6.622820129363304, 46.538196425804436 ], [ 6.622758934389709, 46.53825263416941 ], [ 6.62266349828486, 46.538336924955317 ], [ 6.622526712121546, 46.538440907587336 ], [ 6.622267679559775, 46.538619172951151 ], [ 6.622260763341913, 46.538623936099654 ], [ 6.62206796687511, 46.538759181445883 ], [ 6.621953248777248, 46.538841659629675 ], [ 6.62182106942796, 46.538960671048194 ], [ 6.621652135162777, 46.539114412470369 ], [ 6.621561418264996, 46.539205393424517 ], [ 6.621473024992449, 46.539303048139736 ], [ 6.621386967048961, 46.539405739419045 ], [ 6.621320365613108, 46.539498567121697 ], [ 6.621238928826982, 46.539614605773778 ], [ 6.621177074366485, 46.539712469407419 ], [ 6.621060890947304, 46.539891572058863 ], [ 6.620991650013537, 46.539999368030266 ], [ 6.620522523296263, 46.540684115322478 ], [ 6.620406410481861, 46.540856551739182 ], [ 6.620218541144672, 46.54114510478469 ], [ 6.620205978189194, 46.541178344667777 ], [ 6.620185699258145, 46.541239848568168 ], [ 6.620172328858942, 46.541326393403544 ], [ 6.620166445693895, 46.541396331492336 ], [ 6.620179477361068, 46.541491388111169 ], [ 6.620206854447009, 46.541598216099317 ], [ 6.620248966084277, 46.541686825316773 ], [ 6.620317493793924, 46.541785628637854 ], [ 6.620412614558591, 46.541882950376291 ] ], [ [ 6.630489064820258, 46.53315787635507 ], [ 6.630554683071539, 46.533128350776153 ], [ 6.63076130794752, 46.533033195279117 ], [ 6.63105771495024, 46.532908667549286 ], [ 6.631548486129762, 46.5327005628181 ], [ 6.631758513920836, 46.53260949595866 ], [ 6.631854684810489, 46.532567781314178 ], [ 6.632012381742284, 46.532515582756524 ], [ 6.63216744335329, 46.532478361701983 ], [ 6.632312586228502, 46.53245940394546 ], [ 6.632505832155582, 46.532452455668427 ], [ 6.632648065579146, 46.53246512499048 ], [ 6.632790002157275, 46.532499454563265 ], [ 6.632876464470303, 46.532530061487186 ], [ 6.632970048387774, 46.532567376003222 ], [ 6.633049202715947, 46.53260292372282 ], [ 6.633214272322516, 46.532704068878154 ], [ 6.633292731988659, 46.5327862561156 ], [ 6.63336125920686, 46.532885051520061 ], [ 6.633395853962841, 46.532993591716604 ], [ 6.633421101264007, 46.533082094294159 ], [ 6.633441736859076, 46.533155540703802 ], [ 6.633448027345031, 46.533218908674066 ], [ 6.633449128207364, 46.533235136398886 ], [ 6.633451981204711, 46.533277249252215 ], [ 6.633455663350274, 46.53335557716769 ], [ 6.633451468391694, 46.533637133360806 ], [ 6.633421069210732, 46.533893503524531 ], [ 6.633383787865061, 46.534289785679583 ], [ 6.633359282791202, 46.534637831607689 ], [ 6.633351729433866, 46.534821045915436 ], [ 6.633350119043881, 46.535090952530112 ], [ 6.633343437491392, 46.535377492867269 ], [ 6.633341376978768, 46.53551576580805 ], [ 6.633342348339834, 46.535612417464101 ], [ 6.633355407572881, 46.535784065164002 ], [ 6.633366569616764, 46.535930816272355 ], [ 6.633381588958319, 46.536057542515167 ], [ 6.633403544534526, 46.536204325230734 ], [ 6.633439945134944, 46.536354547981297 ], [ 6.633500126197541, 46.536528239264015 ], [ 6.633684687902192, 46.537104379340605 ], [ 6.633757690902756, 46.537391475881755 ], [ 6.633809931754973, 46.537611773255868 ], [ 6.633838777638543, 46.537783586808807 ], [ 6.633858297454456, 46.537930361131302 ], [ 6.633867949735051, 46.538093699197461 ], [ 6.633869973185801, 46.538183674213158 ], [ 6.633872319251664, 46.538287001678952 ], [ 6.633863310055292, 46.538405236062083 ], [ 6.633823265315351, 46.538663202145131 ], [ 6.633815409013222, 46.538703142938218 ], [ 6.633792264767954, 46.538797950265376 ], [ 6.633756478938574, 46.538930991168606 ] ], [ [ 6.631049275646209, 46.524749474186486 ], [ 6.630920856229166, 46.52478188143985 ], [ 6.630811388387893, 46.52483775032006 ], [ 6.630594590073069, 46.524969501269084 ], [ 6.630428970709779, 46.525068276952226 ], [ 6.63031922749443, 46.525142486403482 ], [ 6.630182389828463, 46.52525313470386 ], [ 6.630050361477981, 46.525365490389696 ], [ 6.629412272255868, 46.525904106029991 ], [ 6.629260702392244, 46.526031317894351 ], [ 6.629179989355357, 46.526102395818647 ], [ 6.629082310626598, 46.526176663185716 ], [ 6.62898724202687, 46.526237634902358 ], [ 6.628828749782889, 46.526344807516843 ], [ 6.628646019990833, 46.526456808696409 ], [ 6.628615152625572, 46.526473563919318 ], [ 6.628509724856086, 46.526530808874696 ], [ 6.628397939916598, 46.526579992828552 ], [ 6.628291077670429, 46.526624219010365 ], [ 6.627907260944474, 46.526783091534334 ], [ 6.627378151216831, 46.526974245441117 ], [ 6.627174454483486, 46.527036112145666 ], [ 6.627054695805487, 46.527075396051721 ], [ 6.626970682584131, 46.527102952782521 ], [ 6.626682181680118, 46.527184210177992 ], [ 6.626379214062154, 46.527265345285727 ], [ 6.626185070610327, 46.527288082701737 ], [ 6.625910091267053, 46.527320298382904 ], [ 6.625859134238423, 46.52732945120497 ], [ 6.625597827320453, 46.527376382709882 ], [ 6.625447522750024, 46.527418621654419 ], [ 6.625214537878384, 46.527501928517651 ], [ 6.624721653502351, 46.527689992324213 ], [ 6.624367129596207, 46.527827409571898 ], [ 6.623988366859083, 46.527971317787426 ], [ 6.623634716216084, 46.528106759906109 ], [ 6.62349305068714, 46.52816103213155 ], [ 6.623398249917012, 46.528205322420987 ], [ 6.622893195656562, 46.528398310749999 ], [ 6.622560527279705, 46.528527531188139 ], [ 6.622317510391804, 46.528634095858507 ], [ 6.622089047778471, 46.528735753940445 ], [ 6.62187269096149, 46.528835834438802 ], [ 6.621757626343964, 46.528894317261802 ], [ 6.621646423482781, 46.528950821649978 ], [ 6.621452934633983, 46.529053863803284 ], [ 6.621439571171955, 46.529060973419291 ], [ 6.621062157942008, 46.529274844267739 ], [ 6.620665337594534, 46.529493602786353 ], [ 6.620329312580781, 46.529684451749681 ], [ 6.62017351920526, 46.529769969355073 ], [ 6.61991302099926, 46.529914699189916 ], [ 6.619628118162193, 46.53007593102658 ], [ 6.619476488390523, 46.530204793904986 ], [ 6.619069858773077, 46.530433461775402 ], [ 6.618911747631349, 46.530525420127006 ], [ 6.618877463628402, 46.53054535965925 ], [ 6.618716791833156, 46.530632504328722 ], [ 6.618178405698235, 46.530953515316696 ], [ 6.618039357095827, 46.531047481497431 ], [ 6.61795853393116, 46.531125198905436 ], [ 6.61788472783775, 46.53121463494228 ], [ 6.617861861409878, 46.53125089470111 ], [ 6.617830300448883, 46.531300900556914 ], [ 6.617802764575478, 46.531365671115829 ], [ 6.617757134565235, 46.53150863971323 ], [ 6.61776091959319, 46.531576974398469 ], [ 6.617771964470648, 46.53164535260774 ], [ 6.617804305898952, 46.531742231553615 ], [ 6.617844019982732, 46.53182916017029 ], [ 6.617912138444541, 46.531952944291142 ], [ 6.617990079959008, 46.532066804758429 ], [ 6.61800934162301, 46.532090261925376 ], [ 6.618118090489107, 46.532222688125422 ], [ 6.618258335077767, 46.532366991868201 ], [ 6.61835359948627, 46.532452657632703 ], [ 6.618460668590007, 46.532556724675992 ], [ 6.618601369869285, 46.532671047322069 ], [ 6.618730482616443, 46.532753628822931 ], [ 6.618898000971531, 46.532851466118068 ], [ 6.619077651719173, 46.532944415954589 ], [ 6.619439519217027, 46.533121966925776 ], [ 6.619611837068171, 46.533221520066711 ], [ 6.619717521404682, 46.533403313709016 ] ], [ [ 6.631049275646209, 46.524749474186486 ], [ 6.631241900193215, 46.524620878895441 ], [ 6.63141222346283, 46.524495804001916 ], [ 6.631525012219278, 46.524412960954876 ], [ 6.631705678148053, 46.524275958445074 ], [ 6.631798503638814, 46.524203291636141 ], [ 6.631850203679029, 46.524135361105998 ], [ 6.631877918166732, 46.524057247358392 ], [ 6.631878713916739, 46.524003933279928 ], [ 6.631836434666415, 46.52392533077812 ], [ 6.631701284195607, 46.523762746075434 ], [ 6.631528179045709, 46.523553246536821 ], [ 6.631357337902428, 46.523355430743699 ], [ 6.631269513606708, 46.523256496644272 ], [ 6.63112432033083, 46.523280454362137 ], [ 6.63099841474771, 46.523306222476769 ], [ 6.630891959514108, 46.523323789577077 ], [ 6.630790437226994, 46.52333307033409 ], [ 6.630599783749527, 46.523330048283995 ], [ 6.630339125732903, 46.523328191439134 ], [ 6.630049548552154, 46.523322781340944 ], [ 6.629943602155291, 46.523303701160984 ], [ 6.629665178523084, 46.523200078438144 ], [ 6.629607564248208, 46.523178014028652 ], [ 6.629549913368472, 46.523159268881365 ], [ 6.629497570939641, 46.5231089133624 ], [ 6.629223413745811, 46.522718758879115 ], [ 6.629012745674302, 46.52244067117033 ], [ 6.628925388285793, 46.522310081341814 ], [ 6.6287408607252, 46.522382073194777 ], [ 6.627806436321824, 46.522723618755499 ], [ 6.626627005939548, 46.523145051768545 ] ], [ [ 6.620655902482629, 46.542081322495214 ], [ 6.62099907137404, 46.542222074137428 ], [ 6.621132559107538, 46.542262825436637 ], [ 6.621290964474315, 46.54231115980933 ], [ 6.621342754864521, 46.542337540455357 ], [ 6.621371351762332, 46.542364761618956 ], [ 6.621382594831479, 46.542386864985062 ], [ 6.621383674602231, 46.542412880426589 ], [ 6.621365908317364, 46.542436754028344 ], [ 6.621323550854873, 46.542456465269929 ], [ 6.621254528025871, 46.542469507271164 ], [ 6.621108782086019, 46.54247112931516 ], [ 6.62091581029158, 46.542298102860897 ], [ 6.62074890232709, 46.542158630369016 ], [ 6.620655902482629, 46.542081322495214 ], [ 6.620412614558591, 46.541882950376291 ] ], [ [ 6.635332726376558, 46.556338408708662 ], [ 6.635368972673809, 46.556500279346302 ], [ 6.635379349958575, 46.556551369410442 ], [ 6.635452449694587, 46.556911512970444 ], [ 6.635470238366217, 46.556999179447843 ], [ 6.635476467872166, 46.557029279344412 ], [ 6.635508551094521, 46.557184391421004 ], [ 6.635532606364769, 46.557305819436557 ], [ 6.635587180312371, 46.557581493799546 ], [ 6.635614322248482, 46.557704976736282 ], [ 6.635661692243644, 46.55793192243884 ], [ 6.635715464206213, 46.558158985365019 ], [ 6.635761690142433, 46.558354157853799 ], [ 6.635809407036311, 46.558556087904122 ], [ 6.635824759908183, 46.558661180433248 ], [ 6.635876744520825, 46.558899790553383 ], [ 6.63587324246139, 46.558973092626168 ], [ 6.635848375349281, 46.55902289885482 ], [ 6.635800468386825, 46.559082041975209 ], [ 6.635807837531705, 46.559084630977061 ], [ 6.63581493691558, 46.559087820806312 ], [ 6.635822024936719, 46.559091775219358 ], [ 6.635827576083986, 46.559095592818778 ], [ 6.635832934241272, 46.559100110745334 ], [ 6.635837621866719, 46.559104992768063 ], [ 6.635841509493766, 46.559110174999091 ], [ 6.635844624004816, 46.559115603652316 ], [ 6.635847037758927, 46.55912167506586 ], [ 6.635848327975489, 46.559127000857721 ], [ 6.635848906399652, 46.559132834391157 ], [ 6.635848572007463, 46.559138661469532 ], [ 6.635847240407711, 46.559144895314475 ], [ 6.635845134815525, 46.55915055693464 ], [ 6.63584217110713, 46.55915604156143 ], [ 6.635838428726903, 46.559161268792117 ], [ 6.635833907942055, 46.559166220636421 ], [ 6.635829097658459, 46.55917046874108 ], [ 6.635822783334315, 46.559175003078984 ], [ 6.635816285036483, 46.559178753458816 ], [ 6.635809259173321, 46.559182023316531 ], [ 6.635795458006503, 46.559186621654966 ], [ 6.635837719930872, 46.559251080383241 ], [ 6.635863342220877, 46.559314566804673 ], [ 6.635869069237827, 46.559416244719998 ], [ 6.635852526458969, 46.559554415078637 ], [ 6.635851011093564, 46.559562482819047 ], [ 6.635828944051256, 46.559679221492871 ], [ 6.635805706988342, 46.559779030310892 ], [ 6.635774898903049, 46.559902103352385 ], [ 6.635746752125918, 46.560010198785932 ], [ 6.635688883707723, 46.560164737533718 ], [ 6.635656562499395, 46.560224629552636 ], [ 6.635634232806337, 46.56026599739338 ], [ 6.635584741897018, 46.560345622234799 ], [ 6.635535485621713, 46.560408579027559 ], [ 6.635488778625735, 46.560463223488881 ], [ 6.635444533128525, 46.560514583794799 ], [ 6.635378451517349, 46.560574092941323 ], [ 6.635317243079582, 46.560628634727358 ], [ 6.635253684548116, 46.560679831310431 ], [ 6.635163375440759, 46.560742515415015 ], [ 6.63496547134543, 46.560892734091283 ], [ 6.634784641829261, 46.561033069718547 ], [ 6.634721020923319, 46.561089267374136 ], [ 6.634649999183697, 46.561153742929761 ], [ 6.634568743530687, 46.561256478147982 ], [ 6.634526737079303, 46.561321159127942 ], [ 6.634486956473846, 46.561397514745813 ], [ 6.634456862455464, 46.561470610425708 ], [ 6.634431668956948, 46.561540421267992 ] ], [ [ 6.628298452368905, 46.517514472054593 ], [ 6.628299053437241, 46.517520449746769 ], [ 6.628298093309167, 46.517526254357087 ], [ 6.628295637674524, 46.517531850370247 ], [ 6.628291754785163, 46.517537031363872 ], [ 6.628286577100203, 46.517541654346829 ], [ 6.628280827752877, 46.517545292672764 ], [ 6.628273678289549, 46.51754844420396 ], [ 6.628265238345496, 46.517550749880101 ], [ 6.628258120703761, 46.517551778562314 ], [ 6.628249008681429, 46.517551974352735 ], [ 6.628240656236485, 46.517551051058668 ], [ 6.628231581567267, 46.517548755199869 ], [ 6.628224277707956, 46.517545689332209 ], [ 6.628218414858035, 46.517542120982355 ], [ 6.628212754794272, 46.517537195672574 ], [ 6.628209099089569, 46.517532437615785 ], [ 6.628206335153234, 46.517526435474593 ], [ 6.628205504068961, 46.517516677783952 ], [ 6.628206887865089, 46.517511299017109 ], [ 6.628209797946463, 46.517505814205506 ], [ 6.628214095515052, 46.517500789110628 ], [ 6.628220108752624, 46.517496064147373 ], [ 6.628226231793936, 46.517492707372789 ], [ 6.628234264203941, 46.517489769062408 ], [ 6.628241703732054, 46.517488130947775 ], [ 6.628250733701832, 46.517487322838207 ], [ 6.628259199143462, 46.517487662193489 ], [ 6.628267414130414, 46.517489061296622 ], [ 6.628275132168302, 46.517491446418148 ], [ 6.628281589869919, 46.51749445226136 ], [ 6.628288091823154, 46.517498852813013 ], [ 6.628292612783855, 46.517503266201118 ], [ 6.628296436758666, 46.517508970045867 ], [ 6.628298452368905, 46.517514472054593 ], [ 6.628454348179831, 46.517487589793618 ], [ 6.628433826134946, 46.517423067257113 ], [ 6.629304533359125, 46.517300998736957 ], [ 6.629471195029324, 46.517292202052772 ], [ 6.630114495694782, 46.517205137007622 ], [ 6.630121155628039, 46.517238191094364 ], [ 6.630264047331266, 46.517222431784504 ] ], [ [ 6.630121155628039, 46.517238191094364 ], [ 6.630134896349064, 46.517293587934738 ], [ 6.629494030422834, 46.517378988202516 ], [ 6.629453414278768, 46.517383997169325 ], [ 6.629225645311998, 46.517412077228961 ], [ 6.629097616555057, 46.517419484992857 ], [ 6.629073654595371, 46.517422759483772 ], [ 6.628459120116391, 46.517506560627979 ], [ 6.628454348179831, 46.517487589793618 ] ], [ [ 6.635795458006503, 46.559186621654966 ], [ 6.635787712510968, 46.559188294120474 ], [ 6.63577876028828, 46.559189553228819 ], [ 6.63577097987784, 46.559190064955281 ], [ 6.635761838263213, 46.559190027291088 ], [ 6.635754074297725, 46.559189432618027 ], [ 6.635746123151922, 46.559188269869253 ], [ 6.635737427036934, 46.559186337186425 ], [ 6.635729689679477, 46.559183952485121 ], [ 6.635722908806616, 46.55918126868238 ], [ 6.635715995054583, 46.559177873251137 ], [ 6.635709648986716, 46.559174014039762 ], [ 6.635703922362894, 46.559169718402636 ], [ 6.635698840595048, 46.559165031499823 ], [ 6.635694213160511, 46.559159610133811 ], [ 6.635690960638109, 46.559154693275332 ], [ 6.635688186657234, 46.55914916806978 ], [ 6.635686191143269, 46.559143036638574 ], [ 6.635685266603716, 46.559137677447012 ], [ 6.635685079404152, 46.55913184667979 ], [ 6.635685876907617, 46.559125573074681 ], [ 6.635687501230371, 46.559119827088836 ], [ 6.635690921487385, 46.559112582468472 ], [ 6.635694495826356, 46.559107255097388 ], [ 6.635698848032065, 46.559102239093839 ], [ 6.635703886421673, 46.55909756079744 ], [ 6.635709636674421, 46.559093247377866 ], [ 6.635715467511266, 46.559089654212279 ], [ 6.635722877417598, 46.559085991250264 ], [ 6.635729659858727, 46.559083304419829 ], [ 6.635737389689419, 46.559080930155318 ], [ 6.635746091252004, 46.559078985577436 ], [ 6.635754377470009, 46.55907778473388 ], [ 6.635762798439636, 46.55907716958626 ], [ 6.635770610467506, 46.559077161863144 ], [ 6.635779704118466, 46.559077792927106 ], [ 6.635788006666233, 46.559079003139118 ], [ 6.635800468386825, 46.559082041975209 ] ], [ [ 6.628231581567267, 46.517548755199869 ], [ 6.628150638725844, 46.517637651936127 ], [ 6.628070185698365, 46.517690387865734 ], [ 6.627975331743571, 46.517739701271267 ], [ 6.627875680410438, 46.517785642764174 ], [ 6.627168887277928, 46.518080491358035 ], [ 6.625988826821352, 46.5185502306025 ], [ 6.62536214487888, 46.51881400272466 ], [ 6.624776691047909, 46.519064717032272 ], [ 6.624611251434557, 46.519134734005107 ], [ 6.624033389832698, 46.519379291708169 ], [ 6.623831802313251, 46.519462811991943 ], [ 6.623401779217552, 46.519648001582219 ], [ 6.623098207511935, 46.519770775241284 ], [ 6.622677974157775, 46.519947693129467 ], [ 6.622617037980674, 46.519987251421824 ], [ 6.62257304013284, 46.520023584987072 ], [ 6.622545917910815, 46.520061713210552 ], [ 6.622528337817558, 46.520106576175699 ], [ 6.622527457678833, 46.520164873489648 ], [ 6.622533785059791, 46.520226578195079 ], [ 6.622554425964054, 46.520298371526621 ], [ 6.622842585752444, 46.520716971959779 ], [ 6.62289610208567, 46.520800381681823 ], [ 6.623132631759653, 46.521168924678484 ], [ 6.623236751456814, 46.521331134864653 ], [ 6.623315020931012, 46.52144976204827 ], [ 6.624459081854036, 46.52307304565425 ], [ 6.624603705754999, 46.523284375938417 ], [ 6.624780148145256, 46.523542201149624 ], [ 6.624802269966949, 46.52358343596223 ], [ 6.624913610046487, 46.523568806327468 ], [ 6.625211733935591, 46.523516454973539 ], [ 6.625824337193182, 46.523390897243139 ], [ 6.626107745874473, 46.52332461114279 ], [ 6.626139263263852, 46.523314833225264 ], [ 6.626627005939548, 46.523145051768545 ] ], [ [ 6.63756803600501, 46.516765339551689 ], [ 6.637625381948877, 46.516883539073575 ], [ 6.637856935028121, 46.517383367362171 ], [ 6.63806010541006, 46.517842989303354 ], [ 6.638028506526367, 46.517857753740842 ], [ 6.637324390154596, 46.518141034123438 ], [ 6.636705445120461, 46.518374921163407 ], [ 6.636173840139818, 46.518579429845168 ], [ 6.635387548723751, 46.518893585270867 ], [ 6.634763186722371, 46.51914092658869 ], [ 6.634306498584052, 46.519335953860946 ] ], [ [ 6.63756803600501, 46.516765339551689 ], [ 6.637428952630446, 46.516785516013599 ], [ 6.636960152883513, 46.516823855601544 ], [ 6.636750002070564, 46.516835702368446 ], [ 6.635868353359339, 46.516882786086619 ], [ 6.634885170097965, 46.516942475761191 ], [ 6.634876222243427, 46.516943033088694 ], [ 6.633776317383479, 46.517011241982104 ], [ 6.632971872466865, 46.517068944617257 ], [ 6.632846114599517, 46.517077965031817 ], [ 6.632184205524335, 46.517118232567817 ], [ 6.631527103719317, 46.517161139320692 ], [ 6.631217838214322, 46.517181338653373 ], [ 6.630722800145906, 46.517199467501591 ], [ 6.630372305146364, 46.517214252111479 ], [ 6.630371318109871, 46.517220128514587 ], [ 6.630369057886409, 46.5172257439555 ], [ 6.630365882610266, 46.517230678170364 ], [ 6.630360943020692, 46.517235950660691 ], [ 6.63035527443112, 46.517240300356235 ], [ 6.630348729475335, 46.517243996089121 ], [ 6.630342029114621, 46.517246755122038 ], [ 6.630334190036867, 46.517248975271706 ], [ 6.630325437923938, 46.51725037926758 ], [ 6.630317638775337, 46.517250800484717 ], [ 6.630308576123749, 46.517250313089733 ], [ 6.630300334656511, 46.517248940933889 ], [ 6.630292509901817, 46.517246717119342 ], [ 6.630285800779402, 46.517243961489591 ], [ 6.630278784735442, 46.51723994422111 ], [ 6.63027320779072, 46.517235550376128 ], [ 6.630268988266992, 46.517231013270766 ], [ 6.630264047331266, 46.517222431784504 ], [ 6.630262591693, 46.517216942798584 ], [ 6.630262360097029, 46.517210643892263 ], [ 6.630263352239204, 46.517205298295075 ], [ 6.630265651697655, 46.517199674139668 ], [ 6.630269502816009, 46.517193989073121 ], [ 6.630274227741385, 46.517189128876666 ], [ 6.630279512540366, 46.517185172277713 ], [ 6.630286647480705, 46.517181237858921 ], [ 6.630294001090517, 46.517178366535369 ], [ 6.630301928949442, 46.517176308950631 ], [ 6.630309569321605, 46.517175175912911 ], [ 6.630317993232418, 46.517174804128778 ], [ 6.630326416723275, 46.517175331949012 ], [ 6.630335268039962, 46.517176879374162 ], [ 6.630342442759942, 46.517178999597078 ], [ 6.630349293325539, 46.517181882176466 ], [ 6.630355624285215, 46.517185525719796 ], [ 6.630361626114653, 46.517190264439265 ], [ 6.630365793119005, 46.517194828155127 ], [ 6.630369231632042, 46.517200178335067 ], [ 6.630371525631189, 46.517206249042296 ], [ 6.630372305146364, 46.517214252111479 ] ], [ [ 6.632349754941282, 46.519611979411565 ], [ 6.632524090845434, 46.519574895106466 ], [ 6.632726960410757, 46.519534738679226 ], [ 6.632751637715066, 46.519529858197039 ], [ 6.632838962349156, 46.519514339565596 ], [ 6.633049309132547, 46.51947698847782 ], [ 6.633185800328273, 46.519461683784421 ], [ 6.633498884232848, 46.519426554631657 ], [ 6.634306498584052, 46.519335953860946 ] ] ] } },
{ "type": "Feature", "properties": { "CADRE_NO": "10.021", "DDT_URL": null, "ETC_NOM": "Transports publics de la région lausannoise", "ETC_SIGLE": "TL", "ETC_URL": "https://www.t-l.ch", "GO_CENTRE": 0, "HORAIR_URL": "https://www.tableaux-horaires.ch/fileadmin/fap_pdf_fields/2025/10.021.pdf", "LIGNE_NO": "21", "LIGNE_NOM": "Paudex Verrières - Pully port - Lausanne gare - Beaulieu - Blécherette", "LIGNE_SIGL": null, "LIGNE_TYPE": "Trolleybus", "PLAN_URL": "https://prestations.vd.ch/pub/101587/api/download/2_Cartographie_et_geodonnees/2.1_Carte_des_reseaux/Carte_des_lignes_TP/topo/ligne_10.021.pdf", "SHAPE_LEN": 8859.012 }, "geometry": { "type": "MultiLineString", "coordinates": [ [ [ 6.625726083512513, 46.524948035847075 ], [ 6.625650359276364, 46.52484753777118 ], [ 6.625285254192566, 46.524405048412802 ], [ 6.625192968398757, 46.524282759719839 ], [ 6.62516027180243, 46.524235745648362 ], [ 6.625112636972136, 46.524167231764167 ], [ 6.62500705147108, 46.523964863366551 ], [ 6.624887440038942, 46.523732401316629 ] ], [ [ 6.620655902482629, 46.542081322495214 ], [ 6.62099907137404, 46.542222074137428 ], [ 6.621132559107538, 46.542262825436637 ], [ 6.621290964474315, 46.54231115980933 ], [ 6.621342754864521, 46.542337540455357 ], [ 6.621371351762332, 46.542364761618956 ], [ 6.621382594831479, 46.542386864985062 ], [ 6.621383674602231, 46.542412880426589 ], [ 6.621365908317364, 46.542436754028344 ], [ 6.621323550854873, 46.542456465269929 ], [ 6.621254528025871, 46.542469507271164 ], [ 6.621108782086019, 46.54247112931516 ], [ 6.62091581029158, 46.542298102860897 ], [ 6.62074890232709, 46.542158630369016 ], [ 6.620655902482629, 46.542081322495214 ], [ 6.620412614558591, 46.541882950376291 ] ], [ [ 6.635203523553559, 46.509592481450149 ], [ 6.635207977802901, 46.509675906635827 ], [ 6.635229953082693, 46.509793793958757 ], [ 6.635260767964548, 46.509914829544016 ], [ 6.635306150956017, 46.510053357720132 ], [ 6.635364768519531, 46.510200921707813 ], [ 6.635421318860705, 46.510310489587987 ], [ 6.635486959313882, 46.510416883219747 ], [ 6.635559805772746, 46.510503086662695 ], [ 6.635648187222815, 46.510588203563998 ], [ 6.635770852633608, 46.510685473888707 ], [ 6.635869818205943, 46.510752826315212 ], [ 6.635994764981302, 46.510813210637203 ], [ 6.636057779953265, 46.510839403324653 ], [ 6.636157147855109, 46.510880570767526 ], [ 6.63624636542636, 46.510908577025376 ], [ 6.63633910655585, 46.510931831221036 ], [ 6.636522926175616, 46.510973613681948 ], [ 6.636841780852539, 46.511044067418254 ], [ 6.63690551092603, 46.511049321824267 ], [ 6.637130229386559, 46.511120610916223 ] ], [ [ 6.635240348659086, 46.509551927105562 ], [ 6.635405934321101, 46.509476183454112 ], [ 6.635652102509207, 46.509369208977844 ], [ 6.635842480166203, 46.509295367466152 ], [ 6.636615474752499, 46.509018638375061 ], [ 6.636889937458732, 46.508922278780545 ], [ 6.637065203910416, 46.508850649405126 ], [ 6.637179910396962, 46.508798257250277 ], [ 6.637297285763101, 46.508744237556307 ], [ 6.637493125065509, 46.508642679006158 ], [ 6.63796387030188, 46.5083863315906 ], [ 6.638334732421593, 46.50816931900259 ], [ 6.638561079778153, 46.508047678768975 ], [ 6.638686521508693, 46.507999535021696 ], [ 6.638867709513605, 46.507946494569246 ], [ 6.638939305923853, 46.507929717970853 ], [ 6.639087258058487, 46.507895028702499 ], [ 6.639297197847747, 46.507844835106972 ], [ 6.639434037421716, 46.507804732397105 ], [ 6.639555660781544, 46.507756551795339 ], [ 6.639680257297792, 46.507687907952828 ], [ 6.639712401344564, 46.507670205219299 ], [ 6.639855951448586, 46.50756652005888 ], [ 6.640365555100576, 46.507172490736636 ], [ 6.640498867804791, 46.507078106627844 ], [ 6.640594553026093, 46.507018092474638 ], [ 6.640787344092965, 46.506918297092739 ], [ 6.641000519676574, 46.506840046409984 ], [ 6.641184118999637, 46.506779453565883 ], [ 6.641414121330349, 46.506726320510836 ], [ 6.641720180344083, 46.50665944469015 ], [ 6.641967241020285, 46.506621921618901 ], [ 6.642151984226659, 46.506599415621267 ], [ 6.64236077537065, 46.506584212054598 ], [ 6.642564729313608, 46.506576314943352 ], [ 6.642597123307299, 46.506576038544523 ], [ 6.642733109645195, 46.506574923867795 ], [ 6.644239142347978, 46.506546161246924 ], [ 6.645104062508485, 46.506529618282769 ], [ 6.645335273869597, 46.506525163492853 ], [ 6.646297457699236, 46.506506592940013 ], [ 6.646415780392137, 46.50650432489482 ], [ 6.647037273681518, 46.506494441838363 ], [ 6.648745459855923, 46.506467291219003 ], [ 6.649424492583141, 46.50645439533659 ], [ 6.649819899001393, 46.506446863774279 ], [ 6.649912706954521, 46.506446645639741 ], [ 6.650426045978168, 46.506436756480376 ], [ 6.650755117448308, 46.506430433872737 ], [ 6.652209586077857, 46.50640518361503 ], [ 6.652676246777668, 46.5064003222408 ], [ 6.653312060870515, 46.50639368870867 ], [ 6.653746917077339, 46.506399649850493 ], [ 6.65392350243354, 46.50640468617302 ], [ 6.654410810057553, 46.506437797942816 ], [ 6.654833500788945, 46.506473204843395 ], [ 6.654984075398358, 46.506485805345591 ], [ 6.655816033974161, 46.506557870046066 ], [ 6.656198305995902, 46.506588206948678 ], [ 6.656740221091039, 46.506631203264241 ], [ 6.657163434374954, 46.506670320442758 ], [ 6.65751840363524, 46.506702156007449 ], [ 6.657546848010438, 46.506704708884577 ], [ 6.658311784332262, 46.506762871515129 ], [ 6.658829261176447, 46.506802199215493 ], [ 6.659079140771572, 46.506813237045399 ], [ 6.65929988739434, 46.506811641587163 ], [ 6.659498211762806, 46.506803675386337 ], [ 6.659777991846724, 46.506771376217465 ], [ 6.660547328237723, 46.506683350204717 ], [ 6.660872076445795, 46.506656025814287 ], [ 6.66109060387131, 46.506652864339934 ], [ 6.661212194594725, 46.506655245245604 ] ], [ [ 6.63690551092603, 46.511049321824267 ], [ 6.636841780852539, 46.511044067418254 ] ], [ [ 6.628298452368905, 46.517514472054593 ], [ 6.628299053437241, 46.517520449746769 ], [ 6.628298093309167, 46.517526254357087 ], [ 6.628295637674524, 46.517531850370247 ], [ 6.628291754785163, 46.517537031363872 ], [ 6.628286577100203, 46.517541654346829 ], [ 6.628280827752877, 46.517545292672764 ], [ 6.628273678289549, 46.51754844420396 ], [ 6.628265238345496, 46.517550749880101 ], [ 6.628258120703761, 46.517551778562314 ], [ 6.628249008681429, 46.517551974352735 ], [ 6.628240656236485, 46.517551051058668 ], [ 6.628231581567267, 46.517548755199869 ], [ 6.628224277707956, 46.517545689332209 ], [ 6.628218414858035, 46.517542120982355 ], [ 6.628212754794272, 46.517537195672574 ], [ 6.628209099089569, 46.517532437615785 ], [ 6.628206335153234, 46.517526435474593 ], [ 6.628205504068961, 46.517516677783952 ], [ 6.628206887865089, 46.517511299017109 ], [ 6.628209797946463, 46.517505814205506 ], [ 6.628214095515052, 46.517500789110628 ], [ 6.628220108752624, 46.517496064147373 ], [ 6.628226231793936, 46.517492707372789 ], [ 6.628234264203941, 46.517489769062408 ], [ 6.628241703732054, 46.517488130947775 ], [ 6.628250733701832, 46.517487322838207 ], [ 6.628259199143462, 46.517487662193489 ], [ 6.628267414130414, 46.517489061296622 ], [ 6.628275132168302, 46.517491446418148 ], [ 6.628281589869919, 46.51749445226136 ], [ 6.628288091823154, 46.517498852813013 ], [ 6.628292612783855, 46.517503266201118 ], [ 6.628296436758666, 46.517508970045867 ], [ 6.628298452368905, 46.517514472054593 ], [ 6.628454348179831, 46.517487589793618 ], [ 6.628433826134946, 46.517423067257113 ], [ 6.629304533359125, 46.517300998736957 ], [ 6.629471195029324, 46.517292202052772 ], [ 6.630114495694782, 46.517205137007622 ], [ 6.630121155628039, 46.517238191094364 ], [ 6.630264047331266, 46.517222431784504 ] ], [ [ 6.630121155628039, 46.517238191094364 ], [ 6.630134896349064, 46.517293587934738 ], [ 6.629494030422834, 46.517378988202516 ], [ 6.629453414278768, 46.517383997169325 ], [ 6.629225645311998, 46.517412077228961 ], [ 6.629097616555057, 46.517419484992857 ], [ 6.629073654595371, 46.517422759483772 ], [ 6.628459120116391, 46.517506560627979 ], [ 6.628454348179831, 46.517487589793618 ] ], [ [ 6.628231581567267, 46.517548755199869 ], [ 6.628150638725844, 46.517637651936127 ], [ 6.628070185698365, 46.517690387865734 ], [ 6.627975331743571, 46.517739701271267 ], [ 6.627875680410438, 46.517785642764174 ], [ 6.627168887277928, 46.518080491358035 ], [ 6.625988826821352, 46.5185502306025 ], [ 6.62536214487888, 46.51881400272466 ], [ 6.624776691047909, 46.519064717032272 ], [ 6.624611251434557, 46.519134734005107 ], [ 6.624033389832698, 46.519379291708169 ], [ 6.623831802313251, 46.519462811991943 ], [ 6.623401779217552, 46.519648001582219 ], [ 6.623098207511935, 46.519770775241284 ], [ 6.622677974157775, 46.519947693129467 ], [ 6.622617037980674, 46.519987251421824 ], [ 6.62257304013284, 46.520023584987072 ], [ 6.622545917910815, 46.520061713210552 ], [ 6.622528337817558, 46.520106576175699 ], [ 6.622527457678833, 46.520164873489648 ], [ 6.622533785059791, 46.520226578195079 ], [ 6.622554425964054, 46.520298371526621 ], [ 6.622842585752444, 46.520716971959779 ], [ 6.62289610208567, 46.520800381681823 ], [ 6.623132631759653, 46.521168924678484 ], [ 6.623236751456814, 46.521331134864653 ], [ 6.623315020931012, 46.52144976204827 ], [ 6.624459081854036, 46.52307304565425 ], [ 6.624603705754999, 46.523284375938417 ], [ 6.624780148145256, 46.523542201149624 ], [ 6.624802269966949, 46.52358343596223 ], [ 6.624809889088676, 46.523597632461751 ], [ 6.624812170862302, 46.523601894981461 ], [ 6.624830194194928, 46.523633150719228 ], [ 6.624887440038942, 46.523732401316629 ] ], [ [ 6.637168945811979, 46.511231671875315 ], [ 6.637170215082267, 46.511495877542835 ], [ 6.637154648496488, 46.511848035802537 ], [ 6.637136638970625, 46.512016908780836 ], [ 6.637112641647981, 46.512123837459363 ], [ 6.637078700242908, 46.512204526280776 ], [ 6.637023773381324, 46.512304111469298 ], [ 6.636944482644181, 46.51242018515692 ], [ 6.636861963617248, 46.512521959201749 ], [ 6.636769245234109, 46.512612937763123 ], [ 6.636712652045981, 46.512655251015488 ], [ 6.636669894454561, 46.512687199631451 ], [ 6.636550528818177, 46.512750911422891 ], [ 6.636537742557343, 46.512757289180996 ], [ 6.636186751877398, 46.512932191153759 ], [ 6.635950814116931, 46.513062620077733 ], [ 6.635882146833228, 46.513116794264334 ], [ 6.635842597159888, 46.513167827960352 ], [ 6.635824374772108, 46.513198924361681 ], [ 6.635817233198289, 46.513244609858525 ], [ 6.635821334695185, 46.513294836985743 ], [ 6.635845894773841, 46.513373105741024 ], [ 6.63589903226391, 46.513473230292853 ], [ 6.636055984808599, 46.513763834637771 ], [ 6.636221146102549, 46.514071274499244 ], [ 6.636502836296344, 46.514604053230769 ], [ 6.636691625665013, 46.514974883849611 ], [ 6.636696374325319, 46.514984183377763 ], [ 6.637311116558803, 46.516111651532476 ], [ 6.637564466170176, 46.516598203319624 ], [ 6.637587179548089, 46.516645710045033 ], [ 6.637634565115067, 46.51675364667539 ], [ 6.63756803600501, 46.516765339551689 ], [ 6.637428952630446, 46.516785516013599 ], [ 6.636960152883513, 46.516823855601544 ], [ 6.636750002070564, 46.516835702368446 ], [ 6.635868353359339, 46.516882786086619 ], [ 6.634885170097965, 46.516942475761191 ], [ 6.634876222243427, 46.516943033088694 ], [ 6.633776317383479, 46.517011241982104 ], [ 6.632971872466865, 46.517068944617257 ], [ 6.632846114599517, 46.517077965031817 ], [ 6.632184205524335, 46.517118232567817 ], [ 6.631527103719317, 46.517161139320692 ], [ 6.631217838214322, 46.517181338653373 ], [ 6.630722800145906, 46.517199467501591 ], [ 6.630372305146364, 46.517214252111479 ], [ 6.630371318109871, 46.517220128514587 ], [ 6.630369057886409, 46.5172257439555 ], [ 6.630365882610266, 46.517230678170364 ], [ 6.630360943020692, 46.517235950660691 ], [ 6.63035527443112, 46.517240300356235 ], [ 6.630348729475335, 46.517243996089121 ], [ 6.630342029114621, 46.517246755122038 ], [ 6.630334190036867, 46.517248975271706 ], [ 6.630325437923938, 46.51725037926758 ], [ 6.630317638775337, 46.517250800484717 ], [ 6.630308576123749, 46.517250313089733 ], [ 6.630300334656511, 46.517248940933889 ], [ 6.630292509901817, 46.517246717119342 ], [ 6.630285800779402, 46.517243961489591 ], [ 6.630278784735442, 46.51723994422111 ], [ 6.63027320779072, 46.517235550376128 ], [ 6.630268988266992, 46.517231013270766 ], [ 6.630264047331266, 46.517222431784504 ], [ 6.630262591693, 46.517216942798584 ], [ 6.630262360097029, 46.517210643892263 ], [ 6.630263352239204, 46.517205298295075 ], [ 6.630265651697655, 46.517199674139668 ], [ 6.630269502816009, 46.517193989073121 ], [ 6.630274227741385, 46.517189128876666 ], [ 6.630279512540366, 46.517185172277713 ], [ 6.630286647480705, 46.517181237858921 ], [ 6.630294001090517, 46.517178366535369 ], [ 6.630301928949442, 46.517176308950631 ], [ 6.630309569321605, 46.517175175912911 ], [ 6.630317993232418, 46.517174804128778 ], [ 6.630326416723275, 46.517175331949012 ], [ 6.630335268039962, 46.517176879374162 ], [ 6.630342442759942, 46.517178999597078 ], [ 6.630349293325539, 46.517181882176466 ], [ 6.630355624285215, 46.517185525719796 ], [ 6.630361626114653, 46.517190264439265 ], [ 6.630365793119005, 46.517194828155127 ], [ 6.630369231632042, 46.517200178335067 ], [ 6.630371525631189, 46.517206249042296 ], [ 6.630372305146364, 46.517214252111479 ] ], [ [ 6.625726083512513, 46.524948035847075 ], [ 6.625985911168467, 46.525328119536688 ], [ 6.626153713771608, 46.525565918303954 ], [ 6.626366590075484, 46.525857350298708 ], [ 6.626515332494794, 46.526078351298878 ], [ 6.626812785251003, 46.526510582709179 ], [ 6.627174454483486, 46.527036112145666 ], [ 6.627054695805487, 46.527075396051721 ], [ 6.626970682584131, 46.527102952782521 ], [ 6.626682181680118, 46.527184210177992 ], [ 6.626379214062154, 46.527265345285727 ], [ 6.626185070610327, 46.527288082701737 ], [ 6.625910091267053, 46.527320298382904 ], [ 6.625859134238423, 46.52732945120497 ], [ 6.625597827320453, 46.527376382709882 ], [ 6.625447522750024, 46.527418621654419 ], [ 6.625214537878384, 46.527501928517651 ], [ 6.624721653502351, 46.527689992324213 ], [ 6.624367129596207, 46.527827409571898 ], [ 6.623988366859083, 46.527971317787426 ], [ 6.623634716216084, 46.528106759906109 ], [ 6.62349305068714, 46.52816103213155 ], [ 6.623398249917012, 46.528205322420987 ], [ 6.622893195656562, 46.528398310749999 ], [ 6.622560527279705, 46.528527531188139 ], [ 6.622317510391804, 46.528634095858507 ], [ 6.622089047778471, 46.528735753940445 ], [ 6.62187269096149, 46.528835834438802 ], [ 6.621757626343964, 46.528894317261802 ], [ 6.621646423482781, 46.528950821649978 ], [ 6.621452934633983, 46.529053863803284 ], [ 6.621439571171955, 46.529060973419291 ], [ 6.621062157942008, 46.529274844267739 ], [ 6.620665337594534, 46.529493602786353 ], [ 6.620329312580781, 46.529684451749681 ], [ 6.62017351920526, 46.529769969355073 ], [ 6.61991302099926, 46.529914699189916 ], [ 6.619628118162193, 46.53007593102658 ], [ 6.619476488390523, 46.530204793904986 ], [ 6.619069858773077, 46.530433461775402 ], [ 6.618911747631349, 46.530525420127006 ], [ 6.618877463628402, 46.53054535965925 ], [ 6.618716791833156, 46.530632504328722 ], [ 6.618178405698235, 46.530953515316696 ], [ 6.618039357095827, 46.531047481497431 ], [ 6.61795853393116, 46.531125198905436 ], [ 6.61788472783775, 46.53121463494228 ], [ 6.617861861409878, 46.53125089470111 ], [ 6.617830300448883, 46.531300900556914 ], [ 6.617802764575478, 46.531365671115829 ], [ 6.617757134565235, 46.53150863971323 ], [ 6.61776091959319, 46.531576974398469 ], [ 6.617771964470648, 46.53164535260774 ], [ 6.617804305898952, 46.531742231553615 ], [ 6.617844019982732, 46.53182916017029 ], [ 6.617912138444541, 46.531952944291142 ], [ 6.617990079959008, 46.532066804758429 ], [ 6.61800934162301, 46.532090261925376 ], [ 6.618118090489107, 46.532222688125422 ], [ 6.618258335077767, 46.532366991868201 ], [ 6.61835359948627, 46.532452657632703 ], [ 6.618460668590007, 46.532556724675992 ], [ 6.618601369869285, 46.532671047322069 ], [ 6.618730482616443, 46.532753628822931 ], [ 6.618898000971531, 46.532851466118068 ], [ 6.619077651719173, 46.532944415954589 ], [ 6.619439519217027, 46.533121966925776 ], [ 6.619611837068171, 46.533221520066711 ] ] ] } },
{ "type": "Feature", "properties": { "CADRE_NO": "10.047", "DDT_URL": null, "ETC_NOM": "Transports publics de la région lausannoise", "ETC_SIGLE": "TL", "ETC_URL": "https://www.t-l.ch", "GO_CENTRE": 0, "HORAIR_URL": "https://www.tableaux-horaires.ch/fileadmin/fap_pdf_fields/2025/10.047.pdf", "LIGNE_NO": "47", "LIGNE_NOM": "Pully - Belmont-sur-Lausanne - Grandvaux", "LIGNE_SIGL": null, "LIGNE_TYPE": "Bus urbain", "PLAN_URL": "https://prestations.vd.ch/pub/101587/api/download/2_Cartographie_et_geodonnees/2.1_Carte_des_reseaux/Carte_des_lignes_TP/topo/ligne_10.047.pdf", "SHAPE_LEN": 10119.536 }, "geometry": { "type": "MultiLineString", "coordinates": [ [ [ 6.667238621724903, 46.521858238534541 ], [ 6.667247688656924, 46.521881330039704 ], [ 6.667310098862167, 46.52207605077313 ], [ 6.667330978906653, 46.52214898865698 ] ], [ [ 6.676938159317316, 46.524232989637767 ], [ 6.677027051510951, 46.524346306628821 ], [ 6.677140145053705, 46.524464364979828 ], [ 6.677229531504938, 46.524542654612056 ], [ 6.677371438048441, 46.524651766150953 ], [ 6.677555209610194, 46.524767239696146 ], [ 6.677818318082868, 46.524890864676713 ], [ 6.67809250514498, 46.524995104918204 ], [ 6.678560993995819, 46.525212422041747 ], [ 6.679175427969845, 46.525539665137387 ], [ 6.679297596688458, 46.525631981454715 ], [ 6.679358496665303, 46.525696377758614 ], [ 6.679399159161732, 46.525786511141952 ], [ 6.679407104420293, 46.525849041671215 ], [ 6.679383851002716, 46.525932656979158 ], [ 6.679334441275352, 46.525994785648386 ], [ 6.679272021459407, 46.526038538304718 ], [ 6.679200984056958, 46.526068541297278 ], [ 6.679066004630661, 46.526091998849303 ], [ 6.678851905401548, 46.526093623801486 ], [ 6.678715027738122, 46.526097267984326 ], [ 6.678620169402753, 46.526109316920049 ], [ 6.678566897364147, 46.52611607586983 ], [ 6.678418603919463, 46.526145542754328 ], [ 6.678308173170988, 46.526150901989261 ], [ 6.678204979847355, 46.526141169327069 ], [ 6.678195009341128, 46.526140229879964 ], [ 6.67815169108206, 46.526136143183358 ], [ 6.678083821887179, 46.526114151727711 ], [ 6.677969335931343, 46.526077040219384 ], [ 6.677835496690844, 46.526021311983769 ], [ 6.677721291908182, 46.525980918560656 ], [ 6.677597834909135, 46.525970968463106 ], [ 6.677290814623722, 46.525988699680831 ], [ 6.677115983028594, 46.526021045411554 ], [ 6.676970059411524, 46.526041386357939 ], [ 6.676802247388179, 46.526046358860711 ], [ 6.676584044317759, 46.526026604417119 ], [ 6.676370276052452, 46.526003847692088 ], [ 6.676216859517256, 46.5259926602414 ], [ 6.676209333945363, 46.525992105887788 ], [ 6.676045832583982, 46.526004716878454 ], [ 6.675921787417598, 46.526037384162365 ], [ 6.675846230289948, 46.52607166377787 ], [ 6.675833807925525, 46.526077301722488 ], [ 6.675766278664279, 46.52610793789821 ], [ 6.67563023979751, 46.526209091905791 ], [ 6.675551736494576, 46.526296922833623 ], [ 6.675501676935369, 46.526404736299646 ], [ 6.675468798260099, 46.526544664178836 ], [ 6.675425302581067, 46.526655580416104 ], [ 6.675375603448964, 46.526735985369434 ], [ 6.675317361038458, 46.526796514579544 ], [ 6.675243653232944, 46.526858478014674 ], [ 6.675154768482999, 46.526900530021898 ], [ 6.675032742313939, 46.526946937871081 ], [ 6.67450192590177, 46.527101990678354 ], [ 6.674421068856294, 46.527125618353622 ], [ 6.674301541246009, 46.527149183356634 ], [ 6.674217560423986, 46.527157748488889 ], [ 6.674080851927506, 46.527149216625943 ], [ 6.673917893820169, 46.527122227738651 ], [ 6.673898898732987, 46.527117961526166 ], [ 6.67368028704079, 46.527068826750458 ], [ 6.673539441090552, 46.527040466083569 ], [ 6.673446883025623, 46.52703069287638 ], [ 6.673352014480389, 46.527028532637722 ], [ 6.673168656322175, 46.527039476239054 ], [ 6.672921385718134, 46.527045436200574 ], [ 6.67285827421045, 46.527047403158811 ], [ 6.67273572776664, 46.527051262834718 ], [ 6.672544964525869, 46.527054967612905 ], [ 6.672297215295165, 46.527045953595724 ], [ 6.672195598051248, 46.527037161712116 ], [ 6.671985956875643, 46.526998951466815 ], [ 6.671807152358619, 46.526942480425092 ], [ 6.671648197627284, 46.526875060192509 ], [ 6.671514403372401, 46.526801782530157 ], [ 6.67137924454307, 46.526698871558132 ], [ 6.671281458557618, 46.526614906961676 ], [ 6.671195883074368, 46.526521012300002 ], [ 6.671106042862004, 46.526388783628725 ], [ 6.671049570223839, 46.526286764416767 ], [ 6.671016971043051, 46.526201567357901 ], [ 6.670980461980908, 46.526053047772791 ], [ 6.670967213715728, 46.525966308375082 ], [ 6.670953092593439, 46.52577126887148 ], [ 6.670921229959029, 46.525464504566095 ], [ 6.67085180840708, 46.525084141428316 ], [ 6.670817214640406, 46.524970611300155 ], [ 6.67078667253565, 46.524910419055026 ], [ 6.670736795550898, 46.524853442448908 ], [ 6.670677167621128, 46.524803038881629 ], [ 6.670308523513733, 46.524585609600592 ], [ 6.670198238412104, 46.52453321640283 ], [ 6.67011689733696, 46.524481028176055 ], [ 6.670069314169385, 46.524432379139853 ], [ 6.670053159144926, 46.524380623478557 ], [ 6.670035125143666, 46.524290531993522 ], [ 6.670040871137682, 46.524225574601793 ], [ 6.670056239049214, 46.524164037918311 ], [ 6.670103245889644, 46.524082717402706 ], [ 6.670171968289056, 46.5240048814996 ], [ 6.670218914595798, 46.523926880062909 ], [ 6.670275614101842, 46.523843969862732 ], [ 6.670298309281066, 46.523775798725616 ], [ 6.670311405680624, 46.523702578772614 ], [ 6.670312424032931, 46.523630941281723 ], [ 6.670289378735725, 46.523554139015765 ], [ 6.670251725988126, 46.523487250385628 ], [ 6.670199616641575, 46.52341691729265 ], [ 6.670140048746298, 46.523361521035291 ], [ 6.670056264336114, 46.523312644729209 ], [ 6.669969903431192, 46.523275409758639 ], [ 6.669857102892231, 46.523229647228781 ], [ 6.669645698018907, 46.523159907494758 ], [ 6.669436607554593, 46.523095166858148 ], [ 6.669112188373278, 46.522993002721805 ], [ 6.669077635822633, 46.522980362801221 ], [ 6.668187795192995, 46.522654702749641 ], [ 6.667957172043874, 46.522570291724563 ], [ 6.667719583520544, 46.522475379499262 ], [ 6.667566452425246, 46.522401147010761 ], [ 6.667465587915144, 46.522345738495289 ], [ 6.667413313369365, 46.522304667065292 ], [ 6.667369707508414, 46.522253417061357 ] ], [ [ 6.661841838291921, 46.521715128953772 ], [ 6.660725337116395, 46.519545932638593 ], [ 6.660659660576655, 46.519417887093603 ], [ 6.660659660576688, 46.519259712768537 ], [ 6.661009935455429, 46.519184391499408 ], [ 6.664271870263632, 46.519206987890421 ], [ 6.664567414692547, 46.519259712767699 ], [ 6.665081880920692, 46.519244648522132 ], [ 6.667034005890055, 46.519131614880031 ], [ 6.667034030275801, 46.519108909050473 ] ], [ [ 6.667034030275801, 46.519108909050473 ], [ 6.667034057848451, 46.519095109318457 ], [ 6.667057956460869, 46.518772053293745 ], [ 6.667089448383482, 46.51842735946645 ], [ 6.667095129936803, 46.518330600759313 ], [ 6.667102182326351, 46.51821083951436 ] ], [ [ 6.667090488428641, 46.518190140961387 ], [ 6.66662527960533, 46.518133648907508 ], [ 6.665848107218135, 46.518160011873526 ], [ 6.66537742534984, 46.518137415046489 ], [ 6.66494505479643, 46.518028196916624 ], [ 6.663557637894056, 46.517480219881925 ], [ 6.662304310593636, 46.517227884956256 ], [ 6.661553135170132, 46.517113957236553 ], [ 6.661122132877948, 46.517071587362508 ], [ 6.66112213287797, 46.516957659314919 ], [ 6.661165917237827, 46.516903049091674 ], [ 6.66130821640732, 46.516829607670509 ], [ 6.661674910421029, 46.51669025700869 ], [ 6.662047077479714, 46.516524542242927 ], [ 6.663940751042925, 46.516211942558826 ], [ 6.664624881665461, 46.516174279824831 ], [ 6.665434892322561, 46.516001030912683 ], [ 6.665057943871233, 46.515611679820061 ], [ 6.664950088255352, 46.515506797025097 ], [ 6.664832842244637, 46.515397954776915 ], [ 6.664754573486889, 46.515333638864341 ], [ 6.664659364546335, 46.515266598451618 ], [ 6.664498583346553, 46.515170485037544 ], [ 6.66441249722341, 46.51512433251159 ], [ 6.664279413337376, 46.51506875507971 ], [ 6.663992566770234, 46.51495484066826 ], [ 6.663814468698469, 46.514883338119546 ], [ 6.663739775335259, 46.514833358619171 ], [ 6.663581550775009, 46.514689096543108 ], [ 6.663527755981282, 46.514627537859994 ], [ 6.663485214716846, 46.514569978333014 ], [ 6.663457299371959, 46.514506599353375 ], [ 6.663425863382352, 46.514420670214257 ], [ 6.663403325457466, 46.514321253843114 ], [ 6.663385376554, 46.514205334106897 ], [ 6.663381558622109, 46.514135363781875 ], [ 6.663376735231963, 46.514047367511061 ], [ 6.663387629907551, 46.513895552796768 ], [ 6.66341366101792, 46.51375136222839 ], [ 6.663459214813739, 46.513613323435202 ], [ 6.663531120884778, 46.513460414335725 ], [ 6.663611471391117, 46.513325608956016 ], [ 6.663744461134248, 46.513165596412421 ], [ 6.663799750663, 46.513107328937373 ], [ 6.66388847345204, 46.512983789631718 ], [ 6.663915183213375, 46.512944875276936 ], [ 6.6639398548567, 46.512895421625736 ], [ 6.663960476479406, 46.51282488057246 ], [ 6.663966258841307, 46.512724164393724 ], [ 6.663952587896106, 46.512614283318911 ], [ 6.663919502034988, 46.512490748577157 ], [ 6.663875170986202, 46.512392685769882 ], [ 6.663813463260567, 46.512291508554178 ], [ 6.663727683299282, 46.51219617619396 ], [ 6.663594198523668, 46.512085494395954 ], [ 6.663504615052963, 46.512022836486715 ], [ 6.663283650120944, 46.511868294447531 ], [ 6.6631367237458, 46.51178459829881 ], [ 6.663032827262287, 46.511738772697122 ], [ 6.662887693945796, 46.511683632929675 ], [ 6.662706701020997, 46.511631288315535 ], [ 6.662514629912732, 46.51157279527267 ], [ 6.662432332829497, 46.511539144629708 ], [ 6.662390754641636, 46.51151821414873 ], [ 6.662341505301331, 46.511493407827906 ], [ 6.662237869060749, 46.511429546201512 ], [ 6.662091507541926, 46.511306719750863 ], [ 6.661951180737494, 46.511171115068215 ] ], [ [ 6.699535084698151, 46.518765931895516 ], [ 6.699463395668339, 46.518766976065471 ] ], [ [ 6.657974319733482, 46.512396385638432 ], [ 6.658159807496983, 46.512405317820615 ], [ 6.658332884061984, 46.512407471253759 ], [ 6.658551803803204, 46.512401321519093 ], [ 6.658773664118866, 46.512383721620225 ], [ 6.659221803969683, 46.512328471715023 ], [ 6.659374456615616, 46.512306580709868 ], [ 6.659528803806809, 46.512275597140579 ], [ 6.659676325309065, 46.5122408331248 ], [ 6.659800595474145, 46.512203714221954 ], [ 6.659938783546206, 46.512155616606499 ], [ 6.660086394283812, 46.512090185150612 ], [ 6.661727286719306, 46.511283507529591 ], [ 6.661951180737494, 46.511171115068215 ] ], [ [ 6.654410810057553, 46.506437797942816 ], [ 6.654833500788945, 46.506473204843395 ], [ 6.654984075398358, 46.506485805345591 ], [ 6.655816033974161, 46.506557870046066 ], [ 6.656198305995902, 46.506588206948678 ], [ 6.656740221091039, 46.506631203264241 ], [ 6.657163434374954, 46.506670320442758 ], [ 6.65751840363524, 46.506702156007449 ], [ 6.657546848010438, 46.506704708884577 ], [ 6.658311784332262, 46.506762871515129 ], [ 6.658829261176447, 46.506802199215493 ], [ 6.659079140771572, 46.506813237045399 ], [ 6.65929988739434, 46.506811641587163 ], [ 6.659498211762806, 46.506803675386337 ], [ 6.659777991846724, 46.506771376217465 ], [ 6.660547328237723, 46.506683350204717 ], [ 6.660872076445795, 46.506656025814287 ], [ 6.66109060387131, 46.506652864339934 ], [ 6.661212194594725, 46.506655245245604 ], [ 6.661241179516721, 46.506361057272031 ], [ 6.661268422309551, 46.506160830063479 ], [ 6.661291745645015, 46.506090928715281 ], [ 6.661341140597263, 46.506043606221311 ], [ 6.661422690347521, 46.506018949218372 ], [ 6.661558879904265, 46.506004454271014 ], [ 6.661838441261835, 46.505991535044274 ], [ 6.66189059258198, 46.505943664444345 ], [ 6.661895234970931, 46.505901657712634 ], [ 6.66188151096899, 46.505869339872135 ], [ 6.661831252278621, 46.505835359401551 ], [ 6.661744069254165, 46.505827745266288 ], [ 6.661678999354403, 46.505837123166707 ], [ 6.661589278932163, 46.505890025932388 ], [ 6.66153570678792, 46.505921612809459 ], [ 6.661422690347521, 46.506018949218372 ] ] ] } }
]
}
