{
"type": "FeatureCollection",
"name": "1973_busv2",
"crs": { "type": "name", "properties": { "name": "urn:ogc:def:crs:EPSG::3857" } },
"features": [
{ "type": "Feature", "properties": { "CADRE_NO": "10.701", "DDT_URL": null, "ETC_NOM": "Transports de la région Morges - Bière - Cossonay", "ETC_SIGLE": "MBC", "ETC_URL": "https://mbc.ch", "GO_CENTRE": 0, "HORAIR_URL": "https://www.tableaux-horaires.ch/fileadmin/fap_pdf_fields/2025/10.701.pdf", "LIGNE_NO": "701", "LIGNE_NOM": "Tolochenaz - Morges - St-Sulpice VD - Ecublens VD - Lausanne", "LIGNE_SIGL": "TPM", "LIGNE_TYPE": "Bus urbain", "PLAN_URL": "https://prestations.vd.ch/pub/101587/api/download/2_Cartographie_et_geodonnees/2.1_Carte_des_reseaux/Carte_des_lignes_TP/topo/ligne_10.701.pdf", "SHAPE_LEN": 11352.987 }, "geometry": { "type": "MultiLineString", "coordinates": [ [ [ 732891.660686157876626, 5864200.59639894310385 ], [ 732921.786916122306138, 5864210.766225717030466 ], [ 732970.762921478133649, 5864228.820939257740974 ], [ 733026.953753130510449, 5864253.957721373997629 ], [ 733063.257570622721687, 5864272.422087242826819 ], [ 733071.966831159195863, 5864276.673938957042992 ] ], [ [ 732872.452834212803282, 5864194.571708945557475 ], [ 732872.723096113651991, 5864193.733451483771205 ], [ 732873.099583807983436, 5864192.86579443141818 ], [ 732873.586617356981151, 5864191.971695900894701 ], [ 732874.11881842976436, 5864191.193068331107497 ], [ 732874.72299461287912, 5864190.466167994774878 ], [ 732875.339022241649218, 5864189.85000741481781 ], [ 732876.119378424366005, 5864189.197806637734175 ], [ 732876.837051538052037, 5864188.706467908807099 ], [ 732877.660285116173327, 5864188.246848681941628 ], [ 732878.590323838754557, 5864187.837882684543729 ], [ 732879.485731801949441, 5864187.5449687410146 ], [ 732880.335094375535846, 5864187.350517102517188 ], [ 732881.340471380157396, 5864187.217445381917059 ], [ 732882.209803050034679, 5864187.187671739608049 ], [ 732883.22616056795232, 5864187.245376595295966 ], [ 732884.0850465396652, 5864187.37558160815388 ], [ 732884.99947614967823, 5864187.600995465181768 ], [ 732885.9576863279799, 5864187.936043256893754 ], [ 732886.813642515800893, 5864188.335463709197938 ], [ 732887.566179195418954, 5864188.773047012276947 ], [ 732888.3364175374154, 5864189.317067876458168 ], [ 732889.103859248803928, 5864189.984766545705497 ], [ 732889.755063704680651, 5864190.668656855821609 ], [ 732890.296023288858123, 5864191.351339746266603 ], [ 732890.849620157969184, 5864192.205897553823888 ], [ 732891.284442789969034, 5864193.04314524307847 ], [ 732891.643375453655608, 5864193.92176827788353 ], [ 732891.895439450163394, 5864194.755559124983847 ], [ 732892.100761451991275, 5864195.751842313446105 ], [ 732892.200776183628477, 5864196.693122685886919 ], [ 732892.210790836950764, 5864197.639239045791328 ], [ 732892.135283853742294, 5864198.578597298823297 ], [ 732891.968452833592892, 5864199.511133881285787 ], [ 732891.660686157876626, 5864200.59639894310385 ], [ 732891.326536401291378, 5864201.439779504202306 ], [ 732890.862586941453628, 5864202.345775962807238 ], [ 732890.393237309879623, 5864203.081432023085654 ], [ 732889.81783588277176, 5864203.830480574630201 ], [ 732889.123564837500453, 5864204.570950267836452 ], [ 732888.413169345352799, 5864205.193356270901859 ], [ 732887.648395520169288, 5864205.746763053350151 ], [ 732886.900750093860552, 5864206.192658074200153 ], [ 732886.049089412437752, 5864206.598118100315332 ], [ 732885.163501292117871, 5864206.921704250387847 ], [ 732884.179969548480585, 5864207.180180110968649 ], [ 732883.251360932481475, 5864207.324281102977693 ], [ 732882.38171050650999, 5864207.383159382268786 ], [ 732881.366484486614354, 5864207.354574649594724 ], [ 732879.67064186767675, 5864207.07839429564774 ], [ 732878.740934885223396, 5864206.790230006910861 ], [ 732877.937920663971454, 5864206.458336084149778 ], [ 732877.101185128674842, 5864206.025650375522673 ], [ 732876.248388864798471, 5864205.46907998714596 ], [ 732875.510538095724769, 5864204.881749951280653 ], [ 732874.881687876419164, 5864204.276693723164499 ], [ 732874.26126282569021, 5864203.564030481502414 ], [ 732873.711068270844407, 5864202.796831524930894 ], [ 732873.201259481254965, 5864201.918009521439672 ], [ 732872.835591429960914, 5864201.125179472379386 ], [ 732872.520304870675318, 5864200.235389876179397 ], [ 732872.286584220244549, 5864199.315930550917983 ], [ 732872.14005758962594, 5864198.382872515358031 ], [ 732872.080018825246952, 5864197.367804486304522 ], [ 732872.112716298433952, 5864196.496381116099656 ], [ 732872.241222884505987, 5864195.486289475113153 ], [ 732872.452834212803282, 5864194.571708945557475 ], [ 732796.319591663894244, 5864172.462459526956081 ], [ 732792.694015867542475, 5864171.408303991891444 ], [ 732735.798271836829372, 5864154.884213763289154 ], [ 732724.940353175625205, 5864151.730611831881106 ], [ 732708.070764597738162, 5864146.424007331952453 ], [ 732592.058953967993148, 5864116.039615510962903 ], [ 732488.91113629413303, 5864088.761324446648359 ], [ 732421.401603378239088, 5864070.226592588238418 ], [ 732380.771841627312824, 5864058.309519776143134 ], [ 732329.69622811046429, 5864041.810667326673865 ], [ 732269.583494258811697, 5864021.796179804950953 ], [ 732218.90228765248321, 5864004.161538098007441 ], [ 732179.253681616857648, 5863989.343704368919134 ], [ 732176.520077139954083, 5863988.323895398527384 ], [ 732122.658125064685009, 5863967.617779813706875 ], [ 732060.13622450013645, 5863943.02159883081913 ], [ 731966.165542816161178, 5863906.315179870463908 ], [ 731896.482979416847229, 5863879.548920652829111 ], [ 731882.501297940034419, 5863873.716885261237621 ], [ 731820.799921783967875, 5863847.975684372708201 ], [ 731798.192974671139382, 5863837.744568444788456 ], [ 731690.574965809006244, 5863789.046734024770558 ], [ 731632.050750316702761, 5863762.21324163954705 ], [ 731613.083412540028803, 5863753.353748221881688 ], [ 731526.462205777061172, 5863712.897410089150071 ], [ 731476.63817689451389, 5863689.530244861729443 ], [ 731447.271936736535281, 5863677.059212849475443 ], [ 731420.941477110842243, 5863668.053481160663068 ], [ 731394.687804741435684, 5863661.292619015090168 ], [ 731373.793485817499459, 5863655.666787974536419 ], [ 731346.532599866739474, 5863651.051347843371332 ] ], [ [ 733071.966831159195863, 5864276.673938957042992 ], [ 733080.678985561709851, 5864280.927270960994065 ], [ 733128.207060589571483, 5864304.130663676187396 ], [ 733198.718072732444853, 5864343.178124510683119 ], [ 733317.60930101678241, 5864405.936300949193537 ], [ 733408.7263501775451, 5864453.290627288632095 ], [ 733444.067068501841277, 5864471.212077849544585 ], [ 733534.50825019646436, 5864520.416669245809317 ], [ 733542.645698781241663, 5864524.998152395710349 ], [ 733570.257083505857736, 5864539.957727150991559 ] ], [ [ 733678.798900966299698, 5864599.904252241365612 ], [ 733621.138367841369472, 5864589.574230041354895 ], [ 733592.987082148669288, 5864583.877214138396084 ], [ 733573.414941986673512, 5864579.891869585961103 ], [ 733565.913702656980604, 5864577.651857864111662 ], [ 733561.657625941908918, 5864573.563772051595151 ], [ 733561.166557687451132, 5864572.28490786626935 ], [ 733559.046739940531552, 5864566.795164696872234 ], [ 733559.924649492371827, 5864560.067414855584502 ], [ 733561.596048737992533, 5864554.423878820613027 ], [ 733570.257083505857736, 5864539.957727150991559 ], [ 733602.936775217065588, 5864558.498896754346788 ], [ 733678.798900966299698, 5864599.904252241365612 ], [ 733621.138367841369472, 5864589.574230041354895 ], [ 733592.987082148669288, 5864583.877214138396084 ], [ 733573.414941986673512, 5864579.891869585961103 ], [ 733565.913702656980604, 5864577.651857864111662 ], [ 733561.657625941908918, 5864573.563772051595151 ], [ 733561.166557687451132, 5864572.28490786626935 ], [ 733559.046739940531552, 5864566.795164696872234 ], [ 733559.924649492371827, 5864560.067414855584502 ], [ 733561.596048737992533, 5864554.423878820613027 ], [ 733570.257083505857736, 5864539.957727150991559 ] ], [ [ 730247.095092579256743, 5863249.222077710554004 ], [ 730239.850865465006791, 5863245.189548467285931 ], [ 730208.399601290351711, 5863225.271187325939536 ], [ 730158.69255967461504, 5863197.192783668637276 ] ], [ [ 730247.095092579256743, 5863249.222077710554004 ], [ 730304.264609051984735, 5863285.093994166702032 ], [ 730311.722364693647251, 5863290.14465360250324 ], [ 730369.023593717021868, 5863328.947216898202896 ], [ 730400.479956521186978, 5863349.643844505771995 ], [ 730533.201475446927361, 5863437.532144623808563 ], [ 730651.247803186182864, 5863511.231630770489573 ], [ 730676.107278219074942, 5863524.296410717070103 ], [ 730683.478428098722361, 5863528.172950679436326 ], [ 730724.587225960684009, 5863546.808632391504943 ], [ 730775.868493133573793, 5863565.55368123576045 ], [ 730830.685236706165597, 5863580.516413991339505 ], [ 730849.695177736342885, 5863585.831367762759328 ], [ 730874.785934077925049, 5863598.88517449516803 ] ], [ [ 730888.332005524192937, 5863602.827719120308757 ], [ 730888.351136489072815, 5863603.717121666297317 ], [ 730888.242700438713655, 5863604.72879836615175 ], [ 730888.023595158359967, 5863605.647553665563464 ], [ 730887.720026471652091, 5863606.464948788285255 ], [ 730887.288539624540135, 5863607.305653642863035 ], [ 730886.710569223272614, 5863608.143265206366777 ], [ 730886.130349168204702, 5863608.791662462055683 ], [ 730885.421293966821395, 5863609.415334176272154 ], [ 730884.642199379974045, 5863609.94508334249258 ], [ 730883.801849216106348, 5863610.373731632716954 ], [ 730882.914861598750576, 5863610.691255388781428 ], [ 730881.214358135475777, 5863610.98076247330755 ], [ 730880.320806587231345, 5863610.97513557318598 ], [ 730879.314105292200111, 5863610.838721321895719 ], [ 730878.404349244316109, 5863610.594243518076837 ], [ 730877.532132982974872, 5863610.235216619446874 ], [ 730876.711848265258595, 5863609.771988718770444 ], [ 730876.011102254502475, 5863609.256251497194171 ], [ 730875.32489843654912, 5863608.606789165176451 ], [ 730874.68081234768033, 5863607.822454835288227 ], [ 730874.180551400175318, 5863607.019354855641723 ], [ 730873.785340396338142, 5863606.162128371186554 ], [ 730873.499433759134263, 5863605.259554783813655 ], [ 730873.340669079567306, 5863604.40351757965982 ], [ 730873.275080307852477, 5863603.38698417134583 ], [ 730873.339227155782282, 5863602.444666882045567 ], [ 730873.520702001173049, 5863601.518214902840555 ], [ 730873.816490633180365, 5863600.617781606502831 ], [ 730874.22056466829963, 5863599.763673759065568 ], [ 730874.785934077925049, 5863598.88517449516803 ], [ 730875.428222993039526, 5863598.134146610274911 ], [ 730876.071569355903193, 5863597.549034730531275 ], [ 730876.840720144216903, 5863597.000256981700659 ], [ 730877.735287261777557, 5863596.522736182436347 ], [ 730878.618083862354979, 5863596.190613617189229 ], [ 730879.464645707979798, 5863595.986152086406946 ], [ 730881.035611413535662, 5863595.865467234514654 ], [ 730881.918199525098316, 5863595.943736434914172 ], [ 730882.909504945855588, 5863596.160019459202886 ], [ 730883.730246178689413, 5863596.45152584835887 ], [ 730884.575689580407925, 5863596.869919459335506 ], [ 730885.360498832073063, 5863597.39241652097553 ], [ 730886.074633701937273, 5863598.008717694319785 ], [ 730886.709488269756548, 5863598.709994974546134 ], [ 730887.250703151104972, 5863599.482990138232708 ], [ 730887.717970797675662, 5863600.38322482444346 ], [ 730888.04176934203133, 5863601.270212846808136 ], [ 730888.332005524192937, 5863602.827719120308757 ], [ 730907.319347635377198, 5863600.129421550780535 ], [ 730931.640501077403314, 5863599.024589043110609 ], [ 731002.953321035951376, 5863605.489782624877989 ], [ 731092.380464613670483, 5863614.730979250743985 ], [ 731164.849695015698671, 5863623.422730173915625 ], [ 731243.995944272493944, 5863635.311363193206489 ], [ 731326.716614415519871, 5863647.223072585649788 ], [ 731346.532599866739474, 5863651.051347843371332 ] ] ] } },
{ "type": "Feature", "properties": { "CADRE_NO": "10.033", "DDT_URL": null, "ETC_NOM": "Transports publics de la région lausannoise", "ETC_SIGLE": "TL", "ETC_URL": "https://www.t-l.ch", "GO_CENTRE": 0, "HORAIR_URL": "https://www.tableaux-horaires.ch/fileadmin/fap_pdf_fields/2025/10.033.pdf", "LIGNE_NO": "33", "LIGNE_NOM": "St-Sulpice VD - Ecublens VD - Renens VD - Prilly", "LIGNE_SIGL": null, "LIGNE_TYPE": "Bus urbain", "PLAN_URL": "https://prestations.vd.ch/pub/101587/api/download/2_Cartographie_et_geodonnees/2.1_Carte_des_reseaux/Carte_des_lignes_TP/topo/ligne_10.033.pdf", "SHAPE_LEN": 11255.068 }, "geometry": { "type": "MultiLineString", "coordinates": [ [ [ 735835.252264335053042, 5868113.528465453535318 ], [ 735835.8615209213458, 5868072.099018010310829 ], [ 735840.12631699803751, 5867961.21432045288384 ], [ 735829.15969856583979, 5867868.607320304960012 ], [ 735798.696869572857395, 5867721.167227959260345 ], [ 735787.730251134256832, 5867673.645214717835188 ], [ 735769.452553730341606, 5867644.400898888707161 ], [ 735706.089869389659725, 5867594.441859356127679 ], [ 735655.267146931844763, 5867543.895704708993435 ], [ 735669.592147451126948, 5867529.835127850994468 ], [ 735673.126438384409994, 5867526.368258228525519 ], [ 735690.256362682441249, 5867507.674131624400616 ], [ 735706.34229242161382, 5867486.272527084685862 ], [ 735742.734409465570934, 5867425.449113690294325 ], [ 735775.802030266611837, 5867374.029354850761592 ] ], [ [ 730913.782791343401186, 5865541.528077989816666 ], [ 730908.082204610691406, 5865541.234358835034072 ], [ 730896.205984228290617, 5865541.220934607088566 ], [ 730890.968727035680786, 5865542.191496788524091 ], [ 730884.237459724768996, 5865543.899360512383282 ], [ 730871.288805299671367, 5865548.338300410658121 ], [ 730855.362322511617094, 5865554.899690869264305 ], [ 730815.385780090931803, 5865573.055296891368926 ], [ 730791.915832915226929, 5865581.149372335523367 ], [ 730763.866757835028693, 5865590.001452340744436 ], [ 730744.442079333006404, 5865596.794250933453441 ], [ 730734.736463472479954, 5865599.650672409683466 ], [ 730720.459190858877264, 5865602.726622588932514 ], [ 730706.46233236673288, 5865604.725613466463983 ], [ 730689.249187158420682, 5865606.149959977716208 ], [ 730661.291521392762661, 5865606.647429962642491 ], [ 730623.409235968370922, 5865605.950542964041233 ], [ 730608.637164226733148, 5865605.246310442686081 ], [ 730588.225965950638056, 5865603.938762205652893 ], [ 730573.450898926821537, 5865603.503728260286152 ], [ 730568.613860076642595, 5865603.449462409131229 ], [ 730561.085330772795714, 5865603.90503516793251 ], [ 730549.508489215862937, 5865605.663090133108199 ], [ 730532.55627857230138, 5865607.627183401957154 ], [ 730510.481981555582024, 5865611.155321139842272 ], [ 730485.576195764821023, 5865614.603575278073549 ], [ 730481.681445105932653, 5865615.14646196551621 ], [ 730463.64053453982342, 5865618.447571042925119 ], [ 730452.306444097193889, 5865622.6333137601614 ], [ 730424.784559364779852, 5865632.56889589689672 ], [ 730413.179127469542436, 5865636.751546069979668 ], [ 730400.802912278682925, 5865638.231135017238557 ], [ 730390.729223024798557, 5865637.262002351693809 ], [ 730390.507962418952957, 5865638.234792599454522 ], [ 730390.152815158246085, 5865639.112917303107679 ], [ 730389.709130719653331, 5865639.863406464457512 ], [ 730389.110435254406184, 5865640.591774456202984 ], [ 730388.408385467133485, 5865641.219997390173376 ], [ 730387.616201359429397, 5865641.733667441643775 ], [ 730386.499568213010207, 5865642.195654576644301 ], [ 730385.634098791284487, 5865642.38534907437861 ], [ 730384.694600549293682, 5865642.447570857591927 ], [ 730383.685799896134995, 5865642.348893342539668 ], [ 730382.774412007885985, 5865642.102835580706596 ], [ 730381.912413310958073, 5865641.721958533860743 ], [ 730380.604177841218188, 5865640.761088388040662 ], [ 730379.996553850825876, 5865640.080297872424126 ], [ 730379.451831748476252, 5865639.224082262255251 ], [ 730379.103820715099573, 5865638.423936498351395 ], [ 730378.857201077160425, 5865637.509935167618096 ], [ 730378.759687523939647, 5865636.497171035036445 ], [ 730378.811499293195084, 5865635.625826737843454 ], [ 730379.004658961319365, 5865634.700757200829685 ], [ 730379.34534767002333, 5865633.818103942088783 ], [ 730379.814444535295479, 5865633.000942183658481 ], [ 730380.40741823380813, 5865632.265232962556183 ], [ 730381.165151974069886, 5865631.58814558852464 ], [ 730381.895913175190799, 5865631.11745539214462 ], [ 730382.75632200925611, 5865630.731193731538951 ], [ 730383.713956384919584, 5865630.474120841361582 ], [ 730384.602999569382519, 5865630.382219413295388 ], [ 730385.615155662060715, 5865630.440176597796381 ], [ 730386.534251696662977, 5865630.645562570542097 ], [ 730387.344735013670288, 5865630.961811659857631 ], [ 730388.165101944701746, 5865631.432469232007861 ], [ 730388.950198125909083, 5865632.073039797134697 ], [ 730389.574923324631527, 5865632.781678384169936 ], [ 730390.045568466535769, 5865633.51478663738817 ], [ 730390.455986236454919, 5865634.443728980608284 ], [ 730390.693885785178281, 5865635.359087276272476 ], [ 730390.782854142249562, 5865636.227646995335817 ], [ 730390.729223024798557, 5865637.262002351693809 ] ], [ [ 735954.282716825604439, 5867067.179976401850581 ], [ 735961.357654711115174, 5867051.042486808262765 ] ], [ [ 732572.309652016498148, 5866666.243697009049356 ], [ 732571.863796581630595, 5866665.344934389926493 ], [ 732571.553461151197553, 5866664.527730220928788 ], [ 732571.303649934008718, 5866663.616564016789198 ], [ 732571.14550611784216, 5866662.683112373575568 ], [ 732571.078230336308479, 5866661.667678616940975 ], [ 732571.103711961535737, 5866660.795932919718325 ], [ 732571.239544437383302, 5866659.785642922855914 ], [ 732571.440374528989196, 5866658.936205521225929 ], [ 732571.770148203941062, 5866657.973176775500178 ], [ 732572.165523426723666, 5866657.115686737000942 ], [ 732572.604751090402715, 5866656.362040566280484 ], [ 732573.157331471564248, 5866655.593626216053963 ], [ 732573.781810080981813, 5866654.885689818300307 ], [ 732574.472335237194784, 5866654.242534445598722 ], [ 732575.224474474671297, 5866653.671390365809202 ], [ 732576.029442339320667, 5866653.179440028965473 ], [ 732576.879983847844414, 5866652.766603674739599 ], [ 732578.602650379878469, 5866652.223593333736062 ], [ 732579.464745605946518, 5866652.081662713550031 ], [ 732580.405803435016423, 5866652.017757073044777 ], [ 732581.421216614311561, 5866652.055118610151112 ], [ 732582.281933945720084, 5866652.172305149026215 ], [ 732583.202512589166872, 5866652.389143790118396 ], [ 732584.093085993314162, 5866652.69591233599931 ], [ 732585.014262415003031, 5866653.123848537914455 ], [ 732585.764046214404516, 5866653.565915348939598 ], [ 732586.528567428234965, 5866654.120240744203329 ], [ 732587.23132040607743, 5866654.749589128419757 ], [ 732587.872400503256358, 5866655.445226773619652 ], [ 732588.477353625232354, 5866656.259843236766756 ], [ 732588.927764989668503, 5866657.007250727154315 ], [ 732589.36466149368789, 5866657.929206001572311 ], [ 732589.656087678624317, 5866658.75056857150048 ], [ 732589.888425100129098, 5866659.667364951223135 ], [ 732590.034152414067648, 5866660.674925417639315 ], [ 732590.075418697786517, 5866661.547404482029378 ], [ 732590.02736350602936, 5866662.493148217909038 ], [ 732589.887990598101169, 5866663.429153949953616 ], [ 732589.6334323938936, 5866664.414847381412983 ], [ 732589.307420566095971, 5866665.299305442720652 ], [ 732588.925852552289143, 5866666.088525986298919 ], [ 732588.436703779967502, 5866666.895490053109825 ], [ 732587.821270109736361, 5866667.705434092320502 ], [ 732586.782344272476621, 5866668.758211851119995 ], [ 732586.00222227408085, 5866669.366901364177465 ], [ 732585.201511136139743, 5866669.867635132744908 ], [ 732584.42522372934036, 5866670.257996105588973 ], [ 732583.476553072920069, 5866670.62025850545615 ], [ 732582.636750366073102, 5866670.846871421672404 ], [ 732581.635039296466857, 5866671.016384717077017 ], [ 732580.692592002800666, 5866671.074452155269682 ], [ 732579.851201512734406, 5866671.047737449407578 ], [ 732578.844074188265949, 5866670.915839455090463 ], [ 732577.998755092499778, 5866670.717296517454088 ], [ 732577.10377938253805, 5866670.414845778606832 ], [ 732576.179604164441116, 5866669.995609788224101 ], [ 732575.3663726990344, 5866669.516449054703116 ], [ 732574.662332005565986, 5866669.005004616454244 ], [ 732573.90349832281936, 5866668.328452236019075 ], [ 732573.312631266424432, 5866667.685773245058954 ], [ 732572.309652016498148, 5866666.243697009049356 ], [ 732560.643700426793657, 5866673.282417811453342 ], [ 732509.689362045261078, 5866687.551113420166075 ], [ 732495.387381509644911, 5866692.786148603074253 ], [ 732484.589687503757887, 5866697.251733504235744 ], [ 732474.308292550733313, 5866703.338935274630785 ], [ 732467.004659476457164, 5866707.572157233022153 ], [ 732457.504893061937764, 5866716.097694645635784 ], [ 732437.716288895346224, 5866731.516847453080118 ], [ 732420.101047700969502, 5866746.31352111697197 ], [ 732400.009037470328622, 5866763.189490171149373 ], [ 732391.062267001834698, 5866770.368640192784369 ], [ 732382.143493596813641, 5866774.854824840091169 ], [ 732371.615590761764906, 5866779.052500478923321 ], [ 732361.112765058409423, 5866780.825040760450065 ], [ 732343.913826964097098, 5866780.635611460544169 ], [ 732323.738494031480514, 5866782.301558985374868 ] ], [ [ 735096.655339726014063, 5865257.624660337343812 ], [ 735095.687222281936556, 5865257.793337428942323 ], [ 735094.709270697552711, 5865258.068165521137416 ], [ 735093.894915948505513, 5865258.376766281202435 ], [ 735092.983324798988178, 5865258.824061003513634 ], [ 735092.178611079463735, 5865259.317621704190969 ], [ 735091.423931622877717, 5865259.881584879942238 ], [ 735090.722203439450823, 5865260.514526190236211 ], [ 735090.129236704320647, 5865261.152997867204249 ], [ 735089.508376567042433, 5865261.958561286330223 ], [ 735089.040590211632662, 5865262.695895335637033 ] ], [ [ 733237.300051127793267, 5866020.138793352991343 ], [ 733237.400912945042364, 5866021.007488489151001 ], [ 733237.418899049051106, 5866022.025215991772711 ], [ 733237.346267832675949, 5866022.969169979915023 ], [ 733237.199105381034315, 5866023.82788039278239 ], [ 733236.933047248166986, 5866024.811939021572471 ], [ 733236.625261360313743, 5866025.62959301751107 ], [ 733236.180033723358065, 5866026.543278925120831 ], [ 733235.682306512258947, 5866027.347214750014246 ], [ 733235.159630985115655, 5866028.043156823143363 ], [ 733234.475242952932604, 5866028.798473481088877 ], [ 733233.771899573504925, 5866029.428393349982798 ], [ 733233.075527623528615, 5866029.950667712837458 ], [ 733232.270653971005231, 5866030.442644037306309 ], [ 733231.423074044636451, 5866030.858458010479808 ], [ 733230.54010547825601, 5866031.192366681993008 ], [ 733229.630516811739653, 5866031.438642924651504 ], [ 733228.701578340027481, 5866031.595910376869142 ], [ 733227.687952361186035, 5866031.66782305482775 ], [ 733226.746525216964073, 5866031.638624751009047 ], [ 733225.926264409907162, 5866031.542330933734775 ], [ 733225.005466796923429, 5866031.35031948890537 ], [ 733224.03513479907997, 5866031.042767263948917 ], [ 733223.168526874971576, 5866030.670840594917536 ], [ 733222.405422042589635, 5866030.254916894249618 ], [ 733221.618820117553696, 5866029.731015105731785 ], [ 733220.886690722196363, 5866029.134922961704433 ], [ 733220.164592759916559, 5866028.416661747731268 ], [ 733219.377207267214544, 5866027.429839772172272 ], [ 733218.853741671424359, 5866026.592923720367253 ], [ 733218.430498518166132, 5866025.746911719441414 ], [ 733218.088900267495774, 5866024.865398489870131 ], [ 733217.833236446138471, 5866023.954253647476435 ], [ 733217.664847425185144, 5866023.023681717924774 ], [ 733217.586556042660959, 5866022.080992005765438 ], [ 733217.591674695606343, 5866021.207630468532443 ], [ 733217.695534537080675, 5866020.19414427690208 ], [ 733217.865897378418595, 5866019.337143443524837 ], [ 733218.157947315019555, 5866018.365015237592161 ], [ 733218.518614091328345, 5866017.488256223499775 ], [ 733218.958638019044884, 5866016.653122871182859 ], [ 733219.475101506453939, 5866015.861039009876549 ], [ 733220.016497115255333, 5866015.178404413163662 ], [ 733220.669627295807004, 5866014.495533631183207 ], [ 733221.440090395160951, 5866013.831411776132882 ], [ 733222.508602295303717, 5866013.113770748488605 ], [ 733220.946459051920101, 5866010.243561069481075 ], [ 733212.727985538891517, 5865999.640844913199544 ], [ 733200.178380090394057, 5865992.223942238837481 ], [ 733178.491094263852574, 5865984.707257243804634 ], [ 733154.116785066667944, 5865977.162632967345417 ], [ 733146.892588866990991, 5865974.697855148464441 ], [ 733106.728002450894564, 5865960.99774824641645 ], [ 733071.646633657859638, 5865949.02999153546989 ], [ 732988.398110936512239, 5865918.732275291346014 ] ], [ [ 733222.508602295303717, 5866013.113770748488605 ], [ 733223.295211805263534, 5866012.70020445343107 ], [ 733224.16832242871169, 5866012.338531462475657 ], [ 733225.068052908522077, 5866012.064490563236177 ], [ 733225.994434836902656, 5866011.875170703977346 ], [ 733226.93142948509194, 5866011.77767528872937 ], [ 733227.94727625104133, 5866011.768381965346634 ], [ 733228.885152343777008, 5866011.857224797829986 ], [ 733229.739569887751713, 5866012.015030046924949 ], [ 733230.648032383294776, 5866012.273867901414633 ], [ 733231.592987087438814, 5866012.646648058667779 ], [ 733232.367934721522033, 5866013.040863965637982 ], [ 733233.226875327061862, 5866013.584477241151035 ], [ 733233.969318350660615, 5866014.166122904978693 ], [ 733234.655885695014149, 5866014.815576440654695 ], [ 733235.276468447875232, 5866015.528360471129417 ], [ 733235.786846432136372, 5866016.234119122847915 ], [ 733236.301149966660887, 5866017.113148333504796 ], [ 733236.6698601488024, 5866017.903247121721506 ], [ 733236.989601876819506, 5866018.793254582211375 ], [ 733237.300051127793267, 5866020.138793352991343 ], [ 733247.726399850798771, 5866018.894399000331759 ], [ 733262.757555773714557, 5866020.675670172087848 ], [ 733276.693142850068398, 5866024.333003034815192 ], [ 733293.553555506863631, 5866030.986011914908886 ], [ 733308.288569339900278, 5866035.192080361768603 ], [ 733321.995218436699361, 5866035.072224891744554 ], [ 733335.983400961500593, 5866033.878200618550181 ], [ 733351.876786638167687, 5866030.544664879329503 ], [ 733366.719836496282369, 5866024.77592156548053 ], [ 733380.225184011622332, 5866018.452518747188151 ], [ 733395.39205819030758, 5866007.832525476813316 ], [ 733410.307963800616562, 5865995.326120991259813 ], [ 733423.82347092719283, 5865987.922661297954619 ], [ 733443.806175103527494, 5865981.069985263049603 ], [ 733443.528032826376148, 5865980.222657362930477 ], [ 733443.308697814354673, 5865979.304641135968268 ], [ 733443.161448524915613, 5865978.295701561495662 ], [ 733443.10994424589444, 5865977.423183619044721 ], [ 733443.138378505711444, 5865976.404511717148125 ], [ 733443.233350973459892, 5865975.539411649107933 ], [ 733443.432801045011729, 5865974.540070340968668 ], [ 733443.700933076208457, 5865973.630273915827274 ], [ 733444.041294488939457, 5865972.750377802178264 ], [ 733444.459673070698045, 5865971.901900676079094 ], [ 733444.947284737718292, 5865971.092025319114327 ], [ 733445.501133216777816, 5865970.329453192651272 ], [ 733446.118332472629845, 5865969.61269717104733 ], [ 733446.795854745083489, 5865968.953369749709964 ], [ 733447.467890452011488, 5865968.39879200514406 ], [ 733448.241330699063838, 5865967.859875224530697 ], [ 733449.780992317711934, 5865967.046897829510272 ], [ 733450.594051533029415, 5865966.735499328002334 ], [ 733451.569326581666246, 5865966.452069265767932 ], [ 733452.495588559308089, 5865966.272914867848158 ], [ 733453.361466602887958, 5865966.176077054813504 ], [ 733454.374547776882537, 5865966.15362611785531 ], [ 733455.244576008757576, 5865966.209680336527526 ], [ 733456.565611902857199, 5865966.424947381950915 ], [ 733457.445263325818814, 5865966.66452260967344 ], [ 733458.396278236759827, 5865967.014051143079996 ], [ 733459.248018838348798, 5865967.419270579703152 ], [ 733460.06418246019166, 5865967.893975574523211 ], [ 733460.778500654967502, 5865968.393774121068418 ], [ 733461.504774772096425, 5865968.995600847527385 ], [ 733462.178155759465881, 5865969.657990576699376 ], [ 733462.789985527982935, 5865970.376482012681663 ], [ 733463.381773011526093, 5865971.203931796364486 ], [ 733463.856133160064928, 5865972.021369147114456 ], [ 733464.263327449909411, 5865972.877378923818469 ], [ 733464.572318015620112, 5865973.690104751847684 ], [ 733464.835291975061409, 5865974.598405084572732 ], [ 733465.016780073055997, 5865975.527653750963509 ], [ 733465.121229416341521, 5865976.469165043905377 ], [ 733465.139241898083128, 5865977.486886934377253 ], [ 733465.076807567384094, 5865978.429493095725775 ], [ 733464.931751268915832, 5865979.363921482115984 ], [ 733464.708488623029552, 5865980.284397406503558 ], [ 733464.371379548683763, 5865981.266228671185672 ], [ 733463.999446657951921, 5865982.113757561892271 ], [ 733463.543566776323132, 5865982.941448701545596 ], [ 733462.97577935946174, 5865983.785389895550907 ], [ 733462.383040930493735, 5865984.521338513121009 ], [ 733461.781264060060494, 5865985.153834820725024 ], [ 733461.019432586035691, 5865985.826803673990071 ], [ 733460.320223115733825, 5865986.344695491716266 ], [ 733459.456874017370865, 5865986.878268612548709 ], [ 733458.676317726145498, 5865987.270085451193154 ], [ 733457.803298018407077, 5865987.624503356404603 ], [ 733456.829361483221874, 5865987.918139221146703 ], [ 733455.979963007615879, 5865988.101042752154171 ], [ 733454.973031527362764, 5865988.225459198467433 ], [ 733454.103491482557729, 5865988.258207216858864 ], [ 733453.14629741339013, 5865988.211393573321402 ], [ 733452.284119828604162, 5865988.100108288228512 ], [ 733451.291029246523976, 5865987.884043611586094 ], [ 733450.458009061170742, 5865987.626050958409905 ], [ 733449.51751063996926, 5865987.243154397234321 ], [ 733448.741136117372662, 5865986.846032149158418 ], [ 733447.939716452965513, 5865986.349650280550122 ], [ 733447.184014596627094, 5865985.785348744131625 ], [ 733446.426623611943796, 5865985.108940721489489 ], [ 733445.781108738970943, 5865984.419193933717906 ], [ 733445.197098251548596, 5865983.677712033502758 ], [ 733444.676011539879255, 5865982.887421877123415 ], [ 733444.257670360500924, 5865982.122997218742967 ], [ 733443.806175103527494, 5865981.069985263049603 ] ], [ [ 735285.037148037110455, 5866419.698661990463734 ], [ 735285.774117345921695, 5866419.170811695046723 ], [ 735286.584576187189668, 5866418.691785999573767 ], [ 735287.504829573445022, 5866418.25906098075211 ], [ 735288.39197260432411, 5866417.938075695186853 ], [ 735289.304368193726987, 5866417.698882351629436 ], [ 735290.233310575946234, 5866417.541387991048396 ], [ 735291.172980474773794, 5866417.466986226849258 ], [ 735292.116092210286297, 5866417.478510795161128 ], [ 735293.053986343089491, 5866417.571501958183944 ], [ 735293.908418881474063, 5866417.734934114851058 ], [ 735294.817030781297944, 5866417.989201553165913 ], [ 735295.700111643294804, 5866418.324718759395182 ], [ 735296.54900202085264, 5866418.737026036716998 ], [ 735297.35646254546009, 5866419.224590348079801 ], [ 735298.118217537878081, 5866419.78008730802685 ], [ 735299.306462148204446, 5866420.896236630156636 ], [ 735299.935468893381767, 5866421.654122519306839 ], [ 735300.431403782917187, 5866422.371282398700714 ], [ 735300.901576097472571, 5866423.191526132635772 ], [ 735301.324205917073414, 5866424.116076994687319 ], [ 735301.635420228354633, 5866425.010323412716389 ], [ 735301.865133453626186, 5866425.926992014050484 ], [ 735302.003991671954282, 5866426.790283513255417 ], [ 735302.075919806375168, 5866427.807171072810888 ], [ 735302.054291665204801, 5866428.751727847382426 ], [ 735301.962384447921067, 5866429.61837924644351 ], [ 735301.779837903100997, 5866430.54811657872051 ], [ 735301.49521409755107, 5866431.52480439376086 ], [ 735301.174609787994996, 5866432.336607358418405 ], [ 735300.719451048760675, 5866433.247421436011791 ], [ 735300.014231288922019, 5866434.33899191301316 ], [ 735299.415751166059636, 5866435.080863717012107 ], [ 735298.809769478277303, 5866435.709106167778373 ], [ 735298.100815294892527, 5866436.331882058642805 ], [ 735297.278963427757844, 5866436.927249014377594 ], [ 735296.462699610856362, 5866437.406214739196002 ], [ 735295.610948981135152, 5866437.810557762160897 ], [ 735294.726628932985477, 5866438.138853468932211 ], [ 735293.888354277005419, 5866438.36719317547977 ], [ 735292.888065239414573, 5866438.547218798659742 ], [ 735292.020910629304126, 5866438.625306652858853 ], [ 735291.147288683336228, 5866438.629081573337317 ], [ 735290.138186772353947, 5866438.545520088635385 ], [ 735289.206881835241802, 5866438.378354952670634 ], [ 735288.367636503768153, 5866438.151030652225018 ], [ 735287.481497564469464, 5866437.830036921426654 ], [ 735286.564657335635275, 5866437.39371023606509 ], [ 735285.813289332436398, 5866436.953327142633498 ], [ 735284.637052229023539, 5866436.073135343380272 ], [ 735283.963234984898008, 5866435.435596754774451 ], [ 735283.290745928185061, 5866434.672876978293061 ], [ 735282.734349839854985, 5866433.909940990619361 ], [ 735282.282269075280055, 5866433.162676436826587 ], [ 735281.836317250388674, 5866432.248064982704818 ], [ 735281.500314716482535, 5866431.365198508836329 ], [ 735281.262545597390272, 5866430.524142262525856 ], [ 735281.071455256431364, 5866429.523450962267816 ], [ 735280.987797566805966, 5866428.654925199225545 ], [ 735280.978294323082082, 5866427.635792347602546 ], [ 735281.045568053959869, 5866426.76596681214869 ], [ 735281.220198528724723, 5866425.761902074329555 ], [ 735281.462051448761486, 5866424.85026799608022 ], [ 735281.787828695727512, 5866423.9613664643839 ], [ 735282.156115608406253, 5866423.168998942710459 ], [ 735282.669005522038788, 5866422.287918434478343 ], [ 735283.171382720349357, 5866421.577049420215189 ], [ 735283.828241656185128, 5866420.803776499815285 ], [ 735285.037148037110455, 5866419.698661990463734 ], [ 735269.526257537072524, 5866399.573168423958123 ], [ 735264.800316461827606, 5866389.007792436517775 ], [ 735262.494540990446694, 5866378.198959018103778 ], [ 735261.543847072869539, 5866366.595213579945266 ], [ 735263.32606116659008, 5866350.436523270793259 ], [ 735268.748067286913283, 5866320.838011702522635 ], [ 735278.803797123255208, 5866259.474011211656034 ], [ 735281.449938763049431, 5866238.200575781986117 ], [ 735284.66575864457991, 5866213.700110624544322 ], [ 735286.291028857463971, 5866187.29757409542799 ], [ 735288.688042889931239, 5866113.179326579906046 ], [ 735289.876521101337858, 5866077.064351571723819 ], [ 735289.711049539269879, 5866067.35743110999465 ], [ 735288.988731488119811, 5866059.531160856597126 ], [ 735287.149803733103909, 5866055.467598759569228 ], [ 735285.041069993400015, 5866051.669005654752254 ], [ 735279.729834700818174, 5866045.681789210066199 ], [ 735268.254922180436552, 5866038.011477780528367 ], [ 735248.250689780688845, 5866023.776592606678605 ], [ 735222.90097363491077, 5866006.519333768635988 ], [ 735203.933316826471128, 5865995.802222044207156 ], [ 735182.551363068283536, 5865984.791429902426898 ], [ 735134.456059853313491, 5865962.805877649225295 ], [ 735132.677009321167134, 5865961.992049281485379 ], [ 735126.386758919688873, 5865959.118221177719533 ], [ 735096.427097605890594, 5865945.855287997983396 ], [ 735052.037485716631636, 5865924.891599084250629 ], [ 735030.640175264910795, 5865915.494697193615139 ], [ 735000.957817186834291, 5865901.426568269729614 ], [ 734985.715480571379885, 5865894.254255180247128 ], [ 734962.18673341255635, 5865882.949292905628681 ], [ 734941.063749179360457, 5865872.745801011100411 ], [ 734930.651554035255685, 5865866.43452519737184 ], [ 734922.910598585614935, 5865861.498364589177072 ], [ 734911.162058976129629, 5865854.094101668335497 ], [ 734889.816758449422196, 5865839.845758146606386 ], [ 734880.482599647715688, 5865833.004497967660427 ], [ 734870.099220905918628, 5865823.997603385709226 ], [ 734859.441697646630928, 5865815.255606146529317 ], [ 734845.355175229720771, 5865800.546475113369524 ], [ 734833.164817521814257, 5865784.239002354443073 ], [ 734820.973084879922681, 5865768.473029584623873 ], [ 734812.523346927366219, 5865754.361538709141314 ], [ 734805.637191050220281, 5865742.351328258402646 ], [ 734803.815248077968135, 5865739.1715665794909 ], [ 734796.189483890077099, 5865723.451729062944651 ], [ 734792.459434122429229, 5865712.928154522553086 ], [ 734787.843341967556626, 5865699.907391488552094 ], [ 734780.573725547641516, 5865675.834623937495053 ], [ 734765.067389454692602, 5865617.977129272185266 ], [ 734758.89166994462721, 5865592.299114649184048 ], [ 734774.012972810771316, 5865585.451192555017769 ], [ 734805.340648488490842, 5865570.957607531920075 ], [ 734853.414161217049696, 5865548.55908874515444 ], [ 734885.014263433404267, 5865533.801825535483658 ], [ 734940.101756737218238, 5865508.780892326496542 ] ], [ [ 734934.988692093174905, 5864722.207492523826659 ], [ 734934.133328473079018, 5864722.556372968479991 ], [ 734933.165136934956536, 5864722.873479088768363 ], [ 734932.254436380462721, 5864723.105328062549233 ], [ 734931.398201485630125, 5864723.2635313058272 ], [ 734930.388628063490614, 5864723.379337650723755 ], [ 734929.519126168102957, 5864723.420960270799696 ], [ 734928.576243859366514, 5864723.405032675713301 ], [ 734927.683304754318669, 5864723.331421147100627 ], [ 734926.750443988246843, 5864723.191885131411254 ], [ 734925.828404506552033, 5864722.989879438653588 ], [ 734924.922973561915569, 5864722.726921592839062 ], [ 734924.038487723912112, 5864722.404513553716242 ], [ 734923.109991752658971, 5864721.991394095122814 ], [ 734922.341055525350384, 5864721.581440295092762 ], [ 734921.536735791247338, 5864721.088144935667515 ], [ 734920.769256730214693, 5864720.541391756385565 ], [ 734919.982537722564302, 5864719.894004349596798 ], [ 734919.349064198904671, 5864719.297745793126523 ], [ 734918.703557650092989, 5864718.605296739377081 ], [ 734918.106342244776897, 5864717.874067446216941 ], [ 734917.560334844747558, 5864717.102633718401194 ], [ 734917.031323598464951, 5864716.233865256421268 ], [ 734916.597747464547865, 5864715.395229371264577 ], [ 734916.246441766736098, 5864714.596773306839168 ], [ 734915.926515009370632, 5864713.712780543603003 ], [ 734902.305587366805412, 5864717.969579764641821 ], [ 734874.518903365707956, 5864728.184554749168456 ], [ 734844.905510231968947, 5864739.490389519371092 ], [ 734829.189755040104501, 5864745.490114378742874 ], [ 734807.317356137325987, 5864755.768362873233855 ], [ 734797.613728347234428, 5864760.55901254247874 ], [ 734783.274835256277584, 5864767.640318223275244 ], [ 734760.327335235080682, 5864777.63766956422478 ], [ 734655.882592423353344, 5864820.186144407838583 ], [ 734595.674847412621602, 5864846.766726845875382 ], [ 734561.942634675535373, 5864860.152486841194332 ], [ 734510.637137961806729, 5864883.32062313798815 ], [ 734474.584193888236769, 5864900.820582171902061 ], [ 734463.908314252272248, 5864906.000735905021429 ], [ 734414.201039423700422, 5864930.53490530140698 ], [ 734347.992028227658011, 5864965.405576205812395 ], [ 734329.069740693201311, 5864976.213950055651367 ], [ 734310.578054199111648, 5864986.776592338457704 ], [ 734302.994223049725406, 5864991.10791349131614 ], [ 734200.330913651268929, 5865052.564031627029181 ], [ 734191.141313649481162, 5865058.065660027787089 ], [ 734147.590858803247102, 5865084.822364104911685 ], [ 734094.833825629320927, 5865117.94927579537034 ], [ 734025.585813133395277, 5865160.330978443846107 ], [ 733931.178008034126833, 5865218.078372729942203 ], [ 733849.085955010144971, 5865265.190360454842448 ], [ 733844.761518392711878, 5865267.673254108056426 ], [ 733803.009247890906408, 5865291.633308693766594 ], [ 733753.210713157779537, 5865324.252480858005583 ], [ 733719.405594782438129, 5865344.372832807712257 ], [ 733711.388792228186503, 5865349.643793666735291 ], [ 733698.023564423550852, 5865358.428677011281252 ], [ 733690.695447572739795, 5865365.089913080446422 ], [ 733681.607253143098205, 5865375.251642877236009 ], [ 733674.873978917021304, 5865386.754807870835066 ], [ 733669.922102032229304, 5865397.485491699539125 ], [ 733656.727731762919575, 5865424.841238778084517 ], [ 733640.47179335472174, 5865461.866825764998794 ], [ 733630.826100073871203, 5865484.137559554539621 ], [ 733618.182841880130582, 5865510.419445861130953 ], [ 733605.301684786216356, 5865533.464431437663734 ], [ 733603.574691882939078, 5865536.180758565664291 ], [ 733594.914670062833466, 5865549.797064187936485 ], [ 733581.807231198414229, 5865569.063779567368329 ], [ 733563.522893430432305, 5865594.74738153629005 ], [ 733551.5078575250227, 5865612.408828406594694 ], [ 733530.203882714034989, 5865643.991347281262279 ], [ 733524.706157417269424, 5865655.522748691961169 ], [ 733521.663369671325199, 5865663.57861018832773 ], [ 733517.500358090386726, 5865675.664595697075129 ], [ 733514.97688539896626, 5865685.343339032493532 ], [ 733513.318206556607038, 5865691.130384339950979 ], [ 733509.272172965458594, 5865715.746401011012495 ], [ 733507.416916503221728, 5865738.371705978177488 ], [ 733505.529603392235003, 5865763.69258801266551 ], [ 733504.316066037514247, 5865776.620143409818411 ], [ 733502.561329683056101, 5865789.812580594792962 ], [ 733495.887814952875488, 5865810.499104933813214 ], [ 733490.290836067986675, 5865830.92663587257266 ], [ 733477.486275111907162, 5865872.037965132854879 ], [ 733474.353000888950191, 5865888.180740780197084 ], [ 733467.180171465850435, 5865918.795583138242364 ], [ 733461.018374442006461, 5865944.341200011782348 ], [ 733456.565611902857199, 5865966.424947381950915 ] ], [ [ 734915.926515009370632, 5864713.712780543603003 ], [ 734915.68015456025023, 5864712.868874308653176 ], [ 734915.460052350885235, 5864711.875335559248924 ], [ 734915.329979031579569, 5864711.010843875817955 ], [ 734915.243572104373015, 5864709.996906334534287 ], [ 734915.230436885962263, 5864709.050706224516034 ], [ 734915.279680953477509, 5864708.105174891650677 ], [ 734915.383213826222345, 5864707.238821271806955 ], [ 734915.569426389294676, 5864706.237994815222919 ], [ 734915.804062992916442, 5864705.322105103172362 ], [ 734916.103794152499177, 5864704.424378951080143 ], [ 734916.431593304965645, 5864703.615737721323967 ], [ 734916.875143181765452, 5864702.700632181018591 ], [ 734917.305413451162167, 5864701.942575627937913 ], [ 734917.868672050070018, 5864701.094249743036926 ], [ 734918.552677963627502, 5864700.215197780169547 ], [ 734919.222108588088304, 5864699.47862608358264 ], [ 734919.8480588728562, 5864698.874036478810012 ], [ 734920.623987050494179, 5864698.218657399527729 ], [ 734921.384369818610139, 5864697.660628417506814 ], [ 734922.119145451113582, 5864697.191108833067119 ], [ 734922.948044650023803, 5864696.738608297891915 ], [ 734923.870989907067269, 5864696.310403318144381 ], [ 734924.750857919803821, 5864695.976342326030135 ], [ 734925.654751937021501, 5864695.70221318397671 ], [ 734926.499812784837559, 5864695.503137999214232 ], [ 734927.431449357420206, 5864695.348654872737825 ], [ 734928.44084910012316, 5864695.248857622034848 ], [ 734929.384146840660833, 5864695.225491888821125 ], [ 734930.255756868980825, 5864695.258121177554131 ], [ 734931.190530345076695, 5864695.354012714698911 ], [ 734932.12173606059514, 5864695.512451260350645 ], [ 734933.107184220687486, 5864695.754433051683009 ], [ 734933.935680140159093, 5864696.020931151695549 ], [ 734934.814159490633756, 5864696.362194019369781 ], [ 734935.732266077189706, 5864696.797031817957759 ], [ 734936.493776886956766, 5864697.222913935780525 ], [ 734937.34533229644876, 5864697.776387236081064 ], [ 734938.044876420637593, 5864698.299121921882033 ], [ 734938.81255002412945, 5864698.963767690584064 ], [ 734939.484494385775179, 5864699.625932076945901 ], [ 734940.063688328140415, 5864700.2783696455881 ], [ 734940.684775587171316, 5864701.08408098295331 ], [ 734941.211785714724101, 5864701.868407537229359 ], [ 734941.681831995723769, 5864702.68851053994149 ], [ 734942.066691140178591, 5864703.469858353957534 ], [ 734942.43024905002676, 5864704.344128347933292 ], [ 734942.732646002899855, 5864705.239575111307204 ], [ 734942.976798838353716, 5864706.154774458147585 ], [ 734943.156997796497308, 5864707.080932353623211 ], [ 734943.316615401534364, 5864708.577416219748557 ], [ 734943.333857756340876, 5864709.54694782756269 ], [ 734943.292660432867706, 5864710.418336398899555 ], [ 734943.189790649339557, 5864711.358927021734416 ], [ 734942.79145124705974, 5864713.206024117767811 ], [ 734942.477891557500698, 5864714.176377695053816 ], [ 734942.154446462751366, 5864714.98506751190871 ], [ 734941.744946152321063, 5864715.836499502882361 ], [ 734941.282049452187493, 5864716.661160748451948 ], [ 734940.723113174783066, 5864717.512446905486286 ], [ 734940.149288567248732, 5864718.263145620003343 ], [ 734939.528025244013406, 5864718.972582615911961 ], [ 734938.912074690451846, 5864719.591836955398321 ], [ 734938.204669030383229, 5864720.215933104045689 ], [ 734937.455704872496426, 5864720.791553091257811 ], [ 734936.672466630814597, 5864721.31586401630193 ], [ 734935.853534626425244, 5864721.785939697176218 ], [ 734934.988692093174905, 5864722.207492523826659 ], [ 734943.714991983142681, 5864740.51778990868479 ], [ 734957.587627699482255, 5864775.170138830319047 ], [ 734968.03739175433293, 5864803.317725358530879 ], [ 734969.598915736190975, 5864808.187063604593277 ], [ 734989.798719764687121, 5864871.221250267699361 ], [ 734994.824523946503177, 5864886.90136755630374 ], [ 735029.509213664801791, 5865011.278314952738583 ], [ 735053.104114992776886, 5865092.135356857441366 ], [ 735054.78171989612747, 5865098.514019996859133 ], [ 735071.016004693927243, 5865153.634567999280989 ], [ 735075.918604489415884, 5865170.287583232857287 ], [ 735094.034219083026983, 5865235.719486803747714 ], [ 735096.655339726014063, 5865257.624660337343812 ], [ 735097.554280644049868, 5865257.548399291932583 ], [ 735098.497298138565384, 5865257.557032534852624 ], [ 735099.436501277959906, 5865257.65150326769799 ], [ 735100.431201574509032, 5865257.848457230255008 ], [ 735101.267195290653035, 5865258.097569196484983 ], [ 735102.142805071431212, 5865258.441716694273055 ], [ 735102.985616089776158, 5865258.868480514734983 ], [ 735103.844614278990775, 5865259.410407181829214 ], [ 735104.53541575872805, 5865259.941801080480218 ], [ 735105.23087560152635, 5865260.580956718884408 ], [ 735105.909139416529797, 5865261.336373725906014 ], [ 735106.471264149411581, 5865262.097826181910932 ], [ 735106.961806045961566, 5865262.905091056600213 ], [ 735107.346689097699709, 5865263.687936633825302 ], [ 735107.710948578780517, 5865264.636496307328343 ], [ 735107.947203120798804, 5865265.478885913267732 ], [ 735108.133880475768819, 5865266.48085767775774 ], [ 735108.21315758919809, 5865267.349224004894495 ], [ 735108.216159085161053, 5865268.295375132933259 ], [ 735108.133626778842881, 5865269.234789127483964 ], [ 735107.945942544261925, 5865270.23857893794775 ], [ 735107.688160392688587, 5865271.148462629877031 ], [ 735107.3479624876054, 5865272.03126454539597 ], [ 735106.925488040084019, 5865272.873886036686599 ], [ 735106.470666721230373, 5865273.620094034820795 ], [ 735105.909784036222845, 5865274.379723166115582 ], [ 735105.250542474444956, 5865275.110644308850169 ], [ 735104.558876673923805, 5865275.752428892068565 ], [ 735103.811326709808782, 5865276.328115017153323 ], [ 735102.422851756797172, 5865277.140024644322693 ], [ 735101.500209843507037, 5865277.534802509471774 ], [ 735100.673229736858048, 5865277.802513594739139 ], [ 735099.68134075764101, 5865278.023337718099356 ], [ 735098.747145934728906, 5865278.139977972954512 ], [ 735097.876247274922207, 5865278.171416698023677 ], [ 735096.936546852695756, 5865278.123518506065011 ], [ 735095.931209268863313, 5865277.971572553738952 ], [ 735095.016608893289231, 5865277.746363221667707 ], [ 735094.124714010744356, 5865277.432606992311776 ], [ 735093.33193610527087, 5865277.076244057156146 ], [ 735092.447840417386033, 5865276.57480269856751 ], [ 735091.733454607659951, 5865276.078088159672916 ], [ 735091.008623138186522, 5865275.472094158641994 ], [ 735090.343954361858778, 5865274.802698804996908 ], [ 735089.740837161894888, 5865274.075739262625575 ], [ 735089.16795793781057, 5865273.234113335609436 ], [ 735088.746574623393826, 5865272.472709086723626 ] ], [ [ 735821.475885650492273, 5867301.343266289681196 ], [ 735831.025592454825528, 5867285.901433011516929 ], [ 735846.630735719809309, 5867259.100918544456363 ], [ 735853.948015034897253, 5867246.439493538811803 ], [ 735858.40046990220435, 5867238.734111328609288 ], [ 735863.073692162404768, 5867231.149003258906305 ], [ 735899.148379928665236, 5867172.563952043652534 ], [ 735918.602387814200483, 5867137.446295737288892 ], [ 735939.723773036734201, 5867097.226123730652034 ], [ 735954.282716825604439, 5867067.179976401850581 ], [ 735932.881631091469899, 5867057.785531526431441 ], [ 735921.119331321096979, 5867051.729634886607528 ], [ 735913.1424206555821, 5867043.554829953238368 ], [ 735915.626617554575205, 5867037.111335825175047 ], [ 735927.717051523737609, 5867037.778207130730152 ], [ 735941.901122728711925, 5867043.588970018550754 ], [ 735957.154737390112132, 5867049.954086263664067 ], [ 735961.357654711115174, 5867051.042486808262765 ] ] ] } },
{ "type": "Feature", "properties": { "CADRE_NO": "10.017", "DDT_URL": null, "ETC_NOM": "Transports publics de la région lausannoise", "ETC_SIGLE": "TL", "ETC_URL": "https://www.t-l.ch", "GO_CENTRE": 0, "HORAIR_URL": "https://www.tableaux-horaires.ch/fileadmin/fap_pdf_fields/2025/10.017.pdf", "LIGNE_NO": "17", "LIGNE_NOM": "Lausanne-Flon - Prilly - Renens VD - Bussigny - Villars-Ste-Croix", "LIGNE_SIGL": null, "LIGNE_TYPE": "Bus urbain", "PLAN_URL": "https://prestations.vd.ch/pub/101587/api/download/2_Cartographie_et_geodonnees/2.1_Carte_des_reseaux/Carte_des_lignes_TP/topo/ligne_10.017.pdf", "SHAPE_LEN": 8969.052 }, "geometry": { "type": "MultiLineString", "coordinates": [ [ [ 732830.855753091513179, 5866769.051508529111743 ], [ 733006.321648215642199, 5866712.999903121031821 ], [ 733213.46888551779557, 5866620.392902894876897 ], [ 733478.181428293930367, 5866470.818082863464952 ], [ 733539.611521333805285, 5866410.903417674824595 ], [ 733593.903295483556576, 5866358.188429531641304 ], [ 733697.320585144800134, 5866259.196330493316054 ], [ 733711.277853401959874, 5866247.17650330811739 ], [ 733717.783966784598306, 5866241.85511330794543 ], [ 733799.263716922840104, 5866162.935088058933616 ], [ 733836.204255097429268, 5866125.481321473605931 ], [ 733840.835914167109877, 5866120.785924601368606 ], [ 733938.622965413378552, 5866024.518834746442735 ], [ 733960.875289768562652, 5866004.540258544497192 ], [ 733995.638467564480379, 5865970.674479720182717 ], [ 734025.468447919702157, 5865945.924645082093775 ], [ 734046.600374111672863, 5865930.245627806521952 ], [ 734059.587068716762587, 5865922.030530948191881 ], [ 734076.380806256085634, 5865909.80982069671154 ], [ 734107.21741398749873, 5865891.269020365551114 ], [ 734144.518888285732828, 5865871.185144486837089 ], [ 734208.273582649533637, 5865840.598977565765381 ], [ 734238.809420257806778, 5865824.751953577622771 ], [ 734274.190983693348244, 5865808.420015972107649 ], [ 734343.591487714322284, 5865777.353971902281046 ], [ 734402.738500303705223, 5865749.954386878758669 ], [ 734446.759060475160368, 5865729.939057922922075 ], [ 734572.5510168466717, 5865677.644243151880801 ], [ 734598.184869703953154, 5865665.392797715961933 ], [ 734624.412236162344925, 5865652.858005747199059 ], [ 734681.938463682308793, 5865626.248829118907452 ], [ 734758.89166994462721, 5865592.299114649184048 ], [ 734774.012972810771316, 5865585.451192555017769 ], [ 734805.340648488490842, 5865570.957607531920075 ], [ 734853.414161217049696, 5865548.55908874515444 ], [ 734885.014263433404267, 5865533.801825535483658 ], [ 734940.101756737218238, 5865508.780892326496542 ], [ 734992.253710482618771, 5865481.841781845316291 ], [ 735075.256927744485438, 5865434.743655819445848 ], [ 735124.142026157001965, 5865408.06597148347646 ], [ 735154.94672720390372, 5865389.555693834088743 ], [ 735156.366130192531273, 5865388.701883962377906 ], [ 735174.437931955209933, 5865379.129551965743303 ], [ 735203.939558206941001, 5865362.523692824877799 ], [ 735248.553233171929605, 5865336.847906825132668 ], [ 735312.617120800889097, 5865301.407462666742504 ], [ 735407.513496232917532, 5865247.425562124699354 ], [ 735459.700966157601215, 5865216.710595141164958 ], [ 735461.194192598224618, 5865215.867728548124433 ], [ 735499.983130027074367, 5865193.955675196833909 ], [ 735536.476162106613629, 5865173.585232079029083 ], [ 735540.900886423420161, 5865171.172464022412896 ], [ 735571.884043649421073, 5865154.28315123450011 ], [ 735592.134799441555515, 5865145.063817837275565 ], [ 735627.76525110041257, 5865130.076719076372683 ] ], [ [ 737212.915976859279908, 5864263.696050615981221 ], [ 737212.820236509433016, 5864263.695049619302154 ], [ 737149.098014486720785, 5864267.611628510057926 ], [ 737111.55010860436596, 5864267.942029491998255 ], [ 737107.17708650615532, 5864267.980669176205993 ], [ 737091.071921031922102, 5864266.462918848730624 ], [ 737069.603421141626313, 5864263.81489266268909 ], [ 736990.365183317684568, 5864251.289190341718495 ], [ 736914.026539219194092, 5864239.248736602254212 ], [ 736889.841254919534549, 5864235.729101869277656 ], [ 736873.588840615935624, 5864234.289455138146877 ], [ 736834.729007912566885, 5864233.699635848402977 ], [ 736798.231547343661077, 5864232.364551989361644 ], [ 736765.162401774083264, 5864231.154115416109562 ], [ 736714.756662763073109, 5864228.55188602488488 ], [ 736631.097436700132675, 5864225.031925077550113 ], [ 736615.622236518422142, 5864225.161611895076931 ], [ 736564.025630236137658, 5864225.596480582840741 ], [ 736517.693108143284917, 5864231.090146495960653 ], [ 736503.656568378792144, 5864233.621637445874512 ] ], [ [ 732420.815454010153189, 5867216.955868347547948 ], [ 732493.435473320772871, 5867191.052309587597847 ], [ 732596.225899628712796, 5867156.049962474033237 ], [ 732669.283649663324468, 5867136.088470980525017 ], [ 732688.975729726837017, 5867129.565350675024092 ], [ 732708.962670212495141, 5867120.886358804069459 ] ], [ [ 736445.659428474842571, 5864805.818351689726114 ], [ 736390.679550545173697, 5864821.413360964506865 ], [ 736351.306955594220199, 5864834.745027183555067 ], [ 736268.787007709732279, 5864862.717261479236186 ], [ 736158.236692576319911, 5864900.251974118873477 ] ], [ [ 736158.235272450605407, 5864900.24904808960855 ], [ 736157.138846188201569, 5864900.621704968623817 ], [ 736097.268774662981741, 5864921.283794435672462 ], [ 735964.566848831716925, 5864968.132935447618365 ], [ 735927.585733029874973, 5864983.916072534397244 ], [ 735832.799218829837628, 5865028.197674063965678 ], [ 735734.752587162074633, 5865075.679490216076374 ], [ 735679.110497164190747, 5865102.858295452781022 ], [ 735627.76525110041257, 5865130.076719076372683 ] ], [ [ 736503.657988511840813, 5864233.624563193880022 ], [ 736503.656537906383164, 5864233.624547910876572 ] ], [ [ 738134.891227068961598, 5864244.139925383962691 ], [ 737942.366147691500373, 5864351.369083511643112 ], [ 737743.139245936297812, 5864419.605820540338755 ], [ 737447.285500681144185, 5864533.281317483633757 ], [ 737415.98544242978096, 5864545.618664352223277 ], [ 737390.115982918767259, 5864553.171773006208241 ], [ 737293.975921599543653, 5864573.462675363756716 ], [ 737184.122755944845267, 5864594.958361923694611 ], [ 737090.16392482991796, 5864612.306621762923896 ], [ 737058.916439365479164, 5864618.678888316266239 ], [ 737044.923944317386486, 5864621.534941654652357 ], [ 736988.910673118312843, 5864633.345638736151159 ], [ 736943.149548792745918, 5864644.251960333436728 ] ], [ [ 736943.150984303210862, 5864644.253430838696659 ], [ 736937.999337091227062, 5864645.481669063679874 ], [ 736908.34216707025189, 5864654.87417433783412 ], [ 736860.195687372004613, 5864671.758860888890922 ], [ 736690.200216620694846, 5864727.522269584238529 ], [ 736637.895233865827322, 5864744.223873971961439 ], [ 736606.41892913391348, 5864754.085363485850394 ] ], [ [ 736606.420349384890869, 5864754.088289399631321 ], [ 736552.974269413389266, 5864770.828368707560003 ], [ 736480.96928150288295, 5864795.679034657776356 ], [ 736445.660818187636323, 5864805.8241882994771 ] ] ] } },
{ "type": "Feature", "properties": { "CADRE_NO": "10.024", "DDT_URL": null, "ETC_NOM": "Transports publics de la région lausannoise", "ETC_SIGLE": "TL", "ETC_URL": "https://www.t-l.ch", "GO_CENTRE": 0, "HORAIR_URL": "https://www.tableaux-horaires.ch/fileadmin/fap_pdf_fields/2025/10.024.pdf", "LIGNE_NO": "24", "LIGNE_NOM": "Lausanne Tour Haldimand-Lac - Ouchy-Olympique - Bourdonnette", "LIGNE_SIGL": null, "LIGNE_TYPE": "Bus urbain", "PLAN_URL": "https://prestations.vd.ch/pub/101587/api/download/2_Cartographie_et_geodonnees/2.1_Carte_des_reseaux/Carte_des_lignes_TP/topo/ligne_10.024.pdf", "SHAPE_LEN": 5824.682 }, "geometry": { "type": "MultiLineString", "coordinates": [ [ [ 737488.505253425217234, 5862071.04369692504406 ], [ 737438.863492218079045, 5862106.34049051720649 ], [ 737364.079937784699723, 5862155.180186256766319 ], [ 737342.185003161430359, 5862168.684389150701463 ], [ 737330.599537302856334, 5862174.507312507368624 ], [ 737235.974247126025148, 5862215.396713811904192 ], [ 737198.913261491805315, 5862231.412151867523789 ], [ 737158.625205823918805, 5862250.609397656284273 ], [ 737124.243150618509389, 5862269.946885867975652 ], [ 737110.712325421045534, 5862278.144272368401289 ], [ 737086.591479696216993, 5862294.319523700512946 ], [ 737067.130377019406296, 5862308.58646063413471 ], [ 737043.210739105474204, 5862328.686648171395063 ], [ 736993.352238957537338, 5862375.001902665011585 ], [ 736950.211211010464467, 5862417.054289547726512 ] ], [ [ 736950.211211010464467, 5862417.054289547726512 ], [ 736942.321768137044273, 5862424.746129488572478 ], [ 736773.616228882805444, 5862581.666540092788637 ], [ 736682.132752584642731, 5862664.770605870522559 ], [ 736616.992701169569045, 5862730.593977062962949 ], [ 736617.639539274503477, 5862731.296344091184437 ], [ 736618.181206293287687, 5862732.068906492553651 ], [ 736618.614831927698106, 5862732.908723820000887 ], [ 736618.912321886513382, 5862733.728191657923162 ], [ 736619.118824754841626, 5862734.648562313988805 ], [ 736619.198872732114978, 5862735.593794944696128 ], [ 736619.144757558591664, 5862736.607462850399315 ], [ 736618.96532849164214, 5862737.536868729628623 ], [ 736618.662984134047292, 5862738.430057654157281 ], [ 736618.243632384575903, 5862739.276905723847449 ], [ 736617.717608297127299, 5862740.060059928335249 ], [ 736616.655985871795565, 5862741.154799805022776 ], [ 736615.893041173811071, 5862741.707002518698573 ], [ 736615.061589885270223, 5862742.152258434332907 ], [ 736614.179127617622726, 5862742.482020752504468 ], [ 736613.260218846378848, 5862742.690622140653431 ], [ 736612.320863194647245, 5862742.773865514434874 ], [ 736611.381380935432389, 5862742.730509578250349 ], [ 736610.382505224901251, 5862742.541013645008206 ], [ 736609.557119940523989, 5862742.26748981513083 ], [ 736608.646478291368112, 5862741.824271448887885 ], [ 736607.923389422241598, 5862741.339372549206018 ], [ 736607.160218386095949, 5862740.664882554672658 ], [ 736606.555486458353698, 5862739.958591727539897 ], [ 736606.035879676346667, 5862739.157157145440578 ], [ 736605.631429474567994, 5862738.301639040932059 ], [ 736605.365954984794371, 5862737.472321251407266 ], [ 736605.194353371392936, 5862736.543586418032646 ], [ 736605.146199538488872, 5862735.600144387222826 ], [ 736605.238040825468488, 5862734.585418590344489 ], [ 736605.432603511842899, 5862733.734750492498279 ], [ 736605.786335424287245, 5862732.782442350871861 ], [ 736606.199049729970284, 5862732.015558674931526 ], [ 736606.748158335336484, 5862731.244290012866259 ], [ 736607.954035584931262, 5862730.087044426240027 ], [ 736608.739774634479545, 5862729.574371985159814 ], [ 736609.656659115920775, 5862729.143112790770829 ], [ 736610.557442283141427, 5862728.864474359899759 ], [ 736611.487389535992406, 5862728.709830164909363 ], [ 736612.427631067926995, 5862728.680436745285988 ], [ 736613.294152776710689, 5862728.765223881229758 ], [ 736614.211548378341831, 5862728.978599169291556 ], [ 736615.160704632871784, 5862729.345098920166492 ], [ 736615.984187005786225, 5862729.800495033152401 ], [ 736616.992701169569045, 5862730.593977062962949 ] ] ] } },
{ "type": "Feature", "properties": { "CADRE_NO": "10.016", "DDT_URL": null, "ETC_NOM": "Transports publics de la région lausannoise", "ETC_SIGLE": "TL", "ETC_URL": "https://www.t-l.ch", "GO_CENTRE": 0, "HORAIR_URL": "https://www.tableaux-horaires.ch/fileadmin/fap_pdf_fields/2025/10.016.pdf", "LIGNE_NO": "16", "LIGNE_NOM": "Lausanne Provence nord - Grand Vennes", "LIGNE_SIGL": null, "LIGNE_TYPE": "Bus urbain", "PLAN_URL": "https://prestations.vd.ch/pub/101587/api/download/2_Cartographie_et_geodonnees/2.1_Carte_des_reseaux/Carte_des_lignes_TP/topo/ligne_10.016.pdf", "SHAPE_LEN": 8537.807 }, "geometry": { "type": "MultiLineString", "coordinates": [ [ [ 738189.545567657682113, 5864601.634346948936582 ], [ 738173.382726120413281, 5864605.510406015440822 ], [ 738159.366980719380081, 5864609.679366540163755 ], [ 738147.516438322491013, 5864612.521506059914827 ], [ 738136.21502901695203, 5864614.023018109612167 ], [ 738114.991580987232737, 5864613.534087638370693 ], [ 738085.975263305590488, 5864613.233673031441867 ], [ 738053.739678999176249, 5864612.358385900035501 ], [ 738041.945780048961751, 5864609.271448911167681 ], [ 738010.951803086907603, 5864592.506593679077923 ], [ 738004.538211345323361, 5864588.936853442341089 ], [ 737998.120544769335538, 5864585.904128666035831 ], [ 737992.293812244897708, 5864577.757255739532411 ], [ 737961.774773030541837, 5864514.635552787221968 ], [ 737938.323310583713464, 5864469.64501045551151 ], [ 737928.598730577738024, 5864448.517557049170136 ], [ 737908.057216495275497, 5864460.164740571752191 ], [ 737804.03756772656925, 5864515.421812072396278 ], [ 737672.74397814553231, 5864583.603982576169074 ] ], [ [ 737283.75202379852999, 5864263.897879312746227 ], [ 737295.342575468006544, 5864290.140483381226659 ], [ 737304.055493480409496, 5864309.332214375957847 ], [ 737431.411772867897525, 5864571.954328184947371 ], [ 737447.511231879587285, 5864606.144868165254593 ], [ 737467.152708917390555, 5864647.857873423025012 ], [ 737469.615298843709752, 5864654.529186446219683 ], [ 737482.009619802702218, 5864652.162281137891114 ], [ 737515.196619331021793, 5864643.69244418758899 ], [ 737583.39130202436354, 5864623.378704746253788 ], [ 737614.940212112152949, 5864612.654425251297653 ], [ 737618.448711848934181, 5864611.072479015216231 ], [ 737672.74397814553231, 5864583.603982576169074 ] ], [ [ 738518.339418974006549, 5864952.769473600201309 ], [ 738504.914878527633846, 5865005.850537327118218 ] ], [ [ 738504.914878527633846, 5865005.850537327118218 ], [ 738501.815022197784856, 5865018.107538375072181 ], [ 738486.339443796896376, 5865076.924448822624981 ], [ 738483.92083999782335, 5865086.126126437447965 ], [ 738475.315996541525237, 5865116.247027075849473 ], [ 738471.097814445267431, 5865131.013634922914207 ], [ 738455.610085536376573, 5865173.986031460575759 ], [ 738431.772512508672662, 5865218.761793816462159 ], [ 738406.280006633955054, 5865267.561284145340323 ], [ 738405.344650606159121, 5865269.777187379077077 ], [ 738385.62557892256882, 5865316.412361334078014 ], [ 738381.203812030958943, 5865328.228173221461475 ], [ 738366.858001596061513, 5865364.473838853649795 ], [ 738351.452290389570408, 5865399.362273264676332 ], [ 738335.741987608373165, 5865437.480539508163929 ], [ 738322.223270387854427, 5865471.848673144355416 ], [ 738295.385920574772172, 5865546.788238703273237 ], [ 738284.570447110687383, 5865579.564571905881166 ], [ 738279.821877347189002, 5865597.039657884277403 ], [ 738271.200557366828434, 5865625.257992666214705 ], [ 738262.768113646539859, 5865656.555555486120284 ], [ 738259.467471243347973, 5865668.811306217685342 ], [ 738239.461438093450852, 5865732.768855528905988 ], [ 738231.378123915288597, 5865760.993149769492447 ], [ 738225.294163173879497, 5865777.645422765053809 ], [ 738220.047321638325229, 5865791.341221699491143 ], [ 738214.273302737972699, 5865803.950039185583591 ], [ 738206.898507592850365, 5865815.738797121681273 ], [ 738199.52770097006578, 5865826.713895062915981 ], [ 738188.630022522178479, 5865841.160655110143125 ], [ 738175.287320401635952, 5865858.007261862047017 ], [ 738144.764894997701049, 5865899.211346711032093 ], [ 738114.556438129977323, 5865936.102699227631092 ], [ 738069.067294997512363, 5865995.215494104661047 ], [ 738022.785861897049472, 5866053.70594203658402 ], [ 738007.980488449102268, 5866072.039826238527894 ], [ 738002.565421013976447, 5866079.758576262742281 ], [ 737998.530685455421917, 5866085.609419632703066 ], [ 737994.170393690583296, 5866093.059614962898195 ], [ 737993.10634401824791, 5866097.749038738198578 ], [ 737991.899415420368314, 5866103.067302188836038 ], [ 737990.728556811111048, 5866112.491021818481386 ], [ 737990.874820143915713, 5866124.353607397526503 ], [ 737992.354822062072344, 5866137.042318233288825 ], [ 737995.440065213711932, 5866150.824910313822329 ], [ 738000.427808043197729, 5866162.200572406873107 ], [ 738007.572882908047177, 5866173.055624299682677 ], [ 738016.598336977534927, 5866183.934537067078054 ], [ 738029.911822629976086, 5866195.936570111662149 ], [ 738045.427050673635677, 5866203.106590461917222 ], [ 738057.211851466097869, 5866207.004799233749509 ], [ 738065.803228254429996, 5866207.901709968224168 ], [ 738077.622806528932415, 5866208.562736021354795 ], [ 738084.620580314774998, 5866208.361526511609554 ], [ 738093.757998807937838, 5866207.383276579901576 ], [ 738102.666406159871258, 5866203.699379227124155 ], [ 738109.970996479154564, 5866198.921641410328448 ], [ 738132.972372458549216, 5866183.523891004733741 ], [ 738165.968249068944715, 5866163.373262989334762 ], [ 738220.60064686939586, 5866129.698609236627817 ], [ 738243.980833624140359, 5866114.962584274820983 ], [ 738254.68652808945626, 5866108.212518502026796 ], [ 738272.241270236670971, 5866099.766002965159714 ], [ 738289.502649815287441, 5866093.743078753352165 ], [ 738305.65988077619113, 5866090.675431340001523 ], [ 738327.171918976586312, 5866089.551096878014505 ], [ 738343.005271261557937, 5866091.601181536912918 ], [ 738358.805578863830306, 5866097.156219182536006 ], [ 738368.430519522866234, 5866102.108879597857594 ], [ 738378.848233562195674, 5866108.14693303219974 ], [ 738387.659653068520129, 5866113.899095921777189 ], [ 738406.035117617226206, 5866130.265944420360029 ], [ 738414.76920770003926, 5866143.56513141375035 ], [ 738422.397622735705227, 5866159.551807544194162 ], [ 738426.248693355591968, 5866177.115380374714732 ], [ 738429.059210065286607, 5866191.436565852724016 ] ], [ [ 738532.500528696808033, 5864797.12047032173723 ], [ 738531.666188017348759, 5864797.696978114545345 ], [ 738530.821806135587394, 5864798.120556568726897 ], [ 738529.930713230627589, 5864798.43012588750571 ], [ 738529.008971358998679, 5864798.61566315498203 ], [ 738528.066720573580824, 5864798.678728337399662 ], [ 738527.183749536867253, 5864798.620143559761345 ], [ 738526.257058427203447, 5864798.438847520388663 ], [ 738525.431449281051755, 5864798.162531025707722 ], [ 738524.582549168961123, 5864797.752069922164083 ], [ 738523.794275328633375, 5864797.230161217041314 ], [ 738523.033649074379355, 5864796.558622528798878 ], [ 738522.462930754292756, 5864795.902140136808157 ], [ 738521.938525426317938, 5864795.115141483955085 ], [ 738521.523578484542668, 5864794.265229540877044 ], [ 738521.208471462945454, 5864793.299907843582332 ], [ 738555.963681035093032, 5864743.882634988054633 ], [ 738549.871115236659534, 5864712.962863554246724 ], [ 738491.077855260926299, 5864569.482938978821039 ], [ 738516.057375068543479, 5864443.366826924495399 ], [ 738540.427638286957517, 5864386.096708396449685 ], [ 738588.558908131206408, 5864359.898675443604589 ], [ 738644.001256935298443, 5864358.070905693806708 ], [ 738682.384421492228284, 5864358.070905677974224 ], [ 738707.973197867162526, 5864327.608076671138406 ] ], [ [ 738189.545567657682113, 5864601.634346948936582 ], [ 738213.553883835556917, 5864592.4469412881881 ], [ 738234.885248543694615, 5864582.425487173721194 ], [ 738244.85434479417745, 5864579.83304931037128 ], [ 738254.509312088484876, 5864581.551303446292877 ], [ 738262.007552440511063, 5864584.055032534524798 ], [ 738268.411501250113361, 5864588.432254972867668 ], [ 738273.979853005264886, 5864595.769960189238191 ], [ 738279.502521086134948, 5864607.41679129190743 ], [ 738288.957000689697452, 5864628.809236236847937 ], [ 738290.041681840433739, 5864631.264154647476971 ], [ 738298.410060878959484, 5864650.203163161873817 ], [ 738309.192681099753827, 5864672.957168764434755 ], [ 738322.309314579819329, 5864704.095534466207027 ], [ 738340.675005995901302, 5864747.413754128850996 ], [ 738356.652817500988021, 5864787.474866680800915 ], [ 738378.989532872568816, 5864836.766985541209579 ], [ 738389.31189887446817, 5864852.239149023778737 ], [ 738403.112366209621541, 5864869.093550324440002 ], [ 738416.132453494006768, 5864883.245782335288823 ], [ 738427.574123230180703, 5864894.416880371049047 ], [ 738439.555220738286152, 5864905.053549817763269 ], [ 738452.36241883749608, 5864914.081670340150595 ], [ 738463.830355557496659, 5864922.555978961288929 ], [ 738480.392365097184666, 5864932.161329994909465 ], [ 738497.222636530990712, 5864941.501611302606761 ], [ 738518.339418974006549, 5864952.769473600201309 ] ], [ [ 738533.116559267509729, 5864797.040271590463817 ], [ 738570.802587649552152, 5864831.053817296400666 ], [ 738574.898463377496228, 5864835.014179326593876 ], [ 738689.811487209633924, 5864923.26764406543225 ], [ 738694.615149934077635, 5864926.551182716153562 ], [ 738702.756391557632014, 5864933.187597804702818 ], [ 738707.655081609613262, 5864938.815476187504828 ], [ 738708.920032895402983, 5864946.646016164682806 ], [ 738712.45721826213412, 5864968.51940859016031 ], [ 738711.519878858933225, 5864981.447825320065022 ], [ 738714.634671245003119, 5864992.265220471657813 ], [ 738717.728809165186249, 5865004.96294435672462 ], [ 738717.906298214686103, 5865013.862355259247124 ], [ 738716.485785230412148, 5865021.397531596012414 ], [ 738713.757675393717363, 5865029.959966777823865 ], [ 738706.514689880888909, 5865052.690635648556054 ], [ 738702.857596506248228, 5865066.544576672837138 ], [ 738698.6635908766184, 5865082.676743797957897 ], [ 738695.090315600158647, 5865090.456197737716138 ], [ 738690.458551887306385, 5865096.607672659680247 ], [ 738684.493061235989444, 5865101.940520283766091 ], [ 738676.91567130992189, 5865106.983145049773157 ], [ 738664.217958813300356, 5865113.593098755925894 ], [ 738637.724121139384806, 5865129.226588809862733 ], [ 738622.587352886097506, 5865137.965596213936806 ], [ 738614.740172544610687, 5865143.277597269043326 ], [ 738606.328643128974363, 5865151.27799297682941 ], [ 738594.391866020159796, 5865162.208489426411688 ], [ 738571.046900584595278, 5865185.150568769313395 ], [ 738544.453350643743761, 5865210.487040113657713 ], [ 738514.342658241512254, 5865237.942938034422696 ], [ 738501.038831380545162, 5865251.28574438393116 ], [ 738495.86044822644908, 5865258.511621759273112 ], [ 738491.47201380552724, 5865267.090584041550756 ], [ 738486.494274275028147, 5865280.789972183294594 ], [ 738484.514664034591988, 5865290.473814461380243 ], [ 738485.201116378535517, 5865302.073022781871259 ], [ 738487.233886438771151, 5865313.687580934725702 ], [ 738489.533508274238557, 5865325.031257334165275 ], [ 738489.714909586007707, 5865326.161195105873048 ], [ 738491.553792027523741, 5865337.724295683205128 ], [ 738491.711881269118749, 5865348.779556171037257 ], [ 738488.857022846234031, 5865391.073987571522593 ], [ 738487.328597336541861, 5865409.119113323278725 ], [ 738487.212608983856626, 5865420.442377269268036 ], [ 738488.506365124252625, 5865425.307187123224139 ], [ 738491.157488371012732, 5865429.110311890020967 ], [ 738496.24078469898086, 5865431.319893270730972 ], [ 738503.501671585254371, 5865430.58397104497999 ], [ 738509.452343179378659, 5865426.872417349368334 ], [ 738511.134648002684116, 5865420.150385469198227 ], [ 738511.516102421097457, 5865408.829857813194394 ], [ 738510.591713543748483, 5865394.532319723628461 ], [ 738512.027557292720303, 5865385.3813182041049 ], [ 738516.783805415616371, 5865367.100220039486885 ], [ 738519.051138611626811, 5865355.529913295991719 ], [ 738527.16071950213518, 5865324.61412769369781 ], [ 738531.305636747158132, 5865313.601781290955842 ], [ 738538.919037760817446, 5865304.783789676614106 ], [ 738544.884725481038913, 5865299.453829918056726 ], [ 738552.7237902963534, 5865294.952462541870773 ], [ 738561.889753265073523, 5865292.078980165533721 ], [ 738578.048164764884859, 5865288.741854938678443 ], [ 738597.159054274787195, 5865285.704380323179066 ], [ 738610.590551349101588, 5865286.111942711286247 ], [ 738621.322880331776105, 5865287.838098530657589 ], [ 738632.027470156899653, 5865291.99329446721822 ], [ 738640.035653992905281, 5865297.197849126532674 ], [ 738649.379149564425461, 5865303.494715491309762 ], [ 738651.778309338027611, 5865305.40727411210537 ], [ 738659.498852291144431, 5865312.493820223025978 ], [ 738671.725834464188665, 5865325.561087809503078 ], [ 738679.673466126667336, 5865336.695004078559577 ], [ 738680.854341913131066, 5865338.985123119316995 ], [ 738686.526921542943455, 5865349.97628989815712 ], [ 738691.266000925796106, 5865359.46007677167654 ], [ 738695.161330223316327, 5865372.709508217871189 ], [ 738698.250041473656893, 5865385.949206457473338 ], [ 738701.514926915406249, 5865408.359458102844656 ], [ 738707.183102529728785, 5865432.142354924231768 ], [ 738713.779086706927046, 5865470.492244875989854 ], [ 738721.137574748834595, 5865512.893797270022333 ], [ 738728.70409852208104, 5865561.498581534251571 ], [ 738734.986381049617194, 5865604.15732750389725 ], [ 738772.55439517844934, 5865779.771135010756552 ] ], [ [ 739258.901869296329096, 5866743.705193812027574 ], [ 739251.538892936427146, 5866742.819057354703546 ], [ 739246.927170369890518, 5866743.23632147256285 ], [ 739242.992074951063842, 5866745.0449696527794 ], [ 739238.806601576856337, 5866748.92994652595371 ], [ 739235.882886315463111, 5866753.175759481266141 ], [ 739210.110842360416427, 5866794.507644295692444 ], [ 739198.371244925539941, 5866812.452789760194719 ], [ 739194.004599623498507, 5866818.880689918063581 ], [ 739189.692255515721627, 5866823.249165957793593 ], [ 739183.619444079580717, 5866829.918753678910434 ], [ 739177.605231915134937, 5866835.105461522936821 ], [ 739175.573414740385488, 5866836.547775664366782 ], [ 739169.401898330892436, 5866840.933627168647945 ], [ 739160.939567459281534, 5866845.828869267366827 ], [ 739158.964791644364595, 5866846.655952446162701 ], [ 739151.387427183915861, 5866856.143172893673182 ], [ 739148.576173897599801, 5866859.168723685666919 ], [ 739142.816697122063488, 5866864.132378982380033 ], [ 739141.00505680218339, 5866865.75600952655077 ], [ 739133.236663482966833, 5866874.046046913601458 ], [ 739128.740780887776054, 5866880.046080037020147 ], [ 739124.300211440189742, 5866887.741265146993101 ], [ 739123.483271965757012, 5866889.159615132957697 ], [ 739119.137220088392496, 5866899.546147047542036 ], [ 739114.837058468838222, 5866912.125642168335617 ], [ 739108.032891197013669, 5866930.191309930756688 ], [ 739106.476274444139563, 5866933.56310354731977 ], [ 739103.725347472471185, 5866936.788734031841159 ], [ 739100.654653760837391, 5866939.350141017697752 ], [ 739084.601982455234975, 5866948.418696611188352 ], [ 739067.696990514639765, 5866956.816095614805818 ], [ 739062.041748391231522, 5866959.084604675881565 ], [ 739060.371027048444375, 5866959.406702542677522 ], [ 739053.980440916493535, 5866960.635483999736607 ], [ 739054.785307141020894, 5866973.379430469125509 ], [ 739057.243356910999864, 5866994.654113303869963 ], [ 739061.392999665113166, 5867025.107839845120907 ], [ 739065.416506090899929, 5867049.563708012923598 ], [ 739066.596349617349915, 5867057.549514579586685 ], [ 739067.843433049158193, 5867079.32008920609951 ], [ 739068.675790084176697, 5867096.210783710703254 ], [ 739068.631643066066317, 5867111.528933838941157 ], [ 739067.527578851324506, 5867132.316143427044153 ], [ 739065.470064125140198, 5867148.395537933334708 ], [ 739059.298865215852857, 5867185.2329241335392 ], [ 739057.400856625288725, 5867196.617379005998373 ], [ 739055.608253034763038, 5867208.339236526750028 ], [ 739054.581015776144341, 5867221.859686154872179 ], [ 739053.892792623024434, 5867240.85485000628978 ], [ 739053.673276193905622, 5867251.300051066093147 ], [ 739053.706131230923347, 5867270.599666784517467 ], [ 739054.50604105333332, 5867276.134427375160158 ], [ 739056.602442940697074, 5867280.335770483128726 ], [ 739062.08591770764906, 5867286.123791697435081 ], [ 739038.875677607138641, 5867353.785509233362973 ], [ 738983.128700493369251, 5867489.95435487665236 ], [ 738952.66587147617247, 5867519.198670727200806 ], [ 738903.925345053663477, 5867532.602315498515964 ], [ 738858.840358112822287, 5867544.787447115406394 ] ], [ [ 739259.573681801673956, 5866743.856184408999979 ], [ 739263.482950745616108, 5866726.298391397111118 ], [ 739266.591980088618584, 5866711.232060375623405 ], [ 739267.992455325438641, 5866706.363623833283782 ], [ 739270.769283231697045, 5866696.715315278619528 ], [ 739274.900381493149325, 5866687.319605226628482 ], [ 739294.365670983679593, 5866649.501937760040164 ], [ 739303.69003978651017, 5866630.993687076494098 ], [ 739307.829117354005575, 5866620.5193777596578 ], [ 739311.450306013342924, 5866607.882320459932089 ], [ 739314.325052288593724, 5866589.579042204655707 ], [ 739320.271690830122679, 5866559.71047346200794 ], [ 739323.750225266325288, 5866534.671787206083536 ], [ 739328.381957547389902, 5866502.096806692890823 ], [ 739331.331809571827762, 5866476.242024257779121 ], [ 739331.775309145683423, 5866458.991447049193084 ], [ 739331.818372146808542, 5866401.833224349655211 ], [ 739329.574341331725009, 5866358.132163382135332 ], [ 739326.82935985038057, 5866337.345296611078084 ], [ 739324.896462642587721, 5866315.754472034052014 ], [ 739320.618836044683121, 5866287.133328111842275 ], [ 739316.790577582549304, 5866267.14057776145637 ], [ 739311.583174929837696, 5866250.640619753859937 ], [ 739303.93517728021834, 5866236.273136471398175 ], [ 739292.817944748559967, 5866219.446457722224295 ], [ 739275.066512681078166, 5866194.461149581708014 ], [ 739229.717746456968598, 5866134.412581688724458 ], [ 739208.006639404920861, 5866106.005302210338414 ], [ 739207.704488563816994, 5866105.609173690900207 ], [ 739192.621455254848115, 5866082.537882624194026 ], [ 739186.443113148445264, 5866075.084128697402775 ], [ 739177.751955349813215, 5866064.591388807632029 ], [ 739173.205106941051781, 5866062.658298958092928 ], [ 739160.072106424486265, 5866058.747874863445759 ], [ 739146.62986786372494, 5866059.421150631271303 ], [ 739132.093168716994114, 5866061.699022093787789 ], [ 739110.236247311346233, 5866070.641792026348412 ], [ 739082.170643149525858, 5866081.676823575049639 ], [ 739048.448761110426858, 5866094.274027341976762 ], [ 739032.817803106503561, 5866098.696421450935304 ], [ 739018.002912314957939, 5866101.779175742529333 ], [ 739004.272979972185567, 5866104.334417534992099 ], [ 738990.015590348979458, 5866105.534798148088157 ], [ 738968.510506402584724, 5866106.125147011131048 ], [ 738952.935733564663678, 5866104.885308277793229 ], [ 738930.113122790935449, 5866102.766095587052405 ], [ 738919.649634561734274, 5866101.040018685162067 ], [ 738909.729916945332661, 5866098.782356024719775 ], [ 738897.407886705012061, 5866094.610535397194326 ], [ 738890.012057781917974, 5866091.026408012025058 ], [ 738883.769935858668759, 5866088.001458486542106 ], [ 738867.736642586067319, 5866078.939677072688937 ], [ 738855.472560713184066, 5866069.376510140486062 ], [ 738842.416831934126094, 5866058.189389443956316 ], [ 738832.326348133152351, 5866046.223350510001183 ], [ 738827.033406468108296, 5866038.35048848297447 ], [ 738824.946436274447478, 5866032.127824726514518 ], [ 738822.114760661730543, 5866019.964140523225069 ], [ 738817.995845408877358, 5866002.129011412151158 ], [ 738812.707193968002684, 5865975.357134457677603 ], [ 738801.129544264636934, 5865916.762356369756162 ], [ 738790.907000028411858, 5865865.163215617649257 ], [ 738779.637002843664959, 5865810.857734955847263 ], [ 738773.494722592644393, 5865780.598646976985037 ] ], [ [ 738322.313782582292333, 5864184.7374087870121 ], [ 738208.611273294896819, 5864137.215395583771169 ], [ 738194.598371950094588, 5864126.858033721335232 ], [ 738094.680292784585617, 5864146.963500899262726 ], [ 737896.976532485801727, 5864172.552277312614024 ], [ 737705.669966275803745, 5864221.749746205285192 ], [ 737661.955806641490199, 5864227.38536958117038 ], [ 737642.307281929650344, 5864213.372468249872327 ], [ 737589.301959445583634, 5864226.928427167236805 ], [ 737432.723018310964108, 5864274.450440456159413 ], [ 737283.75202379852999, 5864263.897879312746227 ], [ 737212.915976859279908, 5864263.696050615981221 ], [ 737212.820236509433016, 5864263.695049619302154 ], [ 737149.098014486720785, 5864267.611628510057926 ], [ 737111.55010860436596, 5864267.942029491998255 ], [ 737107.17708650615532, 5864267.980669176205993 ], [ 737091.071921031922102, 5864266.462918848730624 ], [ 737069.603421141626313, 5864263.81489266268909 ], [ 736990.365183317684568, 5864251.289190341718495 ], [ 736914.026539219194092, 5864239.248736602254212 ], [ 736889.841254919534549, 5864235.729101869277656 ], [ 736873.588840615935624, 5864234.289455138146877 ], [ 736834.729007912566885, 5864233.699635848402977 ], [ 736798.231547343661077, 5864232.364551989361644 ], [ 736765.162401774083264, 5864231.154115416109562 ], [ 736714.756662763073109, 5864228.55188602488488 ], [ 736631.097436700132675, 5864225.031925077550113 ], [ 736615.622236518422142, 5864225.161611895076931 ], [ 736564.025630236137658, 5864225.596480582840741 ], [ 736517.693108143284917, 5864231.090146495960653 ], [ 736503.656568378792144, 5864233.621637445874512 ], [ 736426.015374751877971, 5864248.907150361686945 ], [ 736402.521126834559254, 5864254.49258672632277 ], [ 736374.497612573090009, 5864262.977356689050794 ], [ 736355.566263742744923, 5864249.028429570607841 ], [ 736350.21580116788391, 5864246.817972106859088 ], [ 736343.780628391657956, 5864245.670145265758038 ], [ 736337.084115934441797, 5864243.71181005705148 ], [ 736321.774230478797108, 5864243.014599399641156 ], [ 736301.356946002459154, 5864242.799014416523278 ], [ 736281.222107267822139, 5864240.967964286915958 ], [ 736268.87290339381434, 5864240.026862323284149 ], [ 736250.90208223008085, 5864237.14160985685885 ], [ 736232.140189450117759, 5864232.36176928691566 ], [ 736226.510824325261638, 5864230.189043053425848 ], [ 736215.291015859926119, 5864225.177422326058149 ], [ 736201.917909136856906, 5864219.373123688623309 ], [ 736188.564530700678006, 5864211.416492694057524 ], [ 736175.233925118693151, 5864201.570992891676724 ], [ 736166.302732876851223, 5864207.675051340833306 ], [ 736158.212029552087188, 5864210.555570005439222 ], [ 736150.139692534925416, 5864211.550088942982256 ], [ 736139.667677566409111, 5864210.899364688433707 ], [ 736120.017761198687367, 5864208.629182552918792 ], [ 736107.99684768426232, 5864207.240157495252788 ], [ 736072.844050169805996, 5864203.183038730174303 ], [ 736044.935248189140111, 5864199.922911308705807 ], [ 736033.659539917251095, 5864198.995757573284209 ], [ 736022.923419551574625, 5864197.802146891131997 ], [ 736008.401785174733959, 5864198.997465822845697 ], [ 735994.926697182352655, 5864202.896320865489542 ], [ 735986.820369672379456, 5864207.393452855758369 ], [ 735977.879069627844729, 5864214.306414277292788 ], [ 735968.747202406986617, 5864223.746826353482902 ], [ 735958.878513909759931, 5864233.995906075462699 ], [ 735945.817054237122647, 5864248.201840757392347 ], [ 735933.067442686180584, 5864259.6560134049505 ], [ 735919.01281094760634, 5864267.325399320572615 ], [ 735907.401966666686349, 5864272.862325791269541 ], [ 735893.665418731747195, 5864275.950537053868175 ], [ 735827.630915110348724, 5864290.223053179681301 ], [ 735815.543061161646619, 5864292.835265350528061 ], [ 735810.449372063740157, 5864293.936781422235072 ], [ 735797.076008002273738, 5864297.522086744196713 ], [ 735771.883081207168289, 5864304.275432054884732 ], [ 735733.921216654358432, 5864318.504835017956793 ], [ 735651.232136137201451, 5864349.706043425947428 ], [ 735634.21494422107935, 5864357.068471236154437 ], [ 735612.686510452418588, 5864365.321621420793235 ], [ 735596.011743373470381, 5864371.713956112042069 ], [ 735590.056280357064679, 5864375.964443326927722 ], [ 735587.541182139888406, 5864385.102459302172065 ], [ 735588.757651462219656, 5864397.246348067186773 ], [ 735590.559749408508651, 5864429.880161901004612 ], [ 735592.213697141502053, 5864476.800525192171335 ], [ 735592.565202204044908, 5864494.598446822725236 ], [ 735590.863738295971416, 5864502.936020477674901 ], [ 735586.721247093286365, 5864513.403133738785982 ], [ 735580.16763935808558, 5864523.307537531480193 ], [ 735568.50775604962837, 5864533.428309028036892 ], [ 735557.160440464736894, 5864539.234093239530921 ], [ 735546.392560314154252, 5864541.008625231683254 ], [ 735551.270755588775501, 5864562.625944557599723 ], [ 735554.365834796451963, 5864574.78717227652669 ], [ 735556.721353727742098, 5864580.743219547905028 ], [ 735564.503377417800948, 5864606.27470139041543 ], [ 735578.592564705875702, 5864652.488566148094833 ], [ 735586.851398549508303, 5864679.453124936670065 ], [ 735588.397404042189009, 5864685.134267632849514 ], [ 735592.269245350151323, 5864700.270169966854155 ], [ 735594.305158898700029, 5864711.07398662250489 ], [ 735594.216799870948307, 5864719.430387207306921 ], [ 735590.625237719737925, 5864728.828025001101196 ], [ 735585.977249100222252, 5864736.323761086910963 ], [ 735578.101479453616776, 5864744.058777975849807 ], [ 735570.264264929923229, 5864748.558669908903539 ], [ 735561.63607249269262, 5864751.162377309054136 ], [ 735551.673149341251701, 5864753.211883340030909 ], [ 735542.272628037258983, 5864752.842533435672522 ], [ 735526.752074623596855, 5864746.746179797686636 ], [ 735502.146468962775543, 5864735.700464615598321 ], [ 735491.985017141909339, 5864731.011827433481812 ], [ 735482.313554329797626, 5864728.143382023088634 ], [ 735470.9871352375485, 5864725.642993927933276 ], [ 735469.546002492890693, 5864734.743787222541869 ], [ 735454.923844565520994, 5864738.399326700717211 ], [ 735432.990607676561922, 5864737.180813549086452 ], [ 735367.190897004911676, 5864757.895537282340229 ], [ 735295.298620530636981, 5864779.828774186782539 ], [ 735234.37296250264626, 5864796.887958445586264 ], [ 735178.321357114939019, 5864815.165655856020749 ], [ 735144.202988622593693, 5864802.980524272657931 ], [ 735140.547449143487029, 5864782.26580055244267 ], [ 735145.421501791104674, 5864743.273379430174828 ], [ 735163.699199201888405, 5864720.121629389002919 ], [ 735199.036080865189433, 5864659.195971380919218 ], [ 735223.406344080343843, 5864626.296116054058075 ], [ 735235.591475689318031, 5864600.707339692860842 ], [ 735279.457949469098821, 5864593.396260719746351 ], [ 735364.753870708402246, 5864575.118563299998641 ], [ 735391.561160239740275, 5864578.774102766998112 ], [ 735398.872239199117757, 5864606.799905442632735 ], [ 735393.998186553246342, 5864637.262734442017972 ], [ 735364.753870693850331, 5864681.129208208061755 ], [ 735396.435212867101654, 5864687.221773997880518 ], [ 735412.275883950409479, 5864714.029063514433801 ], [ 735430.553581355488859, 5864734.743787227198482 ] ] ] } },
{ "type": "Feature", "properties": { "CADRE_NO": "10.006", "DDT_URL": null, "ETC_NOM": "Transports publics de la région lausannoise", "ETC_SIGLE": "TL", "ETC_URL": "https://www.t-l.ch", "GO_CENTRE": 0, "HORAIR_URL": "https://www.tableaux-horaires.ch/fileadmin/fap_pdf_fields/2025/10.006.pdf", "LIGNE_NO": "6", "LIGNE_NOM": "Lausanne Maladière - Mont d'Or - Cécil - Victor-Ruffy - Praz-Séchaud", "LIGNE_SIGL": null, "LIGNE_TYPE": "Trolleybus", "PLAN_URL": "https://prestations.vd.ch/pub/101587/api/download/2_Cartographie_et_geodonnees/2.1_Carte_des_reseaux/Carte_des_lignes_TP/topo/ligne_10.006.pdf", "SHAPE_LEN": 8323.761 }, "geometry": { "type": "MultiLineString", "coordinates": [ [ [ 738837.846586622763425, 5864188.347589326091111 ], [ 738875.944150044699199, 5864220.276916028000414 ], [ 738891.631504202494398, 5864236.608751450665295 ], [ 738905.232270726002753, 5864246.72357075009495 ], [ 738916.453394025797024, 5864253.037219655700028 ], [ 738928.242926535895094, 5864256.392051263712347 ], [ 738948.881970309885219, 5864261.186782016418874 ], [ 738977.582117663812824, 5864266.062660825438797 ], [ 738999.560447963536717, 5864271.409503636881709 ], [ 739013.197077850229107, 5864278.019962228834629 ], [ 739023.592572118970565, 5864286.211229303851724 ], [ 739032.102541689877398, 5864294.927491742186248 ], [ 739037.393323598778807, 5864303.06790759973228 ], [ 739040.545270723523572, 5864310.107961623929441 ], [ 739045.54300955706276, 5864320.671542852185667 ], [ 739047.343454373767599, 5864328.506968068890274 ], [ 739048.069163728621788, 5864336.599184798076749 ], [ 739048.30732500529848, 5864339.569200013764203 ], [ 739047.959395586280152, 5864347.382632873952389 ], [ 739045.491301628644578, 5864378.625406490638852 ], [ 739045.331597320153378, 5864399.159685303457081 ], [ 739045.455137406126596, 5864408.544031607918441 ], [ 739045.33833641523961, 5864422.725903641432524 ], [ 739052.835456694592722, 5864422.63969889562577 ], [ 739062.504139134427533, 5864423.007990761660039 ], [ 739099.568680080235936, 5864424.463109699077904 ], [ 739106.029171114554629, 5864423.453696363605559 ], [ 739113.850732208113186, 5864420.567619706504047 ], [ 739121.692921394249424, 5864415.795523665845394 ], [ 739129.837643289240077, 5864407.523326417431235 ], [ 739161.705917917424813, 5864365.259627772495151 ], [ 739170.962394626694731, 5864353.223481794819236 ], [ 739193.023293632431887, 5864324.068838676437736 ], [ 739203.918862939928658, 5864309.624778254888952 ], [ 739211.80054398032371, 5864300.808506648987532 ], [ 739216.679272687295452, 5864296.546041405759752 ], [ 739229.908063636161387, 5864290.482748758979142 ], [ 739247.15557902760338, 5864285.265353810042143 ], [ 739267.367756840074435, 5864279.544094061478972 ], [ 739286.779393456992693, 5864275.507238280959427 ], [ 739288.369899146491662, 5864275.17564847227186 ], [ 739310.452391847036779, 5864270.27969316765666 ], [ 739357.032761270529591, 5864260.780074485577643 ], [ 739395.248048550100066, 5864254.702356682159007 ], [ 739432.644549527671188, 5864249.962361578829587 ], [ 739473.801155786029994, 5864245.531248193234205 ], [ 739509.293016538256779, 5864243.197646676562726 ], [ 739552.577367363031954, 5864240.674034748226404 ], [ 739575.694908374454826, 5864239.560341430827975 ], [ 739612.76436745247338, 5864240.745509166270494 ], [ 739632.354827764211223, 5864243.101796056143939 ], [ 739651.666032958193682, 5864246.53364269528538 ], [ 739680.336562662501819, 5864254.371523985639215 ], [ 739731.243367514223792, 5864268.636830477043986 ], [ 739751.060190971242264, 5864275.307494116947055 ], [ 739777.034921243670397, 5864284.196130313910544 ], [ 739804.855577960726805, 5864296.341709711588919 ], [ 739826.251533505856059, 5864306.262161260470748 ], [ 739861.000218576751649, 5864324.404342480003834 ], [ 739891.53158750908915, 5864343.414711499586701 ] ], [ [ 741476.555939898244105, 5866229.347052160650492 ], [ 741476.644221408758312, 5866228.344943930394948 ], [ 741476.859393251826987, 5866227.424164637923241 ], [ 741477.193182116490789, 5866226.540960339829326 ], [ 741477.645429430645891, 5866225.711342316120863 ], [ 741478.204369080951437, 5866224.951206129044294 ], [ 741478.807005159091204, 5866224.321064012125134 ], [ 741479.60411078936886, 5866223.688492621295154 ], [ 741480.352898108540103, 5866223.246138320304453 ], [ 741481.905411648680456, 5866222.674955645576119 ], [ 741482.774632128654048, 5866222.52639985922724 ], [ 741483.715290027903393, 5866222.490645820274949 ], [ 741484.653228754526936, 5866222.582967455498874 ], [ 741485.640480544068851, 5866222.824263238348067 ], [ 741486.449939106358215, 5866223.142395947128534 ], [ 741487.273989041917957, 5866223.598966870456934 ], [ 741488.031636961386539, 5866224.166966146789491 ], [ 741488.702742602792569, 5866224.828724566847086 ], [ 741489.28012330387719, 5866225.576892027631402 ], [ 741489.749442549189553, 5866226.393857151269913 ], [ 741490.106448363396339, 5866227.269387596286833 ], [ 741490.3548594819149, 5866228.267571928910911 ], [ 741490.45302093657665, 5866229.198752135038376 ], [ 741490.418296244461089, 5866230.214495644904673 ], [ 741490.26902351283934, 5866231.074792079627514 ], [ 741489.963375632301904, 5866232.047076376155019 ], [ 741489.592814393225126, 5866232.833838050253689 ], [ 741488.617334900656715, 5866234.188124731183052 ], [ 741513.142071568290703, 5866258.828833855688572 ], [ 741594.20368792291265, 5866350.7673878679052 ], [ 741643.344050407526083, 5866409.493165821768343 ], [ 741665.403376151924022, 5866434.517015075311065 ], [ 741731.620824984274805, 5866505.814249647781253 ], [ 741767.778193780221045, 5866547.773348592221737 ], [ 741773.97903547459282, 5866554.966740138828754 ], [ 741777.323379408684559, 5866558.844638581387699 ] ], [ [ 741488.617334900656715, 5866234.188124731183052 ], [ 741487.876181738451123, 5866234.885306742042303 ], [ 741487.168865945306607, 5866235.389215596020222 ], [ 741486.268862569355406, 5866235.862090126611292 ], [ 741485.37910680018831, 5866236.179305026307702 ], [ 741484.457233036868274, 5866236.36955245397985 ], [ 741483.655590584618039, 5866236.434350463561714 ], [ 741482.715723844594322, 5866236.390048026107252 ], [ 741481.78725317295175, 5866236.220667409710586 ], [ 741480.825487549067475, 5866235.896648956462741 ], [ 741479.982243018224835, 5866235.473367006517947 ], [ 741479.261526527930982, 5866234.985798731446266 ], [ 741478.555266649811529, 5866234.357169985771179 ], [ 741477.941266757203266, 5866233.643573340028524 ], [ 741477.428218100802042, 5866232.84655116032809 ], [ 741477.002029195777141, 5866231.92374730296433 ], [ 741476.746187055716291, 5866231.089983999729156 ], [ 741476.555939898244105, 5866229.347052160650492 ], [ 741466.670656988397241, 5866229.248537832871079 ], [ 741452.676684302161448, 5866231.267884547822177 ], [ 741420.902200915850699, 5866237.420304527506232 ], [ 741395.033695019548759, 5866244.442359729669988 ], [ 741389.771838794928044, 5866246.219711408019066 ], [ 741370.225486131268553, 5866252.822919386439025 ], [ 741350.253258196171373, 5866261.250224047340453 ], [ 741329.173742734827101, 5866272.90250994451344 ], [ 741322.821272452478297, 5866277.248482543043792 ], [ 741314.02161310671363, 5866283.267395526170731 ], [ 741286.668764298781753, 5866304.291543999686837 ], [ 741265.248377696960233, 5866323.220439410768449 ], [ 741221.316314106690697, 5866362.955381996929646 ], [ 741144.282710671541281, 5866433.903810083866119 ], [ 741099.524049118394032, 5866475.515584020875394 ], [ 741053.689763151691295, 5866517.118013232946396 ], [ 741040.163595338119194, 5866525.880187414586544 ], [ 741023.944784114253707, 5866535.155466654337943 ], [ 741010.712614708929323, 5866541.492337378673255 ], [ 740996.692455521319062, 5866545.934620425105095 ], [ 740976.213311168248765, 5866551.39087441097945 ], [ 740960.332648382871412, 5866553.658461076207459 ], [ 740950.121981761185452, 5866553.556098000146449 ], [ 740938.301721762516536, 5866552.898948712274432 ], [ 740924.076098278979771, 5866550.868162548169494 ], [ 740910.669421895872802, 5866547.768298576585948 ], [ 740893.519129109452479, 5866542.744183066301048 ], [ 740876.366185566061176, 5866537.987871054559946 ], [ 740855.385081217507832, 5866531.929501262493432 ], [ 740819.28316529490985, 5866521.506289025768638 ], [ 740723.072061098529957, 5866494.119088111445308 ], [ 740685.558427345589735, 5866482.686888843774796 ], [ 740630.086926297168247, 5866466.489682006649673 ], [ 740610.260523398057558, 5866460.359407832846045 ], [ 740590.957542353891768, 5866455.580934507772326 ], [ 740564.925740513252094, 5866451.814833540469408 ], [ 740560.34737775917165, 5866451.38586506433785 ], [ 740552.037326322635636, 5866450.606324388645589 ], [ 740537.536892429925501, 5866449.380102592520416 ], [ 740530.104825542774051, 5866449.465368140488863 ], [ 740524.901943340781145, 5866449.525045868009329 ], [ 740514.417579982313327, 5866449.958042814396322 ], [ 740498.265839199535549, 5866452.492798232473433 ], [ 740493.442402102285996, 5866453.786393380723894 ], [ 740476.975738598150201, 5866458.206050754524767 ], [ 740464.038682700949721, 5866461.853319632820785 ], [ 740451.372774801100604, 5866465.231078466400504 ], [ 740409.852783737820573, 5866478.291189478710294 ], [ 740388.83906545874197, 5866483.201997409574687 ], [ 740371.604147314210422, 5866486.802860972471535 ], [ 740350.881908508017659, 5866489.559086808934808 ], [ 740331.51679268409498, 5866490.980932483449578 ], [ 740308.672474550548941, 5866490.750247760675848 ], [ 740286.117176050669514, 5866488.90507273003459 ], [ 740264.91322848200798, 5866485.725460468791425 ], [ 740239.17843480326701, 5866479.265306582674384 ], [ 740218.019531382364221, 5866472.039030833169818 ], [ 740198.209639108506963, 5866464.292088026180863 ], [ 740180.011433911742643, 5866454.722788950428367 ], [ 740174.68205351033248, 5866451.918964028358459 ], [ 740159.454923201585189, 5866442.870275071822107 ], [ 740140.781261632917449, 5866428.928852874785662 ], [ 740120.786981158191338, 5866412.550225168466568 ], [ 740101.86960278020706, 5866396.450340140610933 ], [ 740085.083262280328199, 5866381.720037992112339 ], [ 740074.706184632959776, 5866371.640216508880258 ], [ 740064.875198514782824, 5866360.217909534461796 ], [ 740055.216940438025631, 5866347.495926091447473 ], [ 740050.271433344809338, 5866340.155503490939736 ], [ 740040.558851958950981, 5866325.049945503473282 ], [ 740028.373561538988724, 5866305.33816468436271 ], [ 740017.310336651280522, 5866287.036734282970428 ], [ 740001.835524604073726, 5866260.839899334125221 ], [ 739985.634989647660404, 5866232.364836210384965 ], [ 739981.064722196431831, 5866222.070255361497402 ], [ 739975.011626011575572, 5866204.123972970061004 ], [ 739972.85275665007066, 5866193.142023191787302 ], [ 739972.786510978476144, 5866184.161068119108677 ] ], [ [ 735958.662790487869643, 5863559.576077546924353 ], [ 735958.067754780873656, 5863560.290136067196727 ], [ 735957.319227282190695, 5863560.977827824652195 ], [ 735956.543253057287075, 5863561.51678962353617 ], [ 735955.77304021792952, 5863561.921926288865507 ], [ 735954.889004673925228, 5863562.253092164173722 ], [ 735953.971413995139301, 5863562.464568949304521 ], [ 735952.962202516966499, 5863562.560106952674687 ], [ 735952.067508877837099, 5863562.525883162394166 ], [ 735951.208730612648651, 5863562.387259501032531 ], [ 735950.304854722693563, 5863562.123003237880766 ], [ 735949.377899205661379, 5863561.708607928827405 ], [ 735948.635616181185469, 5863561.252511662431061 ], [ 735947.844497244223021, 5863560.612531841732562 ], [ 735947.197467668331228, 5863559.927510372363031 ], [ 735946.642646910739131, 5863559.164881065487862 ], [ 735946.19009644119069, 5863558.333482323214412 ], [ 735945.873708388884552, 5863557.520990501157939 ], [ 735945.559743802878074, 5863556.065289095975459 ] ], [ [ 736831.961609361344017, 5863544.468120232224464 ], [ 736819.746691632433794, 5863555.076928192749619 ], [ 736803.590855731745251, 5863569.10937477927655 ], [ 736704.369426566991024, 5863654.048263964243233 ], [ 736637.129040458821692, 5863712.368151036091149 ], [ 736604.870628870208748, 5863739.523862309753895 ], [ 736600.393196851364337, 5863743.467203299514949 ], [ 736597.006583833135664, 5863746.448420981876552 ], [ 736558.512369750416838, 5863779.196706416085362 ], [ 736541.96070721547585, 5863794.653990543447435 ], [ 736533.534460994764231, 5863804.000093969516456 ], [ 736526.964082326041535, 5863815.521086151711643 ], [ 736522.550469941226766, 5863826.52633870113641 ], [ 736519.728654132108204, 5863839.434479197487235 ], [ 736519.649671688326634, 5863846.979532743804157 ], [ 736519.565037698368542, 5863855.064461315050721 ], [ 736521.601883487193845, 5863865.868479802273214 ], [ 736524.731909638619982, 5863874.795001929625869 ], [ 736528.67406683601439, 5863883.193067737855017 ], [ 736536.092231705435552, 5863893.244634194299579 ], [ 736541.938341528293677, 5863899.505952842533588 ], [ 736550.195427985512652, 5863906.332594729028642 ], [ 736558.737811339087784, 5863911.543898775242269 ], [ 736567.56128943269141, 5863915.679748864844441 ], [ 736575.5994639423443, 5863917.91974475979805 ], [ 736586.864953669370152, 5863919.655232581309974 ], [ 736600.018882477772422, 5863920.873562183231115 ], [ 736621.257401146227494, 5863919.478747647255659 ], [ 736669.646519996342249, 5863916.368393059819937 ], [ 736675.300848780781962, 5863916.004357815720141 ], [ 736701.105771933682263, 5863914.926611851900816 ], [ 736716.06062308140099, 5863915.81150761526078 ], [ 736717.75400243094191, 5863915.912263490259647 ], [ 736725.79920031898655, 5863917.34447936154902 ], [ 736751.630217071855441, 5863928.216675466857851 ], [ 736802.091761219664477, 5863950.467826589010656 ], [ 736825.264883615542203, 5863961.514221300370991 ], [ 736836.200652929954231, 5863966.775154168717563 ], [ 736881.453283532755449, 5863986.363256841897964 ], [ 736922.674714797642082, 5864001.619951104745269 ], [ 736977.821610375423916, 5864020.797656842507422 ], [ 737004.613303917460144, 5864028.356706356629729 ], [ 737064.39023030968383, 5864041.919621534645557 ], [ 737123.624897484784015, 5864055.748622935265303 ], [ 737194.919631328782998, 5864072.937190272845328 ], [ 737221.458568849484436, 5864078.605357986874878 ], [ 737218.439336904441006, 5864084.773661356419325 ], [ 737216.482329874997959, 5864092.031502533704042 ], [ 737216.384353280300274, 5864101.462734866887331 ], [ 737217.088714106590487, 5864111.445219755172729 ], [ 737219.386449058772996, 5864123.059840110130608 ], [ 737251.464249969343655, 5864190.780712622217834 ], [ 737257.421660933177918, 5864204.274738907814026 ], [ 737283.75202379852999, 5864263.897879312746227 ], [ 737295.342575468006544, 5864290.140483381226659 ], [ 737304.055493480409496, 5864309.332214375957847 ], [ 737431.411772867897525, 5864571.954328184947371 ], [ 737447.511231879587285, 5864606.144868165254593 ], [ 737467.152708917390555, 5864647.857873423025012 ], [ 737469.615298843709752, 5864654.529186446219683 ], [ 737482.009619802702218, 5864652.162281137891114 ], [ 737515.196619331021793, 5864643.69244418758899 ], [ 737583.39130202436354, 5864623.378704746253788 ], [ 737614.940212112152949, 5864612.654425251297653 ], [ 737618.448711848934181, 5864611.072479015216231 ], [ 737672.74397814553231, 5864583.603982576169074 ] ], [ [ 738309.797482956317253, 5864012.016953939571977 ], [ 738329.204467033501714, 5864006.01758308056742 ], [ 738351.787803742685355, 5863999.521219523623586 ], [ 738354.534868692513555, 5863998.731672850437462 ], [ 738364.255802493193187, 5863996.221125524491072 ], [ 738387.671499310177751, 5863990.178606355562806 ], [ 738402.865629716194235, 5863987.702671546489 ], [ 738437.71797054912895, 5863982.019614098593593 ], [ 738527.621188882389106, 5863967.362591413781047 ], [ 738580.051161215058528, 5863963.858274566009641 ], [ 738664.042810795246623, 5863948.014015785418451 ], [ 738717.603848502156325, 5863938.860689955763519 ], [ 738792.466388997389004, 5863922.378526248969138 ], [ 738805.650898762280121, 5863920.627851604484022 ], [ 738820.420765499235131, 5863921.319489484652877 ], [ 738832.486423631664366, 5863923.867996864020824 ], [ 738843.731830284930766, 5863927.755710571072996 ], [ 738850.66952061210759, 5863932.409809457138181 ], [ 738856.792608186951838, 5863938.133950226940215 ], [ 738861.798151309485547, 5863947.889560214243829 ], [ 738866.238071996485814, 5863960.333215264603496 ], [ 738868.807619642815553, 5863971.679274113848805 ], [ 738866.858933588373475, 5863978.400440771132708 ], [ 738862.757801178144291, 5863985.364389664493501 ], [ 738857.863876953837462, 5863990.974004144780338 ], [ 738852.71806941088289, 5863994.965593793429434 ], [ 738845.686810009879991, 5863999.477758766151965 ], [ 738834.328595814527944, 5864006.636435308493674 ], [ 738822.958032478578389, 5864015.145544889383018 ], [ 738816.160661893431097, 5864022.892442950978875 ], [ 738810.435407999902964, 5864030.919596183113754 ], [ 738806.853090755175799, 5864039.777945051901042 ], [ 738805.165767460595816, 5864047.038862908259034 ], [ 738805.910464638727717, 5864053.246346734464169 ], [ 738807.99696445313748, 5864059.466162571683526 ], [ 738816.952457005856559, 5864077.080720308236778 ], [ 738834.486548488494009, 5864122.812367084436119 ], [ 738845.202621632488444, 5864152.302048081532121 ], [ 738852.021775885717943, 5864173.28585363458842 ], [ 738852.2356160558993, 5864173.940059542655945 ], [ 738837.846586622763425, 5864188.347589326091111 ], [ 738710.029438824974932, 5864328.521961541846395 ], [ 738711.247951976838522, 5864393.103159016929567 ], [ 738656.414859748794697, 5864427.221527505666018 ], [ 738565.026372702908702, 5864473.525027614086866 ], [ 738560.152320055058226, 5864516.172988220117986 ], [ 738584.522583261830732, 5864542.980277725495398 ], [ 738613.766899114358239, 5864545.417304039001465 ], [ 738621.077978070126846, 5864599.03188307210803 ], [ 738664.944451832212508, 5864726.9757648576051 ], [ 738714.903491400182247, 5864824.456817639060318 ], [ 738701.49984661990311, 5864928.030436235480011 ] ], [ [ 735591.777449494344182, 5863861.557902262546122 ], [ 735575.485516001586802, 5863848.30106498580426 ], [ 735549.783648471697234, 5863823.183522570878267 ], [ 735546.765488916425966, 5863820.233456338755786 ], [ 735511.162566542625427, 5863782.389898739755154 ], [ 735448.450706296600401, 5863716.491545052267611 ], [ 735424.266318466630764, 5863691.438198062591255 ], [ 735410.15087518224027, 5863679.696191567927599 ], [ 735397.348619472468272, 5863670.664858209900558 ], [ 735386.389163727289997, 5863665.426767953671515 ], [ 735373.001682769856416, 5863660.973370932042599 ], [ 735359.063259110203944, 5863657.860231384634972 ], [ 735343.22358953836374, 5863656.882084769196808 ], [ 735318.230062986025587, 5863657.693739521317184 ], [ 735318.225711462902837, 5863657.693693078123033 ], [ 735281.399117820314132, 5863659.455861336551607 ], [ 735269.574651291011833, 5863659.869516011327505 ], [ 735260.956012341193855, 5863661.665002298541367 ], [ 735250.166354272747412, 5863665.860371108166873 ], [ 735236.037689953227527, 5863680.536090081557631 ], [ 735221.936227433732711, 5863692.781738045625389 ], [ 735213.037795840064064, 5863695.921809677034616 ], [ 735205.255661541246809, 5863695.030956431291997 ], [ 735200.191386261023581, 5863691.20176989864558 ], [ 735198.357248462038115, 5863686.602318381890655 ], [ 735198.688603082555346, 5863680.944719465449452 ], [ 735199.802063803770579, 5863677.181557252071798 ], [ 735207.373051055939868, 5863672.6811647946015 ], [ 735213.85203869768884, 5863669.785942177288234 ], [ 735233.494391631218605, 5863667.031348356045783 ], [ 735250.166354272747412, 5863665.860371108166873 ] ], [ [ 735607.356735961511731, 5863859.895778234116733 ], [ 735608.060486091533676, 5863860.566898494027555 ], [ 735608.63819302758202, 5863861.222124344669282 ], [ 735609.243203242891468, 5863862.039182843640447 ], [ 735609.730796574964188, 5863862.847715429030359 ], [ 735610.149783755186945, 5863863.696267491206527 ], [ 735610.488637350033969, 5863864.577439744025469 ], [ 735610.751770502422005, 5863865.485457804054022 ], [ 735610.933473322889768, 5863866.411528941243887 ], [ 735611.03376117174048, 5863867.354197972454131 ], [ 735611.052106516319327, 5863868.226139178499579 ], [ 735610.994254419812933, 5863869.170036550611258 ], [ 735610.837103851721622, 5863870.175456997007132 ], [ 735610.629395151743665, 5863871.023163328878582 ], [ 735610.326878015534021, 5863871.919342458248138 ], [ 735609.533529943204485, 5863873.548154997639358 ], [ 735609.008721101679839, 5863874.338640324771404 ], [ 735608.422061833320186, 5863875.078986164182425 ], [ 735607.775064216228202, 5863875.763387233018875 ], [ 735607.066293086390942, 5863876.39037289749831 ], [ 735606.307445111102425, 5863876.951335562393069 ], [ 735605.565660737338476, 5863877.407695479691029 ], [ 735604.724127177149057, 5863877.830976587720215 ], [ 735603.847114558680914, 5863878.17965792119503 ], [ 735602.943372326670215, 5863878.449466545134783 ], [ 735602.020168611663394, 5863878.639024456031621 ], [ 735601.010732219787315, 5863878.751987153664231 ], [ 735600.141563563724048, 5863878.770390019752085 ], [ 735599.252856572507881, 5863878.715818019583821 ], [ 735598.247655560378917, 5863878.565409398637712 ], [ 735597.333173054037616, 5863878.34174379426986 ], [ 735596.439875242067501, 5863878.035349302925169 ], [ 735595.579304959974252, 5863877.652170119807124 ], [ 735594.752866609953344, 5863877.19658721331507 ], [ 735593.970714018098079, 5863876.668708662502468 ], [ 735593.237152667716146, 5863876.072946321219206 ], [ 735592.559342966065742, 5863875.418108429759741 ], [ 735591.943102477467619, 5863874.702801594510674 ], [ 735591.431208932655863, 5863873.997337218374014 ], [ 735590.906579568982124, 5863873.124373637139797 ], [ 735590.524630895350128, 5863872.340248679742217 ], [ 735590.160407820600085, 5863871.388948737643659 ], [ 735589.906010661739856, 5863870.478111719712615 ], [ 735589.658799511147663, 5863868.887709410861135 ], [ 735589.622245511971414, 5863867.954450209625065 ], [ 735589.676502262009308, 5863866.939203374087811 ], [ 735589.814059550059028, 5863866.003431245684624 ], [ 735590.032693314482458, 5863865.083075375296175 ], [ 735590.329425509553403, 5863864.185380733571947 ], [ 735590.704209952033125, 5863863.314712815918028 ], [ 735591.115615919814445, 5863862.547763458453119 ], [ 735591.777449494344182, 5863861.557902262546122 ], [ 735592.357983969384804, 5863860.848055521026254 ], [ 735593.072137441020459, 5863860.123622035607696 ], [ 735593.790877405437641, 5863859.514208771288395 ], [ 735594.501272109569982, 5863859.008035399019718 ], [ 735595.375670231180266, 5863858.494875204749405 ], [ 735596.230026462697424, 5863858.093562407419086 ], [ 735597.116914209444076, 5863857.77118374966085 ], [ 735597.956415247172117, 5863857.539986798539758 ], [ 735598.883753046160564, 5863857.370848466642201 ], [ 735599.892940828227438, 5863857.281169013120234 ], [ 735600.838770637870766, 5863857.283956638537347 ], [ 735601.704020636854693, 5863857.361564117483795 ], [ 735602.704606100101955, 5863857.536663573235273 ], [ 735603.614458014140837, 5863857.786474844440818 ], [ 735604.497369446209632, 5863858.114587408490479 ], [ 735605.282617738004774, 5863858.486776100471616 ], [ 735606.162155670928769, 5863858.996769401244819 ], [ 735607.356735961511731, 5863859.895778234116733 ], [ 735624.739812380867079, 5863840.200871125794947 ], [ 735663.413590295938775, 5863799.33037050254643 ], [ 735721.198389848228544, 5863738.262386472895741 ], [ 735762.502805418218486, 5863694.229849968105555 ], [ 735792.405311370268464, 5863661.123460595495999 ], [ 735821.187320968485437, 5863632.589383258484304 ], [ 735836.910727874143049, 5863619.281699348241091 ], [ 735859.127064792788588, 5863601.726511540822685 ], [ 735871.307898440165445, 5863593.230246656574309 ], [ 735890.779478902812116, 5863581.040660227648914 ], [ 735922.558495138422586, 5863557.687095444649458 ], [ 735945.559743802878074, 5863556.065289095975459 ], [ 735945.515609491849318, 5863555.159634931944311 ], [ 735945.592295172391459, 5863554.214513748884201 ], [ 735945.804413014557213, 5863553.219893471337855 ], [ 735946.098819981329143, 5863552.400779601186514 ], [ 735946.562418854795396, 5863551.494687132537365 ], [ 735947.054531347472221, 5863550.77371790073812 ], [ 735947.732689785421826, 5863550.018338863737881 ], [ 735948.44997510057874, 5863549.404537010006607 ], [ 735949.178889304981567, 5863548.92619966622442 ], [ 735950.090197406127118, 5863548.484722539782524 ], [ 735950.988353475695476, 5863548.190089416690171 ], [ 735951.912796689313836, 5863548.016523285768926 ], [ 735953.626071326085366, 5863548.011399824172258 ], [ 735954.504955846816301, 5863548.169154829345644 ], [ 735955.472207555780187, 5863548.476285214535892 ], [ 735956.323843722115271, 5863548.879693916998804 ], [ 735957.058735710685141, 5863549.348808092996478 ], [ 735957.836661953828298, 5863550.00174396764487 ], [ 735958.473400259739719, 5863550.69975233450532 ], [ 735959.291152480524033, 5863551.978881899267435 ], [ 735959.662031908635981, 5863552.851616887375712 ], [ 735959.899788019480184, 5863553.692379974760115 ], [ 735960.042266065604053, 5863554.626726666465402 ], [ 735960.062795547186397, 5863555.569967860355973 ], [ 735959.961499027558602, 5863556.510462592355907 ], [ 735959.720418846118264, 5863557.500410732813179 ], [ 735959.402866407646798, 5863558.313459069468081 ], [ 735958.662790487869643, 5863559.576077546924353 ], [ 735988.053629922447726, 5863579.912288255058229 ], [ 736001.692509669461288, 5863585.719322079792619 ], [ 736046.395642306189984, 5863599.540732402354479 ], [ 736050.432744047953747, 5863600.789918021298945 ], [ 736096.787711424985901, 5863612.6013597054407 ], [ 736105.933943351730704, 5863614.275692651979625 ], [ 736119.839430159539916, 5863616.675631242804229 ], [ 736132.224339764448814, 5863618.275058056227863 ], [ 736155.953198984265327, 5863618.793840829282999 ], [ 736176.006249852245674, 5863616.673080517910421 ], [ 736189.206355890259147, 5863613.309765696525574 ], [ 736202.424899424309842, 5863608.32834265101701 ], [ 736238.019771705847234, 5863596.034800745546818 ], [ 736268.998724785284139, 5863588.008754566311836 ], [ 736290.541738902567886, 5863583.653603631071746 ], [ 736314.755402282811701, 5863580.403512653894722 ], [ 736347.563299670815468, 5863577.514753749594092 ], [ 736390.294957288424484, 5863574.087336388416588 ], [ 736424.736385875381529, 5863571.323213598690927 ], [ 736473.143811416928656, 5863566.981661555357277 ], [ 736489.822423682664521, 5863565.000713312998414 ], [ 736528.540953154908493, 5863562.175020487979054 ], [ 736617.827651857282035, 5863553.951194221153855 ], [ 736792.88237231282983, 5863539.619131304323673 ], [ 736828.196637958055362, 5863536.037449822761118 ], [ 736828.128855448681861, 5863535.165026268921793 ], [ 736828.116289546946064, 5863534.144744165241718 ], [ 736828.164531054208055, 5863533.274994280189276 ], [ 736828.278097016038373, 5863532.261857831850648 ], [ 736828.450267696054652, 5863531.332287666387856 ], [ 736828.677435482968576, 5863530.414937255904078 ], [ 736828.942885931697674, 5863529.582394982688129 ], [ 736829.2813921085326, 5863528.699685114435852 ], [ 736829.674773897975683, 5863527.840835920535028 ], [ 736830.121535256621428, 5863527.010197507217526 ], [ 736830.621676172362641, 5863526.207769868895411 ], [ 736831.170814811019227, 5863525.436417522840202 ], [ 736831.768829720793292, 5863524.707781398668885 ], [ 736832.461293244501576, 5863523.964128874242306 ], [ 736833.095684773870744, 5863523.363939038477838 ], [ 736833.82003683084622, 5863522.761783134192228 ], [ 736834.641571473912336, 5863522.160647512413561 ], [ 736835.440316459280439, 5863521.658231378532946 ], [ 736836.203384404303506, 5863521.238391386345029 ], [ 736837.057666021515615, 5863520.835516997613013 ], [ 736837.93311287718825, 5863520.489620513282716 ], [ 736838.901026563253254, 5863520.179621319286525 ], [ 736839.815842241747305, 5863519.953470605425537 ], [ 736840.671924963709898, 5863519.795101182535291 ], [ 736841.60732909978833, 5863519.68122267909348 ], [ 736842.621902875602245, 5863519.626386222429574 ], [ 736843.490760039770976, 5863519.634052083827555 ], [ 736844.505448592361063, 5863519.707280898466706 ], [ 736845.365899786469527, 5863519.825459306128323 ], [ 736846.361831682850607, 5863520.028010560199618 ], [ 736847.200837766635232, 5863520.255109368823469 ], [ 736848.095638845581561, 5863520.557012877427042 ], [ 736849.034494449384511, 5863520.94669531378895 ], [ 736849.813842016621493, 5863521.330337471328676 ], [ 736850.635839179041795, 5863521.797378010116518 ], [ 736851.425409671501257, 5863522.313557510264218 ], [ 736852.178186859586276, 5863522.880285440012813 ], [ 736852.894185926648788, 5863523.496106685139239 ], [ 736853.572032272350043, 5863524.153730458579957 ], [ 736854.205893591279164, 5863524.856006119400263 ], [ 736855.058926319354214, 5863525.963694017380476 ], [ 736855.601431002374738, 5863526.801806828938425 ], [ 736856.062845003558323, 5863527.625971047207713 ], [ 736856.440510141896084, 5863528.412874321453273 ], [ 736856.823803929728456, 5863529.355551416054368 ], [ 736857.120554084773175, 5863530.25075132586062 ], [ 736857.345280647045001, 5863531.097171181812882 ], [ 736857.527093189419247, 5863532.024636236019433 ], [ 736857.676093181478791, 5863533.177325089462101 ], [ 736857.727149246959016, 5863534.123791807331145 ], [ 736857.720200898940675, 5863535.068194533698261 ], [ 736857.652331960387528, 5863536.011957919225097 ], [ 736857.538882007007487, 5863536.875202653929591 ], [ 736857.339846665388905, 5863537.877255919389427 ], [ 736857.114906168659218, 5863538.720411971211433 ], [ 736856.79297360253986, 5863539.683338219299912 ], [ 736856.434223607298918, 5863540.560016620904207 ], [ 736856.054672290221788, 5863541.344794163480401 ], [ 736855.593468455015682, 5863542.169462524354458 ], [ 736855.077464570174925, 5863542.962994858622551 ], [ 736854.471287293359637, 5863543.778865203261375 ], [ 736853.905851565417834, 5863544.443814108148217 ], [ 736853.200470410985872, 5863545.174236950464547 ], [ 736852.556061830255203, 5863545.761227074079216 ], [ 736851.821661956142634, 5863546.353093684650958 ], [ 736851.050050041871145, 5863546.896545404568315 ], [ 736850.247043239069171, 5863547.390188009478152 ], [ 736849.347035502432846, 5863547.865348962135613 ], [ 736848.485711840214208, 5863548.247777969576418 ], [ 736847.668737652245909, 5863548.550632019527256 ], [ 736846.766472744988278, 5863548.824940335005522 ], [ 736845.848859491175972, 5863549.040876224637032 ], [ 736844.854870981769636, 5863549.207985986024141 ], [ 736843.986459594685584, 5863549.296373478136957 ], [ 736842.973499847343192, 5863549.335219162516296 ], [ 736842.103356210282072, 5863549.311531661078334 ], [ 736841.165646594949067, 5863549.228923519141972 ], [ 736840.161958125303499, 5863549.074313863180578 ], [ 736839.241479025804438, 5863548.869642832316458 ], [ 736838.405523185268976, 5863548.628021758981049 ], [ 736837.516688514733687, 5863548.310170877724886 ], [ 736836.5866852394538, 5863547.906026139855385 ], [ 736835.810388668207452, 5863547.507860888727009 ], [ 736834.997214274248108, 5863547.029267986305058 ], [ 736834.160383493173867, 5863546.454378162510693 ], [ 736833.416475376812741, 5863545.871732204221189 ], [ 736832.715132570476271, 5863545.24150887131691 ], [ 736831.961609361344017, 5863544.468120232224464 ], [ 736831.343977062497288, 5863543.739816744811833 ], [ 736830.781782329431735, 5863542.981534444727004 ], [ 736830.301977257011458, 5863542.251767521724105 ], [ 736829.802039246074855, 5863541.366074342280626 ], [ 736829.421444598934613, 5863540.582048539072275 ], [ 736829.03671796026174, 5863539.637898680754006 ], [ 736828.756647557835095, 5863538.812725353054702 ], [ 736828.495653006830253, 5863537.827671702951193 ], [ 736828.312392928404734, 5863536.900190196931362 ], [ 736828.196637958055362, 5863536.037449822761118 ] ], [ [ 738309.797482956317253, 5864012.016953939571977 ], [ 738297.921446669730358, 5864017.284910698421299 ], [ 738289.253300633397885, 5864023.932202623225749 ], [ 738282.462414522888139, 5864031.141736317425966 ], [ 738245.94797152117826, 5864082.658227101899683 ], [ 738243.202546560904011, 5864086.533142050728202 ], [ 738225.756813998101279, 5864110.740409970283508 ], [ 738207.210333114373498, 5864137.867453658953309 ], [ 738205.237949077622034, 5864140.770907083526254 ], [ 738203.675198830547743, 5864143.058606832288206 ], [ 738166.60179780353792, 5864197.347978692501783 ], [ 738128.26711717993021, 5864253.481561214663088 ], [ 738123.452034725807607, 5864259.969359435141087 ], [ 738102.995869598118588, 5864290.747400993481278 ], [ 738088.544516933616251, 5864311.354728439822793 ], [ 738076.561112284543924, 5864326.863149508833885 ], [ 738064.024264152161777, 5864343.985720651224256 ], [ 738043.09418331948109, 5864367.489215278066695 ], [ 738031.837133943918161, 5864380.634327070787549 ], [ 738016.195686875493266, 5864396.323199300095439 ], [ 738009.466395004303195, 5864402.150819492526352 ], [ 737928.598730577738024, 5864448.517557049170136 ] ], [ [ 737981.358568817609921, 5864420.519705342128873 ], [ 737928.598730577738024, 5864448.517557049170136 ], [ 737983.795595138682984, 5864421.12896192073822 ], [ 737908.057216495275497, 5864460.164740571752191 ], [ 737804.03756772656925, 5864515.421812072396278 ], [ 737672.74397814553231, 5864583.603982576169074 ] ] ] } },
{ "type": "Feature", "properties": { "CADRE_NO": "10.903", "DDT_URL": null, "ETC_NOM": "Transports publics de la région lausannoise", "ETC_SIGLE": "TL", "ETC_URL": "https://www.t-l.ch", "GO_CENTRE": 0, "HORAIR_URL": "https://www.tableaux-horaires.ch/fileadmin/fap_pdf_fields/2025/10.903.pdf", "LIGNE_NO": "N3", "LIGNE_NOM": "Lausanne St-François - Praz-Séchaud (N3)", "LIGNE_SIGL": null, "LIGNE_TYPE": "Bus nocturne", "PLAN_URL": "https://prestations.vd.ch/pub/101587/api/download/2_Cartographie_et_geodonnees/2.1_Carte_des_reseaux/Carte_des_lignes_TP/topo/ligne_10.903.pdf", "SHAPE_LEN": 10443.909 }, "geometry": { "type": "MultiLineString", "coordinates": [ [ [ 738189.545567657682113, 5864601.634346948936582 ], [ 738173.382726120413281, 5864605.510406015440822 ], [ 738159.366980719380081, 5864609.679366540163755 ], [ 738147.516438322491013, 5864612.521506059914827 ], [ 738136.21502901695203, 5864614.023018109612167 ], [ 738114.991580987232737, 5864613.534087638370693 ], [ 738085.975263305590488, 5864613.233673031441867 ], [ 738053.739678999176249, 5864612.358385900035501 ], [ 738041.945780048961751, 5864609.271448911167681 ], [ 738010.951803086907603, 5864592.506593679077923 ], [ 738004.538211345323361, 5864588.936853442341089 ], [ 737998.120544769335538, 5864585.904128666035831 ], [ 737992.293812244897708, 5864577.757255739532411 ], [ 737961.774773030541837, 5864514.635552787221968 ], [ 737938.323310583713464, 5864469.64501045551151 ], [ 737928.598730577738024, 5864448.517557049170136 ], [ 737908.057216495275497, 5864460.164740571752191 ], [ 737804.03756772656925, 5864515.421812072396278 ], [ 737672.74397814553231, 5864583.603982576169074 ] ], [ [ 739730.592712826677598, 5868093.253685845993459 ], [ 739737.742631796631031, 5868077.414925147779286 ], [ 739742.959770308574662, 5868066.41237394977361 ], [ 739748.419611282530241, 5868058.107394051738083 ], [ 739850.07016206427943, 5867805.725788115523756 ], [ 739857.852816781727597, 5867807.402004024945199 ], [ 739875.014028805191629, 5867811.101120580919087 ], [ 739887.875915681594051, 5867815.274906073696911 ], [ 739913.291516885743476, 5867827.129671550355852 ], [ 739929.087606700719334, 5867833.223035830073059 ], [ 739961.013062514131889, 5867847.198107475414872 ], [ 739975.120451589347795, 5867853.374741865321994 ], [ 740035.340167920570821, 5867879.333786328323185 ], [ 740063.980980938533321, 5867891.487313985824585 ], [ 740071.722571931546554, 5867869.995210432447493 ], [ 740081.987876628991216, 5867838.27711948286742 ], [ 740091.918053396046162, 5867813.030477101914585 ], [ 740102.374459041282535, 5867789.137456690892577 ], [ 740114.701995486859232, 5867766.070036654360592 ], [ 740123.890055543277413, 5867751.3892977302894 ], [ 740188.812894181348383, 5867667.048494944348931 ], [ 740201.304085850832053, 5867654.231379048898816 ], [ 740210.829837894882075, 5867642.460230021737516 ], [ 740221.192177097662352, 5867627.734687907621264 ] ], [ [ 741476.555939898244105, 5866229.347052160650492 ], [ 741466.670656988397241, 5866229.248537832871079 ], [ 741452.676684302161448, 5866231.267884547822177 ], [ 741420.902200915850699, 5866237.420304527506232 ], [ 741395.033695019548759, 5866244.442359729669988 ], [ 741389.771838794928044, 5866246.219711408019066 ], [ 741370.225486131268553, 5866252.822919386439025 ], [ 741350.253258196171373, 5866261.250224047340453 ], [ 741329.173742734827101, 5866272.90250994451344 ], [ 741322.821272452478297, 5866277.248482543043792 ], [ 741314.02161310671363, 5866283.267395526170731 ], [ 741286.668764298781753, 5866304.291543999686837 ], [ 741265.248377696960233, 5866323.220439410768449 ], [ 741221.316314106690697, 5866362.955381996929646 ], [ 741144.282710671541281, 5866433.903810083866119 ], [ 741099.524049118394032, 5866475.515584020875394 ], [ 741053.689763151691295, 5866517.118013232946396 ], [ 741040.163595338119194, 5866525.880187414586544 ], [ 741023.944784114253707, 5866535.155466654337943 ], [ 741010.712614708929323, 5866541.492337378673255 ], [ 740996.692455521319062, 5866545.934620425105095 ], [ 740976.213311168248765, 5866551.39087441097945 ], [ 740960.332648382871412, 5866553.658461076207459 ], [ 740950.121981761185452, 5866553.556098000146449 ], [ 740938.301721762516536, 5866552.898948712274432 ], [ 740924.076098278979771, 5866550.868162548169494 ], [ 740910.669421895872802, 5866547.768298576585948 ], [ 740893.519129109452479, 5866542.744183066301048 ], [ 740876.366185566061176, 5866537.987871054559946 ], [ 740855.385081217507832, 5866531.929501262493432 ] ], [ [ 741476.555939898244105, 5866229.347052160650492 ], [ 741476.644221408758312, 5866228.344943930394948 ], [ 741476.859393251826987, 5866227.424164637923241 ], [ 741477.193182116490789, 5866226.540960339829326 ], [ 741477.645429430645891, 5866225.711342316120863 ], [ 741478.204369080951437, 5866224.951206129044294 ], [ 741478.807005159091204, 5866224.321064012125134 ], [ 741479.60411078936886, 5866223.688492621295154 ], [ 741480.352898108540103, 5866223.246138320304453 ], [ 741481.905411648680456, 5866222.674955645576119 ], [ 741482.774632128654048, 5866222.52639985922724 ], [ 741483.715290027903393, 5866222.490645820274949 ], [ 741484.653228754526936, 5866222.582967455498874 ], [ 741485.640480544068851, 5866222.824263238348067 ], [ 741486.449939106358215, 5866223.142395947128534 ], [ 741487.273989041917957, 5866223.598966870456934 ], [ 741488.031636961386539, 5866224.166966146789491 ], [ 741488.702742602792569, 5866224.828724566847086 ], [ 741489.28012330387719, 5866225.576892027631402 ], [ 741489.749442549189553, 5866226.393857151269913 ], [ 741490.106448363396339, 5866227.269387596286833 ], [ 741490.3548594819149, 5866228.267571928910911 ], [ 741490.45302093657665, 5866229.198752135038376 ], [ 741490.418296244461089, 5866230.214495644904673 ], [ 741490.26902351283934, 5866231.074792079627514 ], [ 741489.963375632301904, 5866232.047076376155019 ], [ 741489.592814393225126, 5866232.833838050253689 ], [ 741488.617334900656715, 5866234.188124731183052 ], [ 741513.142071568290703, 5866258.828833855688572 ], [ 741594.20368792291265, 5866350.7673878679052 ], [ 741643.344050407526083, 5866409.493165821768343 ], [ 741665.403376151924022, 5866434.517015075311065 ], [ 741731.620824984274805, 5866505.814249647781253 ], [ 741767.778193780221045, 5866547.773348592221737 ], [ 741773.97903547459282, 5866554.966740138828754 ] ], [ [ 737858.808543549734168, 5863672.695888126268983 ], [ 737858.875454170862213, 5863673.662901584059 ], [ 737858.768573202542029, 5863674.601915628649294 ], [ 737858.495213204645552, 5863675.507184925489128 ], [ 737858.06297193816863, 5863676.345316427759826 ], [ 737857.486594684887677, 5863677.093178380280733 ], [ 737856.846580268233083, 5863677.681751985102892 ], [ 737856.050705651054159, 5863678.19157661870122 ], [ 737855.111175376689062, 5863678.564566915854812 ], [ 737854.318843123153783, 5863678.730977318249643 ], [ 737853.304497437085956, 5863678.762650427408516 ], [ 737852.374707518960349, 5863678.61328871268779 ], [ 737851.364519962458871, 5863678.241886570118368 ], [ 737850.551458063186146, 5863677.745919761247933 ], [ 737849.898808595375158, 5863677.168666214682162 ], [ 737849.268733179429546, 5863676.371896716766059 ], [ 737848.861781993531622, 5863675.602183876559138 ], [ 737848.554102007998154, 5863674.631215078756213 ], [ 737848.461586129968055, 5863673.052709762006998 ], [ 737848.615629610372707, 5863672.182584729976952 ], [ 737848.939578386954963, 5863671.295304887928069 ], [ 737849.417981533915736, 5863670.482393657788634 ], [ 737850.087372078443877, 5863669.718034883961082 ], [ 737850.768985919421539, 5863669.175008457154036 ], [ 737851.663149711093865, 5863668.699677138589323 ], [ 737852.49131419241894, 5863668.434678870253265 ], [ 737853.496525829890743, 5863668.303950760513544 ], [ 737854.438894481514581, 5863668.358848359435797 ], [ 737855.353382645873353, 5863668.585181666538119 ], [ 737856.212550693424419, 5863668.971023457124829 ], [ 737856.931418749154545, 5863669.457279598340392 ], [ 737857.65521287242882, 5863670.169158183038235 ], [ 737858.158483915613033, 5863670.883113381452858 ], [ 737858.584166844375432, 5863671.805826248601079 ], [ 737858.808543549734168, 5863672.695888126268983 ], [ 737876.162785838940181, 5863668.347136212512851 ], [ 737873.878282252349891, 5863657.909313724376261 ], [ 737970.804967077914625, 5863638.162300880998373 ], [ 737989.357659339206293, 5863636.739263834431767 ], [ 738060.969561844947748, 5863622.654789180494845 ], [ 738061.710942223900929, 5863628.001931821927428 ], [ 738077.617573865689337, 5863625.452555951662362 ] ], [ [ 738061.710942223900929, 5863628.001931821927428 ], [ 738063.240552291506901, 5863636.963457541540265 ], [ 737991.899683716823347, 5863650.778644155710936 ], [ 737987.378315241425298, 5863651.588944528251886 ], [ 737962.023189842002466, 5863656.131456103175879 ], [ 737947.771093812421896, 5863657.329810546711087 ], [ 737945.103660661843605, 5863657.859525205567479 ], [ 737876.693995386827737, 5863671.416053901426494 ], [ 737876.162785838940181, 5863668.347136212512851 ] ], [ [ 737851.364519962458871, 5863678.241886570118368 ], [ 737842.354004071909003, 5863692.622764281928539 ], [ 737833.398014020291157, 5863701.15389798860997 ], [ 737822.83892007288523, 5863709.131374717690051 ], [ 737811.745784411556087, 5863716.563380431383848 ], [ 737733.065932804369368, 5863764.261510545387864 ], [ 737601.702203673077747, 5863840.252516460604966 ], [ 737531.940288947778754, 5863882.923944118432701 ], [ 737466.767866601119749, 5863923.483151066116989 ], [ 737448.351213085697964, 5863934.810152303427458 ], [ 737384.023953817784786, 5863974.373608303256333 ], [ 737361.583333802642301, 5863987.88518862426281 ], [ 737313.713381760055199, 5864017.844500277191401 ], [ 737279.919934071600437, 5864037.70644140150398 ], [ 737233.13977107219398, 5864066.327746625989676 ], [ 737226.356386866304092, 5864072.727394659072161 ], [ 737221.458568849484436, 5864078.605357986874878 ], [ 737218.439336904441006, 5864084.773661356419325 ], [ 737216.482329874997959, 5864092.031502533704042 ], [ 737216.384353280300274, 5864101.462734866887331 ], [ 737217.088714106590487, 5864111.445219755172729 ], [ 737219.386449058772996, 5864123.059840110130608 ], [ 737251.464249969343655, 5864190.780712622217834 ], [ 737257.421660933177918, 5864204.274738907814026 ], [ 737283.75202379852999, 5864263.897879312746227 ], [ 737295.342575468006544, 5864290.140483381226659 ], [ 737304.055493480409496, 5864309.332214375957847 ], [ 737431.411772867897525, 5864571.954328184947371 ], [ 737447.511231879587285, 5864606.144868165254593 ], [ 737467.152708917390555, 5864647.857873423025012 ], [ 737469.615298843709752, 5864654.529186446219683 ], [ 737482.009619802702218, 5864652.162281137891114 ], [ 737515.196619331021793, 5864643.69244418758899 ], [ 737583.39130202436354, 5864623.378704746253788 ], [ 737614.940212112152949, 5864612.654425251297653 ], [ 737618.448711848934181, 5864611.072479015216231 ], [ 737672.74397814553231, 5864583.603982576169074 ] ], [ [ 738890.693873786716722, 5863551.509290083311498 ], [ 738897.077595056965947, 5863570.630226275883615 ], [ 738922.853965930058621, 5863651.487060645595193 ], [ 738945.470789391780272, 5863725.840401812456548 ], [ 738941.953217749483883, 5863728.228864920325577 ], [ 738863.571341784670949, 5863774.055642874911427 ], [ 738794.670695755747147, 5863811.892150847241282 ], [ 738735.492700007394888, 5863844.97617971803993 ], [ 738647.963139955652878, 5863895.798358461819589 ], [ 738578.459479891462252, 5863935.811958698555827 ], [ 738527.621188882389106, 5863967.362591413781047 ] ], [ [ 738890.693873786716722, 5863551.509290083311498 ], [ 738875.211183352395892, 5863554.773199163377285 ], [ 738823.024634239845909, 5863560.975327028892934 ], [ 738799.630752752535045, 5863562.891758606769145 ], [ 738701.486067160498351, 5863570.508416722528636 ], [ 738592.038607147755101, 5863580.164329818449914 ], [ 738591.042536536930129, 5863580.254487939178944 ], [ 738468.601687606424093, 5863591.288555951789021 ], [ 738379.051289117778651, 5863600.623050426132977 ], [ 738365.051987361395732, 5863602.082274276763201 ], [ 738291.368606160627678, 5863608.596318089403212 ], [ 738218.220367826637812, 5863615.537311001680791 ], [ 738183.793089290731587, 5863618.804943647235632 ], [ 738128.685703591327183, 5863621.737636427395046 ], [ 738089.668778716702946, 5863624.12933452706784 ], [ 738089.558902316959575, 5863625.079957162961364 ], [ 738089.307295392034575, 5863625.988364176824689 ], [ 738088.953825268778019, 5863626.786569678224623 ], [ 738088.403952672728337, 5863627.639497915282845 ], [ 738087.772928168065846, 5863628.34314614161849 ], [ 738087.044347022660077, 5863628.941003179177642 ], [ 738086.298466279869899, 5863629.387330712750554 ], [ 738085.425824136007577, 5863629.746483357623219 ], [ 738084.451543381437659, 5863629.973607167601585 ], [ 738083.583346130559221, 5863630.041747284121811 ], [ 738082.574496370507404, 5863629.96290160343051 ], [ 738081.657060434226878, 5863629.74092854373157 ], [ 738080.786012726020999, 5863629.381183032877743 ], [ 738080.039156635175459, 5863628.935406029224396 ], [ 738079.258134194067679, 5863628.285534326918423 ], [ 738078.637311547528952, 5863627.57474406901747 ], [ 738078.167596314684488, 5863626.840778708457947 ], [ 738077.617573865689337, 5863625.452555951662362 ], [ 738077.45553295512218, 5863624.564605548977852 ], [ 738077.429751809453592, 5863623.545634856447577 ], [ 738077.540196571266279, 5863622.680880561470985 ], [ 738077.796171115129255, 5863621.771064151078463 ], [ 738078.224875649320893, 5863620.851394273340702 ], [ 738078.750851936172694, 5863620.065163224004209 ], [ 738079.339153067790903, 5863619.425106649287045 ], [ 738080.133410993148573, 5863618.78863819129765 ], [ 738080.952011092798784, 5863618.324146011844277 ], [ 738081.834536311449483, 5863617.991291857324541 ], [ 738082.685058650095016, 5863617.808001083321869 ], [ 738083.622804112266749, 5863617.747857805341482 ], [ 738084.560502825188451, 5863617.833242940716445 ], [ 738085.545826891670004, 5863618.083568903617561 ], [ 738086.344513066462241, 5863618.426555998623371 ], [ 738087.107114540296607, 5863618.892869032919407 ], [ 738087.811873747734353, 5863619.482282754033804 ], [ 738088.479994344525039, 5863620.248862493783236 ], [ 738088.943863147171214, 5863620.987132070586085 ], [ 738089.326636667479761, 5863621.852627547457814 ], [ 738089.582003484363668, 5863622.834682405926287 ], [ 738089.668778716702946, 5863624.12933452706784 ] ], [ [ 739730.592712826677598, 5868093.253685845993459 ], [ 739728.940803050645627, 5868097.010914017446339 ], [ 739715.455109883099794, 5868119.925658341497183 ], [ 739710.892228862969205, 5868125.926161983981729 ], [ 739708.743545595207252, 5868127.278807851485908 ], [ 739704.451639015111141, 5868126.427067279815674 ], [ 739701.792609827360138, 5868123.703456714749336 ], [ 739700.766277300077491, 5868118.838611854240298 ], [ 739703.497603548574261, 5868114.550713008269668 ], [ 739707.524860676145181, 5868111.285021579824388 ] ], [ [ 738189.545567657682113, 5864601.634346948936582 ], [ 738213.553883835556917, 5864592.4469412881881 ], [ 738234.885248543694615, 5864582.425487173721194 ], [ 738244.85434479417745, 5864579.83304931037128 ], [ 738254.509312088484876, 5864581.551303446292877 ], [ 738262.007552440511063, 5864584.055032534524798 ], [ 738268.411501250113361, 5864588.432254972867668 ], [ 738273.979853005264886, 5864595.769960189238191 ], [ 738279.502521086134948, 5864607.41679129190743 ], [ 738288.957000689697452, 5864628.809236236847937 ], [ 738290.041681840433739, 5864631.264154647476971 ], [ 738298.410060878959484, 5864650.203163161873817 ], [ 738309.192681099753827, 5864672.957168764434755 ], [ 738322.309314579819329, 5864704.095534466207027 ], [ 738340.675005995901302, 5864747.413754128850996 ], [ 738356.652817500988021, 5864787.474866680800915 ], [ 738378.989532872568816, 5864836.766985541209579 ], [ 738389.31189887446817, 5864852.239149023778737 ], [ 738403.112366209621541, 5864869.093550324440002 ], [ 738416.132453494006768, 5864883.245782335288823 ], [ 738427.574123230180703, 5864894.416880371049047 ], [ 738439.555220738286152, 5864905.053549817763269 ], [ 738452.36241883749608, 5864914.081670340150595 ], [ 738463.830355557496659, 5864922.555978961288929 ], [ 738480.392365097184666, 5864932.161329994909465 ], [ 738497.222636530990712, 5864941.501611302606761 ], [ 738518.339418974006549, 5864952.769473600201309 ] ], [ [ 739045.33833641523961, 5864422.725903641432524 ], [ 739028.112506037927233, 5864422.924912022426724 ], [ 739007.94939652539324, 5864424.0645487671718 ], [ 739006.069206340238452, 5864423.776025542989373 ], [ 738994.213676504325122, 5864427.160618803463876 ], [ 738983.145352872321382, 5864432.167331509292126 ], [ 738974.488446083734743, 5864438.007972943596542 ], [ 738964.981020903214812, 5864448.153769012540579 ], [ 738960.330539433169179, 5864456.193885762244463 ], [ 738955.392461093026213, 5864466.117293361574411 ], [ 738953.140989279258065, 5864476.066806354559958 ], [ 738951.961686530848965, 5864486.298035988584161 ], [ 738952.142161420662887, 5864494.926235965453088 ], [ 738952.575982582871802, 5864505.17403070256114 ], [ 738955.136264243395999, 5864517.599146594293416 ], [ 738958.487922401749529, 5864531.381586693227291 ], [ 738968.922795917838812, 5864562.218786465935409 ], [ 738972.548525143647566, 5864575.733387622982264 ], [ 738974.815608573728241, 5864590.312565753236413 ], [ 738976.797997726476751, 5864606.776569234207273 ], [ 738976.635981127386913, 5864622.680099375545979 ], [ 738974.617181502631865, 5864636.135463742539287 ], [ 738972.557316240156069, 5864653.905863726511598 ], [ 738967.572463527321815, 5864668.410815387964249 ], [ 738952.359080610796809, 5864711.118268752470613 ], [ 738930.070887877023779, 5864776.348174260929227 ], [ 738920.784075042349286, 5864803.524274006485939 ], [ 738919.249957042979077, 5864807.42233366239816 ], [ 738889.778145209071226, 5864892.70286111254245 ], [ 738882.612958931247704, 5864910.421364448964596 ], [ 738874.98909265070688, 5864920.048407637514174 ], [ 738867.131290613790043, 5864926.43601029086858 ], [ 738851.956573691451922, 5864938.951859548687935 ], [ 738839.241303651127964, 5864947.177372484467924 ], [ 738827.897057661437429, 5864952.989165152423084 ], [ 738810.880454974365421, 5864961.442656316794455 ], [ 738795.772961567272432, 5864967.217216890305281 ], [ 738784.731482339673676, 5864969.800840127281845 ], [ 738763.901119369082153, 5864973.213927554897964 ], [ 738747.681818356388249, 5864974.905916017480195 ], [ 738738.823925368487835, 5864975.640138034708798 ], [ 738653.14632342918776, 5864977.908688601106405 ], [ 738637.333452460356057, 5864978.728435279801488 ], [ 738627.533857310307212, 5864979.468863440677524 ], [ 738622.498343549203128, 5864979.277303569950163 ], [ 738608.093377354322001, 5864978.766594249755144 ], [ 738588.77399090770632, 5864975.872069601900876 ], [ 738582.207553569227457, 5864974.286351106129587 ], [ 738568.93861520756036, 5864971.084388390183449 ], [ 738544.811565847485326, 5864965.44464258197695 ], [ 738518.339418974006549, 5864952.769473600201309 ] ], [ [ 739045.33833641523961, 5864422.725903641432524 ], [ 739052.835456694592722, 5864422.63969889562577 ], [ 739062.504139134427533, 5864423.007990761660039 ], [ 739099.568680080235936, 5864424.463109699077904 ], [ 739106.029171114554629, 5864423.453696363605559 ], [ 739113.850732208113186, 5864420.567619706504047 ], [ 739121.692921394249424, 5864415.795523665845394 ], [ 739129.837643289240077, 5864407.523326417431235 ], [ 739161.705917917424813, 5864365.259627772495151 ], [ 739170.962394626694731, 5864353.223481794819236 ], [ 739193.023293632431887, 5864324.068838676437736 ], [ 739203.918862939928658, 5864309.624778254888952 ], [ 739211.80054398032371, 5864300.808506648987532 ], [ 739216.679272687295452, 5864296.546041405759752 ], [ 739229.908063636161387, 5864290.482748758979142 ], [ 739247.15557902760338, 5864285.265353810042143 ], [ 739267.367756840074435, 5864279.544094061478972 ], [ 739286.779393456992693, 5864275.507238280959427 ], [ 739288.369899146491662, 5864275.17564847227186 ], [ 739310.452391847036779, 5864270.27969316765666 ], [ 739357.032761270529591, 5864260.780074485577643 ], [ 739395.248048550100066, 5864254.702356682159007 ], [ 739432.644549527671188, 5864249.962361578829587 ], [ 739473.801155786029994, 5864245.531248193234205 ], [ 739509.293016538256779, 5864243.197646676562726 ], [ 739552.577367363031954, 5864240.674034748226404 ], [ 739575.694908374454826, 5864239.560341430827975 ], [ 739612.76436745247338, 5864240.745509166270494 ], [ 739632.354827764211223, 5864243.101796056143939 ], [ 739651.666032958193682, 5864246.53364269528538 ], [ 739680.336562662501819, 5864254.371523985639215 ], [ 739731.243367514223792, 5864268.636830477043986 ], [ 739751.060190971242264, 5864275.307494116947055 ], [ 739777.034921243670397, 5864284.196130313910544 ], [ 739804.855577960726805, 5864296.341709711588919 ], [ 739826.251533505856059, 5864306.262161260470748 ], [ 739861.000218576751649, 5864324.404342480003834 ], [ 739891.53158750908915, 5864343.414711499586701 ] ], [ [ 738309.797482956317253, 5864012.016953939571977 ], [ 738329.204467033501714, 5864006.01758308056742 ], [ 738351.787803742685355, 5863999.521219523623586 ], [ 738354.534868692513555, 5863998.731672850437462 ], [ 738364.255802493193187, 5863996.221125524491072 ], [ 738387.671499310177751, 5863990.178606355562806 ], [ 738402.865629716194235, 5863987.702671546489 ], [ 738437.71797054912895, 5863982.019614098593593 ], [ 738527.621188882389106, 5863967.362591413781047 ] ], [ [ 739957.706554767675698, 5866260.667684772051871 ], [ 739961.295963092823513, 5866279.88325516320765 ], [ 739962.93554248905275, 5866288.829309981316328 ], [ 739961.808930782950483, 5866295.942222408950329 ], [ 739959.554986390401609, 5866300.445231667719781 ], [ 739956.919443473685533, 5866304.223786685615778 ], [ 739956.91486967401579, 5866304.389693587087095 ], [ 739959.383094151155092, 5866310.592843216843903 ], [ 739959.602035045274533, 5866320.98025812767446 ], [ 739959.768656142405234, 5866335.696511647664011 ], [ 739962.78102912614122, 5866357.025949823670089 ], [ 739966.091527751530521, 5866375.123801335692406 ], [ 739974.128234180039726, 5866404.323083749040961 ], [ 739985.562633743975312, 5866443.263855033554137 ], [ 739997.512083955574781, 5866484.098123204894364 ], [ 740014.658596180845052, 5866543.049857224337757 ], [ 740022.462459220550954, 5866568.743239863775671 ], [ 740028.502590532065369, 5866582.823553984984756 ], [ 740036.634676371118985, 5866602.588060460053384 ], [ 740046.123983955476433, 5866621.019752449356019 ], [ 740066.207979220198467, 5866655.195382503792644 ], [ 740070.964259529020637, 5866663.333368762396276 ], [ 740084.220189024810679, 5866681.26173285022378 ], [ 740103.059701017802581, 5866705.449784298427403 ], [ 740129.884058226831257, 5866737.536322600208223 ], [ 740142.623744029086083, 5866753.574254999868572 ], [ 740139.139047351432964, 5866755.636808743700385 ], [ 740128.293685370939784, 5866762.057801227085292 ], [ 740079.805214400519617, 5866799.583950500935316 ], [ 740050.285217403201386, 5866821.933086946606636 ], [ 740028.351146011729725, 5866838.158709195442498 ], [ 739969.856753068510443, 5866881.786468096077442 ], [ 739965.705938418861479, 5866885.426169035956264 ], [ 739944.63693250331562, 5866903.909727517515421 ], [ 739931.327326285419986, 5866917.79584688693285 ], [ 739921.254267014330253, 5866930.634571297094226 ], [ 739910.622351093916222, 5866945.355853098444641 ], [ 739901.597257688757963, 5866960.904352522455156 ], [ 739894.178663161350414, 5866976.737046631984413 ], [ 739890.579915708163753, 5866987.217535903677344 ], [ 739884.176704875775613, 5867008.993147480301559 ], [ 739883.615353340865113, 5867011.412892269901931 ], [ 739881.925821469165385, 5867019.21510640066117 ], [ 739879.364051416050643, 5867033.210398387163877 ], [ 739877.857216489035636, 5867049.373993443325162 ], [ 739874.001405903371051, 5867085.195522386580706 ], [ 739869.550269602565095, 5867126.945263218134642 ], [ 739865.821275016409345, 5867159.683398481458426 ], [ 739865.717586484039202, 5867160.611192369833589 ], [ 739859.449374051415361, 5867195.602124636992812 ], [ 739856.51718262466602, 5867219.838966001756489 ] ], [ [ 740855.385081217507832, 5866531.929501262493432 ], [ 740819.28316529490985, 5866521.506289025768638 ], [ 740723.072061098529957, 5866494.119088111445308 ], [ 740685.558427345589735, 5866482.686888843774796 ], [ 740630.086926297168247, 5866466.489682006649673 ], [ 740610.260523398057558, 5866460.359407832846045 ], [ 740590.957542353891768, 5866455.580934507772326 ], [ 740564.925740513252094, 5866451.814833540469408 ], [ 740560.34737775917165, 5866451.38586506433785 ], [ 740552.037326322635636, 5866450.606324388645589 ], [ 740537.536892429925501, 5866449.380102592520416 ], [ 740530.104825542774051, 5866449.465368140488863 ], [ 740524.901943340781145, 5866449.525045868009329 ], [ 740514.417579982313327, 5866449.958042814396322 ], [ 740498.265839199535549, 5866452.492798232473433 ], [ 740493.442402102285996, 5866453.786393380723894 ], [ 740476.975738598150201, 5866458.206050754524767 ], [ 740464.038682700949721, 5866461.853319632820785 ], [ 740451.372774801100604, 5866465.231078466400504 ], [ 740409.852783737820573, 5866478.291189478710294 ], [ 740388.83906545874197, 5866483.201997409574687 ], [ 740371.604147314210422, 5866486.802860972471535 ], [ 740350.881908508017659, 5866489.559086808934808 ], [ 740331.51679268409498, 5866490.980932483449578 ], [ 740308.672474550548941, 5866490.750247760675848 ], [ 740286.117176050669514, 5866488.90507273003459 ], [ 740264.91322848200798, 5866485.725460468791425 ], [ 740239.17843480326701, 5866479.265306582674384 ], [ 740218.019531382364221, 5866472.039030833169818 ], [ 740198.209639108506963, 5866464.292088026180863 ], [ 740180.011433911742643, 5866454.722788950428367 ], [ 740174.68205351033248, 5866451.918964028358459 ], [ 740159.454923201585189, 5866442.870275071822107 ], [ 740140.781261632917449, 5866428.928852874785662 ], [ 740120.786981158191338, 5866412.550225168466568 ], [ 740101.86960278020706, 5866396.450340140610933 ], [ 740085.083262280328199, 5866381.720037992112339 ], [ 740074.706184632959776, 5866371.640216508880258 ], [ 740064.875198514782824, 5866360.217909534461796 ], [ 740055.216940438025631, 5866347.495926091447473 ], [ 740050.271433344809338, 5866340.155503490939736 ], [ 740040.558851958950981, 5866325.049945503473282 ], [ 740028.373561538988724, 5866305.33816468436271 ], [ 740017.310336651280522, 5866287.036734282970428 ], [ 740001.835524604073726, 5866260.839899334125221 ], [ 739985.634989647660404, 5866232.364836210384965 ], [ 739981.064722196431831, 5866222.070255361497402 ], [ 739975.011626011575572, 5866204.123972970061004 ], [ 739972.85275665007066, 5866193.142023191787302 ], [ 739972.786510978476144, 5866184.161068119108677 ], [ 739961.137826139689423, 5866172.132372087799013 ] ] ] } },
{ "type": "Feature", "properties": { "CADRE_NO": "10.902", "DDT_URL": null, "ETC_NOM": "Transports publics de la région lausannoise", "ETC_SIGLE": "TL", "ETC_URL": "https://www.t-l.ch", "GO_CENTRE": 0, "HORAIR_URL": "https://www.tableaux-horaires.ch/fileadmin/fap_pdf_fields/2025/10.902.pdf", "LIGNE_NO": "N2", "LIGNE_NOM": "Lausanne St-François - Vers-Chez-les-Blanc (N2)", "LIGNE_SIGL": null, "LIGNE_TYPE": "Bus nocturne", "PLAN_URL": "https://prestations.vd.ch/pub/101587/api/download/2_Cartographie_et_geodonnees/2.1_Carte_des_reseaux/Carte_des_lignes_TP/topo/ligne_10.902.pdf", "SHAPE_LEN": 17541.94 }, "geometry": { "type": "MultiLineString", "coordinates": [ [ [ 738189.545567657682113, 5864601.634346948936582 ], [ 738173.382726120413281, 5864605.510406015440822 ], [ 738159.366980719380081, 5864609.679366540163755 ], [ 738147.516438322491013, 5864612.521506059914827 ], [ 738136.21502901695203, 5864614.023018109612167 ], [ 738114.991580987232737, 5864613.534087638370693 ], [ 738085.975263305590488, 5864613.233673031441867 ], [ 738053.739678999176249, 5864612.358385900035501 ], [ 738041.945780048961751, 5864609.271448911167681 ], [ 738010.951803086907603, 5864592.506593679077923 ], [ 738004.538211345323361, 5864588.936853442341089 ], [ 737998.120544769335538, 5864585.904128666035831 ], [ 737992.293812244897708, 5864577.757255739532411 ], [ 737961.774773030541837, 5864514.635552787221968 ], [ 737938.323310583713464, 5864469.64501045551151 ], [ 737928.598730577738024, 5864448.517557049170136 ], [ 737908.057216495275497, 5864460.164740571752191 ], [ 737804.03756772656925, 5864515.421812072396278 ], [ 737672.74397814553231, 5864583.603982576169074 ] ], [ [ 737858.808543549734168, 5863672.695888126268983 ], [ 737876.162785838940181, 5863668.347136212512851 ] ], [ [ 737858.808543549734168, 5863672.695888126268983 ], [ 737858.875454170862213, 5863673.662901584059 ], [ 737858.768573202542029, 5863674.601915628649294 ], [ 737858.495213204645552, 5863675.507184925489128 ], [ 737858.06297193816863, 5863676.345316427759826 ], [ 737857.486594684887677, 5863677.093178380280733 ], [ 737856.846580268233083, 5863677.681751985102892 ], [ 737856.050705651054159, 5863678.19157661870122 ], [ 737855.111175376689062, 5863678.564566915854812 ], [ 737854.318843123153783, 5863678.730977318249643 ], [ 737853.304497437085956, 5863678.762650427408516 ], [ 737852.374707518960349, 5863678.61328871268779 ], [ 737851.364519962458871, 5863678.241886570118368 ], [ 737850.551458063186146, 5863677.745919761247933 ], [ 737849.898808595375158, 5863677.168666214682162 ], [ 737849.268733179429546, 5863676.371896716766059 ], [ 737848.861781993531622, 5863675.602183876559138 ], [ 737848.554102007998154, 5863674.631215078756213 ], [ 737848.461586129968055, 5863673.052709762006998 ], [ 737848.615629610372707, 5863672.182584729976952 ], [ 737848.939578386954963, 5863671.295304887928069 ], [ 737849.417981533915736, 5863670.482393657788634 ], [ 737850.087372078443877, 5863669.718034883961082 ], [ 737850.768985919421539, 5863669.175008457154036 ], [ 737851.663149711093865, 5863668.699677138589323 ], [ 737852.49131419241894, 5863668.434678870253265 ], [ 737853.496525829890743, 5863668.303950760513544 ], [ 737854.438894481514581, 5863668.358848359435797 ], [ 737855.353382645873353, 5863668.585181666538119 ], [ 737856.212550693424419, 5863668.971023457124829 ], [ 737856.931418749154545, 5863669.457279598340392 ], [ 737857.65521287242882, 5863670.169158183038235 ], [ 737858.158483915613033, 5863670.883113381452858 ], [ 737858.584166844375432, 5863671.805826248601079 ], [ 737858.808543549734168, 5863672.695888126268983 ] ], [ [ 738061.710942223900929, 5863628.001931821927428 ], [ 738063.240552291506901, 5863636.963457541540265 ], [ 737991.899683716823347, 5863650.778644155710936 ], [ 737987.378315241425298, 5863651.588944528251886 ], [ 737962.023189842002466, 5863656.131456103175879 ], [ 737947.771093812421896, 5863657.329810546711087 ], [ 737945.103660661843605, 5863657.859525205567479 ], [ 737876.693995386827737, 5863671.416053901426494 ], [ 737876.162785838940181, 5863668.347136212512851 ], [ 737873.878282252349891, 5863657.909313724376261 ], [ 737970.804967077914625, 5863638.162300880998373 ], [ 737989.357659339206293, 5863636.739263834431767 ], [ 738060.969561844947748, 5863622.654789180494845 ], [ 738061.710942223900929, 5863628.001931821927428 ], [ 738077.617573865689337, 5863625.452555951662362 ] ], [ [ 737851.364519962458871, 5863678.241886570118368 ], [ 737842.354004071909003, 5863692.622764281928539 ], [ 737833.398014020291157, 5863701.15389798860997 ], [ 737822.83892007288523, 5863709.131374717690051 ], [ 737811.745784411556087, 5863716.563380431383848 ], [ 737733.065932804369368, 5863764.261510545387864 ], [ 737601.702203673077747, 5863840.252516460604966 ], [ 737531.940288947778754, 5863882.923944118432701 ], [ 737466.767866601119749, 5863923.483151066116989 ], [ 737448.351213085697964, 5863934.810152303427458 ], [ 737384.023953817784786, 5863974.373608303256333 ], [ 737361.583333802642301, 5863987.88518862426281 ], [ 737313.713381760055199, 5864017.844500277191401 ], [ 737279.919934071600437, 5864037.70644140150398 ], [ 737233.13977107219398, 5864066.327746625989676 ], [ 737226.356386866304092, 5864072.727394659072161 ], [ 737221.458568849484436, 5864078.605357986874878 ], [ 737218.439336904441006, 5864084.773661356419325 ], [ 737216.482329874997959, 5864092.031502533704042 ], [ 737216.384353280300274, 5864101.462734866887331 ], [ 737217.088714106590487, 5864111.445219755172729 ], [ 737219.386449058772996, 5864123.059840110130608 ], [ 737251.464249969343655, 5864190.780712622217834 ], [ 737257.421660933177918, 5864204.274738907814026 ], [ 737283.75202379852999, 5864263.897879312746227 ], [ 737295.342575468006544, 5864290.140483381226659 ], [ 737304.055493480409496, 5864309.332214375957847 ], [ 737431.411772867897525, 5864571.954328184947371 ], [ 737447.511231879587285, 5864606.144868165254593 ], [ 737467.152708917390555, 5864647.857873423025012 ], [ 737469.615298843709752, 5864654.529186446219683 ], [ 737482.009619802702218, 5864652.162281137891114 ], [ 737515.196619331021793, 5864643.69244418758899 ], [ 737583.39130202436354, 5864623.378704746253788 ], [ 737614.940212112152949, 5864612.654425251297653 ], [ 737618.448711848934181, 5864611.072479015216231 ], [ 737672.74397814553231, 5864583.603982576169074 ] ], [ [ 738890.693873786716722, 5863551.509290083311498 ], [ 738897.077595056965947, 5863570.630226275883615 ], [ 738922.853965930058621, 5863651.487060645595193 ], [ 738945.470789391780272, 5863725.840401812456548 ], [ 738941.953217749483883, 5863728.228864920325577 ], [ 738863.571341784670949, 5863774.055642874911427 ], [ 738794.670695755747147, 5863811.892150847241282 ], [ 738735.492700007394888, 5863844.97617971803993 ], [ 738647.963139955652878, 5863895.798358461819589 ], [ 738578.459479891462252, 5863935.811958698555827 ], [ 738527.621188882389106, 5863967.362591413781047 ] ], [ [ 738890.693873786716722, 5863551.509290083311498 ], [ 738875.211183352395892, 5863554.773199163377285 ], [ 738823.024634239845909, 5863560.975327028892934 ], [ 738799.630752752535045, 5863562.891758606769145 ], [ 738701.486067160498351, 5863570.508416722528636 ], [ 738592.038607147755101, 5863580.164329818449914 ], [ 738591.042536536930129, 5863580.254487939178944 ], [ 738468.601687606424093, 5863591.288555951789021 ], [ 738379.051289117778651, 5863600.623050426132977 ], [ 738365.051987361395732, 5863602.082274276763201 ], [ 738291.368606160627678, 5863608.596318089403212 ], [ 738218.220367826637812, 5863615.537311001680791 ], [ 738183.793089290731587, 5863618.804943647235632 ], [ 738128.685703591327183, 5863621.737636427395046 ], [ 738089.668778716702946, 5863624.12933452706784 ], [ 738089.558902316959575, 5863625.079957162961364 ], [ 738089.307295392034575, 5863625.988364176824689 ], [ 738088.953825268778019, 5863626.786569678224623 ], [ 738088.403952672728337, 5863627.639497915282845 ], [ 738087.772928168065846, 5863628.34314614161849 ], [ 738087.044347022660077, 5863628.941003179177642 ], [ 738086.298466279869899, 5863629.387330712750554 ], [ 738085.425824136007577, 5863629.746483357623219 ], [ 738084.451543381437659, 5863629.973607167601585 ], [ 738083.583346130559221, 5863630.041747284121811 ], [ 738082.574496370507404, 5863629.96290160343051 ], [ 738081.657060434226878, 5863629.74092854373157 ], [ 738080.786012726020999, 5863629.381183032877743 ], [ 738080.039156635175459, 5863628.935406029224396 ], [ 738079.258134194067679, 5863628.285534326918423 ], [ 738078.637311547528952, 5863627.57474406901747 ], [ 738078.167596314684488, 5863626.840778708457947 ], [ 738077.617573865689337, 5863625.452555951662362 ], [ 738077.45553295512218, 5863624.564605548977852 ], [ 738077.429751809453592, 5863623.545634856447577 ], [ 738077.540196571266279, 5863622.680880561470985 ], [ 738077.796171115129255, 5863621.771064151078463 ], [ 738078.224875649320893, 5863620.851394273340702 ], [ 738078.750851936172694, 5863620.065163224004209 ], [ 738079.339153067790903, 5863619.425106649287045 ], [ 738080.133410993148573, 5863618.78863819129765 ], [ 738080.952011092798784, 5863618.324146011844277 ], [ 738081.834536311449483, 5863617.991291857324541 ], [ 738082.685058650095016, 5863617.808001083321869 ], [ 738083.622804112266749, 5863617.747857805341482 ], [ 738084.560502825188451, 5863617.833242940716445 ], [ 738085.545826891670004, 5863618.083568903617561 ], [ 738086.344513066462241, 5863618.426555998623371 ], [ 738087.107114540296607, 5863618.892869032919407 ], [ 738087.811873747734353, 5863619.482282754033804 ], [ 738088.479994344525039, 5863620.248862493783236 ], [ 738088.943863147171214, 5863620.987132070586085 ], [ 738089.326636667479761, 5863621.852627547457814 ], [ 738089.582003484363668, 5863622.834682405926287 ], [ 738089.668778716702946, 5863624.12933452706784 ] ], [ [ 742264.837816108250991, 5868287.260850275866687 ], [ 742260.134172596037388, 5868273.460524673573673 ], [ 742257.853679958498105, 5868259.143953355029225 ], [ 742256.925253907451406, 5868244.303475578315556 ], [ 742256.536186956334859, 5868228.929612580686808 ], [ 742258.000611229566857, 5868216.806494505144656 ], [ 742261.090595653746277, 5868203.354063977487385 ], [ 742266.20682042313274, 5868185.751568713225424 ], [ 742271.640626512817107, 5868169.210778737440705 ], [ 742277.225421141833067, 5868153.255376223474741 ], [ 742283.164990039076656, 5868134.126445974223316 ], [ 742288.165843811468221, 5868115.256195382215083 ], [ 742289.200449081719853, 5868105.071321927011013 ], [ 742289.28203584253788, 5868096.753865376114845 ], [ 742288.294200178934261, 5868088.558357520028949 ], [ 742285.321497623925097, 5868077.930637483485043 ], [ 742279.908904043375514, 5868066.27855668310076 ], [ 742271.443721533869393, 5868052.44144453946501 ], [ 742267.985882310313173, 5868048.363947849720716 ], [ 742257.867510651121847, 5868038.826148395426571 ], [ 742247.988292230758816, 5868031.985787296667695 ], [ 742241.430172244552523, 5868028.958029471337795 ], [ 742237.288966092281044, 5868026.485585698857903 ], [ 742226.044719182886183, 5868021.792444778606296 ], [ 742215.311001615016721, 5868019.797954276204109 ], [ 742202.683485814603046, 5868019.403820310719311 ], [ 742189.498787829768844, 5868020.620332618243992 ], [ 742174.679354977211915, 5868024.249292049556971 ], [ 742162.804043810698204, 5868028.986239423044026 ], [ 742132.764211365021765, 5868042.627617097459733 ], [ 742128.513006191584282, 5868044.557016051374376 ], [ 742110.333251545554958, 5868052.05476254876703 ], [ 742094.817751153372228, 5868056.794934597797692 ], [ 742080.993312632897869, 5868059.594929045066237 ], [ 742069.97453440760728, 5868060.462871171534061 ], [ 742058.547402521362528, 5868060.349769921042025 ], [ 742048.378350575338118, 5868059.969552745111287 ], [ 742030.27732403180562, 5868056.799685457721353 ], [ 741962.54357592551969, 5868044.301540406420827 ], [ 741907.456468008109368, 5868034.106487673707306 ], [ 741866.598809350980446, 5868026.860915640369058 ], [ 741820.712156867957674, 5868018.586803482845426 ], [ 741808.909930657129735, 5868016.04248190112412 ], [ 741790.936084869783372, 5868012.356509763747454 ], [ 741777.81008258915972, 5868007.913471951149404 ], [ 741766.571450560819358, 5868002.678165143355727 ], [ 741755.354113203240559, 5867995.286711868830025 ], [ 741748.152362887980416, 5867989.552764139138162 ], [ 741738.835965030011721, 5867980.290289926342666 ], [ 741730.86076980875805, 5867971.310502018779516 ], [ 741722.913392509450205, 5867959.368029687553644 ], [ 741716.061494683497585, 5867945.548022064380348 ], [ 741704.202520788297988, 5867921.428057571873069 ], [ 741696.795094477827661, 5867909.489538736641407 ], [ 741688.566041955142282, 5867898.891109601594508 ], [ 741677.920501548447646, 5867887.997846795246005 ], [ 741665.143152133910917, 5867875.467240835539997 ], [ 741657.612845645402558, 5867866.573449838906527 ], [ 741656.818822223576717, 5867867.174155822955072 ], [ 741656.01425351400394, 5867867.667013954371214 ], [ 741655.232546287006699, 5867868.049444445408881 ], [ 741654.351151044946164, 5867868.385747944936156 ], [ 741653.441580199054442, 5867868.635867989622056 ], [ 741652.51256984367501, 5867868.796979459933937 ], [ 741651.572841689689085, 5867868.867713115178049 ], [ 741650.692039759014733, 5867868.850217532366514 ], [ 741649.75692605227232, 5867868.747734524309635 ], [ 741648.832891649683006, 5867868.552178494632244 ], [ 741647.864963011350483, 5867868.245530872605741 ], [ 741647.062847143504769, 5867867.902676625177264 ], [ 741646.234194128657691, 5867867.454727398231626 ], [ 741645.44988337950781, 5867866.92568392958492 ], [ 741644.722875138395466, 5867866.325867025181651 ], [ 741644.054591850494035, 5867865.658202862367034 ], [ 741643.452217657119036, 5867864.930042834021151 ], [ 741642.922951079905033, 5867864.147282504476607 ], [ 741642.441245754715055, 5867863.251428418792784 ], [ 741642.102333151851781, 5867862.445809712633491 ], [ 741641.799904409796, 5867861.473115680739284 ], [ 741641.569349829573184, 5867860.276914961636066 ], [ 741641.494661201839335, 5867859.316678184084594 ], [ 741641.507647768827155, 5867858.443216637708247 ], [ 741641.608383437851444, 5867857.502196685411036 ], [ 741641.81708446063567, 5867856.504011307843029 ], [ 741642.076403284212574, 5867855.670855676755309 ], [ 741642.437695508240722, 5867854.799402794800699 ], [ 741642.92116298538167, 5867853.901501456275582 ], [ 741643.405835020588711, 5867853.175418227910995 ], [ 741644.003773566684686, 5867852.443181646056473 ], [ 741644.719159583793953, 5867851.722305088303983 ], [ 741645.649253107141703, 5867851.010843873023987 ], [ 741646.049950064509176, 5867850.704704667441547 ], [ 741646.862951696501113, 5867850.23959596734494 ], [ 741647.723095141584054, 5867849.850667186081409 ], [ 741648.687064044177532, 5867849.529746135696769 ], [ 741649.536586608504876, 5867849.334357304498553 ], [ 741650.469588925130665, 5867849.209685795940459 ], [ 741651.413337725913152, 5867849.17248004116118 ], [ 741652.425752082024701, 5867849.236419876106083 ], [ 741653.357457791804336, 5867849.389827904291451 ], [ 741654.26796900248155, 5867849.631840022280812 ], [ 741655.08792961423751, 5867849.931190876290202 ], [ 741656.455423981882632, 5867850.633470010943711 ], [ 741657.278528285096399, 5867851.202208844944835 ], [ 741657.946396017447114, 5867851.765035971067846 ], [ 741658.657640294986777, 5867852.491364569403231 ], [ 741659.248318876256235, 5867853.228142115287483 ], [ 741659.76590461761225, 5867854.018064236268401 ], [ 741660.174836414866149, 5867854.787978143431246 ], [ 741660.537730541196652, 5867855.663721128366888 ], [ 741660.816181001486257, 5867856.566288172267377 ], [ 741661.018233350710943, 5867857.56273458711803 ], [ 741661.109764945926145, 5867858.434323410503566 ], [ 741661.11857566004619, 5867859.452144186012447 ], [ 741661.030902998405509, 5867860.393294458277524 ], [ 741660.871489512035623, 5867861.250740291550756 ], [ 741660.612846735515632, 5867862.162526909261942 ], [ 741660.270321120158769, 5867863.044359771534801 ], [ 741659.845435785595328, 5867863.88897408824414 ], [ 741659.341208226396702, 5867864.684751951135695 ], [ 741658.761977691552602, 5867865.433192471973598 ], [ 741657.612845645402558, 5867866.573449838906527 ] ], [ [ 738189.545567657682113, 5864601.634346948936582 ], [ 738213.553883835556917, 5864592.4469412881881 ], [ 738234.885248543694615, 5864582.425487173721194 ], [ 738244.85434479417745, 5864579.83304931037128 ], [ 738254.509312088484876, 5864581.551303446292877 ], [ 738262.007552440511063, 5864584.055032534524798 ], [ 738268.411501250113361, 5864588.432254972867668 ], [ 738273.979853005264886, 5864595.769960189238191 ], [ 738279.502521086134948, 5864607.41679129190743 ], [ 738288.957000689697452, 5864628.809236236847937 ], [ 738290.041681840433739, 5864631.264154647476971 ], [ 738298.410060878959484, 5864650.203163161873817 ], [ 738309.192681099753827, 5864672.957168764434755 ], [ 738322.309314579819329, 5864704.095534466207027 ], [ 738340.675005995901302, 5864747.413754128850996 ], [ 738356.652817500988021, 5864787.474866680800915 ], [ 738378.989532872568816, 5864836.766985541209579 ], [ 738389.31189887446817, 5864852.239149023778737 ], [ 738403.112366209621541, 5864869.093550324440002 ], [ 738416.132453494006768, 5864883.245782335288823 ], [ 738427.574123230180703, 5864894.416880371049047 ], [ 738439.555220738286152, 5864905.053549817763269 ], [ 738452.36241883749608, 5864914.081670340150595 ], [ 738463.830355557496659, 5864922.555978961288929 ], [ 738480.392365097184666, 5864932.161329994909465 ], [ 738497.222636530990712, 5864941.501611302606761 ], [ 738518.339418974006549, 5864952.769473600201309 ] ], [ [ 739045.33833641523961, 5864422.725903641432524 ], [ 739028.112506037927233, 5864422.924912022426724 ], [ 739007.94939652539324, 5864424.0645487671718 ], [ 739006.069206340238452, 5864423.776025542989373 ], [ 738994.213676504325122, 5864427.160618803463876 ], [ 738983.145352872321382, 5864432.167331509292126 ], [ 738974.488446083734743, 5864438.007972943596542 ], [ 738964.981020903214812, 5864448.153769012540579 ], [ 738960.330539433169179, 5864456.193885762244463 ], [ 738955.392461093026213, 5864466.117293361574411 ], [ 738953.140989279258065, 5864476.066806354559958 ], [ 738951.961686530848965, 5864486.298035988584161 ], [ 738952.142161420662887, 5864494.926235965453088 ], [ 738952.575982582871802, 5864505.17403070256114 ], [ 738955.136264243395999, 5864517.599146594293416 ], [ 738958.487922401749529, 5864531.381586693227291 ], [ 738968.922795917838812, 5864562.218786465935409 ], [ 738972.548525143647566, 5864575.733387622982264 ], [ 738974.815608573728241, 5864590.312565753236413 ], [ 738976.797997726476751, 5864606.776569234207273 ], [ 738976.635981127386913, 5864622.680099375545979 ], [ 738974.617181502631865, 5864636.135463742539287 ], [ 738972.557316240156069, 5864653.905863726511598 ], [ 738967.572463527321815, 5864668.410815387964249 ], [ 738952.359080610796809, 5864711.118268752470613 ], [ 738930.070887877023779, 5864776.348174260929227 ], [ 738920.784075042349286, 5864803.524274006485939 ], [ 738919.249957042979077, 5864807.42233366239816 ], [ 738889.778145209071226, 5864892.70286111254245 ], [ 738882.612958931247704, 5864910.421364448964596 ], [ 738874.98909265070688, 5864920.048407637514174 ], [ 738867.131290613790043, 5864926.43601029086858 ], [ 738851.956573691451922, 5864938.951859548687935 ], [ 738839.241303651127964, 5864947.177372484467924 ], [ 738827.897057661437429, 5864952.989165152423084 ], [ 738810.880454974365421, 5864961.442656316794455 ], [ 738795.772961567272432, 5864967.217216890305281 ], [ 738784.731482339673676, 5864969.800840127281845 ], [ 738763.901119369082153, 5864973.213927554897964 ], [ 738747.681818356388249, 5864974.905916017480195 ], [ 738738.823925368487835, 5864975.640138034708798 ], [ 738653.14632342918776, 5864977.908688601106405 ], [ 738637.333452460356057, 5864978.728435279801488 ], [ 738627.533857310307212, 5864979.468863440677524 ], [ 738622.498343549203128, 5864979.277303569950163 ], [ 738608.093377354322001, 5864978.766594249755144 ], [ 738588.77399090770632, 5864975.872069601900876 ], [ 738582.207553569227457, 5864974.286351106129587 ], [ 738568.93861520756036, 5864971.084388390183449 ], [ 738544.811565847485326, 5864965.44464258197695 ], [ 738518.339418974006549, 5864952.769473600201309 ] ], [ [ 739045.33833641523961, 5864422.725903641432524 ], [ 739052.835456694592722, 5864422.63969889562577 ], [ 739062.504139134427533, 5864423.007990761660039 ], [ 739099.568680080235936, 5864424.463109699077904 ], [ 739106.029171114554629, 5864423.453696363605559 ], [ 739113.850732208113186, 5864420.567619706504047 ], [ 739121.692921394249424, 5864415.795523665845394 ], [ 739129.837643289240077, 5864407.523326417431235 ], [ 739161.705917917424813, 5864365.259627772495151 ], [ 739170.962394626694731, 5864353.223481794819236 ], [ 739185.065646215691231, 5864345.208727968856692 ], [ 739193.039853635476902, 5864341.996701355092227 ], [ 739200.893060768838041, 5864340.269402015954256 ], [ 739209.153963934397325, 5864339.824112499132752 ], [ 739217.932893329416402, 5864341.082572281360626 ], [ 739226.483117238036357, 5864343.718411662615836 ], [ 739233.434087152476422, 5864347.403253195807338 ], [ 739239.842664067051373, 5864352.354573779739439 ], [ 739245.494148102705367, 5864358.999528185464442 ], [ 739249.868056776816957, 5864366.161195404827595 ], [ 739252.769150619278662, 5864372.350151360966265 ], [ 739254.610549149452709, 5864378.743681183084846 ], [ 739256.316582463332452, 5864387.895298385992646 ], [ 739258.313015091232955, 5864420.738285755738616 ], [ 739259.858374087838456, 5864449.284734803251922 ], [ 739262.075920604751445, 5864488.929984425194561 ], [ 739263.822537079453468, 5864515.232971964403987 ], [ 739264.393259021569975, 5864522.607680796645582 ], [ 739266.22033822350204, 5864546.131697311066091 ], [ 739267.971077147871256, 5864574.031520611606538 ], [ 739269.233094819355756, 5864596.625688595697284 ], [ 739268.686126711661927, 5864610.62881254311651 ], [ 739267.646163254627027, 5864619.460059816017747 ], [ 739266.076149586355314, 5864627.197218965739012 ], [ 739263.546289976220578, 5864635.874988227151334 ], [ 739260.753409848315641, 5864643.73647659085691 ], [ 739257.135867446428165, 5864653.084299038164318 ], [ 739251.858814642648213, 5864665.407595627009869 ], [ 739243.542498871218413, 5864683.277175959199667 ], [ 739236.198312688153237, 5864698.70862781163305 ], [ 739233.840737067395821, 5864703.989703604951501 ], [ 739229.541392855695449, 5864713.46596756298095 ], [ 739226.745753711205907, 5864721.736473752185702 ], [ 739225.196367593831383, 5864727.295086059719324 ], [ 739224.314814955112524, 5864733.952133837155998 ], [ 739223.978690505842678, 5864740.475037672556937 ], [ 739224.300505658728071, 5864748.642082170583308 ], [ 739225.038488523801789, 5864756.402944879606366 ], [ 739227.111934802378528, 5864765.810513673350215 ], [ 739230.500274511985481, 5864779.175884132273495 ], [ 739241.442088354029693, 5864823.220051730051637 ], [ 739250.682233385276049, 5864861.398857632651925 ], [ 739258.610135162249207, 5864895.078558306209743 ], [ 739263.481642466969788, 5864912.98878968320787 ], [ 739268.516880792332813, 5864934.351730259135365 ], [ 739271.225004294072278, 5864947.84866123367101 ], [ 739274.452564276522025, 5864964.20226394943893 ], [ 739278.402475022478029, 5864988.864071107469499 ], [ 739285.249615085194819, 5865030.697204220108688 ], [ 739285.677654250408523, 5865033.552944127470255 ], [ 739299.662838587537408, 5865121.456939923577011 ], [ 739300.745782852754928, 5865127.6904221707955 ] ], [ [ 739045.33833641523961, 5864422.725903641432524 ], [ 739052.835456694592722, 5864422.63969889562577 ], [ 739062.504139134427533, 5864423.007990761660039 ], [ 739099.568680080235936, 5864424.463109699077904 ], [ 739106.029171114554629, 5864423.453696363605559 ], [ 739113.850732208113186, 5864420.567619706504047 ], [ 739121.692921394249424, 5864415.795523665845394 ], [ 739129.837643289240077, 5864407.523326417431235 ], [ 739161.705917917424813, 5864365.259627772495151 ], [ 739170.962394626694731, 5864353.223481794819236 ] ], [ [ 738309.797482956317253, 5864012.016953939571977 ], [ 738329.204467033501714, 5864006.01758308056742 ], [ 738351.787803742685355, 5863999.521219523623586 ], [ 738354.534868692513555, 5863998.731672850437462 ], [ 738364.255802493193187, 5863996.221125524491072 ], [ 738387.671499310177751, 5863990.178606355562806 ], [ 738402.865629716194235, 5863987.702671546489 ], [ 738437.71797054912895, 5863982.019614098593593 ], [ 738527.621188882389106, 5863967.362591413781047 ] ], [ [ 739300.745782852754928, 5865127.6904221707955 ], [ 739308.547364614554681, 5865172.573120404966176 ], [ 739309.777181328390725, 5865179.776075705885887 ], [ 739315.72551148023922, 5865211.270855634473264 ], [ 739319.053415738162585, 5865227.048098913393915 ], [ 739323.088363560847938, 5865244.069812814705074 ], [ 739329.867961021722294, 5865268.149940234608948 ], [ 739338.356072977650911, 5865296.305687983520329 ], [ 739345.921209399821237, 5865319.335767284967005 ], [ 739349.80906709341798, 5865330.699794722720981 ], [ 739353.301249846699648, 5865340.305830647237599 ], [ 739359.524804110405967, 5865353.849431627430022 ], [ 739364.753513268660754, 5865364.198092170059681 ], [ 739369.289572328445502, 5865372.170010921545327 ], [ 739375.444361696252599, 5865382.627118566073477 ], [ 739381.608377644093707, 5865391.746649486012757 ], [ 739388.093283305410296, 5865399.843274706974626 ], [ 739397.63495095167309, 5865413.275242140516639 ], [ 739409.527404695982113, 5865425.971388131380081 ], [ 739423.358047973597422, 5865440.131251737475395 ], [ 739442.068299915641546, 5865457.729500917717814 ], [ 739472.481267788913101, 5865487.155877156183124 ], [ 739494.852976504480466, 5865508.720097718760371 ], [ 739519.322847827919759, 5865532.152854213491082 ], [ 739535.889801597455516, 5865548.806386020965874 ], [ 739564.036464438773692, 5865575.128121417947114 ], [ 739592.023609125637449, 5865601.601058044470847 ], [ 739607.051463746232912, 5865615.372800947166979 ], [ 739626.249904030119069, 5865633.840604614466429 ], [ 739646.017582624335773, 5865652.989605404436588 ], [ 739669.745269514736719, 5865675.569042584858835 ], [ 739695.449322623549961, 5865700.01722274068743 ], [ 739713.860687882406637, 5865717.14800826087594 ], [ 739724.805703833582811, 5865728.199839683249593 ], [ 739730.731175616732799, 5865734.420331905595958 ], [ 739734.528131831320934, 5865738.619141287170351 ], [ 739739.456226865411736, 5865745.899390270002186 ], [ 739744.68527122749947, 5865754.702389433048666 ], [ 739751.394816600019112, 5865770.069374966435134 ], [ 739872.034051314811222, 5865889.894261442124844 ] ], [ [ 739952.799447279889137, 5866234.407667400315404 ], [ 739957.706554767675698, 5866260.667684772051871 ], [ 739961.295963092823513, 5866279.88325516320765 ], [ 739962.93554248905275, 5866288.829309981316328 ], [ 739961.808930782950483, 5866295.942222408950329 ], [ 739959.554986390401609, 5866300.445231667719781 ], [ 739956.919443473685533, 5866304.223786685615778 ], [ 739956.91486967401579, 5866304.389693587087095 ], [ 739959.383094151155092, 5866310.592843216843903 ], [ 739959.602035045274533, 5866320.98025812767446 ], [ 739959.768656142405234, 5866335.696511647664011 ], [ 739962.78102912614122, 5866357.025949823670089 ], [ 739966.091527751530521, 5866375.123801335692406 ], [ 739974.128234180039726, 5866404.323083749040961 ], [ 739985.562633743975312, 5866443.263855033554137 ], [ 739997.512083955574781, 5866484.098123204894364 ], [ 740014.658596180845052, 5866543.049857224337757 ], [ 740022.462459220550954, 5866568.743239863775671 ], [ 740028.502590532065369, 5866582.823553984984756 ], [ 740036.634676371118985, 5866602.588060460053384 ], [ 740046.123983955476433, 5866621.019752449356019 ], [ 740066.207979220198467, 5866655.195382503792644 ], [ 740070.964259529020637, 5866663.333368762396276 ], [ 740084.220189024810679, 5866681.26173285022378 ], [ 740103.059701017802581, 5866705.449784298427403 ], [ 740129.884058226831257, 5866737.536322600208223 ], [ 740142.623744029086083, 5866753.574254999868572 ], [ 740139.139047351432964, 5866755.636808743700385 ] ], [ [ 740142.623758664354682, 5866753.572799342684448 ], [ 740166.400483760982752, 5866781.949728980660439 ], [ 740172.634669138584286, 5866789.466535995714366 ], [ 740200.966828170232475, 5866825.502021747641265 ], [ 740214.376407351461239, 5866843.499033637344837 ], [ 740226.413054740172811, 5866864.979067733511329 ], [ 740251.527515650144778, 5866908.903331879526377 ], [ 740287.945602870546281, 5866972.065831402316689 ], [ 740303.595087905763648, 5866999.145344867371023 ], [ 740342.710663000238128, 5867062.706741676665843 ], [ 740385.059326600516215, 5867131.562539723701775 ], [ 740391.803606478846632, 5867142.526302555575967 ], [ 740407.777635150356218, 5867167.984666930511594 ], [ 740454.349798753159121, 5867241.254109867848456 ], [ 740473.953231236897409, 5867271.405160776339471 ], [ 740477.646398111246526, 5867277.085417859256268 ], [ 740497.017117636860348, 5867302.086147776804864 ], [ 740505.249354565283284, 5867311.87701600138098 ], [ 740522.256619091378525, 5867331.462773821316659 ], [ 740538.744474662235007, 5867349.156459785066545 ], [ 740545.120440388796851, 5867356.500196157954633 ], [ 740580.84325510263443, 5867385.982414583675563 ], [ 740600.603061260771938, 5867399.124369652941823 ], [ 740624.128198914695531, 5867411.766959117725492 ], [ 740644.190407020971179, 5867421.673942285589874 ], [ 740658.261385103571229, 5867426.825298301875591 ], [ 740684.4903364648344, 5867436.427344346418977 ], [ 740691.076874400954694, 5867438.837603132240474 ], [ 740722.913503409130499, 5867450.491995854303241 ], [ 740780.281088486895896, 5867467.26265172380954 ], [ 740787.779834636603482, 5867470.034341552294791 ], [ 740820.740628163330257, 5867479.298888878896832 ], [ 740861.525291912956163, 5867491.779361426830292 ], [ 740920.172390927677043, 5867509.384608251973987 ], [ 740943.706948631792329, 5867516.495502138510346 ], [ 740953.4029285433935, 5867519.425951250828803 ], [ 740975.954738233587705, 5867525.980939051136374 ], [ 740981.807352068484761, 5867528.070619633421302 ], [ 741002.981437047361396, 5867533.944918808527291 ], [ 741054.982322139665484, 5867548.757231065072119 ], [ 741120.731330946204253, 5867568.416787466965616 ], [ 741161.96244266058784, 5867580.744651014916599 ], [ 741185.227861603954807, 5867587.812943098135293 ], [ 741265.598115407396108, 5867614.772176431491971 ], [ 741280.582793634035625, 5867621.662878851406276 ], [ 741304.915388977271505, 5867634.849240250885487 ], [ 741326.280858174432069, 5867648.544635524973273 ], [ 741353.749673649552278, 5867670.390184064395726 ], [ 741373.723608677857555, 5867689.196596726775169 ], [ 741395.044783553224988, 5867711.33894238434732 ], [ 741444.309639178565703, 5867761.366482355631888 ], [ 741473.707744880230166, 5867793.931104969233274 ], [ 741481.082445697276853, 5867802.098357978276908 ], [ 741508.763347940868698, 5867833.836373180150986 ], [ 741522.318670247215778, 5867851.46647385135293 ], [ 741525.432362905354239, 5867855.518912725150585 ] ] ] } },
{ "type": "Feature", "properties": { "CADRE_NO": "10.435", "DDT_URL": null, "ETC_NOM": "CarPostal", "ETC_SIGLE": "CarPostal", "ETC_URL": "https://www.postauto.ch/fr", "GO_CENTRE": 0, "HORAIR_URL": "https://www.tableaux-horaires.ch/fileadmin/fap_pdf_fields/2025/10.435.pdf", "LIGNE_NO": "435", "LIGNE_NOM": "Thierrens - Epalinges", "LIGNE_SIGL": null, "LIGNE_TYPE": "Bus régional", "PLAN_URL": "https://prestations.vd.ch/pub/101587/api/download/2_Cartographie_et_geodonnees/2.1_Carte_des_reseaux/Carte_des_lignes_TP/topo/ligne_10.435.pdf", "SHAPE_LEN": 24681.93 }, "geometry": { "type": "MultiLineString", "coordinates": [ [ [ 741641.569349829573184, 5867860.276914961636066 ], [ 741629.556647861842066, 5867860.551997835747898 ], [ 741616.50533354585059, 5867860.0363230984658 ], [ 741605.085185981472023, 5867859.536859697662294 ], [ 741591.261402489966713, 5867859.496847624890506 ], [ 741580.269557134597562, 5867860.156210012733936 ], [ 741571.905208908603527, 5867861.054287421517074 ], [ 741564.508491396903992, 5867861.848422934301198 ], [ 741554.737272525555454, 5867863.67741296812892 ], [ 741550.167703882791102, 5867867.561621969565749 ], [ 741540.421895443811081, 5867875.035711419768631 ] ], [ [ 741525.432362905354239, 5867855.518912725150585 ], [ 741540.125397289171815, 5867874.63818636815995 ], [ 741540.421895443811081, 5867875.035711419768631 ] ], [ [ 741641.569349829573184, 5867860.276914961636066 ], [ 741641.494661201839335, 5867859.316678184084594 ], [ 741641.507647768827155, 5867858.443216637708247 ], [ 741641.608383437851444, 5867857.502196685411036 ], [ 741641.81708446063567, 5867856.504011307843029 ], [ 741642.076403284212574, 5867855.670855676755309 ], [ 741642.437695508240722, 5867854.799402794800699 ], [ 741642.92116298538167, 5867853.901501456275582 ], [ 741643.405835020588711, 5867853.175418227910995 ], [ 741644.003773566684686, 5867852.443181646056473 ], [ 741644.719159583793953, 5867851.722305088303983 ], [ 741645.649253107141703, 5867851.010843873023987 ] ] ] } },
{ "type": "Feature", "properties": { "CADRE_NO": "10.735", "DDT_URL": null, "ETC_NOM": "Transports de la région Morges - Bière - Cossonay", "ETC_SIGLE": "MBC", "ETC_URL": "https://mbc.ch", "GO_CENTRE": 0, "HORAIR_URL": "https://www.tableaux-horaires.ch/fileadmin/fap_pdf_fields/2025/10.735.pdf", "LIGNE_NO": "735", "LIGNE_NOM": "Morges - Aclens - Cossonay-Ville - La Sarraz - Orny", "LIGNE_SIGL": "MBC", "LIGNE_TYPE": "Bus régional", "PLAN_URL": "https://prestations.vd.ch/pub/101587/api/download/2_Cartographie_et_geodonnees/2.1_Carte_des_reseaux/Carte_des_lignes_TP/topo/ligne_10.735.pdf", "SHAPE_LEN": 23815.213 }, "geometry": { "type": "MultiLineString", "coordinates": [ ] } },
{ "type": "Feature", "properties": { "CADRE_NO": "10.705", "DDT_URL": null, "ETC_NOM": "Transports de la région Morges - Bière - Cossonay", "ETC_SIGLE": "MBC", "ETC_URL": "https://mbc.ch", "GO_CENTRE": 0, "HORAIR_URL": "https://www.tableaux-horaires.ch/fileadmin/fap_pdf_fields/2025/10.705.pdf", "LIGNE_NO": "705", "LIGNE_NOM": "Lonay - Préverenges - Denges - Echandens - Ecublens VD", "LIGNE_SIGL": "TPM", "LIGNE_TYPE": "Bus urbain", "PLAN_URL": "https://prestations.vd.ch/pub/101587/api/download/2_Cartographie_et_geodonnees/2.1_Carte_des_reseaux/Carte_des_lignes_TP/topo/ligne_10.705.pdf", "SHAPE_LEN": 12983.048 }, "geometry": { "type": "MultiLineString", "coordinates": [ [ [ 730721.486696937703528, 5864737.917359897866845 ], [ 730751.541940178605728, 5864814.003728117793798 ], [ 730792.316100549534895, 5864916.898962756618857 ], [ 730836.238309238688089, 5865026.835909794084728 ], [ 731037.204380964161828, 5865487.784921396523714 ], [ 731618.435158557491377, 5865333.033749906346202 ], [ 731091.428216608939692, 5865478.646072679199278 ], [ 730979.283552682958543, 5865510.804186335764825 ], [ 730957.342887099715881, 5865519.324760436080396 ], [ 730937.076344095519744, 5865527.47826046589762 ], [ 730928.937904337770306, 5865531.382968455553055 ], [ 730920.133811910985969, 5865537.21474816929549 ], [ 730913.782791343401186, 5865541.528077989816666 ], [ 730908.082204610691406, 5865541.234358835034072 ], [ 730896.205984228290617, 5865541.220934607088566 ], [ 730890.968727035680786, 5865542.191496788524091 ], [ 730884.237459724768996, 5865543.899360512383282 ], [ 730871.288805299671367, 5865548.338300410658121 ], [ 730855.362322511617094, 5865554.899690869264305 ], [ 730815.385780090931803, 5865573.055296891368926 ], [ 730791.915832915226929, 5865581.149372335523367 ], [ 730763.866757835028693, 5865590.001452340744436 ], [ 730744.442079333006404, 5865596.794250933453441 ], [ 730734.736463472479954, 5865599.650672409683466 ], [ 730720.459190858877264, 5865602.726622588932514 ], [ 730706.46233236673288, 5865604.725613466463983 ], [ 730689.249187158420682, 5865606.149959977716208 ], [ 730661.291521392762661, 5865606.647429962642491 ], [ 730623.409235968370922, 5865605.950542964041233 ], [ 730608.637164226733148, 5865605.246310442686081 ], [ 730588.225965950638056, 5865603.938762205652893 ], [ 730573.450898926821537, 5865603.503728260286152 ], [ 730568.613860076642595, 5865603.449462409131229 ], [ 730561.085330772795714, 5865603.90503516793251 ], [ 730549.508489215862937, 5865605.663090133108199 ], [ 730532.55627857230138, 5865607.627183401957154 ], [ 730510.481981555582024, 5865611.155321139842272 ], [ 730485.576195764821023, 5865614.603575278073549 ], [ 730481.681445105932653, 5865615.14646196551621 ], [ 730463.64053453982342, 5865618.447571042925119 ], [ 730452.306444097193889, 5865622.6333137601614 ], [ 730424.784559364779852, 5865632.56889589689672 ], [ 730413.179127469542436, 5865636.751546069979668 ], [ 730400.802912278682925, 5865638.231135017238557 ], [ 730390.729223024798557, 5865637.262002351693809 ], [ 730390.507962418952957, 5865638.234792599454522 ], [ 730390.152815158246085, 5865639.112917303107679 ], [ 730389.709130719653331, 5865639.863406464457512 ], [ 730389.110435254406184, 5865640.591774456202984 ], [ 730388.408385467133485, 5865641.219997390173376 ], [ 730387.616201359429397, 5865641.733667441643775 ], [ 730386.499568213010207, 5865642.195654576644301 ], [ 730385.634098791284487, 5865642.38534907437861 ], [ 730384.694600549293682, 5865642.447570857591927 ], [ 730383.685799896134995, 5865642.348893342539668 ], [ 730382.774412007885985, 5865642.102835580706596 ], [ 730381.912413310958073, 5865641.721958533860743 ], [ 730380.604177841218188, 5865640.761088388040662 ], [ 730379.996553850825876, 5865640.080297872424126 ], [ 730379.451831748476252, 5865639.224082262255251 ], [ 730379.103820715099573, 5865638.423936498351395 ], [ 730378.857201077160425, 5865637.509935167618096 ], [ 730378.759687523939647, 5865636.497171035036445 ], [ 730378.811499293195084, 5865635.625826737843454 ], [ 730379.004658961319365, 5865634.700757200829685 ], [ 730379.34534767002333, 5865633.818103942088783 ], [ 730379.814444535295479, 5865633.000942183658481 ], [ 730380.40741823380813, 5865632.265232962556183 ], [ 730381.165151974069886, 5865631.58814558852464 ], [ 730381.895913175190799, 5865631.11745539214462 ], [ 730382.75632200925611, 5865630.731193731538951 ], [ 730383.713956384919584, 5865630.474120841361582 ], [ 730384.602999569382519, 5865630.382219413295388 ], [ 730385.615155662060715, 5865630.440176597796381 ], [ 730386.534251696662977, 5865630.645562570542097 ], [ 730387.344735013670288, 5865630.961811659857631 ], [ 730388.165101944701746, 5865631.432469232007861 ], [ 730388.950198125909083, 5865632.073039797134697 ], [ 730389.574923324631527, 5865632.781678384169936 ], [ 730390.045568466535769, 5865633.51478663738817 ], [ 730390.455986236454919, 5865634.443728980608284 ], [ 730390.693885785178281, 5865635.359087276272476 ], [ 730390.782854142249562, 5865636.227646995335817 ], [ 730390.729223024798557, 5865637.262002351693809 ] ], [ [ 730380.604177841218188, 5865640.761088388040662 ], [ 730371.891748664085753, 5865648.865674177184701 ], [ 730359.121312643284909, 5865657.96541812736541 ], [ 730343.602514190133661, 5865665.64702111016959 ], [ 730318.383389722323045, 5865675.299615731462836 ], [ 730287.858645569300279, 5865686.048237171955407 ], [ 730262.431153303477913, 5865694.081124874763191 ], [ 730246.487011441146024, 5865698.5233508432284 ], [ 730241.844661074224859, 5865699.609411396086216 ], [ 730228.896654236246832, 5865702.64278629142791 ], [ 730222.005117276101373, 5865704.256661385297775 ], [ 730201.92624959431123, 5865707.726464581675828 ], [ 730181.622953122947365, 5865710.503717038780451 ], [ 730113.117905486375093, 5865718.743768478743732 ] ], [ [ 730721.486696937703528, 5864737.917359897866845 ], [ 730695.356885573128238, 5864671.311376662924886 ], [ 730654.321184781379998, 5864567.877077614888549 ], [ 730613.02408628736157, 5864463.902342906221747 ], [ 730655.367690348997712, 5864449.821206163614988 ], [ 730686.939456541207619, 5864437.774694574996829 ], [ 730710.416893739835359, 5864428.872846711426973 ], [ 730721.743338764761575, 5864425.224324057810009 ], [ 730733.307653575902805, 5864422.623455562628806 ], [ 730751.646283269394189, 5864418.282050902955234 ], [ 730772.908140592975542, 5864414.734530139714479 ], [ 730787.988205985049717, 5864412.220982041209936 ], [ 730839.367000023834407, 5864407.132866091094911 ], [ 730875.110733584850095, 5864406.455672550015152 ], [ 730904.665832064696588, 5864406.516907905228436 ], [ 730941.737798245041631, 5864407.469821700826287 ], [ 730972.91198835731484, 5864407.008954657241702 ], [ 730984.727130401763134, 5864407.680918641388416 ], [ 731009.149279413395561, 5864407.74267322011292 ], [ 731046.796627148287371, 5864407.834127237088978 ], [ 731080.651381973642856, 5864407.942765626125038 ], [ 731093.823218950652517, 5864407.551246482878923 ], [ 731103.232151558273472, 5864407.116267600096762 ], [ 731119.912110036122613, 5864405.14686503726989 ], [ 731139.563366605201736, 5864401.862841757945716 ], [ 731159.770720180356875, 5864396.966537097468972 ], [ 731181.884946947102435, 5864389.663790354505181 ], [ 731205.907442286377773, 5864379.957519639283419 ], [ 731220.492668014136143, 5864373.113643640652299 ], [ 731225.280266911373474, 5864370.627276344224811 ], [ 731241.840549494256265, 5864362.029762322083116 ], [ 731266.972068723174743, 5864349.371014181524515 ], [ 731283.17628521588631, 5864342.002219123765826 ], [ 731297.472156199044548, 5864337.041247735731304 ], [ 731312.838501775637269, 5864332.359971400350332 ], [ 731328.192810636246577, 5864329.027710434049368 ], [ 731346.493179204291664, 5864326.263807214796543 ], [ 731362.091980826226063, 5864325.091140595264733 ], [ 731376.34010913898237, 5864324.44192327093333 ], [ 731390.30056598666124, 5864325.404997220262885 ], [ 731403.991105702472851, 5864326.637209893204272 ], [ 731424.371207341551781, 5864330.367069930769503 ], [ 731445.018166045309044, 5864334.369103364646435 ], [ 731458.96671874076128, 5864336.411857579834759 ], [ 731468.906320436857641, 5864336.522348121739924 ], [ 731470.789216408040375, 5864336.54327748529613 ], [ 731498.458126700948924, 5864337.121492895297706 ], [ 731526.938106785877608, 5864337.16721402015537 ], [ 731548.161946639535017, 5864337.673670970834792 ], [ 731573.692900378140621, 5864337.41723233833909 ], [ 731574.684664125437848, 5864295.916838865727186 ], [ 731575.196126349503174, 5864249.558982995338738 ], [ 731575.374549228465185, 5864233.387052291072905 ], [ 731577.168954302673228, 5864157.531306689605117 ], [ 731576.882134511135519, 5864096.741025199182332 ], [ 731577.395094597013667, 5864060.240025931037962 ], [ 731578.143627671175636, 5864006.72563932929188 ], [ 731578.788850791286677, 5863948.24184322077781 ] ] ] } },
{ "type": "Feature", "properties": { "CADRE_NO": "10.904", "DDT_URL": null, "ETC_NOM": "Transports publics de la région lausannoise", "ETC_SIGLE": "TL", "ETC_URL": "https://www.t-l.ch", "GO_CENTRE": 0, "HORAIR_URL": "https://www.tableaux-horaires.ch/fileadmin/fap_pdf_fields/2025/10.904.pdf", "LIGNE_NO": "N4", "LIGNE_NOM": "Lausanne St-François - Mex VD Les Esserts (N4)", "LIGNE_SIGL": null, "LIGNE_TYPE": "Bus nocturne", "PLAN_URL": "https://prestations.vd.ch/pub/101587/api/download/2_Cartographie_et_geodonnees/2.1_Carte_des_reseaux/Carte_des_lignes_TP/topo/ligne_10.904.pdf", "SHAPE_LEN": 24555.618 }, "geometry": { "type": "MultiLineString", "coordinates": [ [ [ 735285.037148037110455, 5866419.698661990463734 ], [ 735269.526257537072524, 5866399.573168423958123 ], [ 735264.800316461827606, 5866389.007792436517775 ], [ 735262.494540990446694, 5866378.198959018103778 ], [ 735261.543847072869539, 5866366.595213579945266 ], [ 735263.32606116659008, 5866350.436523270793259 ], [ 735268.748067286913283, 5866320.838011702522635 ], [ 735278.803797123255208, 5866259.474011211656034 ], [ 735281.449938763049431, 5866238.200575781986117 ], [ 735284.66575864457991, 5866213.700110624544322 ], [ 735286.291028857463971, 5866187.29757409542799 ], [ 735288.688042889931239, 5866113.179326579906046 ], [ 735289.876521101337858, 5866077.064351571723819 ], [ 735289.711049539269879, 5866067.35743110999465 ], [ 735288.988731488119811, 5866059.531160856597126 ], [ 735287.149803733103909, 5866055.467598759569228 ], [ 735285.041069993400015, 5866051.669005654752254 ], [ 735279.729834700818174, 5866045.681789210066199 ], [ 735268.254922180436552, 5866038.011477780528367 ], [ 735248.250689780688845, 5866023.776592606678605 ], [ 735222.90097363491077, 5866006.519333768635988 ], [ 735203.933316826471128, 5865995.802222044207156 ], [ 735182.551363068283536, 5865984.791429902426898 ], [ 735134.456059853313491, 5865962.805877649225295 ], [ 735132.677009321167134, 5865961.992049281485379 ], [ 735126.386758919688873, 5865959.118221177719533 ], [ 735096.427097605890594, 5865945.855287997983396 ], [ 735052.037485716631636, 5865924.891599084250629 ], [ 735030.640175264910795, 5865915.494697193615139 ], [ 735000.957817186834291, 5865901.426568269729614 ], [ 734985.715480571379885, 5865894.254255180247128 ], [ 734962.18673341255635, 5865882.949292905628681 ], [ 734941.063749179360457, 5865872.745801011100411 ], [ 734930.651554035255685, 5865866.43452519737184 ], [ 734922.910598585614935, 5865861.498364589177072 ], [ 734911.162058976129629, 5865854.094101668335497 ], [ 734889.816758449422196, 5865839.845758146606386 ], [ 734880.482599647715688, 5865833.004497967660427 ], [ 734870.099220905918628, 5865823.997603385709226 ], [ 734859.441697646630928, 5865815.255606146529317 ], [ 734845.355175229720771, 5865800.546475113369524 ], [ 734833.164817521814257, 5865784.239002354443073 ], [ 734820.973084879922681, 5865768.473029584623873 ], [ 734812.523346927366219, 5865754.361538709141314 ], [ 734805.637191050220281, 5865742.351328258402646 ], [ 734803.815248077968135, 5865739.1715665794909 ], [ 734796.189483890077099, 5865723.451729062944651 ], [ 734792.459434122429229, 5865712.928154522553086 ], [ 734787.843341967556626, 5865699.907391488552094 ], [ 734780.573725547641516, 5865675.834623937495053 ], [ 734765.067389454692602, 5865617.977129272185266 ], [ 734758.89166994462721, 5865592.299114649184048 ], [ 734774.012972810771316, 5865585.451192555017769 ], [ 734805.340648488490842, 5865570.957607531920075 ], [ 734853.414161217049696, 5865548.55908874515444 ], [ 734885.014263433404267, 5865533.801825535483658 ], [ 734940.101756737218238, 5865508.780892326496542 ], [ 734992.253710482618771, 5865481.841781845316291 ], [ 735075.256927744485438, 5865434.743655819445848 ], [ 735124.142026157001965, 5865408.06597148347646 ], [ 735154.94672720390372, 5865389.555693834088743 ], [ 735156.366130192531273, 5865388.701883962377906 ], [ 735174.437931955209933, 5865379.129551965743303 ], [ 735203.939558206941001, 5865362.523692824877799 ], [ 735248.553233171929605, 5865336.847906825132668 ], [ 735312.617120800889097, 5865301.407462666742504 ], [ 735407.513496232917532, 5865247.425562124699354 ], [ 735459.700966157601215, 5865216.710595141164958 ], [ 735461.194192598224618, 5865215.867728548124433 ], [ 735499.983130027074367, 5865193.955675196833909 ], [ 735536.476162106613629, 5865173.585232079029083 ], [ 735540.900886423420161, 5865171.172464022412896 ], [ 735571.884043649421073, 5865154.28315123450011 ], [ 735592.134799441555515, 5865145.063817837275565 ], [ 735627.76525110041257, 5865130.076719076372683 ], [ 735667.353103086701594, 5865121.872196394950151 ], [ 735704.489794052671641, 5865116.874207269400358 ], [ 735776.042089383001439, 5865110.087441455572844 ], [ 735836.485440712072887, 5865105.701734201051295 ], [ 735960.510344454785809, 5865098.024874478578568 ], [ 736061.649435063940473, 5865095.489465972408652 ], [ 736073.769171757390723, 5865095.185482542030513 ], [ 736124.15512614895124, 5865093.919691667892039 ], [ 736164.522782542509958, 5865092.907180847600102 ], [ 736268.282018821802922, 5865089.96187745872885 ], [ 736363.191146407742053, 5865085.031207105144858 ], [ 736457.817631505662575, 5865081.447261610999703 ], [ 736492.22885465156287, 5865080.191406541503966 ], [ 736512.399439568864182, 5865078.519027415663004 ], [ 736514.989664776483551, 5865078.068902118131518 ], [ 736525.591797898407094, 5865076.23163527995348 ], [ 736543.360943561419845, 5865072.91242350731045 ], [ 736558.994213597616181, 5865068.496502423658967 ], [ 736580.029176899814047, 5865061.168143013492227 ], [ 736605.407805429073051, 5865049.844908433035016 ], [ 736614.595239635906182, 5865044.818141923286021 ], [ 736626.51041178079322, 5865036.316618660464883 ], [ 736654.410086639341898, 5865015.045096022076905 ], [ 736715.342400182737038, 5864970.128102053888142 ], [ 736716.610700811608694, 5864969.13421818241477 ], [ 736732.305662725819275, 5864956.839991096407175 ], [ 736762.748821569373831, 5864933.426341876387596 ], [ 736851.294878111919388, 5864868.579108318313956 ], [ 736931.993172135087661, 5864809.041747940704226 ], [ 736948.780750169767998, 5864796.818493749015033 ], [ 736959.597742682206444, 5864790.191554432734847 ], [ 736978.796497316565365, 5864778.532077690586448 ], [ 736990.421481732046232, 5864771.913583811372519 ], [ 737014.198676789645106, 5864759.313767743296921 ], [ 737038.738014616072178, 5864748.75519250985235 ], [ 737097.515606539207511, 5864726.643441012129188 ], [ 737175.753823582082987, 5864697.755942118354142 ], [ 737228.674764867522754, 5864685.876697702333331 ], [ 737230.156697035068646, 5864685.676779736764729 ], [ 737262.775356628815643, 5864681.258314169943333 ], [ 737306.076894118916243, 5864676.521951463073492 ], [ 737372.047952941269614, 5864669.662699404172599 ], [ 737437.470841472852044, 5864660.669348764233291 ], [ 737469.615298843709752, 5864654.529186446219683 ] ], [ [ 733478.181428293930367, 5866470.818082863464952 ], [ 733539.611521333805285, 5866410.903417674824595 ], [ 733593.903295483556576, 5866358.188429531641304 ], [ 733697.320585144800134, 5866259.196330493316054 ], [ 733711.277853401959874, 5866247.17650330811739 ], [ 733717.783966784598306, 5866241.85511330794543 ], [ 733799.263716922840104, 5866162.935088058933616 ], [ 733836.204255097429268, 5866125.481321473605931 ], [ 733840.835914167109877, 5866120.785924601368606 ], [ 733938.622965413378552, 5866024.518834746442735 ], [ 733960.875289768562652, 5866004.540258544497192 ], [ 733995.638467564480379, 5865970.674479720182717 ], [ 734025.468447919702157, 5865945.924645082093775 ], [ 734046.600374111672863, 5865930.245627806521952 ], [ 734059.587068716762587, 5865922.030530948191881 ], [ 734076.380806256085634, 5865909.80982069671154 ], [ 734107.21741398749873, 5865891.269020365551114 ], [ 734144.518888285732828, 5865871.185144486837089 ], [ 734208.273582649533637, 5865840.598977565765381 ], [ 734238.809420257806778, 5865824.751953577622771 ], [ 734274.190983693348244, 5865808.420015972107649 ], [ 734343.591487714322284, 5865777.353971902281046 ], [ 734402.738500303705223, 5865749.954386878758669 ], [ 734446.759060475160368, 5865729.939057922922075 ], [ 734572.5510168466717, 5865677.644243151880801 ], [ 734598.184869703953154, 5865665.392797715961933 ], [ 734624.412236162344925, 5865652.858005747199059 ], [ 734681.938463682308793, 5865626.248829118907452 ], [ 734758.89166994462721, 5865592.299114649184048 ] ], [ [ 732654.289413950173184, 5867364.219115369021893 ], [ 732641.671383995213546, 5867400.577609973028302 ], [ 732636.169902454712428, 5867412.113644442521036 ], [ 732627.669832906452939, 5867427.390526792965829 ], [ 732618.383474834728986, 5867441.03979579359293 ], [ 732606.381673466530629, 5867456.818397846072912 ], [ 732594.640914106275886, 5867473.674361163750291 ], [ 732572.023463030927815, 5867501.742411320097744 ], [ 732555.982865091878921, 5867518.283265082165599 ], [ 732542.132511608651839, 5867531.34518928732723 ], [ 732526.93835494632367, 5867544.392337660305202 ], [ 732514.200082773575559, 5867553.959098576568067 ], [ 732498.210825220681727, 5867565.915716159157455 ], [ 732471.596391872386448, 5867584.375673276372254 ], [ 732470.717552868998609, 5867572.895997883751988 ], [ 732469.263016170822084, 5867558.319019974209368 ], [ 732466.218351158197038, 5867541.836208104155958 ], [ 732455.678820164757781, 5867497.765290165320039 ], [ 732448.27387077815365, 5867462.089044254273176 ], [ 732443.460604820866138, 5867435.34300946071744 ] ], [ [ 732443.460604820866138, 5867435.34300946071744 ], [ 732438.215230289730243, 5867398.610473181121051 ], [ 732431.03576540434733, 5867317.908554524183273 ], [ 732420.815454010153189, 5867216.955868347547948 ], [ 732493.435473320772871, 5867191.052309587597847 ], [ 732596.225899628712796, 5867156.049962474033237 ], [ 732669.283649663324468, 5867136.088470980525017 ], [ 732688.975729726837017, 5867129.565350675024092 ], [ 732708.962670212495141, 5867120.886358804069459 ] ], [ [ 734599.681511451257393, 5867097.525910498574376 ], [ 734647.789529665140435, 5867062.131317537277937 ], [ 734680.288614568067715, 5867039.291640186682343 ], [ 734717.137382765999064, 5867011.644801697693765 ], [ 734741.800733197247609, 5866992.495879776775837 ], [ 734768.084717928781174, 5866972.556333777494729 ], [ 734848.825183720444329, 5866912.216183731332421 ], [ 734921.165204806486145, 5866857.986052545718849 ], [ 734965.795852051465772, 5866825.508742802776396 ], [ 734965.803153700660914, 5866825.504453558474779 ], [ 734970.465659604640678, 5866822.114289998076856 ], [ 734995.933258297503926, 5866802.972231402993202 ], [ 735021.702167836599983, 5866780.869321594014764 ], [ 735037.708057499141432, 5866766.750388446263969 ], [ 735051.020900501287542, 5866753.412055717781186 ], [ 735086.085698804934509, 5866716.576803772710264 ], [ 735094.276500293286517, 5866704.531751617789268 ], [ 735123.199693030794151, 5866663.58809551037848 ], [ 735159.253820031997748, 5866609.240160083398223 ], [ 735189.268778869882226, 5866566.96180753223598 ], [ 735192.467006845050491, 5866561.916766700334847 ], [ 735221.780940922326408, 5866517.15913578029722 ], [ 735250.413075521588326, 5866478.367366309277713 ], [ 735271.392876042402349, 5866451.361335807479918 ], [ 735284.637052229023539, 5866436.073135343380272 ] ], [ [ 737858.808543549734168, 5863672.695888126268983 ], [ 737858.875454170862213, 5863673.662901584059 ], [ 737858.768573202542029, 5863674.601915628649294 ], [ 737858.495213204645552, 5863675.507184925489128 ], [ 737858.06297193816863, 5863676.345316427759826 ], [ 737857.486594684887677, 5863677.093178380280733 ], [ 737856.846580268233083, 5863677.681751985102892 ], [ 737856.050705651054159, 5863678.19157661870122 ], [ 737855.111175376689062, 5863678.564566915854812 ], [ 737854.318843123153783, 5863678.730977318249643 ], [ 737853.304497437085956, 5863678.762650427408516 ], [ 737852.374707518960349, 5863678.61328871268779 ], [ 737851.364519962458871, 5863678.241886570118368 ], [ 737850.551458063186146, 5863677.745919761247933 ], [ 737849.898808595375158, 5863677.168666214682162 ], [ 737849.268733179429546, 5863676.371896716766059 ], [ 737848.861781993531622, 5863675.602183876559138 ], [ 737848.554102007998154, 5863674.631215078756213 ], [ 737848.461586129968055, 5863673.052709762006998 ], [ 737848.615629610372707, 5863672.182584729976952 ], [ 737848.939578386954963, 5863671.295304887928069 ], [ 737849.417981533915736, 5863670.482393657788634 ], [ 737850.087372078443877, 5863669.718034883961082 ], [ 737850.768985919421539, 5863669.175008457154036 ], [ 737851.663149711093865, 5863668.699677138589323 ], [ 737852.49131419241894, 5863668.434678870253265 ], [ 737853.496525829890743, 5863668.303950760513544 ], [ 737854.438894481514581, 5863668.358848359435797 ], [ 737855.353382645873353, 5863668.585181666538119 ], [ 737856.212550693424419, 5863668.971023457124829 ], [ 737856.931418749154545, 5863669.457279598340392 ], [ 737857.65521287242882, 5863670.169158183038235 ], [ 737858.158483915613033, 5863670.883113381452858 ], [ 737858.584166844375432, 5863671.805826248601079 ], [ 737858.808543549734168, 5863672.695888126268983 ], [ 737876.162785838940181, 5863668.347136212512851 ], [ 737873.878282252349891, 5863657.909313724376261 ], [ 737970.804967077914625, 5863638.162300880998373 ], [ 737989.357659339206293, 5863636.739263834431767 ], [ 738060.969561844947748, 5863622.654789180494845 ], [ 738061.710942223900929, 5863628.001931821927428 ], [ 738077.617573865689337, 5863625.452555951662362 ] ], [ [ 738061.710942223900929, 5863628.001931821927428 ], [ 738063.240552291506901, 5863636.963457541540265 ], [ 737991.899683716823347, 5863650.778644155710936 ], [ 737987.378315241425298, 5863651.588944528251886 ], [ 737962.023189842002466, 5863656.131456103175879 ], [ 737947.771093812421896, 5863657.329810546711087 ], [ 737945.103660661843605, 5863657.859525205567479 ], [ 737876.693995386827737, 5863671.416053901426494 ], [ 737876.162785838940181, 5863668.347136212512851 ] ], [ [ 737851.364519962458871, 5863678.241886570118368 ], [ 737842.354004071909003, 5863692.622764281928539 ], [ 737833.398014020291157, 5863701.15389798860997 ], [ 737822.83892007288523, 5863709.131374717690051 ], [ 737811.745784411556087, 5863716.563380431383848 ], [ 737733.065932804369368, 5863764.261510545387864 ], [ 737601.702203673077747, 5863840.252516460604966 ], [ 737531.940288947778754, 5863882.923944118432701 ], [ 737466.767866601119749, 5863923.483151066116989 ], [ 737448.351213085697964, 5863934.810152303427458 ], [ 737384.023953817784786, 5863974.373608303256333 ], [ 737361.583333802642301, 5863987.88518862426281 ], [ 737313.713381760055199, 5864017.844500277191401 ], [ 737279.919934071600437, 5864037.70644140150398 ], [ 737233.13977107219398, 5864066.327746625989676 ], [ 737226.356386866304092, 5864072.727394659072161 ], [ 737221.458568849484436, 5864078.605357986874878 ], [ 737218.439336904441006, 5864084.773661356419325 ], [ 737216.482329874997959, 5864092.031502533704042 ], [ 737216.384353280300274, 5864101.462734866887331 ], [ 737217.088714106590487, 5864111.445219755172729 ], [ 737219.386449058772996, 5864123.059840110130608 ], [ 737251.464249969343655, 5864190.780712622217834 ], [ 737257.421660933177918, 5864204.274738907814026 ], [ 737283.75202379852999, 5864263.897879312746227 ], [ 737295.342575468006544, 5864290.140483381226659 ], [ 737304.055493480409496, 5864309.332214375957847 ], [ 737431.411772867897525, 5864571.954328184947371 ], [ 737447.511231879587285, 5864606.144868165254593 ], [ 737467.152708917390555, 5864647.857873423025012 ], [ 737469.615298843709752, 5864654.529186446219683 ] ], [ [ 738890.693873786716722, 5863551.509290083311498 ], [ 738897.077595056965947, 5863570.630226275883615 ], [ 738922.853965930058621, 5863651.487060645595193 ], [ 738945.470789391780272, 5863725.840401812456548 ], [ 738941.953217749483883, 5863728.228864920325577 ], [ 738863.571341784670949, 5863774.055642874911427 ], [ 738794.670695755747147, 5863811.892150847241282 ], [ 738735.492700007394888, 5863844.97617971803993 ], [ 738647.963139955652878, 5863895.798358461819589 ], [ 738578.459479891462252, 5863935.811958698555827 ], [ 738527.621188882389106, 5863967.362591413781047 ] ], [ [ 738890.693873786716722, 5863551.509290083311498 ], [ 738875.211183352395892, 5863554.773199163377285 ], [ 738823.024634239845909, 5863560.975327028892934 ], [ 738799.630752752535045, 5863562.891758606769145 ], [ 738701.486067160498351, 5863570.508416722528636 ], [ 738592.038607147755101, 5863580.164329818449914 ], [ 738591.042536536930129, 5863580.254487939178944 ], [ 738468.601687606424093, 5863591.288555951789021 ], [ 738379.051289117778651, 5863600.623050426132977 ], [ 738365.051987361395732, 5863602.082274276763201 ], [ 738291.368606160627678, 5863608.596318089403212 ], [ 738218.220367826637812, 5863615.537311001680791 ], [ 738183.793089290731587, 5863618.804943647235632 ], [ 738128.685703591327183, 5863621.737636427395046 ], [ 738089.668778716702946, 5863624.12933452706784 ], [ 738089.558902316959575, 5863625.079957162961364 ], [ 738089.307295392034575, 5863625.988364176824689 ], [ 738088.953825268778019, 5863626.786569678224623 ], [ 738088.403952672728337, 5863627.639497915282845 ], [ 738087.772928168065846, 5863628.34314614161849 ], [ 738087.044347022660077, 5863628.941003179177642 ], [ 738086.298466279869899, 5863629.387330712750554 ], [ 738085.425824136007577, 5863629.746483357623219 ], [ 738084.451543381437659, 5863629.973607167601585 ], [ 738083.583346130559221, 5863630.041747284121811 ], [ 738082.574496370507404, 5863629.96290160343051 ], [ 738081.657060434226878, 5863629.74092854373157 ], [ 738080.786012726020999, 5863629.381183032877743 ], [ 738080.039156635175459, 5863628.935406029224396 ], [ 738079.258134194067679, 5863628.285534326918423 ], [ 738078.637311547528952, 5863627.57474406901747 ], [ 738078.167596314684488, 5863626.840778708457947 ], [ 738077.617573865689337, 5863625.452555951662362 ], [ 738077.45553295512218, 5863624.564605548977852 ], [ 738077.429751809453592, 5863623.545634856447577 ], [ 738077.540196571266279, 5863622.680880561470985 ], [ 738077.796171115129255, 5863621.771064151078463 ], [ 738078.224875649320893, 5863620.851394273340702 ], [ 738078.750851936172694, 5863620.065163224004209 ], [ 738079.339153067790903, 5863619.425106649287045 ], [ 738080.133410993148573, 5863618.78863819129765 ], [ 738080.952011092798784, 5863618.324146011844277 ], [ 738081.834536311449483, 5863617.991291857324541 ], [ 738082.685058650095016, 5863617.808001083321869 ], [ 738083.622804112266749, 5863617.747857805341482 ], [ 738084.560502825188451, 5863617.833242940716445 ], [ 738085.545826891670004, 5863618.083568903617561 ], [ 738086.344513066462241, 5863618.426555998623371 ], [ 738087.107114540296607, 5863618.892869032919407 ], [ 738087.811873747734353, 5863619.482282754033804 ], [ 738088.479994344525039, 5863620.248862493783236 ], [ 738088.943863147171214, 5863620.987132070586085 ], [ 738089.326636667479761, 5863621.852627547457814 ], [ 738089.582003484363668, 5863622.834682405926287 ], [ 738089.668778716702946, 5863624.12933452706784 ] ], [ [ 735285.037148037110455, 5866419.698661990463734 ], [ 735285.774117345921695, 5866419.170811695046723 ], [ 735286.584576187189668, 5866418.691785999573767 ], [ 735287.504829573445022, 5866418.25906098075211 ], [ 735288.39197260432411, 5866417.938075695186853 ], [ 735289.304368193726987, 5866417.698882351629436 ], [ 735290.233310575946234, 5866417.541387991048396 ], [ 735291.172980474773794, 5866417.466986226849258 ], [ 735292.116092210286297, 5866417.478510795161128 ], [ 735293.053986343089491, 5866417.571501958183944 ], [ 735293.908418881474063, 5866417.734934114851058 ], [ 735294.817030781297944, 5866417.989201553165913 ], [ 735295.700111643294804, 5866418.324718759395182 ], [ 735296.54900202085264, 5866418.737026036716998 ], [ 735297.35646254546009, 5866419.224590348079801 ], [ 735298.118217537878081, 5866419.78008730802685 ], [ 735299.306462148204446, 5866420.896236630156636 ], [ 735299.935468893381767, 5866421.654122519306839 ], [ 735300.431403782917187, 5866422.371282398700714 ], [ 735300.901576097472571, 5866423.191526132635772 ], [ 735301.324205917073414, 5866424.116076994687319 ], [ 735301.635420228354633, 5866425.010323412716389 ], [ 735301.865133453626186, 5866425.926992014050484 ], [ 735302.003991671954282, 5866426.790283513255417 ], [ 735302.075919806375168, 5866427.807171072810888 ], [ 735302.054291665204801, 5866428.751727847382426 ], [ 735301.962384447921067, 5866429.61837924644351 ], [ 735301.779837903100997, 5866430.54811657872051 ], [ 735301.49521409755107, 5866431.52480439376086 ], [ 735301.174609787994996, 5866432.336607358418405 ], [ 735300.719451048760675, 5866433.247421436011791 ], [ 735300.014231288922019, 5866434.33899191301316 ], [ 735299.415751166059636, 5866435.080863717012107 ], [ 735298.809769478277303, 5866435.709106167778373 ], [ 735298.100815294892527, 5866436.331882058642805 ], [ 735297.278963427757844, 5866436.927249014377594 ], [ 735296.462699610856362, 5866437.406214739196002 ], [ 735295.610948981135152, 5866437.810557762160897 ], [ 735294.726628932985477, 5866438.138853468932211 ], [ 735293.888354277005419, 5866438.36719317547977 ], [ 735292.888065239414573, 5866438.547218798659742 ], [ 735292.020910629304126, 5866438.625306652858853 ], [ 735291.147288683336228, 5866438.629081573337317 ], [ 735290.138186772353947, 5866438.545520088635385 ], [ 735289.206881835241802, 5866438.378354952670634 ], [ 735288.367636503768153, 5866438.151030652225018 ], [ 735287.481497564469464, 5866437.830036921426654 ], [ 735286.564657335635275, 5866437.39371023606509 ], [ 735285.813289332436398, 5866436.953327142633498 ], [ 735284.637052229023539, 5866436.073135343380272 ] ], [ [ 738309.797482956317253, 5864012.016953939571977 ], [ 738329.204467033501714, 5864006.01758308056742 ], [ 738351.787803742685355, 5863999.521219523623586 ], [ 738354.534868692513555, 5863998.731672850437462 ], [ 738364.255802493193187, 5863996.221125524491072 ], [ 738387.671499310177751, 5863990.178606355562806 ], [ 738402.865629716194235, 5863987.702671546489 ], [ 738437.71797054912895, 5863982.019614098593593 ], [ 738527.621188882389106, 5863967.362591413781047 ] ], [ [ 734599.681511451257393, 5867097.525910498574376 ], [ 734609.382326374645345, 5867111.040281270630658 ], [ 734610.875380020472221, 5867115.004667123779655 ], [ 734610.740516794496216, 5867118.661828333511949 ], [ 734609.344330388121307, 5867123.5589346177876 ], [ 734605.597018036176451, 5867127.515011390671134 ], [ 734589.862024473259225, 5867139.380045298486948 ], [ 734577.774328356492333, 5867148.497752747498453 ], [ 734574.105712652788498, 5867150.384412882849574 ], [ 734567.862346559180878, 5867150.799136793240905 ], [ 734562.698634376516566, 5867148.91353640332818 ], [ 734557.755293529829942, 5867144.334016819484532 ], [ 734548.695746960584074, 5867132.197873809374869 ] ] ] } },
{ "type": "Feature", "properties": { "CADRE_NO": "10.038", "DDT_URL": null, "ETC_NOM": "Transports publics de la région lausannoise", "ETC_SIGLE": "TL", "ETC_URL": "https://www.t-l.ch", "GO_CENTRE": 0, "HORAIR_URL": "https://www.tableaux-horaires.ch/fileadmin/fap_pdf_fields/2025/10.038.pdf", "LIGNE_NO": "38", "LIGNE_NOM": "Renens VD gare nord - Prilly église", "LIGNE_SIGL": null, "LIGNE_TYPE": "Bus urbain", "PLAN_URL": "https://prestations.vd.ch/pub/101587/api/download/2_Cartographie_et_geodonnees/2.1_Carte_des_reseaux/Carte_des_lignes_TP/topo/ligne_10.038.pdf", "SHAPE_LEN": 2614.803 }, "geometry": { "type": "MultiLineString", "coordinates": [ [ [ 732420.815454010153189, 5867216.955868347547948 ], [ 732493.435473320772871, 5867191.052309587597847 ], [ 732596.225899628712796, 5867156.049962474033237 ], [ 732669.283649663324468, 5867136.088470980525017 ], [ 732688.975729726837017, 5867129.565350675024092 ], [ 732708.962670212495141, 5867120.886358804069459 ] ], [ [ 732708.852122846175916, 5867122.877267381176353 ], [ 732698.49476097652223, 5867156.995635863393545 ], [ 732687.985084961634129, 5867188.372349722310901 ], [ 732697.123933663824573, 5867201.775994477793574 ], [ 732704.43501262285281, 5867237.112876110710204 ], [ 732684.938802047399804, 5867287.681172261014581 ], [ 732654.289413950173184, 5867364.219115369021893 ], [ 732641.671383995213546, 5867400.577609973028302 ], [ 732636.169902454712428, 5867412.113644442521036 ], [ 732627.669832906452939, 5867427.390526792965829 ], [ 732618.383474834728986, 5867441.03979579359293 ], [ 732606.381673466530629, 5867456.818397846072912 ], [ 732594.640914106275886, 5867473.674361163750291 ], [ 732572.023463030927815, 5867501.742411320097744 ], [ 732555.982865091878921, 5867518.283265082165599 ], [ 732542.132511608651839, 5867531.34518928732723 ], [ 732526.93835494632367, 5867544.392337660305202 ], [ 732514.200082773575559, 5867553.959098576568067 ], [ 732498.210825220681727, 5867565.915716159157455 ], [ 732471.596391872386448, 5867584.375673276372254 ], [ 732470.717552868998609, 5867572.895997883751988 ], [ 732469.263016170822084, 5867558.319019974209368 ], [ 732466.218351158197038, 5867541.836208104155958 ], [ 732455.678820164757781, 5867497.765290165320039 ], [ 732448.27387077815365, 5867462.089044254273176 ], [ 732443.460604820866138, 5867435.34300946071744 ] ], [ [ 732443.460604820866138, 5867435.34300946071744 ], [ 732438.215230289730243, 5867398.610473181121051 ], [ 732431.03576540434733, 5867317.908554524183273 ], [ 732420.815454010153189, 5867216.955868347547948 ], [ 732411.38259753328748, 5867105.513454928062856 ], [ 732428.441781797097065, 5866983.66213892865926 ], [ 732449.156505535938777, 5866909.332836166955531 ], [ 732501.552571446052752, 5866854.499743949621916 ], [ 732566.133768960949965, 5866805.759217535145581 ], [ 732627.059426993480884, 5866770.574650036171079 ], [ 732664.681020825635642, 5866764.329770083539188 ] ], [ [ 734548.695746960584074, 5867132.197873809374869 ], [ 734599.681511451257393, 5867097.525910498574376 ], [ 734609.382326374645345, 5867111.040281270630658 ], [ 734610.875380020472221, 5867115.004667123779655 ], [ 734610.740516794496216, 5867118.661828333511949 ], [ 734609.344330388121307, 5867123.5589346177876 ], [ 734605.597018036176451, 5867127.515011390671134 ], [ 734589.862024473259225, 5867139.380045298486948 ], [ 734577.774328356492333, 5867148.497752747498453 ], [ 734574.105712652788498, 5867150.384412882849574 ], [ 734567.862346559180878, 5867150.799136793240905 ], [ 734562.698634376516566, 5867148.91353640332818 ], [ 734557.755293529829942, 5867144.334016819484532 ], [ 734548.695746960584074, 5867132.197873809374869 ] ] ] } },
{ "type": "Feature", "properties": { "CADRE_NO": "10.002", "DDT_URL": null, "ETC_NOM": "Transports publics de la région lausannoise", "ETC_SIGLE": "TL", "ETC_URL": "https://www.t-l.ch", "GO_CENTRE": 0, "HORAIR_URL": "https://www.tableaux-horaires.ch/fileadmin/fap_pdf_fields/2025/10.002.pdf", "LIGNE_NO": "2", "LIGNE_NOM": "Lausanne Maladière-Lac - Bellerive - St-François - Bergières - Désert", "LIGNE_SIGL": null, "LIGNE_TYPE": "Trolleybus", "PLAN_URL": "https://prestations.vd.ch/pub/101587/api/download/2_Cartographie_et_geodonnees/2.1_Carte_des_reseaux/Carte_des_lignes_TP/topo/ligne_10.002.pdf", "SHAPE_LEN": 8281.287 }, "geometry": { "type": "MultiLineString", "coordinates": [ [ [ 736372.856663387035951, 5866790.504407499916852 ], [ 736374.373246714822017, 5866786.620277176611125 ], [ 736391.749000265961513, 5866744.471476042643189 ], [ 736405.798716583638452, 5866711.993600898422301 ], [ 736420.888086202787235, 5866682.493706554174423 ], [ 736425.735880763968453, 5866673.684842802584171 ], [ 736428.558478166931309, 5866668.553807730786502 ], [ 736429.93178049265407, 5866665.875066079199314 ], [ 736455.083412925479934, 5866625.426099031232297 ], [ 736490.914349779603072, 5866565.944815648719668 ], [ 736540.937793841934763, 5866485.586171749979258 ], [ 736550.516581361647695, 5866469.23982248082757 ], [ 736558.97501789231319, 5866457.196572063490748 ], [ 736563.067870565806516, 5866451.308899849653244 ], [ 736564.397841072990559, 5866449.574535953812301 ], [ 736578.871395004796796, 5866430.713262557983398 ], [ 736594.650885789189488, 5866412.547045934945345 ], [ 736609.605242933379486, 5866395.986582819372416 ], [ 736626.967002539546229, 5866380.531623913906515 ], [ 736651.630042853415944, 5866360.838638473302126 ], [ 736671.399129076278768, 5866346.487683993764222 ], [ 736695.487034318619408, 5866330.295481358654797 ], [ 736717.397939143469557, 5866317.044240288436413 ], [ 736728.755197881138884, 5866310.152790951542556 ], [ 736755.768984169117175, 5866296.955119284801185 ], [ 736785.465638958616182, 5866284.327099346555769 ], [ 736806.678981133503839, 5866276.851996674202383 ], [ 736824.848274556570686, 5866270.451242270879447 ], [ 736874.483300451771356, 5866252.909580775536597 ], [ 736902.387784090358764, 5866244.015281004831195 ] ], [ [ 738165.028790041571483, 5864843.18270358722657 ], [ 738150.733205928467214, 5864848.425936302170157 ], [ 738138.547301579616033, 5864857.465078718028963 ], [ 738114.413423568592407, 5864878.781375799328089 ], [ 738095.976760381599888, 5864894.762560674920678 ], [ 738083.760201530880295, 5864906.769127580337226 ], [ 738068.52750223421026, 5864924.671274264343083 ], [ 738053.830173488240689, 5864942.84970168210566 ], [ 737982.798406201996841, 5865029.994770625606179 ], [ 737965.925726163783111, 5865050.577081646770239 ], [ 737956.940791997127235, 5865062.077193071134388 ], [ 737946.067245650221594, 5865074.093359097838402 ], [ 737935.484257538220845, 5865083.958353791385889 ], [ 737917.84098164353054, 5865101.298507025465369 ], [ 737897.499594239052385, 5865119.419941714964807 ], [ 737894.063454856048338, 5865122.130886713042855 ], [ 737882.327289241482504, 5865131.392955739982426 ], [ 737869.883446699357592, 5865139.350785715505481 ], [ 737857.987595870741643, 5865146.506467809900641 ], [ 737815.261313379509374, 5865172.211680282838643 ], [ 737756.361087924567983, 5865203.140046605840325 ], [ 737733.685671292245388, 5865213.149994037114084 ], [ 737720.354196239379235, 5865219.506081747822464 ], [ 737711.001887218211778, 5865223.964729662053287 ], [ 737678.8861134898616, 5865237.112097623758018 ], [ 737645.159912531264126, 5865250.239699171856046 ], [ 737623.547962333075702, 5865253.918600099161267 ], [ 737592.937401861185208, 5865259.1310815513134 ], [ 737587.264891381841153, 5865260.612004248425364 ], [ 737558.176338332588784, 5865268.205505594611168 ], [ 737541.444510088535026, 5865275.039757897146046 ], [ 737515.50875281507615, 5865288.518806346692145 ], [ 737460.641115055070259, 5865318.94760168902576 ], [ 737421.17569434910547, 5865341.181831180118024 ], [ 737379.012019320973195, 5865364.466365178115666 ], [ 737339.643809823552147, 5865386.381130190566182 ], [ 737323.873675278504379, 5865395.162483849562705 ], [ 737313.320501821115613, 5865402.328746976330876 ], [ 737257.098118724883534, 5865433.554737693630159 ], [ 737220.065644410206005, 5865454.462987381033599 ], [ 737193.013128194841556, 5865471.705504152923822 ], [ 737167.580786413280293, 5865488.154150186106563 ], [ 737143.49605571734719, 5865504.347567549906671 ], [ 737130.687121085938998, 5865513.810331618413329 ], [ 737118.3080752043752, 5865522.952986378222704 ], [ 737096.768995082005858, 5865539.625677606090903 ], [ 737095.281381293782033, 5865540.776047127321362 ], [ 737053.267932717455551, 5865575.381433113478124 ], [ 737009.094093700288795, 5865610.777809840627015 ], [ 736971.687960275448859, 5865641.658377687446773 ], [ 736954.345121043385006, 5865655.495701651088893 ], [ 736925.346593399066478, 5865678.914012392982841 ], [ 736893.631354651181027, 5865705.002537203021348 ], [ 736876.752005679765716, 5865725.85357659868896 ], [ 736831.486203724169172, 5865762.853979867883027 ], [ 736813.885351938195527, 5865777.733665983192623 ], [ 736810.068874187883921, 5865780.960064471699297 ], [ 736792.182971756206825, 5865795.06088206730783 ], [ 736732.250101366778836, 5865847.003639125265181 ], [ 736716.771281751105562, 5865862.208355869166553 ], [ 736707.774088216014206, 5865874.783870092593133 ], [ 736699.558031480177306, 5865889.255607031285763 ], [ 736697.012552373227663, 5865895.122842622920871 ], [ 736693.499202266335487, 5865903.214357275515795 ], [ 736690.433922860305756, 5865913.694979433901608 ], [ 736685.354413355118595, 5865936.828988781198859 ], [ 736685.775760739808902, 5865947.886370269581676 ], [ 736687.005270874244161, 5865958.950808401219547 ], [ 736690.605502204620279, 5865974.627041297964752 ], [ 736695.02645378827583, 5865988.693209483288229 ], [ 736702.609366270480677, 5866008.723111106082797 ], [ 736711.285775972646661, 5866027.147275147028267 ], [ 736713.429974601138383, 5866030.942966911941767 ], [ 736725.535842999466695, 5866052.371375531889498 ], [ 736741.14779919560533, 5866075.721795936115086 ], [ 736751.752584640868008, 5866089.583777696825564 ], [ 736763.671462748548947, 5866106.423386660404503 ], [ 736779.334257511771284, 5866124.922543218359351 ], [ 736793.707022780319676, 5866138.28552015312016 ], [ 736812.355080767185427, 5866154.117149225436151 ], [ 736832.353710515308194, 5866169.157936246134341 ], [ 736872.636616111150943, 5866197.888626839034259 ], [ 736891.818951555062085, 5866213.9980165399611 ] ], [ [ 738165.028790041571483, 5864843.18270358722657 ], [ 738186.471656528534368, 5864822.377051522023976 ], [ 738205.431956172338687, 5864802.141017838381231 ], [ 738217.98754310735967, 5864788.737756519578397 ], [ 738238.099182302248664, 5864766.572025174275041 ], [ 738248.432468666462228, 5864754.815234305337071 ], [ 738254.187690817168914, 5864743.824742018245161 ], [ 738257.272853475878946, 5864731.186722196638584 ], [ 738257.361435961560346, 5864722.561050196178257 ], [ 738252.654931344208308, 5864709.843985674902797 ], [ 738237.610049753449857, 5864683.539535854011774 ], [ 738218.340072613093071, 5864649.644888089969754 ], [ 738199.322123536490835, 5864617.640657726675272 ], [ 738189.545567657682113, 5864601.634346948936582 ], [ 738173.382726120413281, 5864605.510406015440822 ], [ 738159.366980719380081, 5864609.679366540163755 ], [ 738147.516438322491013, 5864612.521506059914827 ], [ 738136.21502901695203, 5864614.023018109612167 ], [ 738114.991580987232737, 5864613.534087638370693 ], [ 738085.975263305590488, 5864613.233673031441867 ], [ 738053.739678999176249, 5864612.358385900035501 ], [ 738041.945780048961751, 5864609.271448911167681 ], [ 738010.951803086907603, 5864592.506593679077923 ], [ 738004.538211345323361, 5864588.936853442341089 ], [ 737998.120544769335538, 5864585.904128666035831 ], [ 737992.293812244897708, 5864577.757255739532411 ], [ 737961.774773030541837, 5864514.635552787221968 ], [ 737938.323310583713464, 5864469.64501045551151 ], [ 737928.598730577738024, 5864448.517557049170136 ] ], [ [ 738890.693873786716722, 5863551.509290083311498 ], [ 738897.077595056965947, 5863570.630226275883615 ], [ 738922.853965930058621, 5863651.487060645595193 ], [ 738945.470789391780272, 5863725.840401812456548 ], [ 738941.953217749483883, 5863728.228864920325577 ], [ 738863.571341784670949, 5863774.055642874911427 ], [ 738794.670695755747147, 5863811.892150847241282 ], [ 738735.492700007394888, 5863844.97617971803993 ], [ 738647.963139955652878, 5863895.798358461819589 ], [ 738578.459479891462252, 5863935.811958698555827 ], [ 738527.621188882389106, 5863967.362591413781047 ] ], [ [ 737975.385680493665859, 5862713.800541152246296 ], [ 738005.967101246467791, 5862794.478066612035036 ], [ 738024.346400433569215, 5862839.587800864130259 ], [ 738036.449864541762508, 5862869.295238084159791 ], [ 738053.431116164312698, 5862902.993891617283225 ], [ 738078.190217923489399, 5862939.382323166355491 ], [ 738115.111325490986928, 5862997.595011356286705 ], [ 738129.127252737642266, 5863019.677066433243454 ], [ 738155.896730384207331, 5863059.807498884387314 ], [ 738183.875112292706035, 5863103.010828945785761 ], [ 738192.524577303207479, 5863115.744575711898506 ], [ 738211.765281919157133, 5863138.732124855741858 ], [ 738234.312341534998268, 5863166.484775108285248 ], [ 738236.919453907874413, 5863169.692827795632184 ], [ 738248.187767817522399, 5863182.388201609253883 ], [ 738263.224648265982978, 5863199.331023055128753 ], [ 738292.299002913641743, 5863231.674005892127752 ], [ 738310.49062787508592, 5863247.956741797737777 ], [ 738314.299289628164843, 5863251.549749992787838 ], [ 738365.698473187978379, 5863300.047878162004054 ], [ 738368.541389403631911, 5863303.75169881619513 ], [ 738387.602715629967861, 5863342.195076142437756 ], [ 738393.063047926174477, 5863353.207965014502406 ], [ 738396.988053739303723, 5863373.332338092848659 ], [ 738400.996683835750446, 5863395.489150600507855 ], [ 738408.935812962474301, 5863436.676232511177659 ], [ 738416.517039081547409, 5863469.199521123431623 ], [ 738424.45114328013733, 5863495.748314965516329 ], [ 738430.237777034868486, 5863511.596238206140697 ], [ 738442.444751662551425, 5863537.516880320385098 ], [ 738458.900321343680844, 5863568.010227415710688 ], [ 738468.601687606424093, 5863591.288555951789021 ] ], [ [ 737975.385680493665859, 5862713.800541152246296 ], [ 737941.747328706434928, 5862643.101764640770853 ], [ 737896.753817572025582, 5862544.533637880347669 ], [ 737877.293835995253175, 5862504.057158163748682 ], [ 737875.479764222633094, 5862500.495146409608424 ], [ 737857.72866458480712, 5862465.640148437581956 ], [ 737841.752713721478358, 5862428.008446514606476 ], [ 737835.959905005991459, 5862412.933196367695928 ], [ 737814.979083694517612, 5862336.607084110379219 ], [ 737771.951536845532246, 5862193.038239165209234 ], [ 737771.226654189522378, 5862190.618225589394569 ], [ 737760.54049375851173, 5862156.572454178705812 ], [ 737756.677358379005454, 5862135.007789361290634 ], [ 737754.537463169312105, 5862119.610095459036529 ], [ 737754.307536105392501, 5862109.150317128747702 ], [ 737755.275091942516156, 5862079.924274873919785 ], [ 737760.620229212916456, 5862026.794034439139068 ], [ 737763.210258254781365, 5862006.885637634433806 ], [ 737763.484853884438053, 5861995.88414793740958 ], [ 737762.114419600344263, 5861989.966881174594164 ], [ 737775.171756998053752, 5861984.213351663202047 ], [ 737821.746037803823128, 5861978.436696661636233 ], [ 737835.104552454547957, 5861969.049632317386568 ], [ 737834.382470584241673, 5861946.304053327068686 ], [ 737822.829160623252392, 5861902.979140983894467 ], [ 737803.332950060488656, 5861848.100918658077717 ], [ 737793.945885713910684, 5861837.991772449575365 ], [ 737786.002985112718306, 5861827.882626230828464 ], [ 737783.114657623344101, 5861812.718906918540597 ], [ 737786.00298511586152, 5861804.053924437612295 ], [ 737793.945885719265789, 5861801.887678824365139 ], [ 737799.0004588291049, 5861804.776006311178207 ], [ 737805.499195684795268, 5861809.830579413101077 ], [ 737809.831686921534128, 5861819.217643762007356 ], [ 737808.387523173820227, 5861829.326789973303676 ], [ 737806.221277554170229, 5861837.269690574146807 ], [ 737803.332950060488656, 5861848.100918658077717 ] ], [ [ 737561.79656340694055, 5862978.339569834060967 ], [ 737576.960282762302086, 5862805.400961333885789 ], [ 737597.178575233672746, 5862590.942645163275301 ], [ 737602.955230222665705, 5862548.339814677834511 ], [ 737616.313744899001904, 5862348.684176902286708 ], [ 737618.479990519932471, 5862332.256814300082624 ], [ 737617.396867714822292, 5862304.99822361394763 ], [ 737606.926680560107343, 5862278.822755728848279 ], [ 737525.331428937148303, 5862133.14273795671761 ], [ 737491.876195724820718, 5862070.192784562706947 ], [ 737438.863492218079045, 5862106.34049051720649 ], [ 737364.079937784699723, 5862155.180186256766319 ], [ 737342.185003161430359, 5862168.684389150701463 ], [ 737330.599537302856334, 5862174.507312507368624 ], [ 737235.974247126025148, 5862215.396713811904192 ], [ 737198.913261491805315, 5862231.412151867523789 ], [ 737158.625205823918805, 5862250.609397656284273 ], [ 737124.243150618509389, 5862269.946885867975652 ], [ 737110.712325421045534, 5862278.144272368401289 ], [ 737086.591479696216993, 5862294.319523700512946 ], [ 737067.130377019406296, 5862308.58646063413471 ], [ 737043.210739105474204, 5862328.686648171395063 ], [ 736993.352238957537338, 5862375.001902665011585 ], [ 736950.211211010464467, 5862417.054289547726512 ], [ 736942.321768137044273, 5862424.746129488572478 ], [ 736773.616228882805444, 5862581.666540092788637 ], [ 736682.132752584642731, 5862664.770605870522559 ], [ 736616.992701169569045, 5862730.593977062962949 ], [ 736617.639539274503477, 5862731.296344091184437 ], [ 736618.181206293287687, 5862732.068906492553651 ], [ 736618.614831927698106, 5862732.908723820000887 ], [ 736618.912321886513382, 5862733.728191657923162 ], [ 736619.118824754841626, 5862734.648562313988805 ], [ 736619.198872732114978, 5862735.593794944696128 ], [ 736619.144757558591664, 5862736.607462850399315 ], [ 736618.96532849164214, 5862737.536868729628623 ], [ 736618.662984134047292, 5862738.430057654157281 ], [ 736618.243632384575903, 5862739.276905723847449 ], [ 736617.717608297127299, 5862740.060059928335249 ], [ 736616.655985871795565, 5862741.154799805022776 ], [ 736615.893041173811071, 5862741.707002518698573 ], [ 736615.061589885270223, 5862742.152258434332907 ], [ 736614.179127617622726, 5862742.482020752504468 ], [ 736613.260218846378848, 5862742.690622140653431 ], [ 736612.320863194647245, 5862742.773865514434874 ], [ 736611.381380935432389, 5862742.730509578250349 ], [ 736610.382505224901251, 5862742.541013645008206 ], [ 736609.557119940523989, 5862742.26748981513083 ], [ 736608.646478291368112, 5862741.824271448887885 ], [ 736607.923389422241598, 5862741.339372549206018 ], [ 736607.160218386095949, 5862740.664882554672658 ], [ 736606.555486458353698, 5862739.958591727539897 ], [ 736606.035879676346667, 5862739.157157145440578 ], [ 736605.631429474567994, 5862738.301639040932059 ], [ 736605.365954984794371, 5862737.472321251407266 ], [ 736605.194353371392936, 5862736.543586418032646 ], [ 736605.146199538488872, 5862735.600144387222826 ], [ 736605.238040825468488, 5862734.585418590344489 ], [ 736605.432603511842899, 5862733.734750492498279 ], [ 736605.786335424287245, 5862732.782442350871861 ], [ 736606.199049729970284, 5862732.015558674931526 ], [ 736606.748158335336484, 5862731.244290012866259 ], [ 736607.954035584931262, 5862730.087044426240027 ], [ 736608.739774634479545, 5862729.574371985159814 ], [ 736609.656659115920775, 5862729.143112790770829 ], [ 736610.557442283141427, 5862728.864474359899759 ], [ 736611.487389535992406, 5862728.709830164909363 ], [ 736612.427631067926995, 5862728.680436745285988 ], [ 736613.294152776710689, 5862728.765223881229758 ], [ 736614.211548378341831, 5862728.978599169291556 ], [ 736615.160704632871784, 5862729.345098920166492 ], [ 736615.984187005786225, 5862729.800495033152401 ], [ 736616.992701169569045, 5862730.593977062962949 ] ], [ [ 738890.693873786716722, 5863551.509290083311498 ], [ 738875.211183352395892, 5863554.773199163377285 ], [ 738823.024634239845909, 5863560.975327028892934 ], [ 738799.630752752535045, 5863562.891758606769145 ], [ 738701.486067160498351, 5863570.508416722528636 ], [ 738592.038607147755101, 5863580.164329818449914 ], [ 738591.042536536930129, 5863580.254487939178944 ], [ 738468.601687606424093, 5863591.288555951789021 ] ], [ [ 738309.797482956317253, 5864012.016953939571977 ], [ 738329.204467033501714, 5864006.01758308056742 ], [ 738351.787803742685355, 5863999.521219523623586 ], [ 738354.534868692513555, 5863998.731672850437462 ], [ 738364.255802493193187, 5863996.221125524491072 ], [ 738387.671499310177751, 5863990.178606355562806 ], [ 738402.865629716194235, 5863987.702671546489 ], [ 738437.71797054912895, 5863982.019614098593593 ], [ 738527.621188882389106, 5863967.362591413781047 ] ], [ [ 738309.797482956317253, 5864012.016953939571977 ], [ 738297.921446669730358, 5864017.284910698421299 ], [ 738289.253300633397885, 5864023.932202623225749 ], [ 738282.462414522888139, 5864031.141736317425966 ], [ 738245.94797152117826, 5864082.658227101899683 ], [ 738243.202546560904011, 5864086.533142050728202 ], [ 738225.756813998101279, 5864110.740409970283508 ], [ 738207.210333114373498, 5864137.867453658953309 ], [ 738205.237949077622034, 5864140.770907083526254 ], [ 738203.675198830547743, 5864143.058606832288206 ], [ 738166.60179780353792, 5864197.347978692501783 ], [ 738128.26711717993021, 5864253.481561214663088 ], [ 738123.452034725807607, 5864259.969359435141087 ], [ 738102.995869598118588, 5864290.747400993481278 ], [ 738088.544516933616251, 5864311.354728439822793 ], [ 738076.561112284543924, 5864326.863149508833885 ], [ 738064.024264152161777, 5864343.985720651224256 ], [ 738043.09418331948109, 5864367.489215278066695 ], [ 738031.837133943918161, 5864380.634327070787549 ], [ 738016.195686875493266, 5864396.323199300095439 ], [ 738009.466395004303195, 5864402.150819492526352 ], [ 737990.996193112921901, 5864416.81777061894536 ], [ 737928.598730577738024, 5864448.517557049170136 ] ] ] } },
{ "type": "Feature", "properties": { "CADRE_NO": "10.032", "DDT_URL": null, "ETC_NOM": "Transports publics de la région lausannoise", "ETC_SIGLE": "TL", "ETC_URL": "https://www.t-l.ch", "GO_CENTRE": 0, "HORAIR_URL": "https://www.tableaux-horaires.ch/fileadmin/fap_pdf_fields/2025/10.032.pdf", "LIGNE_NO": "32", "LIGNE_NOM": "Prilly - Renens VD - Crissier - Villars-Ste-Croix - Mex VD", "LIGNE_SIGL": null, "LIGNE_TYPE": "Bus urbain", "PLAN_URL": "https://prestations.vd.ch/pub/101587/api/download/2_Cartographie_et_geodonnees/2.1_Carte_des_reseaux/Carte_des_lignes_TP/topo/ligne_10.032.pdf", "SHAPE_LEN": 13508.591 }, "geometry": { "type": "MultiLineString", "coordinates": [ [ [ 732403.558984557515942, 5868969.889840827323496 ], [ 732413.192453993484378, 5868949.498655362054706 ], [ 732462.560150040080771, 5868840.980822961777449 ], [ 732412.601110461633652, 5868820.266099255532026 ], [ 732400.415978858247399, 5868800.769888699054718 ] ], [ [ 732399.197465698234737, 5868799.551375545561314 ], [ 732392.251584249665029, 5868742.840888886712492 ], [ 732391.265035412972793, 5868717.321284710429609 ], [ 732387.38213525491301, 5868679.251453292556107 ], [ 732386.473342497250997, 5868664.139870777726173 ], [ 732385.349239083006978, 5868643.898906576447189 ], [ 732385.169243051903322, 5868635.806667626835406 ], [ 732385.617699894006364, 5868619.360273672267795 ], [ 732387.042648629518226, 5868587.556745612993836 ], [ 732389.175822998047806, 5868564.385708311572671 ], [ 732390.786705707898363, 5868540.130001314915717 ], [ 732394.01146137190517, 5868515.624204403720796 ], [ 732402.101295387605205, 5868464.205005186609924 ], [ 732403.079303981736302, 5868448.572894940152764 ], [ 732404.316971698659472, 5868433.48533827252686 ], [ 732407.692703157081269, 5868400.610429010353982 ], [ 732409.575614122324623, 5868382.264052291400731 ], [ 732412.667660022503696, 5868358.336749038659036 ], [ 732414.573454211233184, 5868331.659024422988296 ], [ 732416.045537550351582, 5868295.267507810145617 ], [ 732416.626297243521549, 5868192.797548339702189 ], [ 732416.922147035365924, 5868185.520528314635158 ], [ 732419.582052280660719, 5868119.480115679092705 ], [ 732420.095168317551725, 5868072.561966311186552 ], [ 732420.339918293408118, 5868050.182503236457705 ], [ 732420.316116946400143, 5868002.989448952488601 ], [ 732420.702274045092054, 5867943.127999274991453 ], [ 732420.333409410552122, 5867927.752806719392538 ], [ 732420.569302419084124, 5867906.183154677040875 ], [ 732421.861352936597541, 5867886.51216218713671 ], [ 732422.09773866343312, 5867882.017164797522128 ], [ 732422.876132483710535, 5867867.37688263040036 ], [ 732424.919071641983464, 5867852.567086059600115 ], [ 732427.249863570788875, 5867841.030652184970677 ] ], [ [ 732427.223268520087004, 5867840.886146948672831 ], [ 732437.976095174090005, 5867789.341533471830189 ], [ 732456.64837257086765, 5867704.063365456648171 ], [ 732465.747570633189753, 5867658.591569562442601 ], [ 732471.464569040690549, 5867627.373053951188922 ], [ 732472.517526982817799, 5867604.732803853228688 ], [ 732471.596391872386448, 5867584.375673276372254 ], [ 732470.717552868998609, 5867572.895997883751988 ], [ 732469.263016170822084, 5867558.319019974209368 ], [ 732466.218351158197038, 5867541.836208104155958 ], [ 732455.678820164757781, 5867497.765290165320039 ], [ 732448.27387077815365, 5867462.089044254273176 ], [ 732443.460604820866138, 5867435.34300946071744 ], [ 732438.215230289730243, 5867398.610473181121051 ], [ 732431.03576540434733, 5867317.908554524183273 ], [ 732420.815454010153189, 5867216.955868347547948 ], [ 732493.435473320772871, 5867191.052309587597847 ], [ 732596.225899628712796, 5867156.049962474033237 ], [ 732669.283649663324468, 5867136.088470980525017 ], [ 732688.975729726837017, 5867129.565350675024092 ], [ 732708.962670212495141, 5867120.886358804069459 ] ], [ [ 732586.782344272476621, 5866668.758211851119995 ], [ 732586.00222227408085, 5866669.366901364177465 ], [ 732585.201511136139743, 5866669.867635132744908 ], [ 732584.42522372934036, 5866670.257996105588973 ], [ 732583.476553072920069, 5866670.62025850545615 ], [ 732582.636750366073102, 5866670.846871421672404 ], [ 732581.635039296466857, 5866671.016384717077017 ], [ 732580.692592002800666, 5866671.074452155269682 ], [ 732579.851201512734406, 5866671.047737449407578 ], [ 732578.844074188265949, 5866670.915839455090463 ], [ 732577.998755092499778, 5866670.717296517454088 ], [ 732577.10377938253805, 5866670.414845778606832 ], [ 732576.179604164441116, 5866669.995609788224101 ], [ 732575.3663726990344, 5866669.516449054703116 ], [ 732574.662332005565986, 5866669.005004616454244 ], [ 732573.90349832281936, 5866668.328452236019075 ], [ 732573.312631266424432, 5866667.685773245058954 ], [ 732572.309652016498148, 5866666.243697009049356 ], [ 732560.643700426793657, 5866673.282417811453342 ], [ 732509.689362045261078, 5866687.551113420166075 ], [ 732495.387381509644911, 5866692.786148603074253 ], [ 732484.589687503757887, 5866697.251733504235744 ], [ 732474.308292550733313, 5866703.338935274630785 ], [ 732467.004659476457164, 5866707.572157233022153 ], [ 732457.504893061937764, 5866716.097694645635784 ], [ 732437.716288895346224, 5866731.516847453080118 ], [ 732420.101047700969502, 5866746.31352111697197 ], [ 732400.009037470328622, 5866763.189490171149373 ], [ 732391.062267001834698, 5866770.368640192784369 ], [ 732382.143493596813641, 5866774.854824840091169 ], [ 732371.615590761764906, 5866779.052500478923321 ], [ 732361.112765058409423, 5866780.825040760450065 ], [ 732343.913826964097098, 5866780.635611460544169 ], [ 732323.738494031480514, 5866782.301558985374868 ] ], [ [ 732572.309652016498148, 5866666.243697009049356 ], [ 732571.863796581630595, 5866665.344934389926493 ], [ 732571.553461151197553, 5866664.527730220928788 ], [ 732571.303649934008718, 5866663.616564016789198 ], [ 732571.14550611784216, 5866662.683112373575568 ], [ 732571.078230336308479, 5866661.667678616940975 ], [ 732571.103711961535737, 5866660.795932919718325 ], [ 732571.239544437383302, 5866659.785642922855914 ], [ 732571.440374528989196, 5866658.936205521225929 ], [ 732571.770148203941062, 5866657.973176775500178 ], [ 732572.165523426723666, 5866657.115686737000942 ], [ 732572.604751090402715, 5866656.362040566280484 ], [ 732573.157331471564248, 5866655.593626216053963 ], [ 732573.781810080981813, 5866654.885689818300307 ], [ 732574.472335237194784, 5866654.242534445598722 ], [ 732575.224474474671297, 5866653.671390365809202 ], [ 732576.029442339320667, 5866653.179440028965473 ], [ 732576.879983847844414, 5866652.766603674739599 ], [ 732578.602650379878469, 5866652.223593333736062 ], [ 732579.464745605946518, 5866652.081662713550031 ], [ 732580.405803435016423, 5866652.017757073044777 ], [ 732581.421216614311561, 5866652.055118610151112 ], [ 732582.281933945720084, 5866652.172305149026215 ], [ 732583.202512589166872, 5866652.389143790118396 ], [ 732584.093085993314162, 5866652.69591233599931 ], [ 732585.014262415003031, 5866653.123848537914455 ], [ 732585.764046214404516, 5866653.565915348939598 ], [ 732586.528567428234965, 5866654.120240744203329 ], [ 732587.23132040607743, 5866654.749589128419757 ], [ 732587.872400503256358, 5866655.445226773619652 ], [ 732588.477353625232354, 5866656.259843236766756 ], [ 732588.927764989668503, 5866657.007250727154315 ], [ 732589.36466149368789, 5866657.929206001572311 ], [ 732589.656087678624317, 5866658.75056857150048 ], [ 732589.888425100129098, 5866659.667364951223135 ], [ 732590.034152414067648, 5866660.674925417639315 ], [ 732590.075418697786517, 5866661.547404482029378 ], [ 732590.02736350602936, 5866662.493148217909038 ], [ 732589.887990598101169, 5866663.429153949953616 ], [ 732589.6334323938936, 5866664.414847381412983 ], [ 732589.307420566095971, 5866665.299305442720652 ], [ 732588.925852552289143, 5866666.088525986298919 ], [ 732588.436703779967502, 5866666.895490053109825 ], [ 732587.821270109736361, 5866667.705434092320502 ], [ 732586.782344272476621, 5866668.758211851119995 ], [ 732598.776408906443976, 5866683.239852514117956 ], [ 732655.865125625394285, 5866758.720325579866767 ], [ 732659.819626979529858, 5866761.646262752823532 ], [ 732665.048956283484586, 5866764.642971290275455 ], [ 732671.268591465079226, 5866765.723043322563171 ], [ 732704.032190447440371, 5866761.859308094717562 ], [ 732729.588112380355597, 5866758.489973871968687 ], [ 732747.756075685843825, 5866761.372343094088137 ], [ 732834.358978428994305, 5866769.203822671435773 ], [ 732836.796004748088308, 5866784.739865462295711 ], [ 732840.451544227660634, 5866795.70648390147835 ] ], [ [ 735096.655339726014063, 5865257.624660337343812 ], [ 735095.687222281936556, 5865257.793337428942323 ], [ 735094.709270697552711, 5865258.068165521137416 ], [ 735093.894915948505513, 5865258.376766281202435 ], [ 735092.983324798988178, 5865258.824061003513634 ], [ 735092.178611079463735, 5865259.317621704190969 ], [ 735091.423931622877717, 5865259.881584879942238 ], [ 735090.722203439450823, 5865260.514526190236211 ], [ 735090.129236704320647, 5865261.152997867204249 ], [ 735089.508376567042433, 5865261.958561286330223 ], [ 735089.040590211632662, 5865262.695895335637033 ] ], [ [ 731913.451915118144825, 5865950.129993732087314 ], [ 731923.778124516597018, 5865953.122134106233716 ], [ 731984.300320478854701, 5865972.93380062840879 ], [ 732030.640293053002097, 5865987.704522260464728 ], [ 732045.626637221314013, 5865992.48466943576932 ], [ 732067.286298597697169, 5866002.698380746878684 ], [ 732093.983747981255874, 5866018.631803049705923 ], [ 732113.718877127859741, 5866032.597345805726945 ], [ 732127.560855031362735, 5866044.615585335530341 ], [ 732138.988673849613406, 5866056.333498046733439 ], [ 732149.328042365959845, 5866069.390292036347091 ], [ 732157.500986679340713, 5866083.769713109359145 ], [ 732164.396735282032751, 5866100.42343186866492 ], [ 732180.40672487707343, 5866146.861247075721622 ], [ 732196.645706072333269, 5866190.428199402056634 ], [ 732210.56884067854844, 5866219.700711376965046 ], [ 732224.350263204425573, 5866261.9132285034284 ], [ 732227.75997282739263, 5866269.497377508319914 ], [ 732231.98371339647565, 5866276.556252268142998 ], [ 732238.049100558506325, 5866293.831376334652305 ] ], [ [ 732839.233031067298725, 5866797.838881929405034 ], [ 732829.392909648478962, 5866847.984968666918576 ], [ 732802.068379656295292, 5866902.32638540584594 ], [ 732787.446221724967472, 5866941.928063107654452 ], [ 732746.930659124976955, 5867031.488780381157994 ], [ 732731.089988033985719, 5867063.779379115439951 ], [ 732721.646511036204174, 5867086.321872572414577 ], [ 732707.633609685581177, 5867121.658754223957658 ] ], [ [ 733237.300051127793267, 5866020.138793352991343 ], [ 733237.400912945042364, 5866021.007488489151001 ], [ 733237.418899049051106, 5866022.025215991772711 ], [ 733237.346267832675949, 5866022.969169979915023 ], [ 733237.199105381034315, 5866023.82788039278239 ], [ 733236.933047248166986, 5866024.811939021572471 ], [ 733236.625261360313743, 5866025.62959301751107 ], [ 733236.180033723358065, 5866026.543278925120831 ], [ 733235.682306512258947, 5866027.347214750014246 ], [ 733235.159630985115655, 5866028.043156823143363 ], [ 733234.475242952932604, 5866028.798473481088877 ], [ 733233.771899573504925, 5866029.428393349982798 ], [ 733233.075527623528615, 5866029.950667712837458 ], [ 733232.270653971005231, 5866030.442644037306309 ], [ 733231.423074044636451, 5866030.858458010479808 ], [ 733230.54010547825601, 5866031.192366681993008 ], [ 733229.630516811739653, 5866031.438642924651504 ], [ 733228.701578340027481, 5866031.595910376869142 ], [ 733227.687952361186035, 5866031.66782305482775 ], [ 733226.746525216964073, 5866031.638624751009047 ], [ 733225.926264409907162, 5866031.542330933734775 ], [ 733225.005466796923429, 5866031.35031948890537 ], [ 733224.03513479907997, 5866031.042767263948917 ], [ 733223.168526874971576, 5866030.670840594917536 ], [ 733222.405422042589635, 5866030.254916894249618 ], [ 733221.618820117553696, 5866029.731015105731785 ], [ 733220.886690722196363, 5866029.134922961704433 ], [ 733220.164592759916559, 5866028.416661747731268 ], [ 733219.377207267214544, 5866027.429839772172272 ], [ 733218.853741671424359, 5866026.592923720367253 ], [ 733218.430498518166132, 5866025.746911719441414 ], [ 733218.088900267495774, 5866024.865398489870131 ], [ 733217.833236446138471, 5866023.954253647476435 ], [ 733217.664847425185144, 5866023.023681717924774 ], [ 733217.586556042660959, 5866022.080992005765438 ], [ 733217.591674695606343, 5866021.207630468532443 ], [ 733217.695534537080675, 5866020.19414427690208 ], [ 733217.865897378418595, 5866019.337143443524837 ], [ 733218.157947315019555, 5866018.365015237592161 ], [ 733218.518614091328345, 5866017.488256223499775 ], [ 733218.958638019044884, 5866016.653122871182859 ], [ 733219.475101506453939, 5866015.861039009876549 ], [ 733220.016497115255333, 5866015.178404413163662 ], [ 733220.669627295807004, 5866014.495533631183207 ], [ 733221.440090395160951, 5866013.831411776132882 ], [ 733222.508602295303717, 5866013.113770748488605 ], [ 733220.946459051920101, 5866010.243561069481075 ], [ 733212.727985538891517, 5865999.640844913199544 ], [ 733200.178380090394057, 5865992.223942238837481 ], [ 733178.491094263852574, 5865984.707257243804634 ], [ 733154.116785066667944, 5865977.162632967345417 ], [ 733146.892588866990991, 5865974.697855148464441 ], [ 733106.728002450894564, 5865960.99774824641645 ], [ 733071.646633657859638, 5865949.02999153546989 ], [ 732988.398110936512239, 5865918.732275291346014 ] ], [ [ 733222.508602295303717, 5866013.113770748488605 ], [ 733223.295211805263534, 5866012.70020445343107 ], [ 733224.16832242871169, 5866012.338531462475657 ], [ 733225.068052908522077, 5866012.064490563236177 ], [ 733225.994434836902656, 5866011.875170703977346 ], [ 733226.93142948509194, 5866011.77767528872937 ], [ 733227.94727625104133, 5866011.768381965346634 ], [ 733228.885152343777008, 5866011.857224797829986 ], [ 733229.739569887751713, 5866012.015030046924949 ], [ 733230.648032383294776, 5866012.273867901414633 ], [ 733231.592987087438814, 5866012.646648058667779 ], [ 733232.367934721522033, 5866013.040863965637982 ], [ 733233.226875327061862, 5866013.584477241151035 ], [ 733233.969318350660615, 5866014.166122904978693 ], [ 733234.655885695014149, 5866014.815576440654695 ], [ 733235.276468447875232, 5866015.528360471129417 ], [ 733235.786846432136372, 5866016.234119122847915 ], [ 733236.301149966660887, 5866017.113148333504796 ], [ 733236.6698601488024, 5866017.903247121721506 ], [ 733236.989601876819506, 5866018.793254582211375 ], [ 733237.300051127793267, 5866020.138793352991343 ], [ 733247.726399850798771, 5866018.894399000331759 ], [ 733262.757555773714557, 5866020.675670172087848 ], [ 733276.693142850068398, 5866024.333003034815192 ], [ 733293.553555506863631, 5866030.986011914908886 ], [ 733308.288569339900278, 5866035.192080361768603 ], [ 733321.995218436699361, 5866035.072224891744554 ], [ 733335.983400961500593, 5866033.878200618550181 ], [ 733351.876786638167687, 5866030.544664879329503 ], [ 733366.719836496282369, 5866024.77592156548053 ], [ 733380.225184011622332, 5866018.452518747188151 ], [ 733395.39205819030758, 5866007.832525476813316 ], [ 733410.307963800616562, 5865995.326120991259813 ], [ 733423.82347092719283, 5865987.922661297954619 ], [ 733443.806175103527494, 5865981.069985263049603 ], [ 733443.528032826376148, 5865980.222657362930477 ], [ 733443.308697814354673, 5865979.304641135968268 ], [ 733443.161448524915613, 5865978.295701561495662 ], [ 733443.10994424589444, 5865977.423183619044721 ], [ 733443.138378505711444, 5865976.404511717148125 ], [ 733443.233350973459892, 5865975.539411649107933 ], [ 733443.432801045011729, 5865974.540070340968668 ], [ 733443.700933076208457, 5865973.630273915827274 ], [ 733444.041294488939457, 5865972.750377802178264 ], [ 733444.459673070698045, 5865971.901900676079094 ], [ 733444.947284737718292, 5865971.092025319114327 ], [ 733445.501133216777816, 5865970.329453192651272 ], [ 733446.118332472629845, 5865969.61269717104733 ], [ 733446.795854745083489, 5865968.953369749709964 ], [ 733447.467890452011488, 5865968.39879200514406 ], [ 733448.241330699063838, 5865967.859875224530697 ], [ 733449.780992317711934, 5865967.046897829510272 ], [ 733450.594051533029415, 5865966.735499328002334 ], [ 733451.569326581666246, 5865966.452069265767932 ], [ 733452.495588559308089, 5865966.272914867848158 ], [ 733453.361466602887958, 5865966.176077054813504 ], [ 733454.374547776882537, 5865966.15362611785531 ], [ 733455.244576008757576, 5865966.209680336527526 ], [ 733456.565611902857199, 5865966.424947381950915 ], [ 733457.445263325818814, 5865966.66452260967344 ], [ 733458.396278236759827, 5865967.014051143079996 ], [ 733459.248018838348798, 5865967.419270579703152 ], [ 733460.06418246019166, 5865967.893975574523211 ], [ 733460.778500654967502, 5865968.393774121068418 ], [ 733461.504774772096425, 5865968.995600847527385 ], [ 733462.178155759465881, 5865969.657990576699376 ], [ 733462.789985527982935, 5865970.376482012681663 ], [ 733463.381773011526093, 5865971.203931796364486 ], [ 733463.856133160064928, 5865972.021369147114456 ], [ 733464.263327449909411, 5865972.877378923818469 ], [ 733464.572318015620112, 5865973.690104751847684 ], [ 733464.835291975061409, 5865974.598405084572732 ], [ 733465.016780073055997, 5865975.527653750963509 ], [ 733465.121229416341521, 5865976.469165043905377 ], [ 733465.139241898083128, 5865977.486886934377253 ], [ 733465.076807567384094, 5865978.429493095725775 ], [ 733464.931751268915832, 5865979.363921482115984 ], [ 733464.708488623029552, 5865980.284397406503558 ], [ 733464.371379548683763, 5865981.266228671185672 ], [ 733463.999446657951921, 5865982.113757561892271 ], [ 733463.543566776323132, 5865982.941448701545596 ], [ 733462.97577935946174, 5865983.785389895550907 ], [ 733462.383040930493735, 5865984.521338513121009 ], [ 733461.781264060060494, 5865985.153834820725024 ], [ 733461.019432586035691, 5865985.826803673990071 ], [ 733460.320223115733825, 5865986.344695491716266 ], [ 733459.456874017370865, 5865986.878268612548709 ], [ 733458.676317726145498, 5865987.270085451193154 ], [ 733457.803298018407077, 5865987.624503356404603 ], [ 733456.829361483221874, 5865987.918139221146703 ], [ 733455.979963007615879, 5865988.101042752154171 ], [ 733454.973031527362764, 5865988.225459198467433 ], [ 733454.103491482557729, 5865988.258207216858864 ], [ 733453.14629741339013, 5865988.211393573321402 ], [ 733452.284119828604162, 5865988.100108288228512 ], [ 733451.291029246523976, 5865987.884043611586094 ], [ 733450.458009061170742, 5865987.626050958409905 ], [ 733449.51751063996926, 5865987.243154397234321 ], [ 733448.741136117372662, 5865986.846032149158418 ], [ 733447.939716452965513, 5865986.349650280550122 ], [ 733447.184014596627094, 5865985.785348744131625 ], [ 733446.426623611943796, 5865985.108940721489489 ], [ 733445.781108738970943, 5865984.419193933717906 ], [ 733445.197098251548596, 5865983.677712033502758 ], [ 733444.676011539879255, 5865982.887421877123415 ], [ 733444.257670360500924, 5865982.122997218742967 ], [ 733443.806175103527494, 5865981.069985263049603 ] ], [ [ 734934.988692093174905, 5864722.207492523826659 ], [ 734934.133328473079018, 5864722.556372968479991 ], [ 734933.165136934956536, 5864722.873479088768363 ], [ 734932.254436380462721, 5864723.105328062549233 ], [ 734931.398201485630125, 5864723.2635313058272 ], [ 734930.388628063490614, 5864723.379337650723755 ], [ 734929.519126168102957, 5864723.420960270799696 ], [ 734928.576243859366514, 5864723.405032675713301 ], [ 734927.683304754318669, 5864723.331421147100627 ], [ 734926.750443988246843, 5864723.191885131411254 ], [ 734925.828404506552033, 5864722.989879438653588 ], [ 734924.922973561915569, 5864722.726921592839062 ], [ 734924.038487723912112, 5864722.404513553716242 ], [ 734923.109991752658971, 5864721.991394095122814 ], [ 734922.341055525350384, 5864721.581440295092762 ], [ 734921.536735791247338, 5864721.088144935667515 ], [ 734920.769256730214693, 5864720.541391756385565 ], [ 734919.982537722564302, 5864719.894004349596798 ], [ 734919.349064198904671, 5864719.297745793126523 ], [ 734918.703557650092989, 5864718.605296739377081 ], [ 734918.106342244776897, 5864717.874067446216941 ], [ 734917.560334844747558, 5864717.102633718401194 ], [ 734917.031323598464951, 5864716.233865256421268 ], [ 734916.597747464547865, 5864715.395229371264577 ], [ 734916.246441766736098, 5864714.596773306839168 ], [ 734915.926515009370632, 5864713.712780543603003 ], [ 734902.305587366805412, 5864717.969579764641821 ], [ 734874.518903365707956, 5864728.184554749168456 ], [ 734844.905510231968947, 5864739.490389519371092 ], [ 734829.189755040104501, 5864745.490114378742874 ], [ 734807.317356137325987, 5864755.768362873233855 ], [ 734797.613728347234428, 5864760.55901254247874 ], [ 734783.274835256277584, 5864767.640318223275244 ], [ 734760.327335235080682, 5864777.63766956422478 ], [ 734655.882592423353344, 5864820.186144407838583 ], [ 734595.674847412621602, 5864846.766726845875382 ], [ 734561.942634675535373, 5864860.152486841194332 ], [ 734510.637137961806729, 5864883.32062313798815 ], [ 734474.584193888236769, 5864900.820582171902061 ], [ 734463.908314252272248, 5864906.000735905021429 ], [ 734414.201039423700422, 5864930.53490530140698 ], [ 734347.992028227658011, 5864965.405576205812395 ], [ 734329.069740693201311, 5864976.213950055651367 ], [ 734310.578054199111648, 5864986.776592338457704 ], [ 734302.994223049725406, 5864991.10791349131614 ], [ 734200.330913651268929, 5865052.564031627029181 ], [ 734191.141313649481162, 5865058.065660027787089 ], [ 734147.590858803247102, 5865084.822364104911685 ], [ 734094.833825629320927, 5865117.94927579537034 ], [ 734025.585813133395277, 5865160.330978443846107 ], [ 733931.178008034126833, 5865218.078372729942203 ], [ 733849.085955010144971, 5865265.190360454842448 ], [ 733844.761518392711878, 5865267.673254108056426 ], [ 733803.009247890906408, 5865291.633308693766594 ], [ 733753.210713157779537, 5865324.252480858005583 ], [ 733719.405594782438129, 5865344.372832807712257 ], [ 733711.388792228186503, 5865349.643793666735291 ], [ 733698.023564423550852, 5865358.428677011281252 ], [ 733690.695447572739795, 5865365.089913080446422 ], [ 733681.607253143098205, 5865375.251642877236009 ], [ 733674.873978917021304, 5865386.754807870835066 ], [ 733669.922102032229304, 5865397.485491699539125 ], [ 733656.727731762919575, 5865424.841238778084517 ], [ 733640.47179335472174, 5865461.866825764998794 ], [ 733630.826100073871203, 5865484.137559554539621 ], [ 733618.182841880130582, 5865510.419445861130953 ], [ 733605.301684786216356, 5865533.464431437663734 ], [ 733603.574691882939078, 5865536.180758565664291 ], [ 733594.914670062833466, 5865549.797064187936485 ], [ 733581.807231198414229, 5865569.063779567368329 ], [ 733563.522893430432305, 5865594.74738153629005 ], [ 733551.5078575250227, 5865612.408828406594694 ], [ 733530.203882714034989, 5865643.991347281262279 ], [ 733524.706157417269424, 5865655.522748691961169 ], [ 733521.663369671325199, 5865663.57861018832773 ], [ 733517.500358090386726, 5865675.664595697075129 ], [ 733514.97688539896626, 5865685.343339032493532 ], [ 733513.318206556607038, 5865691.130384339950979 ], [ 733509.272172965458594, 5865715.746401011012495 ], [ 733507.416916503221728, 5865738.371705978177488 ], [ 733505.529603392235003, 5865763.69258801266551 ], [ 733504.316066037514247, 5865776.620143409818411 ], [ 733502.561329683056101, 5865789.812580594792962 ], [ 733495.887814952875488, 5865810.499104933813214 ], [ 733490.290836067986675, 5865830.92663587257266 ], [ 733477.486275111907162, 5865872.037965132854879 ], [ 733474.353000888950191, 5865888.180740780197084 ], [ 733467.180171465850435, 5865918.795583138242364 ], [ 733461.018374442006461, 5865944.341200011782348 ], [ 733456.565611902857199, 5865966.424947381950915 ] ], [ [ 734915.926515009370632, 5864713.712780543603003 ], [ 734915.68015456025023, 5864712.868874308653176 ], [ 734915.460052350885235, 5864711.875335559248924 ], [ 734915.329979031579569, 5864711.010843875817955 ], [ 734915.243572104373015, 5864709.996906334534287 ], [ 734915.230436885962263, 5864709.050706224516034 ], [ 734915.279680953477509, 5864708.105174891650677 ], [ 734915.383213826222345, 5864707.238821271806955 ], [ 734915.569426389294676, 5864706.237994815222919 ], [ 734915.804062992916442, 5864705.322105103172362 ], [ 734916.103794152499177, 5864704.424378951080143 ], [ 734916.431593304965645, 5864703.615737721323967 ], [ 734916.875143181765452, 5864702.700632181018591 ], [ 734917.305413451162167, 5864701.942575627937913 ], [ 734917.868672050070018, 5864701.094249743036926 ], [ 734918.552677963627502, 5864700.215197780169547 ], [ 734919.222108588088304, 5864699.47862608358264 ], [ 734919.8480588728562, 5864698.874036478810012 ], [ 734920.623987050494179, 5864698.218657399527729 ], [ 734921.384369818610139, 5864697.660628417506814 ], [ 734922.119145451113582, 5864697.191108833067119 ], [ 734922.948044650023803, 5864696.738608297891915 ], [ 734923.870989907067269, 5864696.310403318144381 ], [ 734924.750857919803821, 5864695.976342326030135 ], [ 734925.654751937021501, 5864695.70221318397671 ], [ 734926.499812784837559, 5864695.503137999214232 ], [ 734927.431449357420206, 5864695.348654872737825 ], [ 734928.44084910012316, 5864695.248857622034848 ], [ 734929.384146840660833, 5864695.225491888821125 ], [ 734930.255756868980825, 5864695.258121177554131 ], [ 734931.190530345076695, 5864695.354012714698911 ], [ 734932.12173606059514, 5864695.512451260350645 ], [ 734933.107184220687486, 5864695.754433051683009 ], [ 734933.935680140159093, 5864696.020931151695549 ], [ 734934.814159490633756, 5864696.362194019369781 ], [ 734935.732266077189706, 5864696.797031817957759 ], [ 734936.493776886956766, 5864697.222913935780525 ], [ 734937.34533229644876, 5864697.776387236081064 ], [ 734938.044876420637593, 5864698.299121921882033 ], [ 734938.81255002412945, 5864698.963767690584064 ], [ 734939.484494385775179, 5864699.625932076945901 ], [ 734940.063688328140415, 5864700.2783696455881 ], [ 734940.684775587171316, 5864701.08408098295331 ], [ 734941.211785714724101, 5864701.868407537229359 ], [ 734941.681831995723769, 5864702.68851053994149 ], [ 734942.066691140178591, 5864703.469858353957534 ], [ 734942.43024905002676, 5864704.344128347933292 ], [ 734942.732646002899855, 5864705.239575111307204 ], [ 734942.976798838353716, 5864706.154774458147585 ], [ 734943.156997796497308, 5864707.080932353623211 ], [ 734943.316615401534364, 5864708.577416219748557 ], [ 734943.333857756340876, 5864709.54694782756269 ], [ 734943.292660432867706, 5864710.418336398899555 ], [ 734943.189790649339557, 5864711.358927021734416 ], [ 734943.00648249767255, 5864712.359785739332438 ], [ 734942.79145124705974, 5864713.206024117767811 ], [ 734942.477891557500698, 5864714.176377695053816 ], [ 734942.154446462751366, 5864714.98506751190871 ], [ 734941.744946152321063, 5864715.836499502882361 ], [ 734941.282049452187493, 5864716.661160748451948 ], [ 734940.723113174783066, 5864717.512446905486286 ], [ 734940.149288567248732, 5864718.263145620003343 ], [ 734939.528025244013406, 5864718.972582615911961 ], [ 734938.912074690451846, 5864719.591836955398321 ], [ 734938.204669030383229, 5864720.215933104045689 ], [ 734937.455704872496426, 5864720.791553091257811 ], [ 734936.672466630814597, 5864721.31586401630193 ], [ 734935.853534626425244, 5864721.785939697176218 ], [ 734934.988692093174905, 5864722.207492523826659 ], [ 734943.714991983142681, 5864740.51778990868479 ], [ 734957.587627699482255, 5864775.170138830319047 ], [ 734968.03739175433293, 5864803.317725358530879 ], [ 734969.598915736190975, 5864808.187063604593277 ], [ 734989.798719764687121, 5864871.221250267699361 ], [ 734994.824523946503177, 5864886.90136755630374 ], [ 735029.509213664801791, 5865011.278314952738583 ], [ 735053.104114992776886, 5865092.135356857441366 ], [ 735054.78171989612747, 5865098.514019996859133 ], [ 735071.016004693927243, 5865153.634567999280989 ], [ 735075.918604489415884, 5865170.287583232857287 ], [ 735094.034219083026983, 5865235.719486803747714 ], [ 735096.655339726014063, 5865257.624660337343812 ], [ 735097.554280644049868, 5865257.548399291932583 ], [ 735098.497298138565384, 5865257.557032534852624 ], [ 735099.436501277959906, 5865257.65150326769799 ], [ 735100.431201574509032, 5865257.848457230255008 ], [ 735101.267195290653035, 5865258.097569196484983 ], [ 735102.142805071431212, 5865258.441716694273055 ], [ 735102.985616089776158, 5865258.868480514734983 ], [ 735103.844614278990775, 5865259.410407181829214 ], [ 735104.53541575872805, 5865259.941801080480218 ], [ 735105.23087560152635, 5865260.580956718884408 ], [ 735105.909139416529797, 5865261.336373725906014 ], [ 735106.471264149411581, 5865262.097826181910932 ], [ 735106.961806045961566, 5865262.905091056600213 ], [ 735107.346689097699709, 5865263.687936633825302 ], [ 735107.710948578780517, 5865264.636496307328343 ], [ 735107.947203120798804, 5865265.478885913267732 ], [ 735108.133880475768819, 5865266.48085767775774 ], [ 735108.21315758919809, 5865267.349224004894495 ], [ 735108.216159085161053, 5865268.295375132933259 ], [ 735108.133626778842881, 5865269.234789127483964 ], [ 735107.945942544261925, 5865270.23857893794775 ], [ 735107.688160392688587, 5865271.148462629877031 ], [ 735107.3479624876054, 5865272.03126454539597 ], [ 735106.925488040084019, 5865272.873886036686599 ], [ 735106.470666721230373, 5865273.620094034820795 ], [ 735105.909784036222845, 5865274.379723166115582 ], [ 735105.250542474444956, 5865275.110644308850169 ], [ 735104.558876673923805, 5865275.752428892068565 ], [ 735103.811326709808782, 5865276.328115017153323 ], [ 735102.422851756797172, 5865277.140024644322693 ], [ 735101.500209843507037, 5865277.534802509471774 ], [ 735100.673229736858048, 5865277.802513594739139 ], [ 735099.68134075764101, 5865278.023337718099356 ], [ 735098.747145934728906, 5865278.139977972954512 ], [ 735097.876247274922207, 5865278.171416698023677 ], [ 735096.936546852695756, 5865278.123518506065011 ], [ 735095.931209268863313, 5865277.971572553738952 ], [ 735095.016608893289231, 5865277.746363221667707 ], [ 735094.124714010744356, 5865277.432606992311776 ], [ 735093.33193610527087, 5865277.076244057156146 ], [ 735092.447840417386033, 5865276.57480269856751 ], [ 735091.733454607659951, 5865276.078088159672916 ], [ 735091.008623138186522, 5865275.472094158641994 ], [ 735090.343954361858778, 5865274.802698804996908 ], [ 735089.740837161894888, 5865274.075739262625575 ], [ 735089.16795793781057, 5865273.234113335609436 ], [ 735088.746574623393826, 5865272.472709086723626 ] ], [ [ 732237.403807817026973, 5866295.741550285369158 ], [ 732236.221330815344118, 5866306.016507933847606 ], [ 732247.797205834067427, 5866354.757034325972199 ], [ 732262.419363749446347, 5866435.788159460760653 ], [ 732263.028620303724892, 5866622.829929516650736 ], [ 732261.810107127646916, 5866742.244219185784459 ], [ 732261.200850544613786, 5866763.56819948554039 ] ] ] } },
{ "type": "Feature", "properties": { "CADRE_NO": "10.013", "DDT_URL": null, "ETC_NOM": "Transports publics de la région lausannoise", "ETC_SIGLE": "TL", "ETC_URL": "https://www.t-l.ch", "GO_CENTRE": 0, "HORAIR_URL": "https://www.tableaux-horaires.ch/fileadmin/fap_pdf_fields/2025/10.013.pdf", "LIGNE_NO": "13", "LIGNE_NOM": "Lausanne Montbenon - St-François - Mousquines - Verdeil", "LIGNE_SIGL": null, "LIGNE_TYPE": "Bus urbain", "PLAN_URL": "https://prestations.vd.ch/pub/101587/api/download/2_Cartographie_et_geodonnees/2.1_Carte_des_reseaux/Carte_des_lignes_TP/topo/ligne_10.013.pdf", "SHAPE_LEN": 1850.912 }, "geometry": { "type": "MultiLineString", "coordinates": [ [ [ 740248.859246495761909, 5863776.383185393176973 ], [ 740251.611531681613997, 5863769.592151415534317 ], [ 740256.120558949303813, 5863765.516277936287224 ], [ 740258.388257314451039, 5863763.465376486070454 ], [ 740261.951720593380742, 5863756.760390750132501 ], [ 740264.159482111805119, 5863750.853771947324276 ], [ 740266.437587875057943, 5863737.940565860830247 ], [ 740265.47516029397957, 5863726.877798478119075 ], [ 740262.615141640650108, 5863717.415622082538903 ], [ 740257.613575891591609, 5863707.122666646726429 ], [ 740252.044098098063841, 5863699.789881417527795 ], [ 740245.653354533715174, 5863694.065635251812637 ], [ 740228.838404517271556, 5863683.113372392952442 ], [ 740126.08371527318377, 5863614.691146459430456 ], [ 740122.642406957806088, 5863612.418088636361063 ], [ 740063.097128758672625, 5863573.084350045770407 ], [ 740050.013746322831139, 5863564.866308118216693 ], [ 740039.303710628417321, 5863561.253508952446282 ], [ 740027.212344647501595, 5863561.131009669974446 ], [ 740020.489850339712575, 5863561.870574810542166 ], [ 739989.292021613102406, 5863565.05871229339391 ], [ 739974.235309438197874, 5863566.253669074736536 ], [ 739967.532877772115171, 5863564.568903821520507 ], [ 739961.696934540290385, 5863561.255732166580856 ], [ 739957.381274366052821, 5863558.806399833410978 ], [ 739930.738927427097224, 5863563.388104259036481 ], [ 739912.155347059248015, 5863567.782263613305986 ], [ 739882.778992646955885, 5863576.915854621678591 ], [ 739848.002525664865971, 5863588.421944104135036 ], [ 739795.984152622986585, 5863604.604695572517812 ], [ 739781.137063404079527, 5863612.040263213217258 ], [ 739768.91516001522541, 5863621.247378025203943 ], [ 739754.083172436221503, 5863630.055405048653483 ], [ 739683.958902660291642, 5863664.873388942331076 ], [ 739683.334890289581381, 5863665.182840923778713 ], [ 739657.960234768339433, 5863677.054601664654911 ], [ 739617.49311085883528, 5863693.623206087388098 ], [ 739575.682471896870993, 5863709.908742126077414 ], [ 739509.478721864288673, 5863747.236687814816833 ], [ 739500.561223843251355, 5863752.267035412602127 ], [ 739360.25706832355354, 5863837.089591790921986 ], [ 739277.047350088250823, 5863886.46021085511893 ], [ 739267.811676606303081, 5863891.938304335810244 ], [ 739239.716347658191808, 5863906.747333563864231 ], [ 739205.853736498160288, 5863933.895356927067041 ], [ 739187.999112434219569, 5863945.528668150305748 ], [ 739172.0458852306474, 5863955.921082387678325 ], [ 739106.086406849441119, 5863995.407820934429765 ], [ 739053.849618433625437, 5864026.401649969629943 ], [ 739025.260040641995147, 5864043.367820497602224 ], [ 739000.40140180545859, 5864030.444170759059489 ], [ 738939.176267806091346, 5864000.703502311371267 ], [ 738918.856935631134547, 5863990.792240658774972 ], [ 738886.558586239116266, 5863978.366873162798584 ] ], [ [ 738886.558586239116266, 5863978.366873162798584 ], [ 738877.106522021931596, 5863974.730456065386534 ], [ 738868.807619642815553, 5863971.679274113848805 ] ], [ [ 738309.797482956317253, 5864012.016953939571977 ], [ 738329.204467033501714, 5864006.01758308056742 ], [ 738351.787803742685355, 5863999.521219523623586 ], [ 738354.534868692513555, 5863998.731672850437462 ], [ 738364.255802493193187, 5863996.221125524491072 ], [ 738387.671499310177751, 5863990.178606355562806 ], [ 738402.865629716194235, 5863987.702671546489 ], [ 738437.71797054912895, 5863982.019614098593593 ], [ 738527.621188882389106, 5863967.362591413781047 ], [ 738580.051161215058528, 5863963.858274566009641 ], [ 738664.042810795246623, 5863948.014015785418451 ], [ 738717.603848502156325, 5863938.860689955763519 ], [ 738792.466388997389004, 5863922.378526248969138 ], [ 738805.650898762280121, 5863920.627851604484022 ], [ 738820.420765499235131, 5863921.319489484652877 ], [ 738832.486423631664366, 5863923.867996864020824 ], [ 738843.731830284930766, 5863927.755710571072996 ], [ 738850.66952061210759, 5863932.409809457138181 ], [ 738856.792608186951838, 5863938.133950226940215 ], [ 738861.798151309485547, 5863947.889560214243829 ], [ 738866.238071996485814, 5863960.333215264603496 ], [ 738868.807619642815553, 5863971.679274113848805 ] ] ] } },
{ "type": "Feature", "properties": { "CADRE_NO": "10.048", "DDT_URL": null, "ETC_NOM": "Transports publics de la région lausannoise", "ETC_SIGLE": "TL", "ETC_URL": "https://www.t-l.ch", "GO_CENTRE": 0, "HORAIR_URL": "https://www.tableaux-horaires.ch/fileadmin/fap_pdf_fields/2025/10.048.pdf", "LIGNE_NO": "48", "LIGNE_NOM": "Pully gare - Perraudettaz - Les Liaudes - Daillettes", "LIGNE_SIGL": null, "LIGNE_TYPE": "Bus urbain", "PLAN_URL": "https://prestations.vd.ch/pub/101587/api/download/2_Cartographie_et_geodonnees/2.1_Carte_des_reseaux/Carte_des_lignes_TP/topo/ligne_10.048.pdf", "SHAPE_LEN": 3448.421 }, "geometry": { "type": "MultiLineString", "coordinates": [ [ [ 741594.494591936818324, 5864354.130736799910665 ], [ 741628.628562015946954, 5864336.507761687040329 ], [ 741675.931329408544116, 5864308.135066082701087 ], [ 741738.367186398012564, 5864270.74941967241466 ], [ 741766.750525338109583, 5864253.780625521205366 ], [ 741785.961772629991174, 5864240.223816292360425 ], [ 741798.959970795898698, 5864229.842079256661236 ], [ 741808.724270889535546, 5864220.503761034458876 ], [ 741822.853159002494067, 5864204.470349030569196 ], [ 741841.065161809907295, 5864183.357445010915399 ], [ 741852.461045346804895, 5864172.147696760483086 ], [ 741865.98807245620992, 5864162.848164990544319 ], [ 741874.084798174910247, 5864159.156156927347183 ], [ 741888.106011511408724, 5864154.173773453570902 ], [ 741903.190042476635426, 5864150.278884299099445 ], [ 741917.973815363598987, 5864149.617739123292267 ], [ 741924.160141852335073, 5864149.139128373004496 ], [ 741931.132710166275501, 5864150.286680111661553 ], [ 741946.408337509841658, 5864154.481116068549454 ], [ 741954.176814374164678, 5864156.716424603015184 ], [ 741962.473129912978038, 5864160.301721818745136 ], [ 741975.293220477295108, 5864167.977774186991155 ], [ 741991.583990977960639, 5864178.111395929940045 ], [ 742019.091320710722357, 5864195.094482125714421 ], [ 742067.432349219219759, 5864224.683593447320163 ], [ 742105.621324141975492, 5864248.513557200320065 ], [ 742133.669907514471561, 5864265.233975195325911 ], [ 742148.350852325325832, 5864275.351490802131593 ], [ 742156.336362652014941, 5864282.978112290613353 ], [ 742162.455101653933525, 5864289.240038003772497 ], [ 742167.453964362852275, 5864300.069566767662764 ], [ 742171.110723633202724, 5864310.619501014240086 ], [ 742178.903026243671775, 5864332.457657173275948 ], [ 742191.668166649062186, 5864368.229579482227564 ], [ 742193.608367663342506, 5864375.41663643438369 ], [ 742194.617693918989971, 5864379.152456942014396 ], [ 742201.565166186890565, 5864410.655087977647781 ], [ 742203.889522106968798, 5864422.455274134874344 ], [ 742204.77068549755495, 5864422.252946102060378 ], [ 742205.77725487225689, 5864422.133360453881323 ], [ 742206.723204643465579, 5864422.129608955234289 ], [ 742207.657999697723426, 5864422.227626245468855 ], [ 742208.510715584037825, 5864422.410701934248209 ], [ 742209.473816738696769, 5864422.728766528889537 ], [ 742210.266763723455369, 5864423.088812229223549 ], [ 742211.139403866138309, 5864423.606830241158605 ], [ 742212.020598406088538, 5864424.287939327768981 ] ], [ [ 740723.969976345892064, 5863153.137425527907908 ], [ 740731.987079538288526, 5863143.575800040736794 ], [ 740753.785026051802561, 5863103.610862222500145 ], [ 740777.389895398984663, 5863060.33181160222739 ], [ 740782.798468446359038, 5863048.618001975119114 ], [ 740777.389895398984663, 5863060.33181160222739 ] ], [ [ 740782.798468446359038, 5863048.618001975119114 ], [ 740801.409608091460541, 5863014.559979070909321 ], [ 740823.183559684664942, 5862982.170883443206549 ], [ 740844.056035106419586, 5862953.470405355095863 ], [ 740866.219266391242854, 5862925.651662377640605 ], [ 740895.009761512628756, 5862890.857893203385174 ], [ 740917.42456657323055, 5862865.41802188474685 ], [ 740932.362992081209086, 5862851.647776225581765 ], [ 740947.42430842446629, 5862840.970966652035713 ], [ 740957.342272861162201, 5862835.65721754450351 ], [ 740964.156416192301549, 5862832.787566876038909 ], [ 740975.059001589077525, 5862829.830837158486247 ], [ 740992.347406599204987, 5862827.686038224957883 ], [ 741014.396265843883157, 5862827.597011744044721 ], [ 741049.976677650935017, 5862831.04560025036335 ], [ 741114.962753337109461, 5862838.811856523156166 ], [ 741162.310987423290499, 5862844.780203438363969 ] ], [ [ 742212.020598406088538, 5864424.287939327768981 ], [ 742211.807421031291597, 5864437.578158940188587 ], [ 742211.048962138360366, 5864438.138277990743518 ], [ 742210.234770845272578, 5864438.611976631917059 ], [ 742209.302240658551455, 5864439.02192291803658 ], [ 742208.200770333991386, 5864439.350151780992746 ], [ 742207.261993716820143, 5864439.509704143740237 ], [ 742206.321330268401653, 5864439.565903030335903 ], [ 742205.438199470285326, 5864439.525157271884382 ], [ 742203.736873558256775, 5864439.183787214569747 ] ] ] } },
{ "type": "Feature", "properties": { "CADRE_NO": "10.046", "DDT_URL": null, "ETC_NOM": "Transports publics de la région lausannoise", "ETC_SIGLE": "TL", "ETC_URL": "https://www.t-l.ch", "GO_CENTRE": 0, "HORAIR_URL": "https://www.tableaux-horaires.ch/fileadmin/fap_pdf_fields/2025/10.046.pdf", "LIGNE_NO": "46", "LIGNE_NOM": "Epalinges Bois-Murat - Ballègue", "LIGNE_SIGL": null, "LIGNE_TYPE": "Bus urbain", "PLAN_URL": "https://prestations.vd.ch/pub/101587/api/download/2_Cartographie_et_geodonnees/2.1_Carte_des_reseaux/Carte_des_lignes_TP/topo/ligne_10.046.pdf", "SHAPE_LEN": 3786.198 }, "geometry": { "type": "MultiLineString", "coordinates": [ [ [ 742911.919758155127056, 5868650.892766801640391 ], [ 742595.106336433789693, 5868543.66360882576555 ], [ 742389.786868904368021, 5868403.534595493227243 ], [ 742286.822506849770434, 5868333.470088824629784 ], [ 742264.837816108250991, 5868287.260850275866687 ], [ 742260.134172596037388, 5868273.460524673573673 ], [ 742257.853679958498105, 5868259.143953355029225 ], [ 742256.925253907451406, 5868244.303475578315556 ], [ 742256.536186956334859, 5868228.929612580686808 ], [ 742258.000611229566857, 5868216.806494505144656 ], [ 742261.090595653746277, 5868203.354063977487385 ], [ 742266.20682042313274, 5868185.751568713225424 ], [ 742271.640626512817107, 5868169.210778737440705 ], [ 742277.225421141833067, 5868153.255376223474741 ], [ 742283.164990039076656, 5868134.126445974223316 ], [ 742288.165843811468221, 5868115.256195382215083 ], [ 742289.200449081719853, 5868105.071321927011013 ], [ 742289.28203584253788, 5868096.753865376114845 ], [ 742288.294200178934261, 5868088.558357520028949 ], [ 742285.321497623925097, 5868077.930637483485043 ], [ 742279.908904043375514, 5868066.27855668310076 ], [ 742271.443721533869393, 5868052.44144453946501 ], [ 742267.985882310313173, 5868048.363947849720716 ], [ 742257.867510651121847, 5868038.826148395426571 ], [ 742247.988292230758816, 5868031.985787296667695 ], [ 742241.430172244552523, 5868028.958029471337795 ], [ 742237.288966092281044, 5868026.485585698857903 ], [ 742226.044719182886183, 5868021.792444778606296 ], [ 742215.311001615016721, 5868019.797954276204109 ], [ 742202.683485814603046, 5868019.403820310719311 ], [ 742189.498787829768844, 5868020.620332618243992 ], [ 742174.679354977211915, 5868024.249292049556971 ], [ 742162.804043810698204, 5868028.986239423044026 ], [ 742132.764211365021765, 5868042.627617097459733 ], [ 742128.513006191584282, 5868044.557016051374376 ], [ 742110.333251545554958, 5868052.05476254876703 ], [ 742094.817751153372228, 5868056.794934597797692 ], [ 742080.993312632897869, 5868059.594929045066237 ], [ 742069.97453440760728, 5868060.462871171534061 ], [ 742058.547402521362528, 5868060.349769921042025 ], [ 742048.378350575338118, 5868059.969552745111287 ], [ 742030.27732403180562, 5868056.799685457721353 ], [ 741962.54357592551969, 5868044.301540406420827 ], [ 741907.456468008109368, 5868034.106487673707306 ], [ 741866.598809350980446, 5868026.860915640369058 ], [ 741820.712156867957674, 5868018.586803482845426 ], [ 741808.909930657129735, 5868016.04248190112412 ], [ 741790.936084869783372, 5868012.356509763747454 ], [ 741777.81008258915972, 5868007.913471951149404 ], [ 741766.571450560819358, 5868002.678165143355727 ], [ 741755.354113203240559, 5867995.286711868830025 ], [ 741748.152362887980416, 5867989.552764139138162 ], [ 741738.835965030011721, 5867980.290289926342666 ], [ 741730.86076980875805, 5867971.310502018779516 ], [ 741722.913392509450205, 5867959.368029687553644 ], [ 741716.061494683497585, 5867945.548022064380348 ], [ 741704.202520788297988, 5867921.428057571873069 ], [ 741696.795094477827661, 5867909.489538736641407 ], [ 741688.566041955142282, 5867898.891109601594508 ], [ 741677.920501548447646, 5867887.997846795246005 ], [ 741665.143152133910917, 5867875.467240835539997 ], [ 741657.612845645402558, 5867866.573449838906527 ], [ 741656.818822223576717, 5867867.174155822955072 ], [ 741656.01425351400394, 5867867.667013954371214 ], [ 741655.232546287006699, 5867868.049444445408881 ], [ 741654.351151044946164, 5867868.385747944936156 ], [ 741653.441580199054442, 5867868.635867989622056 ], [ 741652.51256984367501, 5867868.796979459933937 ], [ 741651.572841689689085, 5867868.867713115178049 ], [ 741650.692039759014733, 5867868.850217532366514 ], [ 741649.75692605227232, 5867868.747734524309635 ], [ 741648.832891649683006, 5867868.552178494632244 ], [ 741647.864963011350483, 5867868.245530872605741 ], [ 741647.062847143504769, 5867867.902676625177264 ], [ 741646.234194128657691, 5867867.454727398231626 ], [ 741645.44988337950781, 5867866.92568392958492 ], [ 741644.722875138395466, 5867866.325867025181651 ], [ 741644.054591850494035, 5867865.658202862367034 ], [ 741643.452217657119036, 5867864.930042834021151 ], [ 741642.922951079905033, 5867864.147282504476607 ], [ 741642.441245754715055, 5867863.251428418792784 ], [ 741642.102333151851781, 5867862.445809712633491 ], [ 741641.799904409796, 5867861.473115680739284 ], [ 741641.569349829573184, 5867860.276914961636066 ], [ 741641.494661201839335, 5867859.316678184084594 ], [ 741641.507647768827155, 5867858.443216637708247 ], [ 741641.608383437851444, 5867857.502196685411036 ], [ 741641.81708446063567, 5867856.504011307843029 ], [ 741642.076403284212574, 5867855.670855676755309 ], [ 741642.437695508240722, 5867854.799402794800699 ], [ 741642.92116298538167, 5867853.901501456275582 ], [ 741643.405835020588711, 5867853.175418227910995 ], [ 741644.003773566684686, 5867852.443181646056473 ], [ 741644.719159583793953, 5867851.722305088303983 ], [ 741645.649253107141703, 5867851.010843873023987 ] ], [ [ 741645.649253107141703, 5867851.010843873023987 ], [ 741646.049950064509176, 5867850.704704667441547 ], [ 741646.862951696501113, 5867850.23959596734494 ], [ 741647.723095141584054, 5867849.850667186081409 ], [ 741648.687064044177532, 5867849.529746135696769 ], [ 741649.536586608504876, 5867849.334357304498553 ], [ 741650.469588925130665, 5867849.209685795940459 ], [ 741651.413337725913152, 5867849.17248004116118 ], [ 741652.425752082024701, 5867849.236419876106083 ], [ 741653.357457791804336, 5867849.389827904291451 ], [ 741654.26796900248155, 5867849.631840022280812 ], [ 741655.08792961423751, 5867849.931190876290202 ], [ 741656.455423981882632, 5867850.633470010943711 ], [ 741657.278528285096399, 5867851.202208844944835 ], [ 741657.946396017447114, 5867851.765035971067846 ], [ 741658.657640294986777, 5867852.491364569403231 ], [ 741659.248318876256235, 5867853.228142115287483 ], [ 741659.76590461761225, 5867854.018064236268401 ], [ 741660.174836414866149, 5867854.787978143431246 ], [ 741660.537730541196652, 5867855.663721128366888 ], [ 741660.816181001486257, 5867856.566288172267377 ], [ 741661.018233350710943, 5867857.56273458711803 ], [ 741661.109764945926145, 5867858.434323410503566 ], [ 741661.11857566004619, 5867859.452144186012447 ], [ 741661.030902998405509, 5867860.393294458277524 ], [ 741660.871489512035623, 5867861.250740291550756 ], [ 741660.612846735515632, 5867862.162526909261942 ], [ 741660.270321120158769, 5867863.044359771534801 ], [ 741659.845435785595328, 5867863.88897408824414 ], [ 741659.341208226396702, 5867864.684751951135695 ], [ 741658.761977691552602, 5867865.433192471973598 ], [ 741657.612845645402558, 5867866.573449838906527 ] ], [ [ 741525.432362905354239, 5867855.518912725150585 ], [ 741540.125397289171815, 5867874.63818636815995 ], [ 741540.421895443811081, 5867875.035711419768631 ] ] ] } },
{ "type": "Feature", "properties": { "CADRE_NO": "10.045", "DDT_URL": null, "ETC_NOM": "Transports publics de la région lausannoise", "ETC_SIGLE": "TL", "ETC_URL": "https://www.t-l.ch", "GO_CENTRE": 0, "HORAIR_URL": "https://www.tableaux-horaires.ch/fileadmin/fap_pdf_fields/2025/10.045.pdf", "LIGNE_NO": "45", "LIGNE_NOM": "Epalinges Bois-Murat - Lausanne Chalet-à-Gobet", "LIGNE_SIGL": null, "LIGNE_TYPE": "Bus urbain", "PLAN_URL": "https://prestations.vd.ch/pub/101587/api/download/2_Cartographie_et_geodonnees/2.1_Carte_des_reseaux/Carte_des_lignes_TP/topo/ligne_10.045.pdf", "SHAPE_LEN": 6367.419 }, "geometry": { "type": "MultiLineString", "coordinates": [ [ [ 742264.837816108250991, 5868287.260850275866687 ], [ 742260.134172596037388, 5868273.460524673573673 ], [ 742257.853679958498105, 5868259.143953355029225 ], [ 742256.925253907451406, 5868244.303475578315556 ], [ 742256.536186956334859, 5868228.929612580686808 ], [ 742258.000611229566857, 5868216.806494505144656 ], [ 742261.090595653746277, 5868203.354063977487385 ], [ 742266.20682042313274, 5868185.751568713225424 ], [ 742271.640626512817107, 5868169.210778737440705 ], [ 742277.225421141833067, 5868153.255376223474741 ], [ 742283.164990039076656, 5868134.126445974223316 ], [ 742288.165843811468221, 5868115.256195382215083 ], [ 742289.200449081719853, 5868105.071321927011013 ], [ 742289.28203584253788, 5868096.753865376114845 ], [ 742288.294200178934261, 5868088.558357520028949 ], [ 742285.321497623925097, 5868077.930637483485043 ], [ 742279.908904043375514, 5868066.27855668310076 ], [ 742271.443721533869393, 5868052.44144453946501 ], [ 742267.985882310313173, 5868048.363947849720716 ], [ 742257.867510651121847, 5868038.826148395426571 ], [ 742247.988292230758816, 5868031.985787296667695 ], [ 742241.430172244552523, 5868028.958029471337795 ], [ 742237.288966092281044, 5868026.485585698857903 ], [ 742226.044719182886183, 5868021.792444778606296 ], [ 742215.311001615016721, 5868019.797954276204109 ], [ 742202.683485814603046, 5868019.403820310719311 ], [ 742189.498787829768844, 5868020.620332618243992 ], [ 742174.679354977211915, 5868024.249292049556971 ], [ 742162.804043810698204, 5868028.986239423044026 ], [ 742132.764211365021765, 5868042.627617097459733 ], [ 742128.513006191584282, 5868044.557016051374376 ], [ 742110.333251545554958, 5868052.05476254876703 ], [ 742094.817751153372228, 5868056.794934597797692 ], [ 742080.993312632897869, 5868059.594929045066237 ], [ 742069.97453440760728, 5868060.462871171534061 ], [ 742058.547402521362528, 5868060.349769921042025 ], [ 742048.378350575338118, 5868059.969552745111287 ], [ 742030.27732403180562, 5868056.799685457721353 ], [ 741962.54357592551969, 5868044.301540406420827 ], [ 741907.456468008109368, 5868034.106487673707306 ], [ 741866.598809350980446, 5868026.860915640369058 ], [ 741820.712156867957674, 5868018.586803482845426 ], [ 741808.909930657129735, 5868016.04248190112412 ], [ 741790.936084869783372, 5868012.356509763747454 ], [ 741777.81008258915972, 5868007.913471951149404 ], [ 741766.571450560819358, 5868002.678165143355727 ], [ 741755.354113203240559, 5867995.286711868830025 ], [ 741748.152362887980416, 5867989.552764139138162 ], [ 741738.835965030011721, 5867980.290289926342666 ], [ 741730.86076980875805, 5867971.310502018779516 ], [ 741722.913392509450205, 5867959.368029687553644 ], [ 741716.061494683497585, 5867945.548022064380348 ], [ 741704.202520788297988, 5867921.428057571873069 ], [ 741696.795094477827661, 5867909.489538736641407 ], [ 741688.566041955142282, 5867898.891109601594508 ], [ 741677.920501548447646, 5867887.997846795246005 ], [ 741665.143152133910917, 5867875.467240835539997 ], [ 741657.612845645402558, 5867866.573449838906527 ], [ 741656.818822223576717, 5867867.174155822955072 ], [ 741656.01425351400394, 5867867.667013954371214 ], [ 741655.232546287006699, 5867868.049444445408881 ], [ 741654.351151044946164, 5867868.385747944936156 ], [ 741653.441580199054442, 5867868.635867989622056 ], [ 741652.51256984367501, 5867868.796979459933937 ], [ 741651.572841689689085, 5867868.867713115178049 ], [ 741650.692039759014733, 5867868.850217532366514 ], [ 741649.75692605227232, 5867868.747734524309635 ], [ 741648.832891649683006, 5867868.552178494632244 ], [ 741647.864963011350483, 5867868.245530872605741 ], [ 741647.062847143504769, 5867867.902676625177264 ], [ 741646.234194128657691, 5867867.454727398231626 ], [ 741645.44988337950781, 5867866.92568392958492 ], [ 741644.722875138395466, 5867866.325867025181651 ], [ 741644.054591850494035, 5867865.658202862367034 ], [ 741643.452217657119036, 5867864.930042834021151 ], [ 741642.922951079905033, 5867864.147282504476607 ], [ 741642.441245754715055, 5867863.251428418792784 ], [ 741642.102333151851781, 5867862.445809712633491 ], [ 741641.799904409796, 5867861.473115680739284 ], [ 741641.569349829573184, 5867860.276914961636066 ], [ 741641.494661201839335, 5867859.316678184084594 ], [ 741641.507647768827155, 5867858.443216637708247 ], [ 741641.608383437851444, 5867857.502196685411036 ], [ 741641.81708446063567, 5867856.504011307843029 ], [ 741642.076403284212574, 5867855.670855676755309 ], [ 741642.437695508240722, 5867854.799402794800699 ], [ 741642.92116298538167, 5867853.901501456275582 ], [ 741643.405835020588711, 5867853.175418227910995 ], [ 741644.003773566684686, 5867852.443181646056473 ], [ 741644.719159583793953, 5867851.722305088303983 ], [ 741645.649253107141703, 5867851.010843873023987 ] ], [ [ 741645.649253107141703, 5867851.010843873023987 ], [ 741646.049950064509176, 5867850.704704667441547 ], [ 741646.862951696501113, 5867850.23959596734494 ], [ 741647.723095141584054, 5867849.850667186081409 ], [ 741648.687064044177532, 5867849.529746135696769 ], [ 741649.536586608504876, 5867849.334357304498553 ], [ 741650.469588925130665, 5867849.209685795940459 ], [ 741651.413337725913152, 5867849.17248004116118 ], [ 741652.425752082024701, 5867849.236419876106083 ], [ 741653.357457791804336, 5867849.389827904291451 ], [ 741654.26796900248155, 5867849.631840022280812 ], [ 741655.08792961423751, 5867849.931190876290202 ], [ 741656.455423981882632, 5867850.633470010943711 ], [ 741657.278528285096399, 5867851.202208844944835 ], [ 741657.946396017447114, 5867851.765035971067846 ], [ 741658.657640294986777, 5867852.491364569403231 ], [ 741659.248318876256235, 5867853.228142115287483 ], [ 741659.76590461761225, 5867854.018064236268401 ], [ 741660.174836414866149, 5867854.787978143431246 ], [ 741660.537730541196652, 5867855.663721128366888 ], [ 741660.816181001486257, 5867856.566288172267377 ], [ 741661.018233350710943, 5867857.56273458711803 ], [ 741661.109764945926145, 5867858.434323410503566 ], [ 741661.11857566004619, 5867859.452144186012447 ], [ 741661.030902998405509, 5867860.393294458277524 ], [ 741660.871489512035623, 5867861.250740291550756 ], [ 741660.612846735515632, 5867862.162526909261942 ], [ 741660.270321120158769, 5867863.044359771534801 ], [ 741659.845435785595328, 5867863.88897408824414 ], [ 741659.341208226396702, 5867864.684751951135695 ], [ 741658.761977691552602, 5867865.433192471973598 ], [ 741657.612845645402558, 5867866.573449838906527 ] ], [ [ 741525.432362905354239, 5867855.518912725150585 ], [ 741540.125397289171815, 5867874.63818636815995 ], [ 741540.421895443811081, 5867875.035711419768631 ] ] ] } },
{ "type": "Feature", "properties": { "CADRE_NO": "10.068", "DDT_URL": null, "ETC_NOM": "Transports publics de la région lausannoise", "ETC_SIGLE": "TL", "ETC_URL": "https://www.t-l.ch", "GO_CENTRE": 0, "HORAIR_URL": "https://www.tableaux-horaires.ch/fileadmin/fap_pdf_fields/2025/10.068.pdf", "LIGNE_NO": "68", "LIGNE_NOM": "Lutry gare - La Conversion gare - Lutry Croix/Lutry", "LIGNE_SIGL": null, "LIGNE_TYPE": "Bus urbain", "PLAN_URL": "https://prestations.vd.ch/pub/101587/api/download/2_Cartographie_et_geodonnees/2.1_Carte_des_reseaux/Carte_des_lignes_TP/topo/ligne_10.068.pdf", "SHAPE_LEN": 6720.449 }, "geometry": { "type": "MultiLineString", "coordinates": [ [ [ 745788.834180269157514, 5863875.147326321341097 ], [ 745780.853793974965811, 5863875.316245960071683 ] ] ] } },
{ "type": "Feature", "properties": { "CADRE_NO": "10.035", "DDT_URL": null, "ETC_NOM": "Transports publics de la région lausannoise", "ETC_SIGLE": "TL", "ETC_URL": "https://www.t-l.ch", "GO_CENTRE": 0, "HORAIR_URL": "https://www.tableaux-horaires.ch/fileadmin/fap_pdf_fields/2025/10.035.pdf", "LIGNE_NO": "35", "LIGNE_NOM": "Bussigny gare - Riettaz", "LIGNE_SIGL": null, "LIGNE_TYPE": "Bus urbain", "PLAN_URL": "https://prestations.vd.ch/pub/101587/api/download/2_Cartographie_et_geodonnees/2.1_Carte_des_reseaux/Carte_des_lignes_TP/topo/ligne_10.035.pdf", "SHAPE_LEN": 3634.546 }, "geometry": { "type": "MultiLineString", "coordinates": [ ] } },
{ "type": "Feature", "properties": { "CADRE_NO": "10.036", "DDT_URL": null, "ETC_NOM": "Transports publics de la région lausannoise", "ETC_SIGLE": "TL", "ETC_URL": "https://www.t-l.ch", "GO_CENTRE": 0, "HORAIR_URL": "https://www.tableaux-horaires.ch/fileadmin/fap_pdf_fields/2025/10.036.pdf", "LIGNE_NO": "36", "LIGNE_NOM": "Renens VD gare nord - Crissier Zinguerie - Closalet", "LIGNE_SIGL": null, "LIGNE_TYPE": "Bus urbain", "PLAN_URL": "https://prestations.vd.ch/pub/101587/api/download/2_Cartographie_et_geodonnees/2.1_Carte_des_reseaux/Carte_des_lignes_TP/topo/ligne_10.036.pdf", "SHAPE_LEN": 3079.162 }, "geometry": { "type": "MultiLineString", "coordinates": [ [ [ 732354.613873416208662, 5866957.362539663910866 ], [ 732380.320622823317535, 5866941.466763095930219 ], [ 732433.071510054753162, 5866910.503605675883591 ], [ 732444.541048454586416, 5866904.212459650821984 ] ] ] } },
{ "type": "Feature", "properties": { "CADRE_NO": "10.001", "DDT_URL": null, "ETC_NOM": "Transports publics de la région lausannoise", "ETC_SIGLE": "TL", "ETC_URL": "https://www.t-l.ch", "GO_CENTRE": 0, "HORAIR_URL": "https://www.tableaux-horaires.ch/fileadmin/fap_pdf_fields/2025/10.001.pdf", "LIGNE_NO": "1", "LIGNE_NOM": "Ecublens VD EPFL/Colladon - Lausanne Maladière - gare - St-François - Stade Olympique - Blécherette", "LIGNE_SIGL": null, "LIGNE_TYPE": "Trolleybus", "PLAN_URL": "https://prestations.vd.ch/pub/101587/api/download/2_Cartographie_et_geodonnees/2.1_Carte_des_reseaux/Carte_des_lignes_TP/topo/ligne_10.001.pdf", "SHAPE_LEN": 13588.645 }, "geometry": { "type": "MultiLineString", "coordinates": [ [ [ 737008.04378184734378, 5867647.782860989682376 ], [ 737046.245168095338158, 5867670.562635120935738 ], [ 737061.104954615584575, 5867677.157989383675158 ], [ 737078.738559384015389, 5867684.980625191703439 ], [ 737084.503839249839075, 5867689.25018155016005 ], [ 737087.687231352319941, 5867693.655773034319282 ], [ 737088.938804084667936, 5867697.233079544268548 ], [ 737089.059003614936955, 5867701.443535504862666 ], [ 737087.081269830348901, 5867705.307348266243935 ], [ 737082.366058674524538, 5867708.497506924904883 ], [ 737074.682472496991977, 5867710.608285467140377 ], [ 737058.458108687540516, 5867710.870804695412517 ], [ 737036.976586792967282, 5867682.867433690465987 ], [ 737018.396477176691405, 5867660.294650174677372 ], [ 737008.04378184734378, 5867647.782860989682376 ], [ 736980.9610940272687, 5867615.677672881633043 ] ], [ [ 737534.414396598003805, 5863301.179958877153695 ], [ 737533.539945805794559, 5863300.873979792930186 ], [ 737532.618835235480219, 5863300.451095413416624 ], [ 737531.860280852764845, 5863300.01971791498363 ], [ 737531.027824481250718, 5863299.440591325983405 ], [ 737530.304468468646519, 5863298.832041398622096 ], [ 737529.639778390992433, 5863298.161527446471155 ], [ 737529.036579831386916, 5863297.43635512702167 ], [ 737528.499194013187662, 5863296.659479972906411 ], [ 737527.888414228102192, 5863295.54568023327738 ], [ 737527.51193407853134, 5863294.639510294422507 ], [ 737527.226832434302196, 5863293.734292535111308 ], [ 737527.03543771605473, 5863292.885350213386118 ], [ 737526.908781812060624, 5863291.948313045315444 ], [ 737526.866357530583628, 5863291.001966944895685 ], [ 737526.913133843103424, 5863289.986698982305825 ], [ 737527.043237850419246, 5863289.04942689370364 ], [ 737527.255866851424798, 5863288.127567109651864 ], [ 737527.548014469095506, 5863287.231274954043329 ], [ 737528.035286333295517, 5863286.123096188530326 ], [ 737528.475670186453499, 5863285.34040187112987 ], [ 737529.055854504927993, 5863284.505320455878973 ], [ 737529.661017000558786, 5863283.779642011038959 ], [ 737530.329396613640711, 5863283.112831657752395 ], [ 737531.055161417461932, 5863282.507739088498056 ], [ 737531.765337041579187, 5863282.007261026650667 ], [ 737532.648206420009956, 5863281.499850758351386 ], [ 737533.50376253889408, 5863281.108574682846665 ], [ 737534.324964075232856, 5863280.812986156903207 ], [ 737535.306773758376949, 5863280.556906939484179 ], [ 737536.164120307425037, 5863280.41303928475827 ], [ 737537.103449530666694, 5863280.336966468952596 ], [ 737538.492693494539708, 5863280.379089081659913 ], [ 737539.48488039302174, 5863280.521851949393749 ], [ 737540.332870373735204, 5863280.721321916207671 ], [ 737541.227761237649247, 5863281.014415455982089 ], [ 737542.092799707083032, 5863281.388691109605134 ], [ 737542.925175273208879, 5863281.835388193838298 ], [ 737543.713254234171472, 5863282.357296018861234 ], [ 737544.503059383714572, 5863282.992730154655874 ], [ 737545.182419619872235, 5863283.64738704636693 ], [ 737545.755867007886991, 5863284.303851103410125 ], [ 737546.355156041565351, 5863285.126481256447732 ], [ 737547.131192477419972, 5863286.531591834500432 ], [ 737547.483393182046711, 5863287.401126245036721 ], [ 737547.761259524850175, 5863288.304812071844935 ], [ 737547.959125231136568, 5863289.229493177495897 ], [ 737548.072714232141152, 5863290.167848854325712 ], [ 737548.101348753552884, 5863291.185357699170709 ], [ 737548.048813678207807, 5863292.056497424840927 ], [ 737547.899133079219609, 5863293.063417591154575 ], [ 737547.673482193145901, 5863293.982232249341905 ], [ 737547.125924658379517, 5863295.449228784069419 ], [ 737546.711424175882712, 5863296.254023121669888 ], [ 737546.20849124121014, 5863297.053530600853264 ], [ 737545.639334453037009, 5863297.80432540550828 ], [ 737545.00396886584349, 5863298.504952438175678 ], [ 737544.308301714714617, 5863299.145286529324949 ], [ 737543.50119062862359, 5863299.761175853200257 ], [ 737542.765267579467036, 5863300.226461935788393 ], [ 737541.926693698158488, 5863300.658663377165794 ], [ 737541.055527499411255, 5863301.016308050602674 ], [ 737540.083462173701264, 5863301.311781493015587 ], [ 737539.23301946814172, 5863301.48919230978936 ], [ 737538.297632660134695, 5863301.604598078876734 ], [ 737537.28047380130738, 5863301.631837523542345 ], [ 737536.339627184090205, 5863301.574012799188495 ], [ 737535.409822472021915, 5863301.430443930439651 ], [ 737534.414396598003805, 5863301.179958877153695 ], [ 737532.707601823261939, 5863309.251851867884398 ], [ 737531.6888433159329, 5863321.063615135848522 ], [ 737533.188314026105218, 5863334.700312349013984 ], [ 737535.584274905151688, 5863348.196479896083474 ], [ 737539.643740723724477, 5863359.765785643830895 ], [ 737548.959772413829342, 5863382.31443228200078 ], [ 737566.659129506326281, 5863416.62741934414953 ], [ 737582.770303220604546, 5863446.302050299011171 ], [ 737590.847311862744391, 5863461.175996297970414 ], [ 737604.019477302208543, 5863486.380107954144478 ], [ 737639.059323735884391, 5863537.953021073713899 ], [ 737657.422720266389661, 5863569.787661445327103 ], [ 737704.339109012973495, 5863640.467142566107213 ], [ 737712.510900743771344, 5863647.608841144479811 ], [ 737722.117397699155845, 5863653.909739766269922 ], [ 737732.018790629459545, 5863657.784806463867426 ], [ 737739.795557354809716, 5863659.214708260260522 ], [ 737759.652587249642238, 5863661.574935362674296 ], [ 737786.485465566627681, 5863664.819651768542826 ], [ 737804.469647731166333, 5863666.623314674012363 ], [ 737848.461586129968055, 5863673.052709762006998 ], [ 737848.615629610372707, 5863672.182584729976952 ], [ 737848.939578386954963, 5863671.295304887928069 ], [ 737849.417981533915736, 5863670.482393657788634 ], [ 737850.087372078443877, 5863669.718034883961082 ], [ 737850.768985919421539, 5863669.175008457154036 ], [ 737851.663149711093865, 5863668.699677138589323 ], [ 737852.49131419241894, 5863668.434678870253265 ], [ 737853.496525829890743, 5863668.303950760513544 ], [ 737854.438894481514581, 5863668.358848359435797 ], [ 737855.353382645873353, 5863668.585181666538119 ], [ 737856.212550693424419, 5863668.971023457124829 ], [ 737856.931418749154545, 5863669.457279598340392 ], [ 737857.65521287242882, 5863670.169158183038235 ], [ 737858.158483915613033, 5863670.883113381452858 ], [ 737858.584166844375432, 5863671.805826248601079 ], [ 737858.808543549734168, 5863672.695888126268983 ], [ 737876.162785838940181, 5863668.347136212512851 ], [ 737873.878282252349891, 5863657.909313724376261 ], [ 737970.804967077914625, 5863638.162300880998373 ], [ 737989.357659339206293, 5863636.739263834431767 ], [ 738060.969561844947748, 5863622.654789180494845 ], [ 738061.710942223900929, 5863628.001931821927428 ], [ 738077.617573865689337, 5863625.452555951662362 ] ], [ [ 737358.557575663551688, 5862858.363013500347733 ], [ 737443.736008153995499, 5862842.118635587394238 ], [ 737478.534141384880058, 5862834.991748847067356 ], [ 737577.760180686484091, 5862814.851563670672476 ], [ 737571.890406514634378, 5862870.872414014302194 ], [ 737568.384715270251036, 5862904.348475823178887 ], [ 737558.661997900577262, 5863014.485990703105927 ] ], [ [ 738148.570454392931424, 5865372.463609727099538 ], [ 738144.717085098382086, 5865381.318786971271038 ], [ 738131.441019752644934, 5865417.846102983690798 ], [ 738119.477947727078572, 5865457.620015528984368 ], [ 738096.461923298775218, 5865526.66536922659725 ], [ 738086.485504309879616, 5865555.949333190917969 ], [ 738065.116912278812379, 5865621.507302732206881 ], [ 738046.557162302895449, 5865675.505076566711068 ], [ 738033.800538854207844, 5865713.92535755597055 ], [ 738010.740205467795022, 5865787.285133068449795 ], [ 738001.262620093184523, 5865816.403274148702621 ], [ 737996.308805232867599, 5865831.620288255624473 ], [ 737989.973930080770515, 5865846.381945600733161 ], [ 737986.741300711873919, 5865850.300548599101603 ], [ 737981.811570962541737, 5865856.272962384857237 ], [ 737969.875827160663903, 5865866.934207919985056 ], [ 737959.826071038725786, 5865877.345709398388863 ], [ 737944.908385588321835, 5865890.40116366930306 ], [ 737928.629271170240827, 5865905.59833434317261 ], [ 737892.05538461857941, 5865934.065897612832487 ], [ 737870.685281477402896, 5865947.486685554496944 ], [ 737868.653507094015367, 5865935.980326752178371 ], [ 737865.775901047396474, 5865928.40133872628212 ], [ 737859.956745736068115, 5865919.443869688548148 ], [ 737845.688365344423801, 5865895.842006646096706 ], [ 737819.716378033277579, 5865860.253542714752257 ], [ 737768.325452117016539, 5865788.274668617174029 ], [ 737714.494394024601206, 5865718.158660459332168 ], [ 737774.070076434407383, 5865674.296644495800138 ], [ 737792.362146842759103, 5865663.541818100959063 ], [ 737825.442477663629688, 5865644.094715853221714 ], [ 737850.046445076935925, 5865629.523206032812595 ], [ 737866.398452478577383, 5865619.602587956935167 ], [ 737867.083278592093848, 5865619.184655238874257 ], [ 737881.412316390313208, 5865610.976664796471596 ], [ 737928.230510692112148, 5865579.111355220898986 ], [ 737966.658182751503773, 5865553.36126945912838 ], [ 737979.138531456934288, 5865541.625997081398964 ], [ 738035.309829625184648, 5865489.100462391972542 ], [ 738080.386722301132977, 5865443.735046662390232 ], [ 738106.444060257985257, 5865418.395206254906952 ], [ 738125.727281148079783, 5865398.646014644764364 ], [ 738136.603649982367642, 5865386.087732565589249 ], [ 738148.570454392931424, 5865372.463609727099538 ], [ 738158.681846856372431, 5865356.120199218392372 ], [ 738168.548235172056593, 5865337.353653378784657 ], [ 738173.484914044383913, 5865327.700418807566166 ], [ 738175.681959429755807, 5865322.870270255021751 ], [ 738180.945224390015937, 5865307.556805529631674 ], [ 738185.140395939466543, 5865291.696668199263513 ], [ 738188.847197233582847, 5865270.977202902548015 ], [ 738190.11468573322054, 5865252.120416236110032 ], [ 738190.294775447226129, 5865234.597357335500419 ], [ 738190.48036881245207, 5865216.538746386766434 ], [ 738189.340634042280726, 5865196.847892177291214 ], [ 738184.073954022256657, 5865160.128173891454935 ], [ 738181.345934313139878, 5865137.994628625921905 ], [ 738180.695903680287302, 5865122.892503150738776 ], [ 738176.880721274064854, 5865075.677709435112774 ], [ 738175.240179217187688, 5865052.204894375987351 ], [ 738173.602383643155918, 5865028.465809179469943 ], [ 738171.548404426313937, 5864993.132192835211754 ], [ 738170.251079535461031, 5864962.38558456953615 ], [ 738169.324776171823032, 5864921.940518578514457 ], [ 738169.324706232757308, 5864915.737156827934086 ], [ 738169.31168791744858, 5864870.992026013322175 ], [ 738168.903704542783089, 5864858.317714748904109 ], [ 738165.028790041571483, 5864843.18270358722657 ], [ 738186.471656528534368, 5864822.377051522023976 ], [ 738205.431956172338687, 5864802.141017838381231 ], [ 738217.98754310735967, 5864788.737756519578397 ], [ 738238.099182302248664, 5864766.572025174275041 ], [ 738248.432468666462228, 5864754.815234305337071 ], [ 738254.187690817168914, 5864743.824742018245161 ], [ 738257.272853475878946, 5864731.186722196638584 ], [ 738257.361435961560346, 5864722.561050196178257 ], [ 738252.654931344208308, 5864709.843985674902797 ], [ 738237.610049753449857, 5864683.539535854011774 ], [ 738218.340072613093071, 5864649.644888089969754 ], [ 738199.322123536490835, 5864617.640657726675272 ], [ 738189.545567657682113, 5864601.634346948936582 ], [ 738173.382726120413281, 5864605.510406015440822 ], [ 738159.366980719380081, 5864609.679366540163755 ], [ 738147.516438322491013, 5864612.521506059914827 ], [ 738136.21502901695203, 5864614.023018109612167 ], [ 738114.991580987232737, 5864613.534087638370693 ], [ 738085.975263305590488, 5864613.233673031441867 ], [ 738053.739678999176249, 5864612.358385900035501 ], [ 738041.945780048961751, 5864609.271448911167681 ], [ 738010.951803086907603, 5864592.506593679077923 ], [ 738004.538211345323361, 5864588.936853442341089 ], [ 737998.120544769335538, 5864585.904128666035831 ], [ 737992.293812244897708, 5864577.757255739532411 ], [ 737961.774773030541837, 5864514.635552787221968 ], [ 737938.323310583713464, 5864469.64501045551151 ], [ 737928.598730577738024, 5864448.517557049170136 ] ], [ [ 737870.685281477402896, 5865947.486685554496944 ], [ 737854.158518326585181, 5865960.363808713853359 ], [ 737836.27670946076978, 5865974.19778782967478 ], [ 737782.645102266455069, 5866014.890420422889292 ], [ 737770.166625991929322, 5866026.353856760077178 ], [ 737753.881242795614526, 5866041.823089802637696 ], [ 737739.472099124221131, 5866057.84751863591373 ], [ 737714.976406338508241, 5866087.788360976614058 ], [ 737694.51663123711478, 5866116.964752335101366 ], [ 737678.393500278238207, 5866142.67950299475342 ], [ 737668.533504343940876, 5866160.639375642873347 ], [ 737661.392676097224467, 5866175.663731534034014 ], [ 737656.404784630401991, 5866190.170437062159181 ], [ 737652.208312580827624, 5866206.304156953468919 ], [ 737630.224088526563719, 5866278.870336445048451 ], [ 737621.620949383592233, 5866305.205252561718225 ], [ 737618.520473662181757, 5866312.028038488700986 ], [ 737609.795116775436327, 5866331.233013873919845 ], [ 737597.419719969271682, 5866358.336732523515821 ], [ 737587.265782475122251, 5866378.720626343041658 ], [ 737560.969600025448017, 5866426.438521600328386 ], [ 737543.472663684631698, 5866455.105008494108915 ], [ 737527.910435135127045, 5866478.401019079610705 ], [ 737511.282905558357015, 5866501.144417427480221 ], [ 737494.132143495487981, 5866521.997166713699698 ], [ 737478.373960630735382, 5866538.549536221660674 ], [ 737466.152952425298281, 5866550.823869185522199 ], [ 737422.544932623626664, 5866588.305230374448001 ], [ 737379.869236996164545, 5866629.463397099636495 ], [ 737368.709164486848749, 5866643.098312668502331 ], [ 737358.597634418401867, 5866659.170988317579031 ], [ 737343.560374731197953, 5866683.817854500375688 ], [ 737336.945590048329905, 5866699.657763477414846 ], [ 737335.092023494536988, 5866704.873469667509198 ], [ 737331.408824984915555, 5866715.235261581838131 ], [ 737325.845350678777322, 5866733.245156324468553 ], [ 737322.467313958914019, 5866748.040188349783421 ], [ 737319.329746248782612, 5866765.532461461611092 ], [ 737313.938475184724666, 5866802.462576576508582 ], [ 737312.965039345086552, 5866809.144805206917226 ], [ 737303.764522327692248, 5866866.750265780836344 ], [ 737296.581684732460417, 5866911.433328768238425 ], [ 737292.943486053030938, 5866925.416486380621791 ], [ 737284.619714741944335, 5866950.404915874823928 ], [ 737274.415306018549018, 5866975.375215507112443 ], [ 737265.367242314503528, 5866992.539745789021254 ], [ 737256.896729367203079, 5867005.93094583787024 ], [ 737248.964416165254079, 5867019.059906085953116 ], [ 737242.152222865493968, 5867028.156220909208059 ], [ 737231.528324270388111, 5867041.797189078293741 ], [ 737216.30135822284501, 5867058.624962331727147 ], [ 737187.465985347516835, 5867087.47417358495295 ], [ 737186.696075496962294, 5867088.245009298436344 ], [ 737165.234070985694416, 5867110.132228929549456 ], [ 737152.463710746844299, 5867123.479983903467655 ], [ 737137.749572890810668, 5867142.740085518918931 ], [ 737118.943896513083018, 5867167.62074728589505 ], [ 737108.845337645732798, 5867182.344635074958205 ], [ 737099.005443556234241, 5867198.148597345687449 ], [ 737089.425517108524218, 5867214.767683216370642 ], [ 737082.011479183100164, 5867229.79052010551095 ], [ 737072.94597761973273, 5867248.569753527641296 ], [ 737066.060370574006811, 5867264.407645527273417 ], [ 737053.126891512190923, 5867293.393036525696516 ], [ 737045.419026023126207, 5867310.838432274758816 ], [ 736993.196078738663346, 5867421.656810086220503 ], [ 736980.270459364866838, 5867449.563857016153634 ], [ 736959.356940413243137, 5867496.263375150039792 ], [ 736957.958438606699929, 5867501.642944512888789 ], [ 736955.700998328393325, 5867511.596793810836971 ], [ 736954.212612297502346, 5867525.603310761973262 ], [ 736953.557701360201463, 5867536.922188814729452 ], [ 736955.008379914099351, 5867552.306308258324862 ], [ 736958.055983180413023, 5867569.595557606779039 ], [ 736962.743829197599553, 5867583.936271486803889 ], [ 736970.372298940783367, 5867599.9268494900316 ], [ 736980.9610940272687, 5867615.677672881633043 ] ], [ [ 737858.808543549734168, 5863672.695888126268983 ], [ 737858.875454170862213, 5863673.662901584059 ], [ 737858.768573202542029, 5863674.601915628649294 ], [ 737858.495213204645552, 5863675.507184925489128 ], [ 737858.06297193816863, 5863676.345316427759826 ], [ 737857.486594684887677, 5863677.093178380280733 ], [ 737856.846580268233083, 5863677.681751985102892 ], [ 737856.050705651054159, 5863678.19157661870122 ], [ 737855.111175376689062, 5863678.564566915854812 ], [ 737854.318843123153783, 5863678.730977318249643 ], [ 737853.304497437085956, 5863678.762650427408516 ], [ 737852.374707518960349, 5863678.61328871268779 ], [ 737851.364519962458871, 5863678.241886570118368 ], [ 737850.551458063186146, 5863677.745919761247933 ], [ 737849.898808595375158, 5863677.168666214682162 ], [ 737849.268733179429546, 5863676.371896716766059 ], [ 737848.861781993531622, 5863675.602183876559138 ], [ 737848.554102007998154, 5863674.631215078756213 ], [ 737848.461586129968055, 5863673.052709762006998 ] ], [ [ 738061.710942223900929, 5863628.001931821927428 ], [ 738063.240552291506901, 5863636.963457541540265 ], [ 737991.899683716823347, 5863650.778644155710936 ], [ 737987.378315241425298, 5863651.588944528251886 ], [ 737962.023189842002466, 5863656.131456103175879 ], [ 737947.771093812421896, 5863657.329810546711087 ], [ 737945.103660661843605, 5863657.859525205567479 ], [ 737876.693995386827737, 5863671.416053901426494 ], [ 737876.162785838940181, 5863668.347136212512851 ] ], [ [ 738890.693873786716722, 5863551.509290083311498 ], [ 738897.077595056965947, 5863570.630226275883615 ], [ 738922.853965930058621, 5863651.487060645595193 ], [ 738945.470789391780272, 5863725.840401812456548 ], [ 738941.953217749483883, 5863728.228864920325577 ], [ 738863.571341784670949, 5863774.055642874911427 ], [ 738794.670695755747147, 5863811.892150847241282 ], [ 738735.492700007394888, 5863844.97617971803993 ], [ 738647.963139955652878, 5863895.798358461819589 ], [ 738578.459479891462252, 5863935.811958698555827 ], [ 738527.621188882389106, 5863967.362591413781047 ] ], [ [ 735959.291152480524033, 5863551.978881899267435 ], [ 735983.380585033330135, 5863538.62584425136447 ], [ 735995.78415916999802, 5863534.443821601569653 ], [ 736027.034372842288576, 5863526.420111832208931 ], [ 736055.070061697275378, 5863517.553127497434616 ], [ 736094.432903674896806, 5863504.49397528078407 ], [ 736116.720168887753971, 5863495.982181240804493 ], [ 736124.646400476922281, 5863492.954674161970615 ], [ 736161.873607881367207, 5863478.522168382070959 ], [ 736207.564794752164744, 5863459.705512057058513 ], [ 736215.57909376884345, 5863456.29758639074862 ], [ 736255.94517269206699, 5863438.824401403777301 ], [ 736264.348756717517972, 5863435.225546981208026 ], [ 736300.386760261841118, 5863418.090663773939013 ], [ 736346.514023161609657, 5863397.608838830143213 ], [ 736397.993587628589012, 5863374.662784304469824 ], [ 736421.700410227058455, 5863364.902157844975591 ], [ 736430.754229632555507, 5863361.532685238867998 ], [ 736442.682041599531658, 5863358.963335349224508 ], [ 736459.784540712018497, 5863356.639160320162773 ], [ 736520.989546904573217, 5863354.655982809141278 ], [ 736526.42128251271788, 5863354.458535204641521 ], [ 736578.775072883698158, 5863352.566523079760373 ], [ 736590.655761065194383, 5863352.416555714793503 ], [ 736602.078330448828638, 5863350.853069562464952 ], [ 736604.701830482925288, 5863350.917064190842211 ], [ 736625.478901268797927, 5863345.936122263781726 ], [ 736689.190112252254039, 5863327.741959475912154 ], [ 736699.553195108193904, 5863324.281212815083563 ], [ 736714.019566675298847, 5863317.117797371000051 ], [ 736731.788501816103235, 5863306.52560262195766 ], [ 736795.191176416352391, 5863262.526179135777056 ], [ 736828.360027302987874, 5863239.229897795245051 ], [ 736889.19103704742156, 5863196.505557879805565 ], [ 736913.423512398963794, 5863181.165634748525918 ], [ 736927.163799570524134, 5863170.140950878150761 ], [ 736939.191137967747636, 5863157.563043300993741 ], [ 736977.800150596653111, 5863117.154951331205666 ], [ 737011.584229076397605, 5863079.391355761326849 ], [ 737030.402325967676006, 5863059.761403409764171 ], [ 737051.533626870368607, 5863039.190888428129256 ], [ 737062.380424635950476, 5863029.484831486828625 ], [ 737076.991762571968138, 5863015.841149739921093 ], [ 737096.941170542500913, 5862998.148259170353413 ], [ 737116.68305056495592, 5862981.991319310851395 ], [ 737136.801756194909103, 5862966.416016232222319 ], [ 737155.558764758170582, 5862952.751654255203903 ], [ 737180.112331746146083, 5862935.297498505562544 ], [ 737205.033254288719036, 5862919.194643210619688 ], [ 737227.626327205798589, 5862905.570311308838427 ], [ 737249.434080616338179, 5862893.67084454651922 ], [ 737260.535655597341247, 5862887.608204357326031 ], [ 737285.832139496691525, 5862876.660428890958428 ], [ 737305.078616165788844, 5862871.279448663815856 ], [ 737337.855594271677546, 5862863.250156869180501 ], [ 737342.016149262781255, 5862862.231324603781104 ], [ 737358.557575663551688, 5862858.363013500347733 ], [ 737579.126528380438685, 5862814.246464277617633 ], [ 737557.082625661627389, 5863032.678367145359516 ], [ 737548.23071795864962, 5863131.113550312817097 ], [ 737542.533989308867604, 5863204.433502323925495 ], [ 737538.222714188159443, 5863259.93606682959944 ], [ 737538.492693494539708, 5863280.379089081659913 ] ], [ [ 738890.693873786716722, 5863551.509290083311498 ], [ 738875.211183352395892, 5863554.773199163377285 ], [ 738823.024634239845909, 5863560.975327028892934 ], [ 738799.630752752535045, 5863562.891758606769145 ], [ 738701.486067160498351, 5863570.508416722528636 ], [ 738592.038607147755101, 5863580.164329818449914 ], [ 738591.042536536930129, 5863580.254487939178944 ], [ 738468.601687606424093, 5863591.288555951789021 ], [ 738379.051289117778651, 5863600.623050426132977 ], [ 738365.051987361395732, 5863602.082274276763201 ], [ 738291.368606160627678, 5863608.596318089403212 ], [ 738218.220367826637812, 5863615.537311001680791 ], [ 738183.793089290731587, 5863618.804943647235632 ], [ 738128.685703591327183, 5863621.737636427395046 ], [ 738089.668778716702946, 5863624.12933452706784 ], [ 738089.558902316959575, 5863625.079957162961364 ], [ 738089.307295392034575, 5863625.988364176824689 ], [ 738088.953825268778019, 5863626.786569678224623 ], [ 738088.403952672728337, 5863627.639497915282845 ], [ 738087.772928168065846, 5863628.34314614161849 ], [ 738087.044347022660077, 5863628.941003179177642 ], [ 738086.298466279869899, 5863629.387330712750554 ], [ 738085.425824136007577, 5863629.746483357623219 ], [ 738084.451543381437659, 5863629.973607167601585 ], [ 738083.583346130559221, 5863630.041747284121811 ], [ 738082.574496370507404, 5863629.96290160343051 ], [ 738081.657060434226878, 5863629.74092854373157 ], [ 738080.786012726020999, 5863629.381183032877743 ], [ 738080.039156635175459, 5863628.935406029224396 ], [ 738079.258134194067679, 5863628.285534326918423 ], [ 738078.637311547528952, 5863627.57474406901747 ], [ 738078.167596314684488, 5863626.840778708457947 ], [ 738077.617573865689337, 5863625.452555951662362 ], [ 738077.45553295512218, 5863624.564605548977852 ], [ 738077.429751809453592, 5863623.545634856447577 ], [ 738077.540196571266279, 5863622.680880561470985 ], [ 738077.796171115129255, 5863621.771064151078463 ], [ 738078.224875649320893, 5863620.851394273340702 ], [ 738078.750851936172694, 5863620.065163224004209 ], [ 738079.339153067790903, 5863619.425106649287045 ], [ 738080.133410993148573, 5863618.78863819129765 ], [ 738080.952011092798784, 5863618.324146011844277 ], [ 738081.834536311449483, 5863617.991291857324541 ], [ 738082.685058650095016, 5863617.808001083321869 ], [ 738083.622804112266749, 5863617.747857805341482 ], [ 738084.560502825188451, 5863617.833242940716445 ], [ 738085.545826891670004, 5863618.083568903617561 ], [ 738086.344513066462241, 5863618.426555998623371 ], [ 738087.107114540296607, 5863618.892869032919407 ], [ 738087.811873747734353, 5863619.482282754033804 ], [ 738088.479994344525039, 5863620.248862493783236 ], [ 738088.943863147171214, 5863620.987132070586085 ], [ 738089.326636667479761, 5863621.852627547457814 ], [ 738089.582003484363668, 5863622.834682405926287 ], [ 738089.668778716702946, 5863624.12933452706784 ] ], [ [ 738309.797482956317253, 5864012.016953939571977 ], [ 738329.204467033501714, 5864006.01758308056742 ], [ 738351.787803742685355, 5863999.521219523623586 ], [ 738354.534868692513555, 5863998.731672850437462 ], [ 738364.255802493193187, 5863996.221125524491072 ], [ 738387.671499310177751, 5863990.178606355562806 ], [ 738402.865629716194235, 5863987.702671546489 ], [ 738437.71797054912895, 5863982.019614098593593 ], [ 738527.621188882389106, 5863967.362591413781047 ] ], [ [ 735591.777449494344182, 5863861.557902262546122 ], [ 735575.485516001586802, 5863848.30106498580426 ], [ 735549.783648471697234, 5863823.183522570878267 ], [ 735546.765488916425966, 5863820.233456338755786 ], [ 735511.162566542625427, 5863782.389898739755154 ], [ 735448.450706296600401, 5863716.491545052267611 ], [ 735424.266318466630764, 5863691.438198062591255 ], [ 735410.15087518224027, 5863679.696191567927599 ], [ 735397.348619472468272, 5863670.664858209900558 ], [ 735386.389163727289997, 5863665.426767953671515 ], [ 735373.001682769856416, 5863660.973370932042599 ], [ 735359.063259110203944, 5863657.860231384634972 ], [ 735343.22358953836374, 5863656.882084769196808 ], [ 735318.230062986025587, 5863657.693739521317184 ], [ 735318.225711462902837, 5863657.693693078123033 ], [ 735281.399117820314132, 5863659.455861336551607 ], [ 735269.574651291011833, 5863659.869516011327505 ], [ 735260.956012341193855, 5863661.665002298541367 ], [ 735250.166354272747412, 5863665.860371108166873 ], [ 735236.037689953227527, 5863680.536090081557631 ], [ 735221.936227433732711, 5863692.781738045625389 ], [ 735213.037795840064064, 5863695.921809677034616 ], [ 735205.255661541246809, 5863695.030956431291997 ], [ 735200.191386261023581, 5863691.20176989864558 ], [ 735198.357248462038115, 5863686.602318381890655 ], [ 735198.688603082555346, 5863680.944719465449452 ], [ 735199.802063803770579, 5863677.181557252071798 ], [ 735207.373051055939868, 5863672.6811647946015 ], [ 735213.85203869768884, 5863669.785942177288234 ], [ 735233.494391631218605, 5863667.031348356045783 ], [ 735250.166354272747412, 5863665.860371108166873 ] ], [ [ 735607.356735961511731, 5863859.895778234116733 ], [ 735608.060486091533676, 5863860.566898494027555 ], [ 735608.63819302758202, 5863861.222124344669282 ], [ 735609.243203242891468, 5863862.039182843640447 ], [ 735609.730796574964188, 5863862.847715429030359 ], [ 735610.149783755186945, 5863863.696267491206527 ], [ 735610.488637350033969, 5863864.577439744025469 ], [ 735610.751770502422005, 5863865.485457804054022 ], [ 735610.933473322889768, 5863866.411528941243887 ], [ 735611.03376117174048, 5863867.354197972454131 ], [ 735611.052106516319327, 5863868.226139178499579 ], [ 735610.994254419812933, 5863869.170036550611258 ], [ 735610.837103851721622, 5863870.175456997007132 ], [ 735610.629395151743665, 5863871.023163328878582 ], [ 735610.326878015534021, 5863871.919342458248138 ], [ 735609.533529943204485, 5863873.548154997639358 ], [ 735609.008721101679839, 5863874.338640324771404 ], [ 735608.422061833320186, 5863875.078986164182425 ], [ 735607.775064216228202, 5863875.763387233018875 ], [ 735607.066293086390942, 5863876.39037289749831 ], [ 735606.307445111102425, 5863876.951335562393069 ], [ 735605.565660737338476, 5863877.407695479691029 ], [ 735604.724127177149057, 5863877.830976587720215 ], [ 735603.847114558680914, 5863878.17965792119503 ], [ 735602.943372326670215, 5863878.449466545134783 ], [ 735602.020168611663394, 5863878.639024456031621 ], [ 735601.010732219787315, 5863878.751987153664231 ], [ 735600.141563563724048, 5863878.770390019752085 ], [ 735599.252856572507881, 5863878.715818019583821 ], [ 735598.247655560378917, 5863878.565409398637712 ], [ 735597.333173054037616, 5863878.34174379426986 ], [ 735596.439875242067501, 5863878.035349302925169 ], [ 735595.579304959974252, 5863877.652170119807124 ], [ 735594.752866609953344, 5863877.19658721331507 ], [ 735593.970714018098079, 5863876.668708662502468 ], [ 735593.237152667716146, 5863876.072946321219206 ], [ 735592.559342966065742, 5863875.418108429759741 ], [ 735591.943102477467619, 5863874.702801594510674 ], [ 735591.431208932655863, 5863873.997337218374014 ], [ 735590.906579568982124, 5863873.124373637139797 ], [ 735590.524630895350128, 5863872.340248679742217 ], [ 735590.160407820600085, 5863871.388948737643659 ], [ 735589.906010661739856, 5863870.478111719712615 ], [ 735589.658799511147663, 5863868.887709410861135 ], [ 735589.622245511971414, 5863867.954450209625065 ], [ 735589.676502262009308, 5863866.939203374087811 ], [ 735589.814059550059028, 5863866.003431245684624 ], [ 735590.032693314482458, 5863865.083075375296175 ], [ 735590.329425509553403, 5863864.185380733571947 ], [ 735590.704209952033125, 5863863.314712815918028 ], [ 735591.115615919814445, 5863862.547763458453119 ], [ 735591.777449494344182, 5863861.557902262546122 ], [ 735592.357983969384804, 5863860.848055521026254 ], [ 735593.072137441020459, 5863860.123622035607696 ], [ 735593.790877405437641, 5863859.514208771288395 ], [ 735594.501272109569982, 5863859.008035399019718 ], [ 735595.375670231180266, 5863858.494875204749405 ], [ 735596.230026462697424, 5863858.093562407419086 ], [ 735597.116914209444076, 5863857.77118374966085 ], [ 735597.956415247172117, 5863857.539986798539758 ], [ 735598.883753046160564, 5863857.370848466642201 ], [ 735599.892940828227438, 5863857.281169013120234 ], [ 735600.838770637870766, 5863857.283956638537347 ], [ 735601.704020636854693, 5863857.361564117483795 ], [ 735602.704606100101955, 5863857.536663573235273 ], [ 735603.614458014140837, 5863857.786474844440818 ], [ 735604.497369446209632, 5863858.114587408490479 ], [ 735605.282617738004774, 5863858.486776100471616 ], [ 735606.162155670928769, 5863858.996769401244819 ], [ 735607.356735961511731, 5863859.895778234116733 ], [ 735624.739812380867079, 5863840.200871125794947 ], [ 735663.413590295938775, 5863799.33037050254643 ], [ 735721.198389848228544, 5863738.262386472895741 ], [ 735762.502805418218486, 5863694.229849968105555 ], [ 735792.405311370268464, 5863661.123460595495999 ], [ 735821.187320968485437, 5863632.589383258484304 ], [ 735836.910727874143049, 5863619.281699348241091 ], [ 735859.127064792788588, 5863601.726511540822685 ], [ 735871.307898440165445, 5863593.230246656574309 ], [ 735890.779478902812116, 5863581.040660227648914 ], [ 735922.558495138422586, 5863557.687095444649458 ], [ 735945.559743802878074, 5863556.065289095975459 ], [ 735945.515609491849318, 5863555.159634931944311 ], [ 735945.592295172391459, 5863554.214513748884201 ], [ 735945.804413014557213, 5863553.219893471337855 ], [ 735946.098819981329143, 5863552.400779601186514 ], [ 735946.562418854795396, 5863551.494687132537365 ], [ 735947.054531347472221, 5863550.77371790073812 ], [ 735947.732689785421826, 5863550.018338863737881 ], [ 735948.44997510057874, 5863549.404537010006607 ], [ 735949.178889304981567, 5863548.92619966622442 ], [ 735950.090197406127118, 5863548.484722539782524 ], [ 735950.988353475695476, 5863548.190089416690171 ], [ 735951.912796689313836, 5863548.016523285768926 ], [ 735953.626071326085366, 5863548.011399824172258 ], [ 735954.504955846816301, 5863548.169154829345644 ], [ 735955.472207555780187, 5863548.476285214535892 ], [ 735956.323843722115271, 5863548.879693916998804 ], [ 735957.058735710685141, 5863549.348808092996478 ], [ 735957.836661953828298, 5863550.00174396764487 ], [ 735958.473400259739719, 5863550.69975233450532 ], [ 735959.291152480524033, 5863551.978881899267435 ], [ 735959.662031908635981, 5863552.851616887375712 ], [ 735959.899788019480184, 5863553.692379974760115 ], [ 735960.042266065604053, 5863554.626726666465402 ], [ 735960.062795547186397, 5863555.569967860355973 ], [ 735959.961499027558602, 5863556.510462592355907 ], [ 735959.720418846118264, 5863557.500410732813179 ], [ 735959.402866407646798, 5863558.313459069468081 ], [ 735958.662790487869643, 5863559.576077546924353 ], [ 735958.067754780873656, 5863560.290136067196727 ], [ 735957.319227282190695, 5863560.977827824652195 ], [ 735956.543253057287075, 5863561.51678962353617 ], [ 735955.77304021792952, 5863561.921926288865507 ], [ 735954.889004673925228, 5863562.253092164173722 ], [ 735953.971413995139301, 5863562.464568949304521 ], [ 735952.962202516966499, 5863562.560106952674687 ], [ 735952.067508877837099, 5863562.525883162394166 ], [ 735951.208730612648651, 5863562.387259501032531 ], [ 735950.304854722693563, 5863562.123003237880766 ], [ 735949.377899205661379, 5863561.708607928827405 ], [ 735948.635616181185469, 5863561.252511662431061 ], [ 735947.844497244223021, 5863560.612531841732562 ], [ 735947.197467668331228, 5863559.927510372363031 ], [ 735946.642646910739131, 5863559.164881065487862 ], [ 735946.19009644119069, 5863558.333482323214412 ], [ 735945.873708388884552, 5863557.520990501157939 ], [ 735945.559743802878074, 5863556.065289095975459 ] ], [ [ 733678.798900966299698, 5864599.904252241365612 ], [ 733621.138367841369472, 5864589.574230041354895 ], [ 733592.987082148669288, 5864583.877214138396084 ], [ 733573.414941986673512, 5864579.891869585961103 ], [ 733565.913702656980604, 5864577.651857864111662 ], [ 733561.657625941908918, 5864573.563772051595151 ], [ 733561.166557687451132, 5864572.28490786626935 ], [ 733559.046739940531552, 5864566.795164696872234 ], [ 733559.924649492371827, 5864560.067414855584502 ], [ 733561.596048737992533, 5864554.423878820613027 ], [ 733570.257083505857736, 5864539.957727150991559 ] ], [ [ 738309.797482956317253, 5864012.016953939571977 ], [ 738297.921446669730358, 5864017.284910698421299 ], [ 738289.253300633397885, 5864023.932202623225749 ], [ 738282.462414522888139, 5864031.141736317425966 ], [ 738245.94797152117826, 5864082.658227101899683 ], [ 738243.202546560904011, 5864086.533142050728202 ], [ 738225.756813998101279, 5864110.740409970283508 ], [ 738207.210333114373498, 5864137.867453658953309 ], [ 738205.237949077622034, 5864140.770907083526254 ], [ 738203.675198830547743, 5864143.058606832288206 ], [ 738166.60179780353792, 5864197.347978692501783 ], [ 738128.26711717993021, 5864253.481561214663088 ], [ 738123.452034725807607, 5864259.969359435141087 ], [ 738102.995869598118588, 5864290.747400993481278 ], [ 738088.544516933616251, 5864311.354728439822793 ], [ 738076.561112284543924, 5864326.863149508833885 ], [ 738064.024264152161777, 5864343.985720651224256 ], [ 738043.09418331948109, 5864367.489215278066695 ], [ 738031.837133943918161, 5864380.634327070787549 ], [ 738016.195686875493266, 5864396.323199300095439 ], [ 738009.466395004303195, 5864402.150819492526352 ], [ 737990.996193112921901, 5864416.81777061894536 ], [ 737928.598730577738024, 5864448.517557049170136 ] ], [ [ 735030.993094354518689, 5863709.878334171138704 ], [ 735061.694641082547605, 5863701.347049506381154 ], [ 735069.661738320370205, 5863680.614142993465066 ], [ 735060.593851770390756, 5863676.49463246576488 ], [ 735051.898320409934968, 5863671.465168861672282 ], [ 735046.383682729210705, 5863666.613824483007193 ], [ 735045.613898043404333, 5863666.019097128883004 ], [ 735044.873030765214935, 5863665.433411126025021 ], [ 735044.139508994994685, 5863664.839071901515126 ], [ 735043.41041623824276, 5863664.237503550946712 ], [ 735042.747644528979436, 5863663.674483012408018 ], [ 735041.978618777822703, 5863663.008453826420009 ], [ 735041.324705083970912, 5863662.430975049734116 ], [ 735040.571805397979915, 5863661.749110129661858 ], [ 735039.931085767690092, 5863661.158674851991236 ], [ 735039.244569121976383, 5863660.509537203237414 ], [ 735038.512255486217327, 5863659.801697184331715 ], [ 735037.840367957134731, 5863659.14107371494174 ], [ 735037.227533397963271, 5863658.520375587046146 ], [ 735036.518660392030142, 5863657.790956974029541 ], [ 735035.868793919216841, 5863657.105829108506441 ], [ 735035.275032942532562, 5863656.464960956946015 ], [ 735034.639826527796686, 5863655.765437036752701 ], [ 735033.963190177222714, 5863655.005802222527564 ], [ 735033.345544847892597, 5863654.291913313791156 ], [ 735032.779576064902358, 5863653.629513208754361 ], [ 735032.176590790506452, 5863652.901228263042867 ], [ 735031.579438601387665, 5863652.170095186680555 ], [ 735030.948155482532457, 5863651.374563480727375 ], [ 735030.411506790784188, 5863650.683371317572892 ], [ 735029.79775379691273, 5863649.876384938135743 ], [ 735029.275718706892803, 5863649.175162179395556 ], [ 735028.680992780136876, 5863648.352371261455119 ], [ 735028.132141325739212, 5863647.581007037311792 ], [ 735027.594971413956955, 5863646.802491410635412 ], [ 735027.106515031657182, 5863646.081254079937935 ], [ 735026.586859728442505, 5863645.292738946154714 ], [ 735026.033104515285231, 5863644.436914972960949 ], [ 735025.530979310977273, 5863643.636945214122534 ], [ 735024.932108553708531, 5863642.658393120393157 ], [ 735020.027595972525887, 5863635.140196802094579 ], [ 735016.589444972574711, 5863627.102156426757574 ], [ 735013.74193660391029, 5863615.908089940436184 ], [ 735012.171393777476624, 5863606.587575839832425 ], [ 735011.902450576773845, 5863597.097642580978572 ], [ 735012.358270848286338, 5863587.797391840256751 ], [ 735016.236613580491394, 5863573.140500530600548 ], [ 735020.31449623813387, 5863561.95225945673883 ], [ 735020.740664431359619, 5863561.028350085020065 ], [ 735021.148668052977882, 5863560.175555312074721 ], [ 735021.565343577647582, 5863559.325764030218124 ], [ 735021.959503078018315, 5863558.547040711157024 ], [ 735022.427533902926371, 5863557.642498568631709 ], [ 735022.837555758538656, 5863556.872676915489137 ], [ 735023.324318928294815, 5863555.979977746494114 ], [ 735023.750187652534805, 5863555.220512866973877 ], [ 735024.223137662978843, 5863554.398974875919521 ], [ 735024.738740063156001, 5863553.522592796012759 ], [ 735025.227490469464101, 5863552.715776930563152 ], [ 735025.687984853051603, 5863551.974146387539804 ], [ 735026.192613067221828, 5863551.17477703653276 ], [ 735026.747130605159327, 5863550.322096359916031 ], [ 735027.273392123403028, 5863549.534600988030434 ], [ 735027.765580202452838, 5863548.813683909364045 ], [ 735028.347455486073159, 5863547.980214958079159 ], [ 735028.852573948097415, 5863547.271078657358885 ], [ 735029.451731050852686, 5863546.449437078088522 ], [ 735030.01973118330352, 5863545.692949709482491 ], [ 735030.594921741401777, 5863544.942360489629209 ], [ 735031.177287243073806, 5863544.199124529957771 ], [ 735031.721274327835999, 5863543.518054872751236 ], [ 735032.366490494227037, 5863542.73037807457149 ], [ 735032.924842960666865, 5863542.062559804879129 ], [ 735033.538840179331601, 5863541.345857664942741 ], [ 735034.160043298383243, 5863540.633598538115621 ], [ 735034.839761154493317, 5863539.875396825373173 ], [ 735035.476764635997824, 5863539.177859704010189 ], [ 735036.120943058631383, 5863538.487675811164081 ], [ 735036.775197397335432, 5863537.804876203648746 ], [ 735037.383851904422045, 5863537.181255000643432 ], [ 735038.049555157893337, 5863536.513130787760019 ], [ 735038.725334326620214, 5863535.85239084623754 ], [ 735039.459597218898125, 5863535.148618535138667 ], [ 735040.047186101903208, 5863534.596080621704459 ], [ 735040.743055091821589, 5863533.955929676070809 ], [ 735041.444648535805754, 5863533.323116413317621 ], [ 735042.206114248954691, 5863532.653106749989092 ], [ 735042.867863329593092, 5863532.083899307064712 ], [ 735043.590950644109398, 5863531.476055869832635 ], [ 735044.375376170733944, 5863530.829576440155506 ], [ 735045.111331923282705, 5863530.239334085956216 ], [ 735045.853012134321034, 5863529.656429389491677 ], [ 735046.543368063285016, 5863529.125365387648344 ], [ 735047.35788191400934, 5863528.5141346687451 ], [ 735048.059686778695323, 5863527.997745979577303 ], [ 735048.884168097050861, 5863527.404085252434015 ], [ 735049.65730967593845, 5863526.863720319233835 ], [ 735050.436191194457933, 5863526.329237919300795 ], [ 735051.222216710913926, 5863525.805018910206854 ], [ 735051.949712005676702, 5863525.328197609633207 ], [ 735052.74570502480492, 5863524.821548569947481 ], [ 735053.545987502438948, 5863524.320766518823802 ], [ 735054.414736725622788, 5863523.793066944926977 ], [ 735055.22639075841289, 5863523.314235716126859 ], [ 735055.982477485202253, 5863522.87701279297471 ], [ 735056.802679501357488, 5863522.412825748324394 ], [ 735057.695668746717274, 5863521.924677946604788 ], [ 735058.463065079995431, 5863521.515226238407195 ], [ 735059.364571348181926, 5863521.044632833451033 ], [ 735060.206143409362994, 5863520.617056271992624 ], [ 735061.051958518801257, 5863520.19971201941371 ], [ 735061.837839450221509, 5863519.825384630821645 ], [ 735062.690736607648432, 5863519.424124120734632 ], [ 735063.617794075980783, 5863519.006193897686899 ], [ 735064.482062833150849, 5863518.626884138211608 ], [ 735065.280641931691207, 5863518.286163822747767 ], [ 735066.151977279689163, 5863517.924392905086279 ], [ 735067.029006176395342, 5863517.572869800031185 ], [ 735067.975843914668076, 5863517.204630362801254 ], [ 735068.788556223502383, 5863516.898987713269889 ], [ 735069.745315103209578, 5863516.552683471702039 ], [ 735070.634980297763832, 5863516.240587809123099 ], [ 735071.460468264529482, 5863515.961276676505804 ], [ 735072.424138952279463, 5863515.647062273696065 ], [ 735073.323647891287692, 5863515.364177281968296 ], [ 735074.228850398678333, 5863515.091540081426501 ], [ 735075.06266970699653, 5863514.847244476899505 ], [ 735075.972006946220063, 5863514.595025254413486 ], [ 735076.884152267244644, 5863514.351567661389709 ], [ 735077.86744858766906, 5863514.101594963110983 ], [ 735078.785179133177735, 5863513.878570839762688 ], [ 735079.631557457847521, 5863513.680978127755225 ], [ 735080.551956809707917, 5863513.47981155756861 ], [ 735081.547858609003015, 5863513.27217642404139 ], [ 735082.470973186078481, 5863513.088502050377429 ], [ 735083.401216373546049, 5863512.916546090506017 ], [ 735084.258672357304022, 5863512.768550929613411 ], [ 735085.187263873056509, 5863512.615495719946921 ], [ 735086.191280482918955, 5863512.463247453793883 ], [ 735087.12399132642895, 5863512.332065289840102 ], [ 735088.060945299919695, 5863512.211115373298526 ], [ 735088.99777548701968, 5863512.101806254126132 ], [ 735089.93307781778276, 5863511.999757076613605 ], [ 735090.872592348372564, 5863511.910850372165442 ], [ 735091.739412539289333, 5863511.837173846550286 ], [ 735092.752746978076175, 5863511.76360952667892 ], [ 735093.694837565650232, 5863511.705290908925235 ], [ 735094.635400312603451, 5863511.654232232831419 ], [ 735095.575808358611539, 5863511.617724577896297 ], [ 735096.44791994150728, 5863511.592128358781338 ], [ 735097.391043315990828, 5863511.573112890124321 ], [ 735098.332607922842726, 5863511.564267587848008 ], [ 735099.275483795674518, 5863511.568533711135387 ], [ 735100.290791014907882, 5863511.58230627886951 ], [ 735101.232015323708765, 5863511.605473132804036 ], [ 735102.174550909199752, 5863511.641751408576965 ], [ 735103.117009164183401, 5863511.68530513998121 ], [ 735104.059343687724322, 5863511.740499672479928 ], [ 735104.998684452963062, 5863511.804393741302192 ], [ 735105.866889688652009, 5863511.873347841203213 ], [ 735106.878445297363214, 5863511.967119785025716 ], [ 735107.816010818234645, 5863512.06155539304018 ], [ 735108.753437158185989, 5863512.169086905196309 ], [ 735109.687869755201973, 5863512.285317969508469 ], [ 735110.623613662435673, 5863512.414660457521677 ], [ 735111.556379298679531, 5863512.551247376948595 ], [ 735112.487570751807652, 5863512.699459583498538 ], [ 735113.415753007284366, 5863512.857826446183026 ], [ 735114.345277518848889, 5863513.026394521817565 ], [ 735115.197988310363144, 5863513.188319749198854 ], [ 735116.193863954627886, 5863513.392524019815028 ], [ 735117.117277335026301, 5863513.590131994336843 ], [ 735118.764061216614209, 5863513.971565771847963 ], [ 735125.192380963591859, 5863515.699338279664516 ], [ 735132.899990630103275, 5863518.536612577736378 ], [ 735139.106595100834966, 5863521.608137719333172 ], [ 735144.692290812614374, 5863524.546410702168941 ], [ 735151.385904977680184, 5863528.749523680657148 ], [ 735157.195696931215934, 5863533.94441741425544 ], [ 735163.153159848297946, 5863540.396797551773489 ], [ 735166.139611231978051, 5863544.39873615000397 ], [ 735166.700582373188809, 5863545.122187797911465 ], [ 735167.317210703738965, 5863545.932096178643405 ], [ 735167.880712050246075, 5863546.690501719713211 ], [ 735168.392552334931679, 5863547.395964813418686 ], [ 735168.939990288577974, 5863548.164385677315295 ], [ 735169.521529073826969, 5863549.000114167109132 ], [ 735170.049940839642659, 5863549.784339825622737 ], [ 735170.572519829147495, 5863550.571413734927773 ], [ 735171.086318690679036, 5863551.365670246072114 ], [ 735171.588467356748879, 5863552.1641680970788 ], [ 735172.083286382840015, 5863552.969864076934755 ], [ 735172.570806679548696, 5863553.779847918078303 ], [ 735173.048111810814589, 5863554.595543747767806 ], [ 735173.481070069479756, 5863555.352554184384644 ], [ 735173.976443491177633, 5863556.242662782780826 ], [ 735174.426019547157921, 5863557.074070492759347 ], [ 735175.030345276114531, 5863558.222929353825748 ], [ 735177.929908614256419, 5863565.489605219103396 ], [ 735180.270021829521284, 5863571.616637133993208 ], [ 735181.630006411112845, 5863576.739234295673668 ], [ 735183.118620586697944, 5863582.999789969064295 ], [ 735184.321392006240785, 5863589.539620914496481 ], [ 735184.687614681315608, 5863595.078006392344832 ], [ 735184.622830178239383, 5863601.177897216752172 ], [ 735184.131534820888191, 5863607.415852228179574 ], [ 735183.364902153844014, 5863612.943595628254116 ], [ 735181.728611906990409, 5863620.586778061464429 ], [ 735179.826071948744357, 5863626.527334408834577 ], [ 735176.336951990728267, 5863635.429929318837821 ], [ 735172.870437590405345, 5863642.203670700080693 ], [ 735168.704984724754468, 5863648.403832330368459 ], [ 735166.26097452652175, 5863651.78310770355165 ], [ 735162.538576379418373, 5863655.741024141199887 ], [ 735161.924999070935883, 5863656.418456012383103 ], [ 735161.229466718388721, 5863657.16341086756438 ], [ 735160.582450246321969, 5863657.847761755809188 ], [ 735159.975200259010307, 5863658.475781032815576 ], [ 735159.258157300762832, 5863659.197221104986966 ], [ 735158.585247807553969, 5863659.86092094797641 ], [ 735157.90519388508983, 5863660.514357287436724 ], [ 735157.217933697858825, 5863661.16335066780448 ], [ 735156.524964131880552, 5863661.803551184013486 ], [ 735155.877547667361796, 5863662.388937249779701 ], [ 735155.116048452444375, 5863663.061876997351646 ], [ 735154.403003357117996, 5863663.6800333019346 ], [ 735153.679897358175367, 5863664.289350209757686 ], [ 735152.95251703215763, 5863664.891344875097275 ], [ 735152.275056833983399, 5863665.43711646553129 ], [ 735151.534760876558721, 5863666.025875273160636 ], [ 735150.790252434206195, 5863666.601491290144622 ], [ 735149.97715254733339, 5863667.215667045675218 ], [ 735149.276793045573868, 5863667.732087641023099 ], [ 735148.452289860346355, 5863668.327222467400134 ], [ 735147.740465251379646, 5863668.830422674305737 ], [ 735146.90455877315253, 5863669.406516554765403 ], [ 735146.121396193047985, 5863669.933694047853351 ], [ 735145.392412581015378, 5863670.41342581436038 ], [ 735144.599297246779315, 5863670.921577859669924 ], [ 735143.798991117393598, 5863671.423831755295396 ], [ 735142.994441596325487, 5863671.915853103622794 ], [ 735142.184182714554481, 5863672.399081524461508 ], [ 735141.369664983591065, 5863672.873532540164888 ], [ 735140.549453357351013, 5863673.337735475972295 ], [ 735139.722050942131318, 5863673.796040247194469 ], [ 735138.893321625888348, 5863674.242688345722854 ], [ 735138.055966475512832, 5863674.681967621669173 ], [ 735137.214367946377024, 5863675.111014324240386 ], [ 735136.3699456268223, 5863675.532754249870777 ], [ 735135.519860347616486, 5863675.941335810348392 ], [ 735134.666935819666833, 5863676.344065733253956 ], [ 735133.742735180654563, 5863676.764952289871871 ], [ 735132.879888862255029, 5863677.145746388472617 ], [ 735132.014234226779081, 5863677.51777854654938 ], [ 735131.680551894241944, 5863677.656829860061407 ], [ 735131.211353524588048, 5863677.852644061669707 ], [ 735130.33426476106979, 5863678.208545451052487 ], [ 735129.455880052410066, 5863678.549879850819707 ], [ 735128.574671570910141, 5863678.883907453157008 ], [ 735127.687738299602643, 5863679.210597226396203 ], [ 735126.731041258899495, 5863679.549638537690043 ], [ 735125.908440654631704, 5863679.828991129994392 ], [ 735124.943256912520155, 5863680.147567217238247 ], [ 735124.043732713675126, 5863680.430462842807174 ], [ 735123.209775286610238, 5863680.686408848501742 ], [ 735122.307550996309146, 5863680.950356458313763 ], [ 735121.328310372307897, 5863681.226577986031771 ], [ 735120.416133437305689, 5863681.471499993465841 ], [ 735119.504049243754707, 5863681.707691065967083 ], [ 735118.659013296361081, 5863681.914037781767547 ], [ 735117.670082837459631, 5863682.14649610966444 ], [ 735116.74963567731902, 5863682.350580737926066 ], [ 735115.899060477269813, 5863682.532127750106156 ], [ 735114.868358898092993, 5863682.736488170921803 ], [ 735108.081765058683231, 5863684.132296385243535 ], [ 735098.409195350133814, 5863685.309490153566003 ], [ 735088.571355593740009, 5863684.838953462429345 ], [ 735080.746873363037594, 5863683.839843964204192 ], [ 735069.661738320370205, 5863680.614142993465066 ] ], [ [ 732891.660686157876626, 5864200.59639894310385 ], [ 732891.326536401291378, 5864201.439779504202306 ], [ 732890.862586941453628, 5864202.345775962807238 ], [ 732890.393237309879623, 5864203.081432023085654 ], [ 732889.81783588277176, 5864203.830480574630201 ], [ 732889.123564837500453, 5864204.570950267836452 ], [ 732888.413169345352799, 5864205.193356270901859 ], [ 732887.648395520169288, 5864205.746763053350151 ], [ 732886.900750093860552, 5864206.192658074200153 ], [ 732886.049089412437752, 5864206.598118100315332 ], [ 732885.163501292117871, 5864206.921704250387847 ], [ 732884.179969548480585, 5864207.180180110968649 ], [ 732883.251360932481475, 5864207.324281102977693 ], [ 732882.38171050650999, 5864207.383159382268786 ], [ 732881.366484486614354, 5864207.354574649594724 ], [ 732879.67064186767675, 5864207.07839429564774 ], [ 732878.740934885223396, 5864206.790230006910861 ], [ 732877.937920663971454, 5864206.458336084149778 ], [ 732877.101185128674842, 5864206.025650375522673 ], [ 732876.248388864798471, 5864205.46907998714596 ], [ 732875.510538095724769, 5864204.881749951280653 ], [ 732874.881687876419164, 5864204.276693723164499 ], [ 732874.26126282569021, 5864203.564030481502414 ], [ 732873.711068270844407, 5864202.796831524930894 ], [ 732873.201259481254965, 5864201.918009521439672 ], [ 732872.835591429960914, 5864201.125179472379386 ], [ 732872.520304870675318, 5864200.235389876179397 ], [ 732872.286584220244549, 5864199.315930550917983 ], [ 732872.14005758962594, 5864198.382872515358031 ], [ 732872.080018825246952, 5864197.367804486304522 ], [ 732872.112716298433952, 5864196.496381116099656 ], [ 732872.241222884505987, 5864195.486289475113153 ], [ 732872.452834212803282, 5864194.571708945557475 ], [ 732872.723096113651991, 5864193.733451483771205 ], [ 732873.099583807983436, 5864192.86579443141818 ], [ 732873.586617356981151, 5864191.971695900894701 ], [ 732874.11881842976436, 5864191.193068331107497 ], [ 732874.72299461287912, 5864190.466167994774878 ], [ 732875.339022241649218, 5864189.85000741481781 ], [ 732876.119378424366005, 5864189.197806637734175 ], [ 732876.837051538052037, 5864188.706467908807099 ], [ 732877.660285116173327, 5864188.246848681941628 ], [ 732878.590323838754557, 5864187.837882684543729 ], [ 732879.485731801949441, 5864187.5449687410146 ], [ 732880.335094375535846, 5864187.350517102517188 ], [ 732881.340471380157396, 5864187.217445381917059 ], [ 732882.209803050034679, 5864187.187671739608049 ], [ 732883.22616056795232, 5864187.245376595295966 ], [ 732884.0850465396652, 5864187.37558160815388 ], [ 732884.99947614967823, 5864187.600995465181768 ], [ 732885.9576863279799, 5864187.936043256893754 ], [ 732886.813642515800893, 5864188.335463709197938 ], [ 732887.566179195418954, 5864188.773047012276947 ], [ 732888.3364175374154, 5864189.317067876458168 ], [ 732889.103859248803928, 5864189.984766545705497 ], [ 732889.755063704680651, 5864190.668656855821609 ], [ 732890.296023288858123, 5864191.351339746266603 ], [ 732890.849620157969184, 5864192.205897553823888 ], [ 732891.284442789969034, 5864193.04314524307847 ], [ 732891.643375453655608, 5864193.92176827788353 ], [ 732891.895439450163394, 5864194.755559124983847 ], [ 732892.100761451991275, 5864195.751842313446105 ], [ 732892.200776183628477, 5864196.693122685886919 ], [ 732892.210790836950764, 5864197.639239045791328 ], [ 732892.135283853742294, 5864198.578597298823297 ], [ 732891.968452833592892, 5864199.511133881285787 ], [ 732891.660686157876626, 5864200.59639894310385 ], [ 732921.786916122306138, 5864210.766225717030466 ], [ 732970.762921478133649, 5864228.820939257740974 ], [ 733026.953753130510449, 5864253.957721373997629 ], [ 733063.257570622721687, 5864272.422087242826819 ], [ 733071.966831159195863, 5864276.673938957042992 ], [ 733080.678985561709851, 5864280.927270960994065 ], [ 733128.207060589571483, 5864304.130663676187396 ], [ 733198.718072732444853, 5864343.178124510683119 ], [ 733317.60930101678241, 5864405.936300949193537 ], [ 733408.7263501775451, 5864453.290627288632095 ], [ 733444.067068501841277, 5864471.212077849544585 ], [ 733534.50825019646436, 5864520.416669245809317 ], [ 733542.645698781241663, 5864524.998152395710349 ], [ 733570.257083505857736, 5864539.957727150991559 ] ], [ [ 732872.452834212803282, 5864194.571708945557475 ], [ 732796.319591663894244, 5864172.462459526956081 ], [ 732792.694015867542475, 5864171.408303991891444 ], [ 732735.798271836829372, 5864154.884213763289154 ], [ 732724.940353175625205, 5864151.730611831881106 ], [ 732708.070764597738162, 5864146.424007331952453 ], [ 732592.058953967993148, 5864116.039615510962903 ], [ 732488.91113629413303, 5864088.761324446648359 ], [ 732421.401603378239088, 5864070.226592588238418 ], [ 732380.771841627312824, 5864058.309519776143134 ], [ 732329.69622811046429, 5864041.810667326673865 ], [ 732269.583494258811697, 5864021.796179804950953 ], [ 732218.90228765248321, 5864004.161538098007441 ], [ 732179.253681616857648, 5863989.343704368919134 ], [ 732176.520077139954083, 5863988.323895398527384 ], [ 732122.658125064685009, 5863967.617779813706875 ], [ 732060.13622450013645, 5863943.02159883081913 ], [ 731966.165542816161178, 5863906.315179870463908 ], [ 731896.482979416847229, 5863879.548920652829111 ], [ 731882.501297940034419, 5863873.716885261237621 ], [ 731820.799921783967875, 5863847.975684372708201 ], [ 731798.192974671139382, 5863837.744568444788456 ], [ 731690.574965809006244, 5863789.046734024770558 ], [ 731632.050750316702761, 5863762.21324163954705 ], [ 731613.083412540028803, 5863753.353748221881688 ], [ 731526.462205777061172, 5863712.897410089150071 ], [ 731476.63817689451389, 5863689.530244861729443 ], [ 731447.271936736535281, 5863677.059212849475443 ], [ 731420.941477110842243, 5863668.053481160663068 ], [ 731394.687804741435684, 5863661.292619015090168 ], [ 731373.793485817499459, 5863655.666787974536419 ], [ 731346.532599866739474, 5863651.051347843371332 ] ], [ [ 733678.798900966299698, 5864599.904252241365612 ], [ 733725.362819512956776, 5864628.597824092023075 ], [ 733752.834715760545805, 5864643.635524676181376 ], [ 733778.284760205424391, 5864657.278718353249133 ], [ 733796.273385515087284, 5864667.270648140460253 ], [ 733804.210186030599289, 5864671.513569422066212 ], [ 733839.88452465843875, 5864689.328295732848346 ], [ 733879.545017116470262, 5864667.352701287716627 ], [ 733956.108812953112647, 5864624.480344991199672 ], [ 734021.91637396090664, 5864587.050977718085051 ], [ 734077.502227865275927, 5864555.435871111229062 ], [ 734113.436786629376002, 5864531.748403518460691 ], [ 734196.316448581404984, 5864477.123274829238653 ], [ 734199.820281100459397, 5864474.813500446267426 ], [ 734276.344150436925702, 5864429.812482264824212 ], [ 734292.584991315961815, 5864418.935218219645321 ], [ 734319.668824346852489, 5864399.011553185991943 ], [ 734343.806265523075126, 5864378.248314132913947 ], [ 734358.461292334017344, 5864364.655540443025529 ], [ 734373.145084915682673, 5864348.373462309129536 ], [ 734383.213192501338199, 5864337.166147207841277 ], [ 734411.761105956393294, 5864305.390747703611851 ], [ 734456.378840118413791, 5864253.846560794860125 ], [ 734535.1189019754529, 5864163.965151338838041 ], [ 734585.040725224884227, 5864106.978363547474146 ], [ 734683.395852868445218, 5863992.013969914056361 ], [ 734684.897205921704881, 5863990.261843990534544 ], [ 734702.072693966794759, 5863966.994794714264572 ], [ 734720.044508929480799, 5863944.817652970552444 ], [ 734731.515326104126871, 5863927.149229184724391 ], [ 734739.728470720350742, 5863912.951765051111579 ], [ 734769.140562699758448, 5863876.071971676312387 ], [ 734801.762596646556631, 5863840.300722540356219 ], [ 734834.362793438252993, 5863806.688969719223678 ], [ 734854.092975692823529, 5863789.609906014986336 ], [ 734879.869346710620448, 5863772.687355327419937 ], [ 734883.923379294923507, 5863770.025386250577867 ], [ 734904.220455993548967, 5863756.228281858377159 ], [ 734919.087347210501321, 5863747.761985024437308 ], [ 734935.845585536793806, 5863738.508241070434451 ], [ 734955.545595841947943, 5863730.361473057419062 ], [ 734979.276511879055761, 5863722.262214715592563 ], [ 735030.993094354518689, 5863709.878334171138704 ], [ 735036.86635553848464, 5863705.292951612733305 ], [ 735040.444064013543539, 5863698.30647449940443 ], [ 735042.761443697265349, 5863689.790079790167511 ], [ 735046.383682729210705, 5863666.613824483007193 ] ], [ [ 730247.095092579256743, 5863249.222077710554004 ], [ 730304.264609051984735, 5863285.093994166702032 ], [ 730311.722364693647251, 5863290.14465360250324 ], [ 730369.023593717021868, 5863328.947216898202896 ], [ 730400.479956521186978, 5863349.643844505771995 ], [ 730533.201475446927361, 5863437.532144623808563 ], [ 730651.247803186182864, 5863511.231630770489573 ], [ 730676.107278219074942, 5863524.296410717070103 ], [ 730683.478428098722361, 5863528.172950679436326 ], [ 730724.587225960684009, 5863546.808632391504943 ], [ 730775.868493133573793, 5863565.55368123576045 ], [ 730830.685236706165597, 5863580.516413991339505 ], [ 730849.695177736342885, 5863585.831367762759328 ], [ 730874.785934077925049, 5863598.88517449516803 ] ], [ [ 730888.332005524192937, 5863602.827719120308757 ], [ 730888.351136489072815, 5863603.717121666297317 ], [ 730888.242700438713655, 5863604.72879836615175 ], [ 730888.023595158359967, 5863605.647553665563464 ], [ 730887.720026471652091, 5863606.464948788285255 ], [ 730887.288539624540135, 5863607.305653642863035 ], [ 730886.710569223272614, 5863608.143265206366777 ], [ 730886.130349168204702, 5863608.791662462055683 ], [ 730885.421293966821395, 5863609.415334176272154 ], [ 730884.642199379974045, 5863609.94508334249258 ], [ 730883.801849216106348, 5863610.373731632716954 ], [ 730882.914861598750576, 5863610.691255388781428 ], [ 730881.214358135475777, 5863610.98076247330755 ], [ 730880.320806587231345, 5863610.97513557318598 ], [ 730879.314105292200111, 5863610.838721321895719 ], [ 730878.404349244316109, 5863610.594243518076837 ], [ 730877.532132982974872, 5863610.235216619446874 ], [ 730876.711848265258595, 5863609.771988718770444 ], [ 730876.011102254502475, 5863609.256251497194171 ], [ 730875.32489843654912, 5863608.606789165176451 ], [ 730874.68081234768033, 5863607.822454835288227 ], [ 730874.180551400175318, 5863607.019354855641723 ], [ 730873.785340396338142, 5863606.162128371186554 ], [ 730873.499433759134263, 5863605.259554783813655 ], [ 730873.340669079567306, 5863604.40351757965982 ], [ 730873.275080307852477, 5863603.38698417134583 ], [ 730873.339227155782282, 5863602.444666882045567 ], [ 730873.520702001173049, 5863601.518214902840555 ], [ 730873.816490633180365, 5863600.617781606502831 ], [ 730874.22056466829963, 5863599.763673759065568 ], [ 730874.785934077925049, 5863598.88517449516803 ], [ 730875.428222993039526, 5863598.134146610274911 ], [ 730876.071569355903193, 5863597.549034730531275 ], [ 730876.840720144216903, 5863597.000256981700659 ], [ 730877.735287261777557, 5863596.522736182436347 ], [ 730878.618083862354979, 5863596.190613617189229 ], [ 730879.464645707979798, 5863595.986152086406946 ], [ 730881.035611413535662, 5863595.865467234514654 ], [ 730881.918199525098316, 5863595.943736434914172 ], [ 730882.909504945855588, 5863596.160019459202886 ], [ 730883.730246178689413, 5863596.45152584835887 ], [ 730884.575689580407925, 5863596.869919459335506 ], [ 730885.360498832073063, 5863597.39241652097553 ], [ 730886.074633701937273, 5863598.008717694319785 ], [ 730886.709488269756548, 5863598.709994974546134 ], [ 730887.250703151104972, 5863599.482990138232708 ], [ 730887.717970797675662, 5863600.38322482444346 ], [ 730888.04176934203133, 5863601.270212846808136 ], [ 730888.332005524192937, 5863602.827719120308757 ], [ 730907.319347635377198, 5863600.129421550780535 ], [ 730931.640501077403314, 5863599.024589043110609 ], [ 731002.953321035951376, 5863605.489782624877989 ], [ 731092.380464613670483, 5863614.730979250743985 ], [ 731164.849695015698671, 5863623.422730173915625 ], [ 731243.995944272493944, 5863635.311363193206489 ], [ 731326.716614415519871, 5863647.223072585649788 ], [ 731346.532599866739474, 5863651.051347843371332 ] ], [ [ 735318.227161970920861, 5863657.693708563223481 ], [ 735293.69028141675517, 5863666.055908736772835 ], [ 735282.076922520645894, 5863671.593047058209777 ], [ 735269.63138588948641, 5863679.815056373365223 ], [ 735259.055638435762376, 5863688.867631026543677 ], [ 735249.556181547115557, 5863697.928787703625858 ], [ 735234.885058228275739, 5863713.137229698710144 ], [ 735223.758296586340293, 5863723.799306867644191 ], [ 735216.729681866825558, 5863727.767069353722036 ], [ 735207.555714880116284, 5863731.441214972175658 ], [ 735197.606696562259458, 5863732.145505256950855 ], [ 735188.492817265330814, 5863730.160558453761041 ], [ 735180.20686948148068, 5863726.029133575037122 ], [ 735173.551077628158964, 5863720.298277013003826 ], [ 735169.810785321868025, 5863715.559092117473483 ], [ 735167.778645624406636, 5863713.622178526595235 ], [ 735165.824682924430817, 5863707.33035708963871 ], [ 735163.614086677203886, 5863697.885052955709398 ], [ 735162.450587258324958, 5863687.238682497292757 ], [ 735148.554613982560113, 5863668.254096108488739 ] ], [ [ 735167.778645624406636, 5863713.622178526595235 ], [ 735159.459227625164203, 5863708.410543413832784 ], [ 735146.635813238797709, 5863701.80021701566875 ], [ 735141.017833532532677, 5863699.432023123838007 ], [ 735131.680551894241944, 5863677.656829860061407 ] ] ] } },
{ "type": "Feature", "properties": { "CADRE_NO": "10.020", "DDT_URL": null, "ETC_NOM": "Transports publics de la région lausannoise", "ETC_SIGLE": "TL", "ETC_URL": "https://www.t-l.ch", "GO_CENTRE": 0, "HORAIR_URL": "https://www.tableaux-horaires.ch/fileadmin/fap_pdf_fields/2025/10.020.pdf", "LIGNE_NO": "20", "LIGNE_NOM": "Lausanne gare - Blécherette", "LIGNE_SIGL": null, "LIGNE_TYPE": "Bus urbain", "PLAN_URL": "https://prestations.vd.ch/pub/101587/api/download/2_Cartographie_et_geodonnees/2.1_Carte_des_reseaux/Carte_des_lignes_TP/topo/ligne_10.020.pdf", "SHAPE_LEN": 3892.024 }, "geometry": { "type": "MultiLineString", "coordinates": [ [ [ 737870.685281477402896, 5865947.486685554496944 ], [ 737868.653507094015367, 5865935.980326752178371 ], [ 737865.775901047396474, 5865928.40133872628212 ], [ 737859.956745736068115, 5865919.443869688548148 ], [ 737845.688365344423801, 5865895.842006646096706 ], [ 737819.716378033277579, 5865860.253542714752257 ], [ 737768.325452117016539, 5865788.274668617174029 ], [ 737714.494394024601206, 5865718.158660459332168 ] ], [ [ 737714.494394024601206, 5865718.158660459332168 ], [ 737675.250208749668673, 5865666.797535818070173 ], [ 737647.677632267703302, 5865630.654238698072731 ], [ 737634.425380486180075, 5865612.724270218983293 ], [ 737629.414669103804044, 5865603.506087072193623 ], [ 737627.594288262189366, 5865597.554041419178247 ], [ 737625.790602597175166, 5865589.98789429012686 ], [ 737626.137066001771018, 5865582.442676239646971 ], [ 737626.483645869302563, 5865575.166754459962249 ], [ 737628.454582154983655, 5865566.559846989810467 ], [ 737632.00804261432495, 5865560.666665196418762 ], [ 737636.92448317236267, 5865552.899743157438934 ], [ 737648.071700592990965, 5865540.615404388867319 ], [ 737675.800958109553903, 5865509.631657693535089 ], [ 737692.932490516570397, 5865490.127201040275395 ], [ 737707.870690515963361, 5865474.917248417623341 ], [ 737713.58119323302526, 5865468.506498862057924 ], [ 737717.685295496601611, 5865461.269737343303859 ], [ 737719.636614556307904, 5865454.550622888840735 ], [ 737720.204042626777664, 5865451.59147803299129 ], [ 737721.414212061208673, 5865438.663843527436256 ], [ 737718.352024912484922, 5865422.99751309491694 ], [ 737701.293813476921059, 5865383.188912406563759 ], [ 737667.988799329497851, 5865303.584953170269728 ], [ 737667.049210421624593, 5865301.419480961747468 ] ], [ [ 737667.049210421624593, 5865301.419480961747468 ], [ 737650.92835350043606, 5865264.318234412930906 ], [ 737645.159912531264126, 5865250.239699171856046 ] ], [ [ 737572.453752323752269, 5864875.308430971577764 ], [ 737564.024168914882466, 5864859.048611762933433 ], [ 737523.380856900475919, 5864787.457579313777387 ], [ 737513.107649326208048, 5864767.672406830824912 ], [ 737509.467880872427486, 5864760.065979438833892 ], [ 737504.165195820154622, 5864748.981099635362625 ], [ 737492.411471607396379, 5864716.239943633787334 ], [ 737479.09638788877055, 5864678.630090164020658 ] ], [ [ 737008.04378184734378, 5867647.782860989682376 ], [ 737046.245168095338158, 5867670.562635120935738 ], [ 737061.104954615584575, 5867677.157989383675158 ] ], [ [ 737061.104954615584575, 5867677.157989383675158 ], [ 737078.738559384015389, 5867684.980625191703439 ], [ 737084.503839249839075, 5867689.25018155016005 ], [ 737087.687231352319941, 5867693.655773034319282 ], [ 737088.938804084667936, 5867697.233079544268548 ], [ 737089.059003614936955, 5867701.443535504862666 ], [ 737087.081269830348901, 5867705.307348266243935 ], [ 737082.366058674524538, 5867708.497506924904883 ], [ 737074.682472496991977, 5867710.608285467140377 ], [ 737058.458108687540516, 5867710.870804695412517 ], [ 737036.976586792967282, 5867682.867433690465987 ], [ 737018.396477176691405, 5867660.294650174677372 ], [ 737008.04378184734378, 5867647.782860989682376 ] ], [ [ 737283.75202379852999, 5864263.897879312746227 ], [ 737295.342575468006544, 5864290.140483381226659 ], [ 737304.055493480409496, 5864309.332214375957847 ], [ 737431.411772867897525, 5864571.954328184947371 ], [ 737447.511231879587285, 5864606.144868165254593 ] ], [ [ 737447.511231879587285, 5864606.144868165254593 ], [ 737467.152708917390555, 5864647.857873423025012 ], [ 737469.615298843709752, 5864654.529186446219683 ] ], [ [ 737469.615298843709752, 5864654.529186446219683 ], [ 737470.463455594610423, 5864656.826016101054847 ], [ 737470.717461472726427, 5864657.515642676502466 ], [ 737472.723809683113359, 5864662.572462563402951 ], [ 737479.09638788877055, 5864678.630090164020658 ] ], [ [ 737221.458568849484436, 5864078.605357986874878 ], [ 737218.439336904441006, 5864084.773661356419325 ], [ 737216.482329874997959, 5864092.031502533704042 ], [ 737216.384353280300274, 5864101.462734866887331 ], [ 737217.088714106590487, 5864111.445219755172729 ], [ 737219.386449058772996, 5864123.059840110130608 ], [ 737251.464249969343655, 5864190.780712622217834 ], [ 737257.421660933177918, 5864204.274738907814026 ] ], [ [ 737257.421660933177918, 5864204.274738907814026 ], [ 737283.75202379852999, 5864263.897879312746227 ] ], [ [ 737008.04378184734378, 5867647.782860989682376 ], [ 736980.9610940272687, 5867615.677672881633043 ] ], [ [ 737870.685281477402896, 5865947.486685554496944 ], [ 737854.158518326585181, 5865960.363808713853359 ], [ 737836.27670946076978, 5865974.19778782967478 ], [ 737782.645102266455069, 5866014.890420422889292 ], [ 737770.166625991929322, 5866026.353856760077178 ], [ 737753.881242795614526, 5866041.823089802637696 ], [ 737739.472099124221131, 5866057.84751863591373 ], [ 737714.976406338508241, 5866087.788360976614058 ], [ 737694.51663123711478, 5866116.964752335101366 ], [ 737678.393500278238207, 5866142.67950299475342 ], [ 737668.533504343940876, 5866160.639375642873347 ], [ 737661.392676097224467, 5866175.663731534034014 ], [ 737656.404784630401991, 5866190.170437062159181 ], [ 737652.208312580827624, 5866206.304156953468919 ], [ 737630.224088526563719, 5866278.870336445048451 ], [ 737621.620949383592233, 5866305.205252561718225 ], [ 737618.520473662181757, 5866312.028038488700986 ] ], [ [ 737618.520473662181757, 5866312.028038488700986 ], [ 737609.795116775436327, 5866331.233013873919845 ], [ 737597.419719969271682, 5866358.336732523515821 ], [ 737587.265782475122251, 5866378.720626343041658 ], [ 737560.969600025448017, 5866426.438521600328386 ], [ 737543.472663684631698, 5866455.105008494108915 ], [ 737527.910435135127045, 5866478.401019079610705 ], [ 737511.282905558357015, 5866501.144417427480221 ], [ 737494.132143495487981, 5866521.997166713699698 ], [ 737478.373960630735382, 5866538.549536221660674 ], [ 737466.152952425298281, 5866550.823869185522199 ], [ 737422.544932623626664, 5866588.305230374448001 ], [ 737379.869236996164545, 5866629.463397099636495 ], [ 737368.709164486848749, 5866643.098312668502331 ], [ 737358.597634418401867, 5866659.170988317579031 ], [ 737343.560374731197953, 5866683.817854500375688 ], [ 737336.945590048329905, 5866699.657763477414846 ], [ 737335.092023494536988, 5866704.873469667509198 ] ], [ [ 737335.092023494536988, 5866704.873469667509198 ], [ 737331.408824984915555, 5866715.235261581838131 ], [ 737325.845350678777322, 5866733.245156324468553 ], [ 737322.467313958914019, 5866748.040188349783421 ], [ 737319.329746248782612, 5866765.532461461611092 ], [ 737313.938475184724666, 5866802.462576576508582 ], [ 737312.965039345086552, 5866809.144805206917226 ], [ 737303.764522327692248, 5866866.750265780836344 ], [ 737296.581684732460417, 5866911.433328768238425 ], [ 737292.943486053030938, 5866925.416486380621791 ], [ 737284.619714741944335, 5866950.404915874823928 ], [ 737274.415306018549018, 5866975.375215507112443 ], [ 737265.367242314503528, 5866992.539745789021254 ], [ 737256.896729367203079, 5867005.93094583787024 ], [ 737248.964416165254079, 5867019.059906085953116 ], [ 737242.152222865493968, 5867028.156220909208059 ], [ 737231.528324270388111, 5867041.797189078293741 ], [ 737216.30135822284501, 5867058.624962331727147 ], [ 737187.465985347516835, 5867087.47417358495295 ] ], [ [ 737187.465985347516835, 5867087.47417358495295 ], [ 737186.696075496962294, 5867088.245009298436344 ], [ 737165.234070985694416, 5867110.132228929549456 ], [ 737152.463710746844299, 5867123.479983903467655 ], [ 737137.749572890810668, 5867142.740085518918931 ], [ 737118.943896513083018, 5867167.62074728589505 ], [ 737108.845337645732798, 5867182.344635074958205 ], [ 737099.005443556234241, 5867198.148597345687449 ], [ 737089.425517108524218, 5867214.767683216370642 ], [ 737082.011479183100164, 5867229.79052010551095 ], [ 737072.94597761973273, 5867248.569753527641296 ], [ 737066.060370574006811, 5867264.407645527273417 ], [ 737053.126891512190923, 5867293.393036525696516 ], [ 737045.419026023126207, 5867310.838432274758816 ], [ 736993.196078738663346, 5867421.656810086220503 ], [ 736980.270459364866838, 5867449.563857016153634 ], [ 736959.356940413243137, 5867496.263375150039792 ], [ 736957.958438606699929, 5867501.642944512888789 ], [ 736955.700998328393325, 5867511.596793810836971 ], [ 736954.212612297502346, 5867525.603310761973262 ], [ 736953.557701360201463, 5867536.922188814729452 ], [ 736955.008379914099351, 5867552.306308258324862 ], [ 736958.055983180413023, 5867569.595557606779039 ], [ 736962.743829197599553, 5867583.936271486803889 ], [ 736970.372298940783367, 5867599.9268494900316 ], [ 736980.9610940272687, 5867615.677672881633043 ] ], [ [ 737858.808543549734168, 5863672.695888126268983 ], [ 737876.162785838940181, 5863668.347136212512851 ] ], [ [ 738061.710942223900929, 5863628.001931821927428 ], [ 738077.617573865689337, 5863625.452555951662362 ] ], [ [ 738077.617573865689337, 5863625.452555951662362 ], [ 738077.45553295512218, 5863624.564605548977852 ], [ 738077.429751809453592, 5863623.545634856447577 ], [ 738077.540196571266279, 5863622.680880561470985 ], [ 738077.796171115129255, 5863621.771064151078463 ], [ 738078.224875649320893, 5863620.851394273340702 ], [ 738078.750851936172694, 5863620.065163224004209 ], [ 738079.339153067790903, 5863619.425106649287045 ], [ 738080.133410993148573, 5863618.78863819129765 ], [ 738080.952011092798784, 5863618.324146011844277 ], [ 738081.834536311449483, 5863617.991291857324541 ], [ 738082.685058650095016, 5863617.808001083321869 ], [ 738083.622804112266749, 5863617.747857805341482 ], [ 738084.560502825188451, 5863617.833242940716445 ], [ 738085.545826891670004, 5863618.083568903617561 ], [ 738086.344513066462241, 5863618.426555998623371 ], [ 738087.107114540296607, 5863618.892869032919407 ], [ 738087.811873747734353, 5863619.482282754033804 ], [ 738088.479994344525039, 5863620.248862493783236 ], [ 738088.943863147171214, 5863620.987132070586085 ], [ 738089.326636667479761, 5863621.852627547457814 ], [ 738089.582003484363668, 5863622.834682405926287 ], [ 738089.668778716702946, 5863624.12933452706784 ] ], [ [ 738089.668778716702946, 5863624.12933452706784 ], [ 738089.558902316959575, 5863625.079957162961364 ], [ 738089.307295392034575, 5863625.988364176824689 ], [ 738088.953825268778019, 5863626.786569678224623 ], [ 738088.403952672728337, 5863627.639497915282845 ], [ 738087.772928168065846, 5863628.34314614161849 ], [ 738087.044347022660077, 5863628.941003179177642 ], [ 738086.298466279869899, 5863629.387330712750554 ], [ 738085.425824136007577, 5863629.746483357623219 ], [ 738084.451543381437659, 5863629.973607167601585 ], [ 738083.583346130559221, 5863630.041747284121811 ], [ 738082.574496370507404, 5863629.96290160343051 ], [ 738081.657060434226878, 5863629.74092854373157 ], [ 738080.786012726020999, 5863629.381183032877743 ], [ 738080.039156635175459, 5863628.935406029224396 ], [ 738079.258134194067679, 5863628.285534326918423 ], [ 738078.637311547528952, 5863627.57474406901747 ], [ 738078.167596314684488, 5863626.840778708457947 ], [ 738077.617573865689337, 5863625.452555951662362 ] ], [ [ 737858.808543549734168, 5863672.695888126268983 ], [ 737858.875454170862213, 5863673.662901584059 ], [ 737858.768573202542029, 5863674.601915628649294 ], [ 737858.495213204645552, 5863675.507184925489128 ], [ 737858.06297193816863, 5863676.345316427759826 ], [ 737857.486594684887677, 5863677.093178380280733 ], [ 737856.846580268233083, 5863677.681751985102892 ], [ 737856.050705651054159, 5863678.19157661870122 ], [ 737855.111175376689062, 5863678.564566915854812 ], [ 737854.318843123153783, 5863678.730977318249643 ], [ 737853.304497437085956, 5863678.762650427408516 ], [ 737852.374707518960349, 5863678.61328871268779 ], [ 737851.364519962458871, 5863678.241886570118368 ] ], [ [ 737851.364519962458871, 5863678.241886570118368 ], [ 737850.551458063186146, 5863677.745919761247933 ], [ 737849.898808595375158, 5863677.168666214682162 ], [ 737849.268733179429546, 5863676.371896716766059 ], [ 737848.861781993531622, 5863675.602183876559138 ], [ 737848.554102007998154, 5863674.631215078756213 ], [ 737848.461586129968055, 5863673.052709762006998 ] ], [ [ 737848.461586129968055, 5863673.052709762006998 ], [ 737848.615629610372707, 5863672.182584729976952 ], [ 737848.939578386954963, 5863671.295304887928069 ], [ 737849.417981533915736, 5863670.482393657788634 ], [ 737850.087372078443877, 5863669.718034883961082 ], [ 737850.768985919421539, 5863669.175008457154036 ], [ 737851.663149711093865, 5863668.699677138589323 ], [ 737852.49131419241894, 5863668.434678870253265 ], [ 737853.496525829890743, 5863668.303950760513544 ], [ 737854.438894481514581, 5863668.358848359435797 ], [ 737855.353382645873353, 5863668.585181666538119 ], [ 737856.212550693424419, 5863668.971023457124829 ], [ 737856.931418749154545, 5863669.457279598340392 ], [ 737857.65521287242882, 5863670.169158183038235 ], [ 737858.158483915613033, 5863670.883113381452858 ], [ 737858.584166844375432, 5863671.805826248601079 ], [ 737858.808543549734168, 5863672.695888126268983 ] ], [ [ 738061.710942223900929, 5863628.001931821927428 ], [ 738063.240552291506901, 5863636.963457541540265 ], [ 737991.899683716823347, 5863650.778644155710936 ], [ 737987.378315241425298, 5863651.588944528251886 ] ], [ [ 737987.378315241425298, 5863651.588944528251886 ], [ 737962.023189842002466, 5863656.131456103175879 ], [ 737947.771093812421896, 5863657.329810546711087 ], [ 737945.103660661843605, 5863657.859525205567479 ], [ 737876.693995386827737, 5863671.416053901426494 ], [ 737876.162785838940181, 5863668.347136212512851 ] ], [ [ 737876.162785838940181, 5863668.347136212512851 ], [ 737873.878282252349891, 5863657.909313724376261 ], [ 737970.804967077914625, 5863638.162300880998373 ], [ 737989.357659339206293, 5863636.739263834431767 ], [ 738060.969561844947748, 5863622.654789180494845 ], [ 738061.710942223900929, 5863628.001931821927428 ] ], [ [ 737851.364519962458871, 5863678.241886570118368 ], [ 737842.354004071909003, 5863692.622764281928539 ], [ 737833.398014020291157, 5863701.15389798860997 ], [ 737822.83892007288523, 5863709.131374717690051 ], [ 737811.745784411556087, 5863716.563380431383848 ], [ 737733.065932804369368, 5863764.261510545387864 ], [ 737601.702203673077747, 5863840.252516460604966 ], [ 737531.940288947778754, 5863882.923944118432701 ], [ 737466.767866601119749, 5863923.483151066116989 ], [ 737448.351213085697964, 5863934.810152303427458 ] ], [ [ 737448.351213085697964, 5863934.810152303427458 ], [ 737384.023953817784786, 5863974.373608303256333 ], [ 737361.583333802642301, 5863987.88518862426281 ], [ 737313.713381760055199, 5864017.844500277191401 ], [ 737279.919934071600437, 5864037.70644140150398 ], [ 737233.13977107219398, 5864066.327746625989676 ], [ 737226.356386866304092, 5864072.727394659072161 ], [ 737221.458568849484436, 5864078.605357986874878 ] ], [ [ 737572.453752323752269, 5864875.308430971577764 ], [ 737601.377634678618051, 5864936.803333821706474 ], [ 737620.057335013989359, 5864975.27774262893945 ], [ 737643.75461676355917, 5865022.429914413951337 ], [ 737660.312547140405513, 5865058.186888466589153 ], [ 737693.424836496589705, 5865128.120419255457819 ], [ 737733.685671292245388, 5865213.149994037114084 ] ], [ [ 737733.685671292245388, 5865213.149994037114084 ], [ 737720.354196239379235, 5865219.506081747822464 ], [ 737711.001887218211778, 5865223.964729662053287 ], [ 737678.8861134898616, 5865237.112097623758018 ], [ 737645.159912531264126, 5865250.239699171856046 ] ] ] } },
{ "type": "Feature", "properties": { "CADRE_NO": "10.041", "DDT_URL": null, "ETC_NOM": "Transports publics de la région lausannoise", "ETC_SIGLE": "TL", "ETC_URL": "https://www.t-l.ch", "GO_CENTRE": 0, "HORAIR_URL": "https://www.tableaux-horaires.ch/fileadmin/fap_pdf_fields/2025/10.041.pdf", "LIGNE_NO": "41", "LIGNE_NOM": "Lausanne Praz-Séchaud - Foyer - Praz-Berthoud - Montolieu", "LIGNE_SIGL": null, "LIGNE_TYPE": "Bus urbain", "PLAN_URL": "https://prestations.vd.ch/pub/101587/api/download/2_Cartographie_et_geodonnees/2.1_Carte_des_reseaux/Carte_des_lignes_TP/topo/ligne_10.041.pdf", "SHAPE_LEN": 4048.716 }, "geometry": { "type": "MultiLineString", "coordinates": [ [ [ 741476.555939898244105, 5866229.347052160650492 ], [ 741476.644221408758312, 5866228.344943930394948 ], [ 741476.859393251826987, 5866227.424164637923241 ], [ 741477.193182116490789, 5866226.540960339829326 ], [ 741477.645429430645891, 5866225.711342316120863 ], [ 741478.204369080951437, 5866224.951206129044294 ], [ 741478.807005159091204, 5866224.321064012125134 ], [ 741479.60411078936886, 5866223.688492621295154 ], [ 741480.352898108540103, 5866223.246138320304453 ], [ 741481.905411648680456, 5866222.674955645576119 ], [ 741482.774632128654048, 5866222.52639985922724 ], [ 741483.715290027903393, 5866222.490645820274949 ], [ 741484.653228754526936, 5866222.582967455498874 ], [ 741485.640480544068851, 5866222.824263238348067 ], [ 741486.449939106358215, 5866223.142395947128534 ], [ 741487.273989041917957, 5866223.598966870456934 ], [ 741488.031636961386539, 5866224.166966146789491 ], [ 741488.702742602792569, 5866224.828724566847086 ], [ 741489.28012330387719, 5866225.576892027631402 ], [ 741489.749442549189553, 5866226.393857151269913 ], [ 741490.106448363396339, 5866227.269387596286833 ], [ 741490.3548594819149, 5866228.267571928910911 ], [ 741490.45302093657665, 5866229.198752135038376 ], [ 741490.418296244461089, 5866230.214495644904673 ], [ 741490.26902351283934, 5866231.074792079627514 ], [ 741489.963375632301904, 5866232.047076376155019 ], [ 741489.592814393225126, 5866232.833838050253689 ], [ 741488.617334900656715, 5866234.188124731183052 ], [ 741513.142071568290703, 5866258.828833855688572 ], [ 741594.20368792291265, 5866350.7673878679052 ], [ 741643.344050407526083, 5866409.493165821768343 ], [ 741665.403376151924022, 5866434.517015075311065 ], [ 741731.620824984274805, 5866505.814249647781253 ], [ 741767.778193780221045, 5866547.773348592221737 ], [ 741773.97903547459282, 5866554.966740138828754 ], [ 741777.323379408684559, 5866558.844638581387699 ] ], [ [ 741488.617334900656715, 5866234.188124731183052 ], [ 741487.876181738451123, 5866234.885306742042303 ], [ 741487.168865945306607, 5866235.389215596020222 ], [ 741486.268862569355406, 5866235.862090126611292 ], [ 741485.37910680018831, 5866236.179305026307702 ], [ 741484.457233036868274, 5866236.36955245397985 ], [ 741483.655590584618039, 5866236.434350463561714 ], [ 741482.715723844594322, 5866236.390048026107252 ], [ 741481.78725317295175, 5866236.220667409710586 ], [ 741480.825487549067475, 5866235.896648956462741 ], [ 741479.982243018224835, 5866235.473367006517947 ], [ 741479.261526527930982, 5866234.985798731446266 ], [ 741478.555266649811529, 5866234.357169985771179 ], [ 741477.941266757203266, 5866233.643573340028524 ], [ 741477.428218100802042, 5866232.84655116032809 ], [ 741477.002029195777141, 5866231.92374730296433 ], [ 741476.746187055716291, 5866231.089983999729156 ], [ 741476.555939898244105, 5866229.347052160650492 ], [ 741466.670656988397241, 5866229.248537832871079 ], [ 741452.676684302161448, 5866231.267884547822177 ], [ 741420.902200915850699, 5866237.420304527506232 ], [ 741395.033695019548759, 5866244.442359729669988 ], [ 741389.771838794928044, 5866246.219711408019066 ], [ 741370.225486131268553, 5866252.822919386439025 ], [ 741350.253258196171373, 5866261.250224047340453 ], [ 741329.173742734827101, 5866272.90250994451344 ], [ 741322.821272452478297, 5866277.248482543043792 ], [ 741314.02161310671363, 5866283.267395526170731 ], [ 741286.668764298781753, 5866304.291543999686837 ], [ 741265.248377696960233, 5866323.220439410768449 ], [ 741221.316314106690697, 5866362.955381996929646 ], [ 741144.282710671541281, 5866433.903810083866119 ], [ 741099.524049118394032, 5866475.515584020875394 ], [ 741053.689763151691295, 5866517.118013232946396 ], [ 741040.163595338119194, 5866525.880187414586544 ], [ 741023.944784114253707, 5866535.155466654337943 ], [ 741010.712614708929323, 5866541.492337378673255 ], [ 740996.692455521319062, 5866545.934620425105095 ], [ 740976.213311168248765, 5866551.39087441097945 ], [ 740960.332648382871412, 5866553.658461076207459 ], [ 740950.121981761185452, 5866553.556098000146449 ], [ 740938.301721762516536, 5866552.898948712274432 ], [ 740924.076098278979771, 5866550.868162548169494 ], [ 740910.669421895872802, 5866547.768298576585948 ], [ 740893.519129109452479, 5866542.744183066301048 ], [ 740876.366185566061176, 5866537.987871054559946 ], [ 740855.385081217507832, 5866531.929501262493432 ], [ 740819.28316529490985, 5866521.506289025768638 ], [ 740723.072061098529957, 5866494.119088111445308 ], [ 740685.558427345589735, 5866482.686888843774796 ], [ 740630.086926297168247, 5866466.489682006649673 ], [ 740610.260523398057558, 5866460.359407832846045 ], [ 740590.957542353891768, 5866455.580934507772326 ], [ 740564.925740513252094, 5866451.814833540469408 ], [ 740560.34737775917165, 5866451.38586506433785 ], [ 740552.037326322635636, 5866450.606324388645589 ], [ 740537.536892429925501, 5866449.380102592520416 ], [ 740530.104825542774051, 5866449.465368140488863 ], [ 740524.901943340781145, 5866449.525045868009329 ], [ 740514.417579982313327, 5866449.958042814396322 ], [ 740498.265839199535549, 5866452.492798232473433 ], [ 740493.442402102285996, 5866453.786393380723894 ], [ 740476.975738598150201, 5866458.206050754524767 ], [ 740464.038682700949721, 5866461.853319632820785 ], [ 740451.372774801100604, 5866465.231078466400504 ], [ 740409.852783737820573, 5866478.291189478710294 ], [ 740388.83906545874197, 5866483.201997409574687 ], [ 740371.604147314210422, 5866486.802860972471535 ], [ 740350.881908508017659, 5866489.559086808934808 ], [ 740331.51679268409498, 5866490.980932483449578 ], [ 740308.672474550548941, 5866490.750247760675848 ], [ 740286.117176050669514, 5866488.90507273003459 ], [ 740264.91322848200798, 5866485.725460468791425 ], [ 740239.17843480326701, 5866479.265306582674384 ], [ 740218.019531382364221, 5866472.039030833169818 ], [ 740198.209639108506963, 5866464.292088026180863 ], [ 740180.011433911742643, 5866454.722788950428367 ], [ 740174.68205351033248, 5866451.918964028358459 ], [ 740159.454923201585189, 5866442.870275071822107 ], [ 740140.781261632917449, 5866428.928852874785662 ], [ 740120.786981158191338, 5866412.550225168466568 ], [ 740101.86960278020706, 5866396.450340140610933 ], [ 740085.083262280328199, 5866381.720037992112339 ], [ 740074.706184632959776, 5866371.640216508880258 ], [ 740064.875198514782824, 5866360.217909534461796 ], [ 740055.216940438025631, 5866347.495926091447473 ], [ 740050.271433344809338, 5866340.155503490939736 ], [ 740040.558851958950981, 5866325.049945503473282 ], [ 740028.373561538988724, 5866305.33816468436271 ], [ 740017.310336651280522, 5866287.036734282970428 ], [ 740001.835524604073726, 5866260.839899334125221 ], [ 739985.634989647660404, 5866232.364836210384965 ], [ 739981.064722196431831, 5866222.070255361497402 ], [ 739975.011626011575572, 5866204.123972970061004 ], [ 739972.85275665007066, 5866193.142023191787302 ], [ 739972.786510978476144, 5866184.161068119108677 ] ], [ [ 739956.919443473685533, 5866304.223786685615778 ], [ 739956.91486967401579, 5866304.389693587087095 ], [ 739959.383094151155092, 5866310.592843216843903 ], [ 739959.602035045274533, 5866320.98025812767446 ], [ 739959.768656142405234, 5866335.696511647664011 ], [ 739962.78102912614122, 5866357.025949823670089 ], [ 739966.091527751530521, 5866375.123801335692406 ], [ 739974.128234180039726, 5866404.323083749040961 ], [ 739985.562633743975312, 5866443.263855033554137 ], [ 739997.512083955574781, 5866484.098123204894364 ], [ 740014.658596180845052, 5866543.049857224337757 ], [ 740022.462459220550954, 5866568.743239863775671 ], [ 740028.502590532065369, 5866582.823553984984756 ], [ 740036.634676371118985, 5866602.588060460053384 ], [ 740046.123983955476433, 5866621.019752449356019 ], [ 740066.207979220198467, 5866655.195382503792644 ], [ 740070.964259529020637, 5866663.333368762396276 ], [ 740084.220189024810679, 5866681.26173285022378 ], [ 740103.059701017802581, 5866705.449784298427403 ], [ 740129.884058226831257, 5866737.536322600208223 ], [ 740142.623744029086083, 5866753.574254999868572 ], [ 740139.139047351432964, 5866755.636808743700385 ], [ 740128.293685370939784, 5866762.057801227085292 ], [ 740079.805214400519617, 5866799.583950500935316 ], [ 740050.285217403201386, 5866821.933086946606636 ], [ 740028.351146011729725, 5866838.158709195442498 ], [ 739969.856753068510443, 5866881.786468096077442 ], [ 739965.705938418861479, 5866885.426169035956264 ], [ 739944.63693250331562, 5866903.909727517515421 ], [ 739931.327326285419986, 5866917.79584688693285 ], [ 739921.254267014330253, 5866930.634571297094226 ], [ 739910.622351093916222, 5866945.355853098444641 ], [ 739901.597257688757963, 5866960.904352522455156 ], [ 739894.178663161350414, 5866976.737046631984413 ], [ 739890.579915708163753, 5866987.217535903677344 ], [ 739884.176704875775613, 5867008.993147480301559 ], [ 739883.615353340865113, 5867011.412892269901931 ], [ 739881.925821469165385, 5867019.21510640066117 ], [ 739879.364051416050643, 5867033.210398387163877 ], [ 739877.857216489035636, 5867049.373993443325162 ], [ 739874.001405903371051, 5867085.195522386580706 ], [ 739869.550269602565095, 5867126.945263218134642 ], [ 739865.821275016409345, 5867159.683398481458426 ], [ 739865.717586484039202, 5867160.611192369833589 ], [ 739859.449374051415361, 5867195.602124636992812 ], [ 739856.51718262466602, 5867219.838966001756489 ] ], [ [ 740220.833443278679624, 5867627.646341570653021 ], [ 740241.852795303566381, 5867589.263177017681301 ], [ 740247.640732819447294, 5867560.628117762506008 ], [ 740246.726847953512333, 5867531.688430210575461 ], [ 740228.753778841695748, 5867483.55716039519757 ], [ 740143.457857625908218, 5867328.805989112704992 ], [ 740058.161936403950676, 5867224.013857385143638 ], [ 739932.655080869211815, 5867230.106423218734562 ], [ 739855.888751756981947, 5867222.795344279147685 ] ], [ [ 739730.592712826677598, 5868093.253685845993459 ], [ 739728.940803050645627, 5868097.010914017446339 ], [ 739715.455109883099794, 5868119.925658341497183 ], [ 739710.892228862969205, 5868125.926161983981729 ], [ 739708.743545595207252, 5868127.278807851485908 ], [ 739704.451639015111141, 5868126.427067279815674 ], [ 739701.792609827360138, 5868123.703456714749336 ], [ 739700.766277300077491, 5868118.838611854240298 ], [ 739703.497603548574261, 5868114.550713008269668 ], [ 739707.524860676145181, 5868111.285021579824388 ], [ 739720.572455942514353, 5868100.70422802772373 ], [ 739730.592712826677598, 5868093.253685845993459 ], [ 739737.742631796631031, 5868077.414925147779286 ], [ 739742.959770308574662, 5868066.41237394977361 ], [ 739748.419611282530241, 5868058.107394051738083 ], [ 739854.365610225824639, 5867811.641828830353916 ], [ 739850.07016206427943, 5867805.725788115523756 ], [ 739857.852816781727597, 5867807.402004024945199 ], [ 739875.014028805191629, 5867811.101120580919087 ], [ 739887.875915681594051, 5867815.274906073696911 ], [ 739913.291516885743476, 5867827.129671550355852 ], [ 739929.087606700719334, 5867833.223035830073059 ], [ 739961.013062514131889, 5867847.198107475414872 ], [ 739975.120451589347795, 5867853.374741865321994 ], [ 740035.340167920570821, 5867879.333786328323185 ], [ 740063.980980938533321, 5867891.487313985824585 ], [ 740071.722571931546554, 5867869.995210432447493 ], [ 740081.987876628991216, 5867838.27711948286742 ], [ 740091.918053396046162, 5867813.030477101914585 ], [ 740102.374459041282535, 5867789.137456690892577 ], [ 740114.701995486859232, 5867766.070036654360592 ], [ 740123.890055543277413, 5867751.3892977302894 ], [ 740188.812894181348383, 5867667.048494944348931 ], [ 740201.304085850832053, 5867654.231379048898816 ], [ 740210.829837894882075, 5867642.460230021737516 ], [ 740221.192177097662352, 5867627.734687907621264 ] ], [ [ 739961.808930782950483, 5866295.942222408950329 ], [ 739959.554986390401609, 5866300.445231667719781 ] ] ] } },
{ "type": "Feature", "properties": { "CADRE_NO": "10.360", "DDT_URL": null, "ETC_NOM": "CarPostal", "ETC_SIGLE": "CarPostal", "ETC_URL": "https://www.postauto.ch/fr", "GO_CENTRE": 0, "HORAIR_URL": "https://www.tableaux-horaires.ch/fileadmin/fap_pdf_fields/2025/10.360.pdf", "LIGNE_NO": "360", "LIGNE_NOM": "(Epalinges Croisettes - Montpreveyres -) Mézières VD - Servion - Lausanne Sallaz", "LIGNE_SIGL": null, "LIGNE_TYPE": "Bus régional", "PLAN_URL": "https://prestations.vd.ch/pub/101587/api/download/2_Cartographie_et_geodonnees/2.1_Carte_des_reseaux/Carte_des_lignes_TP/topo/ligne_10.360.pdf", "SHAPE_LEN": 34982.85 }, "geometry": { "type": "MultiLineString", "coordinates": [ [ [ 743282.398868405260146, 5866674.169113476760685 ], [ 743251.25232529535424, 5866643.532435695640743 ], [ 743207.874000211479142, 5866601.857988105155528 ], [ 743167.619210410048254, 5866562.397688681259751 ], [ 743129.752982980338857, 5866526.112448913045228 ], [ 743095.24211833672598, 5866493.257738804444671 ], [ 743067.407450380036607, 5866470.176732576452196 ], [ 743045.795453621540219, 5866453.949113399721682 ], [ 743025.601450342568569, 5866441.13597449567169 ], [ 743009.493658508406952, 5866431.028278715908527 ], [ 742991.190544795710593, 5866422.84103371296078 ], [ 742973.118879853049293, 5866415.627005200833082 ], [ 742954.627234701649286, 5866409.969387281686068 ], [ 742936.664691374287941, 5866406.15988689661026 ], [ 742919.785995941609144, 5866403.856018845923245 ], [ 742903.102960925898515, 5866402.32266790792346 ], [ 742886.169163588783704, 5866402.399788731709123 ], [ 742869.233545387745835, 5866402.961620801128447 ], [ 742850.10436098149512, 5866404.959105215966702 ], [ 742830.236971053062007, 5866408.4021379603073 ], [ 742812.061390075250529, 5866411.863182219676673 ], [ 742791.692238871590234, 5866415.716093899682164 ], [ 742768.275550980237313, 5866418.991683484055102 ], [ 742749.984983195085078, 5866420.698756639845669 ], [ 742736.276417386252433, 5866420.833456963300705 ], [ 742719.356919188867323, 5866419.590033293701708 ], [ 742706.734057872090489, 5866418.656644145958126 ], [ 742691.980719411047176, 5866415.815659183077514 ], [ 742680.18275737890508, 5866412.734379874542356 ], [ 742657.417843888630159, 5866404.691846325993538 ], [ 742642.967215438606218, 5866398.34833144955337 ], [ 742628.798207215033472, 5866390.659550401382148 ], [ 742616.511133967316709, 5866382.989260171540082 ], [ 742605.036099407589063, 5866374.786867151036859 ], [ 742597.872680296655744, 5866368.924030123278499 ], [ 742595.703241896233521, 5866367.145616515539587 ], [ 742584.253148784977384, 5866356.247434698976576 ], [ 742572.018860408221371, 5866343.187050685286522 ], [ 742557.134078568895347, 5866326.055111512541771 ], [ 742540.149399190326221, 5866304.049118404276669 ], [ 742525.822969178203493, 5866285.034623297862709 ], [ 742505.406397295882925, 5866256.525662306696177 ], [ 742493.227774927392602, 5866237.803126632235944 ], [ 742480.521489170263521, 5866217.993821709416807 ], [ 742471.258960451814346, 5866203.344018906354904 ], [ 742450.829811583855189, 5866176.453810644336045 ], [ 742443.563059260952286, 5866169.019252970814705 ], [ 742442.04735822614748, 5866167.468549492768943 ], [ 742434.316289970069192, 5866160.921761743724346 ], [ 742418.576652740710415, 5866148.90411876514554 ], [ 742402.008300851332024, 5866139.572791987098753 ], [ 742388.625490477541462, 5866134.05039063282311 ], [ 742383.066007217974402, 5866132.465631630271673 ], [ 742375.163775739376433, 5866130.214347317814827 ], [ 742365.29659314698074, 5866128.428423437289894 ], [ 742353.224506704718806, 5866126.421308374963701 ], [ 742337.376678892178461, 5866125.457052515819669 ], [ 742323.397506876266561, 5866125.857727349735796 ], [ 742295.152480991091579, 5866128.813523458316922 ], [ 742270.132317911833525, 5866131.263919234275818 ], [ 742235.962680775905028, 5866135.239696621894836 ], [ 742234.6828114396194, 5866135.3900923775509 ], [ 742157.396953866817057, 5866144.439187112264335 ], [ 742057.033557179267518, 5866156.387508848682046 ], [ 742008.597481546225026, 5866162.64783669821918 ], [ 741967.782286072149873, 5866167.444736735895276 ], [ 741962.051168019184843, 5866168.117254790849984 ], [ 741791.991515506524593, 5866189.076832984574139 ], [ 741648.042717833304778, 5866205.981050833128393 ], [ 741605.529326486634091, 5866211.219394568353891 ], [ 741531.256055113626644, 5866220.996103825047612 ], [ 741490.3548594819149, 5866228.267571928910911 ] ], [ [ 741476.555939898244105, 5866229.347052160650492 ], [ 741466.670656988397241, 5866229.248537832871079 ], [ 741452.676684302161448, 5866231.267884547822177 ], [ 741420.902200915850699, 5866237.420304527506232 ], [ 741395.033695019548759, 5866244.442359729669988 ], [ 741389.771838794928044, 5866246.219711408019066 ], [ 741370.225486131268553, 5866252.822919386439025 ], [ 741350.253258196171373, 5866261.250224047340453 ], [ 741329.173742734827101, 5866272.90250994451344 ], [ 741322.821272452478297, 5866277.248482543043792 ], [ 741314.02161310671363, 5866283.267395526170731 ], [ 741286.668764298781753, 5866304.291543999686837 ], [ 741265.248377696960233, 5866323.220439410768449 ], [ 741221.316314106690697, 5866362.955381996929646 ], [ 741144.282710671541281, 5866433.903810083866119 ], [ 741099.524049118394032, 5866475.515584020875394 ], [ 741053.689763151691295, 5866517.118013232946396 ], [ 741040.163595338119194, 5866525.880187414586544 ], [ 741023.944784114253707, 5866535.155466654337943 ], [ 741010.712614708929323, 5866541.492337378673255 ], [ 740996.692455521319062, 5866545.934620425105095 ], [ 740976.213311168248765, 5866551.39087441097945 ], [ 740960.332648382871412, 5866553.658461076207459 ], [ 740950.121981761185452, 5866553.556098000146449 ], [ 740938.301721762516536, 5866552.898948712274432 ], [ 740924.076098278979771, 5866550.868162548169494 ], [ 740910.669421895872802, 5866547.768298576585948 ], [ 740893.519129109452479, 5866542.744183066301048 ], [ 740876.366185566061176, 5866537.987871054559946 ], [ 740855.385081217507832, 5866531.929501262493432 ], [ 740819.28316529490985, 5866521.506289025768638 ], [ 740723.072061098529957, 5866494.119088111445308 ], [ 740685.558427345589735, 5866482.686888843774796 ], [ 740630.086926297168247, 5866466.489682006649673 ], [ 740610.260523398057558, 5866460.359407832846045 ], [ 740590.957542353891768, 5866455.580934507772326 ], [ 740564.925740513252094, 5866451.814833540469408 ], [ 740560.34737775917165, 5866451.38586506433785 ], [ 740552.037326322635636, 5866450.606324388645589 ], [ 740537.536892429925501, 5866449.380102592520416 ], [ 740530.104825542774051, 5866449.465368140488863 ], [ 740524.901943340781145, 5866449.525045868009329 ], [ 740514.417579982313327, 5866449.958042814396322 ], [ 740498.265839199535549, 5866452.492798232473433 ], [ 740493.442402102285996, 5866453.786393380723894 ], [ 740476.975738598150201, 5866458.206050754524767 ], [ 740464.038682700949721, 5866461.853319632820785 ], [ 740451.372774801100604, 5866465.231078466400504 ], [ 740409.852783737820573, 5866478.291189478710294 ], [ 740388.83906545874197, 5866483.201997409574687 ], [ 740371.604147314210422, 5866486.802860972471535 ], [ 740350.881908508017659, 5866489.559086808934808 ], [ 740331.51679268409498, 5866490.980932483449578 ], [ 740308.672474550548941, 5866490.750247760675848 ], [ 740286.117176050669514, 5866488.90507273003459 ], [ 740264.91322848200798, 5866485.725460468791425 ], [ 740239.17843480326701, 5866479.265306582674384 ], [ 740218.019531382364221, 5866472.039030833169818 ], [ 740198.209639108506963, 5866464.292088026180863 ], [ 740180.011433911742643, 5866454.722788950428367 ], [ 740174.68205351033248, 5866451.918964028358459 ], [ 740159.454923201585189, 5866442.870275071822107 ], [ 740140.781261632917449, 5866428.928852874785662 ], [ 740120.786981158191338, 5866412.550225168466568 ], [ 740101.86960278020706, 5866396.450340140610933 ], [ 740085.083262280328199, 5866381.720037992112339 ], [ 740074.706184632959776, 5866371.640216508880258 ], [ 740064.875198514782824, 5866360.217909534461796 ], [ 740055.216940438025631, 5866347.495926091447473 ], [ 740050.271433344809338, 5866340.155503490939736 ], [ 740040.558851958950981, 5866325.049945503473282 ], [ 740028.373561538988724, 5866305.33816468436271 ], [ 740017.310336651280522, 5866287.036734282970428 ], [ 740001.835524604073726, 5866260.839899334125221 ], [ 739985.634989647660404, 5866232.364836210384965 ], [ 739981.064722196431831, 5866222.070255361497402 ], [ 739975.011626011575572, 5866204.123972970061004 ], [ 739972.85275665007066, 5866193.142023191787302 ], [ 739972.786510978476144, 5866184.161068119108677 ] ], [ [ 741645.649253107141703, 5867851.010843873023987 ], [ 741646.049950064509176, 5867850.704704667441547 ], [ 741646.862951696501113, 5867850.23959596734494 ], [ 741647.723095141584054, 5867849.850667186081409 ], [ 741648.687064044177532, 5867849.529746135696769 ], [ 741649.536586608504876, 5867849.334357304498553 ], [ 741650.469588925130665, 5867849.209685795940459 ], [ 741651.413337725913152, 5867849.17248004116118 ], [ 741652.425752082024701, 5867849.236419876106083 ], [ 741653.357457791804336, 5867849.389827904291451 ], [ 741654.26796900248155, 5867849.631840022280812 ], [ 741655.08792961423751, 5867849.931190876290202 ], [ 741656.455423981882632, 5867850.633470010943711 ], [ 741657.278528285096399, 5867851.202208844944835 ], [ 741657.946396017447114, 5867851.765035971067846 ], [ 741658.657640294986777, 5867852.491364569403231 ], [ 741659.248318876256235, 5867853.228142115287483 ], [ 741659.76590461761225, 5867854.018064236268401 ], [ 741660.174836414866149, 5867854.787978143431246 ], [ 741660.537730541196652, 5867855.663721128366888 ], [ 741660.816181001486257, 5867856.566288172267377 ], [ 741661.018233350710943, 5867857.56273458711803 ], [ 741661.109764945926145, 5867858.434323410503566 ], [ 741661.11857566004619, 5867859.452144186012447 ], [ 741661.030902998405509, 5867860.393294458277524 ], [ 741660.871489512035623, 5867861.250740291550756 ], [ 741660.612846735515632, 5867862.162526909261942 ], [ 741660.270321120158769, 5867863.044359771534801 ], [ 741659.845435785595328, 5867863.88897408824414 ], [ 741659.341208226396702, 5867864.684751951135695 ], [ 741658.761977691552602, 5867865.433192471973598 ], [ 741657.612845645402558, 5867866.573449838906527 ], [ 741656.818822223576717, 5867867.174155822955072 ], [ 741656.01425351400394, 5867867.667013954371214 ], [ 741655.232546287006699, 5867868.049444445408881 ], [ 741654.351151044946164, 5867868.385747944936156 ], [ 741653.441580199054442, 5867868.635867989622056 ], [ 741652.51256984367501, 5867868.796979459933937 ], [ 741651.572841689689085, 5867868.867713115178049 ], [ 741650.692039759014733, 5867868.850217532366514 ], [ 741649.75692605227232, 5867868.747734524309635 ], [ 741648.832891649683006, 5867868.552178494632244 ], [ 741647.864963011350483, 5867868.245530872605741 ], [ 741647.062847143504769, 5867867.902676625177264 ], [ 741646.234194128657691, 5867867.454727398231626 ], [ 741645.44988337950781, 5867866.92568392958492 ], [ 741644.722875138395466, 5867866.325867025181651 ], [ 741644.054591850494035, 5867865.658202862367034 ], [ 741643.452217657119036, 5867864.930042834021151 ], [ 741642.922951079905033, 5867864.147282504476607 ], [ 741642.441245754715055, 5867863.251428418792784 ], [ 741642.102333151851781, 5867862.445809712633491 ], [ 741641.799904409796, 5867861.473115680739284 ], [ 741641.569349829573184, 5867860.276914961636066 ], [ 741629.556647861842066, 5867860.551997835747898 ], [ 741616.50533354585059, 5867860.0363230984658 ], [ 741605.085185981472023, 5867859.536859697662294 ], [ 741591.261402489966713, 5867859.496847624890506 ], [ 741580.269557134597562, 5867860.156210012733936 ], [ 741571.905208908603527, 5867861.054287421517074 ], [ 741564.508491396903992, 5867861.848422934301198 ], [ 741554.737272525555454, 5867863.67741296812892 ], [ 741550.167703882791102, 5867867.561621969565749 ], [ 741540.421895443811081, 5867875.035711419768631 ] ], [ [ 741525.432362905354239, 5867855.518912725150585 ], [ 741540.125397289171815, 5867874.63818636815995 ], [ 741540.421895443811081, 5867875.035711419768631 ] ] ] } },
{ "type": "Feature", "properties": { "CADRE_NO": "10.736", "DDT_URL": null, "ETC_NOM": "Transports de la région Morges - Bière - Cossonay", "ETC_SIGLE": "MBC", "ETC_URL": "https://mbc.ch", "GO_CENTRE": 0, "HORAIR_URL": "https://www.tableaux-horaires.ch/fileadmin/fap_pdf_fields/2025/10.736.pdf", "LIGNE_NO": "736", "LIGNE_NOM": "Morges - Aclens - Bussigny", "LIGNE_SIGL": "MBC", "LIGNE_TYPE": "Bus régional", "PLAN_URL": "https://prestations.vd.ch/pub/101587/api/download/2_Cartographie_et_geodonnees/2.1_Carte_des_reseaux/Carte_des_lignes_TP/topo/ligne_10.736.pdf", "SHAPE_LEN": 16869.24 }, "geometry": { "type": "MultiLineString", "coordinates": [ ] } },
{ "type": "Feature", "properties": { "CADRE_NO": "10.058", "DDT_URL": null, "ETC_NOM": "Transports publics de la région lausannoise", "ETC_SIGLE": "TL", "ETC_URL": "https://www.t-l.ch", "GO_CENTRE": 0, "HORAIR_URL": "https://www.tableaux-horaires.ch/fileadmin/fap_pdf_fields/2025/10.058.pdf", "LIGNE_NO": "58", "LIGNE_NOM": "Renens VD - Mex VD - Cossonay-Penthalaz", "LIGNE_SIGL": null, "LIGNE_TYPE": "Bus régional", "PLAN_URL": "https://prestations.vd.ch/pub/101587/api/download/2_Cartographie_et_geodonnees/2.1_Carte_des_reseaux/Carte_des_lignes_TP/topo/ligne_10.058.pdf", "SHAPE_LEN": 16855.783 }, "geometry": { "type": "MultiLineString", "coordinates": [ [ [ 732354.613873416208662, 5866957.362539663910866 ], [ 732380.320622823317535, 5866941.466763095930219 ], [ 732433.071510054753162, 5866910.503605675883591 ], [ 732444.541048454586416, 5866904.212459650821984 ] ] ] } },
{ "type": "Feature", "properties": { "CADRE_NO": "10.031", "DDT_URL": null, "ETC_NOM": "Transports publics de la région lausannoise", "ETC_SIGLE": "TL", "ETC_URL": "https://www.t-l.ch", "GO_CENTRE": 0, "HORAIR_URL": "https://www.tableaux-horaires.ch/fileadmin/fap_pdf_fields/2025/10.031.pdf", "LIGNE_NO": "31", "LIGNE_NOM": "St-Sulpice VD - Ecublens VD - Chavannes-près-Renens - Renens VD", "LIGNE_SIGL": null, "LIGNE_TYPE": "Bus urbain", "PLAN_URL": "https://prestations.vd.ch/pub/101587/api/download/2_Cartographie_et_geodonnees/2.1_Carte_des_reseaux/Carte_des_lignes_TP/topo/ligne_10.031.pdf", "SHAPE_LEN": 6639.134 }, "geometry": { "type": "MultiLineString", "coordinates": [ [ [ 732572.309652016498148, 5866666.243697009049356 ], [ 732571.863796581630595, 5866665.344934389926493 ], [ 732571.553461151197553, 5866664.527730220928788 ], [ 732571.303649934008718, 5866663.616564016789198 ], [ 732571.14550611784216, 5866662.683112373575568 ], [ 732571.078230336308479, 5866661.667678616940975 ], [ 732571.103711961535737, 5866660.795932919718325 ], [ 732571.239544437383302, 5866659.785642922855914 ], [ 732571.440374528989196, 5866658.936205521225929 ], [ 732571.770148203941062, 5866657.973176775500178 ], [ 732572.165523426723666, 5866657.115686737000942 ], [ 732572.604751090402715, 5866656.362040566280484 ], [ 732573.157331471564248, 5866655.593626216053963 ], [ 732573.781810080981813, 5866654.885689818300307 ], [ 732574.472335237194784, 5866654.242534445598722 ], [ 732575.224474474671297, 5866653.671390365809202 ], [ 732576.029442339320667, 5866653.179440028965473 ], [ 732576.879983847844414, 5866652.766603674739599 ], [ 732578.602650379878469, 5866652.223593333736062 ], [ 732579.464745605946518, 5866652.081662713550031 ], [ 732580.405803435016423, 5866652.017757073044777 ], [ 732581.421216614311561, 5866652.055118610151112 ], [ 732582.281933945720084, 5866652.172305149026215 ], [ 732583.202512589166872, 5866652.389143790118396 ], [ 732584.093085993314162, 5866652.69591233599931 ], [ 732585.014262415003031, 5866653.123848537914455 ], [ 732585.764046214404516, 5866653.565915348939598 ], [ 732586.528567428234965, 5866654.120240744203329 ], [ 732587.23132040607743, 5866654.749589128419757 ], [ 732587.872400503256358, 5866655.445226773619652 ], [ 732588.477353625232354, 5866656.259843236766756 ], [ 732588.927764989668503, 5866657.007250727154315 ], [ 732589.36466149368789, 5866657.929206001572311 ], [ 732589.656087678624317, 5866658.75056857150048 ], [ 732589.888425100129098, 5866659.667364951223135 ], [ 732590.034152414067648, 5866660.674925417639315 ], [ 732590.075418697786517, 5866661.547404482029378 ], [ 732590.02736350602936, 5866662.493148217909038 ], [ 732589.887990598101169, 5866663.429153949953616 ], [ 732589.6334323938936, 5866664.414847381412983 ], [ 732589.307420566095971, 5866665.299305442720652 ], [ 732588.925852552289143, 5866666.088525986298919 ], [ 732588.436703779967502, 5866666.895490053109825 ], [ 732587.821270109736361, 5866667.705434092320502 ], [ 732586.782344272476621, 5866668.758211851119995 ], [ 732586.00222227408085, 5866669.366901364177465 ], [ 732585.201511136139743, 5866669.867635132744908 ], [ 732584.42522372934036, 5866670.257996105588973 ], [ 732583.476553072920069, 5866670.62025850545615 ], [ 732582.636750366073102, 5866670.846871421672404 ], [ 732581.635039296466857, 5866671.016384717077017 ], [ 732580.692592002800666, 5866671.074452155269682 ], [ 732579.851201512734406, 5866671.047737449407578 ], [ 732578.844074188265949, 5866670.915839455090463 ], [ 732577.998755092499778, 5866670.717296517454088 ], [ 732577.10377938253805, 5866670.414845778606832 ], [ 732576.179604164441116, 5866669.995609788224101 ], [ 732575.3663726990344, 5866669.516449054703116 ], [ 732574.662332005565986, 5866669.005004616454244 ], [ 732573.90349832281936, 5866668.328452236019075 ], [ 732573.312631266424432, 5866667.685773245058954 ], [ 732572.309652016498148, 5866666.243697009049356 ], [ 732560.643700426793657, 5866673.282417811453342 ], [ 732509.689362045261078, 5866687.551113420166075 ], [ 732495.387381509644911, 5866692.786148603074253 ], [ 732484.589687503757887, 5866697.251733504235744 ], [ 732474.308292550733313, 5866703.338935274630785 ], [ 732467.004659476457164, 5866707.572157233022153 ], [ 732457.504893061937764, 5866716.097694645635784 ], [ 732437.716288895346224, 5866731.516847453080118 ], [ 732420.101047700969502, 5866746.31352111697197 ], [ 732400.009037470328622, 5866763.189490171149373 ], [ 732391.062267001834698, 5866770.368640192784369 ], [ 732382.143493596813641, 5866774.854824840091169 ], [ 732371.615590761764906, 5866779.052500478923321 ], [ 732361.112765058409423, 5866780.825040760450065 ], [ 732343.913826964097098, 5866780.635611460544169 ], [ 732323.738494031480514, 5866782.301558985374868 ] ], [ [ 731573.692900378140621, 5864337.41723233833909 ], [ 731635.214877086924389, 5864338.10012882295996 ], [ 731698.348430278943852, 5864339.069714328274131 ], [ 731710.411121003795415, 5864341.629658497869968 ], [ 731718.950998787768185, 5864347.113768656738102 ], [ 731731.378228676388972, 5864365.313342344015837 ], [ 731751.117718823486939, 5864402.729966850951314 ], [ 731774.304456621874124, 5864444.498818144202232 ], [ 731784.894926051143557, 5864458.902748658321798 ], [ 731793.108971869340166, 5864467.905415283516049 ], [ 731796.576682384242304, 5864471.703237669542432 ], [ 731804.568182153976522, 5864477.991949675604701 ], [ 731810.688587400363758, 5864483.449251598678529 ], [ 731836.248169560101815, 5864504.757692073471844 ], [ 731882.055144698591903, 5864542.196871512569487 ], [ 731922.564900717581622, 5864572.566413204185665 ], [ 731967.822644824511372, 5864610.805672231130302 ], [ 731993.640958501957357, 5864633.195313155651093 ], [ 732028.784104463411495, 5864663.236071182414889 ], [ 732045.285344510455616, 5864677.436091096140444 ], [ 732062.057913957745768, 5864691.639099502004683 ], [ 732097.458156277425587, 5864722.488952022045851 ], [ 732122.211036114371382, 5864744.058926682919264 ], [ 732156.555893139331602, 5864773.282925371080637 ], [ 732181.850236045080237, 5864794.588105301372707 ], [ 732203.433269342407584, 5864811.270414882339537 ], [ 732216.761835883953609, 5864820.853430445306003 ], [ 732229.581725294934586, 5864828.003051059320569 ], [ 732245.343391536385752, 5864836.532890412025154 ], [ 732257.905311023117974, 5864842.601109490729868 ], [ 732275.306765671004541, 5864848.724117055535316 ], [ 732287.091651316615753, 5864852.088142586871982 ], [ 732303.174893724615686, 5864855.771700445562601 ], [ 732319.00606838427484, 5864857.83101989608258 ], [ 732329.201289141899906, 5864859.561865570023656 ], [ 732360.875470038386993, 5864862.33708125166595 ], [ 732407.597748792730272, 5864865.548564513213933 ], [ 732445.721775849116966, 5864868.662281521596014 ], [ 732477.388591934228316, 5864872.515524856746197 ], [ 732505.28491751360707, 5864877.136455367319286 ], [ 732529.680656694225036, 5864882.255897630006075 ], [ 732549.247084893053398, 5864886.785111473873258 ], [ 732571.184793059248477, 5864895.65156361926347 ], [ 732587.212355696246959, 5864904.453035751357675 ], [ 732654.780601637205109, 5864975.400137154385448 ], [ 732718.14328596345149, 5865132.588334765285254 ], [ 732760.791246569948271, 5865225.195334915071726 ] ], [ [ 731900.480094116181135, 5865944.265612262301147 ], [ 731901.055107924854383, 5865943.437867690809071 ], [ 731901.64116301946342, 5865942.793661662377417 ], [ 731902.36037891113665, 5865942.180042866617441 ], [ 731903.151018424541689, 5865941.669112348929048 ], [ 731904.071372832870111, 5865941.238224140368402 ], [ 731904.902817938593216, 5865940.975211463868618 ], [ 731905.830399709753692, 5865940.810793377459049 ], [ 731906.843705959501676, 5865940.768145597539842 ], [ 731907.781545037752949, 5865940.858585632406175 ], [ 731908.631179127260111, 5865941.052858882583678 ], [ 731909.593656450277194, 5865941.409961669705808 ], [ 731910.413003450958058, 5865941.851366062648594 ], [ 731911.233524015871808, 5865942.44999735802412 ], [ 731911.914136095321737, 5865943.103852299042046 ], [ 731912.503849555156194, 5865943.84258689917624 ], [ 731912.957084336550906, 5865944.588545562699437 ], [ 731913.342314509907737, 5865945.44875097554177 ], [ 731913.627556685474701, 5865946.428672049194574 ], [ 731913.757383956806734, 5865947.290418777614832 ], [ 731913.781035584863275, 5865948.306749211624265 ], [ 731913.684429413173348, 5865949.174724875018001 ], [ 731913.451915118144825, 5865950.129993732087314 ], [ 731913.123375877155922, 5865950.976479424163699 ], [ 731912.631841752212495, 5865951.866287997923791 ], [ 731912.113354207482189, 5865952.568014816381037 ], [ 731911.405915877548978, 5865953.29822039976716 ], [ 731910.666707412572578, 5865953.882505769841373 ], [ 731909.853173177689314, 5865954.364070618525147 ], [ 731909.057102835969999, 5865954.70899408031255 ], [ 731908.148775797453709, 5865954.969701177440584 ], [ 731907.217127982759848, 5865955.107872425578535 ], [ 731906.204124141018838, 5865955.122865637764335 ], [ 731905.392590319388546, 5865955.026544484309852 ], [ 731904.408583036274649, 5865954.779834670946002 ], [ 731903.417630946147256, 5865954.372922327369452 ], [ 731902.591540845227428, 5865953.884860064834356 ], [ 731901.903828760143369, 5865953.348835660144687 ], [ 731901.189147669239901, 5865952.626184904947877 ], [ 731900.665727006853558, 5865951.928941614925861 ], [ 731900.164667337667197, 5865951.045617926865816 ], [ 731899.814483428024687, 5865950.165419584140182 ], [ 731899.583671962842345, 5865949.250150144100189 ], [ 731899.478591058519669, 5865948.381398418918252 ], [ 731899.484609362785704, 5865947.438180542550981 ], [ 731899.626295785186812, 5865946.429502539336681 ], [ 731899.888767839292996, 5865945.521147890016437 ], [ 731900.480094116181135, 5865944.265612262301147 ], [ 731886.886213233810849, 5865935.459671299904585 ], [ 731865.524947570520453, 5865922.820810232311487 ], [ 731844.179991081240587, 5865908.837046721018851 ], [ 731821.261863469262607, 5865891.056891947984695 ], [ 731803.160151803516783, 5865875.490285405889153 ], [ 731783.746286337962374, 5865856.671717170625925 ], [ 731763.972426239750348, 5865835.501163380220532 ], [ 731745.750060523860157, 5865812.727656965143979 ], [ 731731.67156533151865, 5865792.490742463618517 ], [ 731721.213837682269514, 5865775.906935681588948 ], [ 731718.717843067133799, 5865771.580706699751318 ], [ 731711.192825431819074, 5865758.54047991335392 ], [ 731704.098961961106397, 5865743.903828575275838 ], [ 731695.434886147384532, 5865725.205987421795726 ], [ 731692.579058381845243, 5865718.24688380304724 ], [ 731687.320994384819642, 5865705.435644794255495 ], [ 731680.273241289774887, 5865686.754339369013906 ], [ 731678.114367104368284, 5865680.018426211550832 ], [ 731673.777231392334215, 5865666.463427115231752 ], [ 731667.843300785170868, 5865644.020082737319171 ], [ 731666.52538497117348, 5865638.00096629653126 ], [ 731659.912260050768964, 5865607.806198381818831 ], [ 731657.750471834791824, 5865597.389022652991116 ], [ 731649.193893429241143, 5865556.195974514819682 ], [ 731641.348274898249656, 5865518.829076995141804 ], [ 731635.406530744512565, 5865490.531528992578387 ], [ 731628.667058328632265, 5865459.182998422533274 ], [ 731625.18212886643596, 5865442.969649097882211 ], [ 731621.640191452112049, 5865422.979868913069367 ], [ 731618.853496094117872, 5865383.320328382775187 ], [ 731618.5614406458335, 5865375.989634055644274 ], [ 731617.794834821950644, 5865353.141462063416839 ], [ 731617.220755159622058, 5865336.12364789750427 ], [ 731639.3131080128951, 5865331.246609637513757 ], [ 731677.293790741707198, 5865323.042171387933195 ], [ 731696.456194303114899, 5865315.436759608797729 ], [ 731705.808638841263019, 5865311.390605271793902 ], [ 731705.466483100433834, 5865310.576052664779127 ], [ 731705.137585298274644, 5865309.611722299829125 ], [ 731704.913263158756308, 5865308.769364810548723 ], [ 731704.718253676895984, 5865307.76867414265871 ], [ 731704.603814104106277, 5865306.830011368729174 ], [ 731704.55038725421764, 5865305.884747331961989 ], [ 731704.565146798850037, 5865304.940239480696619 ], [ 731704.634233961463906, 5865304.069113140925765 ], [ 731704.770762279513292, 5865303.134689194150269 ], [ 731704.971012358204462, 5865302.211160979233682 ], [ 731705.254581875866279, 5865301.23178914655 ], [ 731705.583565833629109, 5865300.344622481614351 ], [ 731705.942005722899921, 5865299.549483990296721 ], [ 731706.382169903372414, 5865298.711584379896522 ], [ 731706.879980069003068, 5865297.909257914870977 ], [ 731707.47382978326641, 5865297.081795981153846 ], [ 731708.079581807134673, 5865296.359267720021307 ], [ 731708.732792313443497, 5865295.67511073872447 ] ], [ [ 731573.692900378140621, 5864337.41723233833909 ], [ 731574.684664125437848, 5864295.916838865727186 ], [ 731575.196126349503174, 5864249.558982995338738 ], [ 731575.374549228465185, 5864233.387052291072905 ], [ 731577.168954302673228, 5864157.531306689605117 ] ], [ [ 731577.168954302673228, 5864157.531306689605117 ], [ 731576.882134511135519, 5864096.741025199182332 ], [ 731577.395094597013667, 5864060.240025931037962 ], [ 731578.143627671175636, 5864006.72563932929188 ], [ 731578.788850791286677, 5863948.24184322077781 ], [ 731578.782166847027838, 5863924.520950138568878 ], [ 731579.491305146017112, 5863908.896898608654737 ], [ 731581.255952049745247, 5863895.169268559664488 ], [ 731584.901993954204954, 5863881.194764095358551 ], [ 731591.574063835665584, 5863861.052660955116153 ], [ 731610.37416405742988, 5863813.012536517344415 ], [ 731623.338288710918278, 5863782.697791746817529 ], [ 731632.050750316702761, 5863762.21324163954705 ], [ 731613.083412540028803, 5863753.353748221881688 ], [ 731526.462205777061172, 5863712.897410089150071 ], [ 731476.63817689451389, 5863689.530244861729443 ], [ 731447.271936736535281, 5863677.059212849475443 ], [ 731420.941477110842243, 5863668.053481160663068 ], [ 731394.687804741435684, 5863661.292619015090168 ], [ 731373.793485817499459, 5863655.666787974536419 ], [ 731346.532599866739474, 5863651.051347843371332 ] ], [ [ 731729.345224461285397, 5865297.234036641195416 ], [ 731729.888085556100123, 5865298.005689062178135 ], [ 731730.345639698090963, 5865298.750195411033928 ], [ 731730.78477466001641, 5865299.586199093610048 ], [ 731731.16407530696597, 5865300.453562296926975 ], [ 731731.483653843402863, 5865301.342097211629152 ], [ 731731.763067616499029, 5865302.320432893000543 ], [ 731731.940807098639198, 5865303.17682845517993 ], [ 731732.082060793996789, 5865304.184199947863817 ], [ 731732.148563604569063, 5865305.128152974881232 ], [ 731732.150567113538273, 5865306.000067678280175 ], [ 731732.092271276633255, 5865306.945548620074987 ], [ 731731.967384075280279, 5865307.877191253006458 ], [ 731731.780081468285061, 5865308.811053245328367 ], [ 731731.553151063388214, 5865309.654230026528239 ], [ 731731.22045023785904, 5865310.615592013113201 ], [ 731730.882226856192574, 5865311.419690108858049 ], [ 731730.456475945888087, 5865312.266485419124365 ], [ 731729.973062659031712, 5865313.079163195565343 ], [ 731729.396543134818785, 5865313.914098185487092 ], [ 731728.803672288544476, 5865314.652783549390733 ], [ 731728.164857470081188, 5865315.347292172722518 ], [ 731727.534338509314694, 5865315.947279944084585 ], [ 731726.750926850363612, 5865316.596518120728433 ], [ 731725.984563805977814, 5865317.14696570020169 ], [ 731725.181089712190442, 5865317.641689701937139 ], [ 731724.346307684783824, 5865318.080754454247653 ], [ 731723.483119286363944, 5865318.464192093349993 ], [ 731722.595957023091614, 5865318.78477384801954 ], [ 731721.690607985365205, 5865319.04401942808181 ], [ 731720.841222122660838, 5865319.228195081464946 ], [ 731719.835537156905048, 5865319.37570383772254 ], [ 731718.965704314410686, 5865319.440294865518808 ], [ 731717.912232114700601, 5865319.447537670843303 ], [ 731717.11327112163417, 5865319.400834429077804 ], [ 731716.180157546303235, 5865319.282775774598122 ], [ 731715.252085789688863, 5865319.102182884700596 ], [ 731714.343563634203747, 5865318.859216609969735 ], [ 731713.450238769873977, 5865318.553828712552786 ], [ 731712.515851625590585, 5865318.156283765099943 ], [ 731711.676101749530062, 5865317.729220815002918 ], [ 731710.867475680424832, 5865317.242824038490653 ], [ 731710.092826875392348, 5865316.701491833664477 ], [ 731709.411059899139218, 5865316.15827829297632 ], [ 731708.714360719663091, 5865315.521741930395365 ], [ 731708.063180886791088, 5865314.836220505647361 ], [ 731707.457392119336873, 5865314.11335726082325 ], [ 731706.864364205859601, 5865313.285833667032421 ], [ 731706.368313856539316, 5865312.479763571172953 ], [ 731705.808638841263019, 5865311.390605271793902 ] ] ] } },
{ "type": "Feature", "properties": { "CADRE_NO": "10.019", "DDT_URL": null, "ETC_NOM": "Transports publics de la région lausannoise", "ETC_SIGLE": "TL", "ETC_URL": "https://www.t-l.ch", "GO_CENTRE": 0, "HORAIR_URL": "https://www.tableaux-horaires.ch/fileadmin/fap_pdf_fields/2025/10.019.pdf", "LIGNE_NO": "19", "LIGNE_NOM": "Lausanne - Prilly - Renens VD", "LIGNE_SIGL": null, "LIGNE_TYPE": "Bus urbain", "PLAN_URL": "https://prestations.vd.ch/pub/101587/api/download/2_Cartographie_et_geodonnees/2.1_Carte_des_reseaux/Carte_des_lignes_TP/topo/ligne_10.019.pdf", "SHAPE_LEN": 4621.06 }, "geometry": { "type": "MultiLineString", "coordinates": [ [ [ 733478.181428293930367, 5866470.818082863464952 ], [ 733539.611521333805285, 5866410.903417674824595 ], [ 733593.903295483556576, 5866358.188429531641304 ], [ 733697.320585144800134, 5866259.196330493316054 ], [ 733711.277853401959874, 5866247.17650330811739 ], [ 733717.783966784598306, 5866241.85511330794543 ], [ 733799.263716922840104, 5866162.935088058933616 ], [ 733836.204255097429268, 5866125.481321473605931 ], [ 733840.835914167109877, 5866120.785924601368606 ], [ 733938.622965413378552, 5866024.518834746442735 ], [ 733960.875289768562652, 5866004.540258544497192 ], [ 733995.638467564480379, 5865970.674479720182717 ], [ 734025.468447919702157, 5865945.924645082093775 ], [ 734046.600374111672863, 5865930.245627806521952 ], [ 734059.587068716762587, 5865922.030530948191881 ], [ 734076.380806256085634, 5865909.80982069671154 ], [ 734107.21741398749873, 5865891.269020365551114 ], [ 734144.518888285732828, 5865871.185144486837089 ], [ 734208.273582649533637, 5865840.598977565765381 ], [ 734238.809420257806778, 5865824.751953577622771 ], [ 734274.190983693348244, 5865808.420015972107649 ], [ 734343.591487714322284, 5865777.353971902281046 ], [ 734402.738500303705223, 5865749.954386878758669 ], [ 734446.759060475160368, 5865729.939057922922075 ], [ 734572.5510168466717, 5865677.644243151880801 ], [ 734598.184869703953154, 5865665.392797715961933 ], [ 734624.412236162344925, 5865652.858005747199059 ], [ 734681.938463682308793, 5865626.248829118907452 ], [ 734758.89166994462721, 5865592.299114649184048 ], [ 734774.012972810771316, 5865585.451192555017769 ], [ 734805.340648488490842, 5865570.957607531920075 ], [ 734853.414161217049696, 5865548.55908874515444 ], [ 734885.014263433404267, 5865533.801825535483658 ], [ 734940.101756737218238, 5865508.780892326496542 ], [ 734992.253710482618771, 5865481.841781845316291 ], [ 735075.256927744485438, 5865434.743655819445848 ], [ 735124.142026157001965, 5865408.06597148347646 ], [ 735154.94672720390372, 5865389.555693834088743 ], [ 735156.366130192531273, 5865388.701883962377906 ], [ 735174.437931955209933, 5865379.129551965743303 ], [ 735203.939558206941001, 5865362.523692824877799 ], [ 735248.553233171929605, 5865336.847906825132668 ], [ 735312.617120800889097, 5865301.407462666742504 ], [ 735407.513496232917532, 5865247.425562124699354 ], [ 735459.700966157601215, 5865216.710595141164958 ], [ 735461.194192598224618, 5865215.867728548124433 ], [ 735499.983130027074367, 5865193.955675196833909 ], [ 735536.476162106613629, 5865173.585232079029083 ], [ 735540.900886423420161, 5865171.172464022412896 ], [ 735571.884043649421073, 5865154.28315123450011 ], [ 735592.134799441555515, 5865145.063817837275565 ], [ 735627.76525110041257, 5865130.076719076372683 ], [ 735667.353103086701594, 5865121.872196394950151 ], [ 735704.489794052671641, 5865116.874207269400358 ], [ 735776.042089383001439, 5865110.087441455572844 ], [ 735836.485440712072887, 5865105.701734201051295 ], [ 735960.510344454785809, 5865098.024874478578568 ], [ 736061.649435063940473, 5865095.489465972408652 ], [ 736073.769171757390723, 5865095.185482542030513 ], [ 736124.15512614895124, 5865093.919691667892039 ], [ 736164.522782542509958, 5865092.907180847600102 ], [ 736268.282018821802922, 5865089.96187745872885 ], [ 736363.191146407742053, 5865085.031207105144858 ], [ 736457.817631505662575, 5865081.447261610999703 ], [ 736492.22885465156287, 5865080.191406541503966 ], [ 736512.399439568864182, 5865078.519027415663004 ], [ 736514.989664776483551, 5865078.068902118131518 ], [ 736525.591797898407094, 5865076.23163527995348 ], [ 736543.360943561419845, 5865072.91242350731045 ], [ 736558.994213597616181, 5865068.496502423658967 ], [ 736580.029176899814047, 5865061.168143013492227 ], [ 736605.407805429073051, 5865049.844908433035016 ], [ 736614.595239635906182, 5865044.818141923286021 ], [ 736626.51041178079322, 5865036.316618660464883 ], [ 736654.410086639341898, 5865015.045096022076905 ], [ 736715.342400182737038, 5864970.128102053888142 ], [ 736716.610700811608694, 5864969.13421818241477 ], [ 736732.305662725819275, 5864956.839991096407175 ], [ 736762.748821569373831, 5864933.426341876387596 ], [ 736851.294878111919388, 5864868.579108318313956 ], [ 736931.993172135087661, 5864809.041747940704226 ], [ 736948.780750169767998, 5864796.818493749015033 ], [ 736959.597742682206444, 5864790.191554432734847 ], [ 736978.796497316565365, 5864778.532077690586448 ], [ 736990.421481732046232, 5864771.913583811372519 ], [ 737014.198676789645106, 5864759.313767743296921 ], [ 737038.738014616072178, 5864748.75519250985235 ], [ 737097.515606539207511, 5864726.643441012129188 ], [ 737175.753823582082987, 5864697.755942118354142 ], [ 737228.674764867522754, 5864685.876697702333331 ], [ 737230.156697035068646, 5864685.676779736764729 ], [ 737262.775356628815643, 5864681.258314169943333 ], [ 737306.076894118916243, 5864676.521951463073492 ], [ 737372.047952941269614, 5864669.662699404172599 ], [ 737437.470841472852044, 5864660.669348764233291 ], [ 737469.615298843709752, 5864654.529186446219683 ] ], [ [ 737469.615298843709752, 5864654.529186446219683 ], [ 737470.463455594610423, 5864656.826016101054847 ], [ 737470.717461472726427, 5864657.515642676502466 ], [ 737472.723809683113359, 5864662.572462563402951 ], [ 737479.09638788877055, 5864678.630090164020658 ] ], [ [ 732420.815454010153189, 5867216.955868347547948 ], [ 732493.435473320772871, 5867191.052309587597847 ], [ 732596.225899628712796, 5867156.049962474033237 ], [ 732669.283649663324468, 5867136.088470980525017 ], [ 732688.975729726837017, 5867129.565350675024092 ], [ 732708.962670212495141, 5867120.886358804069459 ] ], [ [ 737469.615298843709752, 5864654.529186446219683 ], [ 737482.009619802702218, 5864652.162281137891114 ], [ 737515.196619331021793, 5864643.69244418758899 ], [ 737583.39130202436354, 5864623.378704746253788 ], [ 737614.940212112152949, 5864612.654425251297653 ], [ 737618.448711848934181, 5864611.072479015216231 ], [ 737672.74397814553231, 5864583.603982576169074 ], [ 737703.904049334814772, 5864610.345984403975308 ], [ 737720.404834227403626, 5864625.881350173614919 ], [ 737730.780019262223504, 5864635.963467752560973 ], [ 737742.789189666742459, 5864643.907032152637839 ], [ 737752.921100440085866, 5864651.560360485687852 ], [ 737758.497431159485132, 5864658.087842639535666 ], [ 737761.12006712181028, 5864664.315370038151741 ], [ 737761.008754937909544, 5864675.094836995005608 ], [ 737758.246922430815175, 5864682.346374376676977 ], [ 737750.634621259290725, 5864690.892356961034238 ], [ 737749.290171055239625, 5864691.969984190538526 ], [ 737729.301970516447909, 5864707.98050485830754 ], [ 737711.054483850602992, 5864724.715014262124896 ], [ 737693.117934684501961, 5864744.206513148732483 ], [ 737681.971882947837003, 5864756.761974776163697 ], [ 737656.065174018847756, 5864793.422410349361598 ], [ 737651.442398180486634, 5864798.788717388175428 ], [ 737644.097046442329884, 5864807.315667105838656 ], [ 737636.209228521678597, 5864816.668057817965746 ], [ 737614.208666817634366, 5864839.085056064650416 ], [ 737600.371577743440866, 5864852.148160868324339 ], [ 737572.453752323752269, 5864875.308430971577764 ], [ 737564.024168914882466, 5864859.048611762933433 ], [ 737523.380856900475919, 5864787.457579313777387 ], [ 737513.107649326208048, 5864767.672406830824912 ], [ 737509.467880872427486, 5864760.065979438833892 ], [ 737504.165195820154622, 5864748.981099635362625 ], [ 737492.411471607396379, 5864716.239943633787334 ], [ 737479.09638788877055, 5864678.630090164020658 ] ] ] } },
{ "type": "Feature", "properties": { "CADRE_NO": "10.003", "DDT_URL": null, "ETC_NOM": "Transports publics de la région lausannoise", "ETC_SIGLE": "TL", "ETC_URL": "https://www.t-l.ch", "GO_CENTRE": 0, "HORAIR_URL": "https://www.tableaux-horaires.ch/fileadmin/fap_pdf_fields/2025/10.003.pdf", "LIGNE_NO": "3", "LIGNE_NOM": "Lausanne gare - Chauderon - casernes - Bellevaux - Le Mont-sur-Lausanne Maillefer", "LIGNE_SIGL": null, "LIGNE_TYPE": "Trolleybus", "PLAN_URL": "https://prestations.vd.ch/pub/101587/api/download/2_Cartographie_et_geodonnees/2.1_Carte_des_reseaux/Carte_des_lignes_TP/topo/ligne_10.003.pdf", "SHAPE_LEN": 5388.772 }, "geometry": { "type": "MultiLineString", "coordinates": [ [ [ 738102.666406159871258, 5866203.699379227124155 ], [ 738073.15155447088182, 5866224.963147324509919 ], [ 738050.407271331059746, 5866241.443624157458544 ], [ 738038.55005090101622, 5866247.113112026825547 ], [ 738037.713014821172692, 5866247.512042791582644 ], [ 738027.181578355492093, 5866252.525621273554862 ], [ 738015.574866939336061, 5866257.257281891070306 ], [ 738003.991764580830932, 5866259.836154616437852 ], [ 737995.389249281259254, 5866260.016300150193274 ], [ 737982.512582855531946, 5866257.725432897917926 ], [ 737971.259017327218316, 5866254.374138738960028 ], [ 737961.095961930695921, 5866249.684682002291083 ], [ 737951.764501756988466, 5866242.30929478444159 ], [ 737942.979695982299745, 5866234.130191464908421 ], [ 737935.563624235102907, 5866223.806449605152011 ], [ 737926.557547451462597, 5866210.771684505045414 ], [ 737919.163610150106251, 5866198.022961304523051 ], [ 737913.643193937488832, 5866186.104520491324365 ], [ 737908.929539351258427, 5866174.191551139578223 ], [ 737904.773514519096352, 5866160.128473974764347 ], [ 737900.944412712939084, 5866140.676868976093829 ], [ 737896.423912121681497, 5866109.894218072295189 ], [ 737891.697495325817727, 5866072.909724484197795 ], [ 737888.914336619898677, 5866056.165103141218424 ], [ 737885.757416158216074, 5866030.778571731410921 ], [ 737880.724729773472063, 5865990.294675542972982 ], [ 737876.104269257630222, 5865969.219416472129524 ], [ 737870.685281477402896, 5865947.486685554496944 ], [ 737868.653507094015367, 5865935.980326752178371 ], [ 737865.775901047396474, 5865928.40133872628212 ], [ 737859.956745736068115, 5865919.443869688548148 ], [ 737845.688365344423801, 5865895.842006646096706 ], [ 737819.716378033277579, 5865860.253542714752257 ], [ 737768.325452117016539, 5865788.274668617174029 ], [ 737714.494394024601206, 5865718.158660459332168 ], [ 737675.250208749668673, 5865666.797535818070173 ], [ 737647.677632267703302, 5865630.654238698072731 ], [ 737634.425380486180075, 5865612.724270218983293 ], [ 737629.414669103804044, 5865603.506087072193623 ], [ 737627.594288262189366, 5865597.554041419178247 ], [ 737625.790602597175166, 5865589.98789429012686 ], [ 737626.137066001771018, 5865582.442676239646971 ], [ 737626.483645869302563, 5865575.166754459962249 ], [ 737628.454582154983655, 5865566.559846989810467 ], [ 737632.00804261432495, 5865560.666665196418762 ], [ 737636.92448317236267, 5865552.899743157438934 ], [ 737648.071700592990965, 5865540.615404388867319 ], [ 737675.800958109553903, 5865509.631657693535089 ], [ 737692.932490516570397, 5865490.127201040275395 ], [ 737707.870690515963361, 5865474.917248417623341 ], [ 737713.58119323302526, 5865468.506498862057924 ], [ 737717.685295496601611, 5865461.269737343303859 ], [ 737719.636614556307904, 5865454.550622888840735 ], [ 737720.204042626777664, 5865451.59147803299129 ], [ 737721.414212061208673, 5865438.663843527436256 ], [ 737718.352024912484922, 5865422.99751309491694 ], [ 737701.293813476921059, 5865383.188912406563759 ], [ 737667.988799329497851, 5865303.584953170269728 ], [ 737667.049210421624593, 5865301.419480961747468 ], [ 737650.92835350043606, 5865264.318234412930906 ], [ 737645.159912531264126, 5865250.239699171856046 ] ], [ [ 738102.666406159871258, 5866203.699379227124155 ], [ 738109.970996479154564, 5866198.921641410328448 ], [ 738132.972372458549216, 5866183.523891004733741 ], [ 738165.968249068944715, 5866163.373262989334762 ], [ 738220.60064686939586, 5866129.698609236627817 ], [ 738243.980833624140359, 5866114.962584274820983 ], [ 738254.68652808945626, 5866108.212518502026796 ], [ 738272.241270236670971, 5866099.766002965159714 ], [ 738289.502649815287441, 5866093.743078753352165 ], [ 738305.65988077619113, 5866090.675431340001523 ], [ 738327.171918976586312, 5866089.551096878014505 ], [ 738343.005271261557937, 5866091.601181536912918 ], [ 738358.805578863830306, 5866097.156219182536006 ], [ 738368.430519522866234, 5866102.108879597857594 ], [ 738378.848233562195674, 5866108.14693303219974 ], [ 738387.659653068520129, 5866113.899095921777189 ], [ 738406.035117617226206, 5866130.265944420360029 ], [ 738414.76920770003926, 5866143.56513141375035 ], [ 738422.397622735705227, 5866159.551807544194162 ], [ 738426.248693355591968, 5866177.115380374714732 ], [ 738429.059210065286607, 5866191.436565852724016 ], [ 738431.356354000628926, 5866203.321431271731853 ], [ 738432.056607693899423, 5866213.575448461808264 ], [ 738432.179155128309503, 5866216.201372735202312 ], [ 738432.496749340207316, 5866223.015958534553647 ], [ 738432.906643909285776, 5866235.690779885277152 ], [ 738432.439663256285712, 5866281.251628151163459 ], [ 738429.055641911108978, 5866322.737130027264357 ], [ 738424.905501494882628, 5866386.863402109593153 ], [ 738422.177609150996432, 5866443.184486848302186 ], [ 738421.336773258517496, 5866472.832525202073157 ], [ 738421.157505465438589, 5866516.509436395950615 ], [ 738420.413718444760889, 5866562.878292506560683 ], [ 738420.184343228582293, 5866585.254141005687416 ], [ 738420.292474647867493, 5866600.894710149616003 ], [ 738421.746221820823848, 5866628.671516677364707 ], [ 738422.988774862140417, 5866652.419513866305351 ], [ 738424.660720315994695, 5866672.927038953639567 ], [ 738427.104803879512474, 5866696.680270608514547 ], [ 738431.156900182599202, 5866720.990255190059543 ], [ 738437.856225426308811, 5866749.098148186691105 ], [ 738458.401540407910943, 5866842.333658793009818 ], [ 738466.528197257081047, 5866888.794244437478483 ], [ 738472.343622324522585, 5866924.444945055060089 ], [ 738475.554731394979171, 5866952.249614440836012 ], [ 738477.727667362778448, 5866976.002242877148092 ], [ 738478.802154323668219, 5867002.435473212972283 ], [ 738479.027403830783442, 5867016.996291263028979 ], [ 738479.288566687959246, 5867033.717990006320179 ], [ 738478.285667535383254, 5867052.852145232260227 ], [ 738473.827907476224937, 5867094.599562899209559 ], [ 738472.953347923699766, 5867101.063317844644189 ], [ 738470.376942325732671, 5867116.40633040945977 ], [ 738466.393282021512277, 5867137.936866010539234 ] ], [ [ 737572.453752323752269, 5864875.308430971577764 ], [ 737564.024168914882466, 5864859.048611762933433 ], [ 737523.380856900475919, 5864787.457579313777387 ], [ 737513.107649326208048, 5864767.672406830824912 ], [ 737509.467880872427486, 5864760.065979438833892 ], [ 737504.165195820154622, 5864748.981099635362625 ], [ 737492.411471607396379, 5864716.239943633787334 ], [ 737479.09638788877055, 5864678.630090164020658 ] ], [ [ 737858.808543549734168, 5863672.695888126268983 ], [ 737858.875454170862213, 5863673.662901584059 ], [ 737858.768573202542029, 5863674.601915628649294 ], [ 737858.495213204645552, 5863675.507184925489128 ], [ 737858.06297193816863, 5863676.345316427759826 ], [ 737857.486594684887677, 5863677.093178380280733 ], [ 737856.846580268233083, 5863677.681751985102892 ], [ 737856.050705651054159, 5863678.19157661870122 ], [ 737855.111175376689062, 5863678.564566915854812 ], [ 737854.318843123153783, 5863678.730977318249643 ], [ 737853.304497437085956, 5863678.762650427408516 ], [ 737852.374707518960349, 5863678.61328871268779 ], [ 737851.364519962458871, 5863678.241886570118368 ], [ 737850.551458063186146, 5863677.745919761247933 ], [ 737849.898808595375158, 5863677.168666214682162 ], [ 737849.268733179429546, 5863676.371896716766059 ], [ 737848.861781993531622, 5863675.602183876559138 ], [ 737848.554102007998154, 5863674.631215078756213 ], [ 737848.461586129968055, 5863673.052709762006998 ], [ 737848.615629610372707, 5863672.182584729976952 ], [ 737848.939578386954963, 5863671.295304887928069 ], [ 737849.417981533915736, 5863670.482393657788634 ], [ 737850.087372078443877, 5863669.718034883961082 ], [ 737850.768985919421539, 5863669.175008457154036 ], [ 737851.663149711093865, 5863668.699677138589323 ], [ 737852.49131419241894, 5863668.434678870253265 ], [ 737853.496525829890743, 5863668.303950760513544 ], [ 737854.438894481514581, 5863668.358848359435797 ], [ 737855.353382645873353, 5863668.585181666538119 ], [ 737856.212550693424419, 5863668.971023457124829 ], [ 737856.931418749154545, 5863669.457279598340392 ], [ 737857.65521287242882, 5863670.169158183038235 ], [ 737858.158483915613033, 5863670.883113381452858 ], [ 737858.584166844375432, 5863671.805826248601079 ], [ 737858.808543549734168, 5863672.695888126268983 ], [ 737876.162785838940181, 5863668.347136212512851 ], [ 737873.878282252349891, 5863657.909313724376261 ], [ 737970.804967077914625, 5863638.162300880998373 ], [ 737989.357659339206293, 5863636.739263834431767 ], [ 738060.969561844947748, 5863622.654789180494845 ], [ 738061.710942223900929, 5863628.001931821927428 ], [ 738077.617573865689337, 5863625.452555951662362 ], [ 738077.45553295512218, 5863624.564605548977852 ], [ 738077.429751809453592, 5863623.545634856447577 ], [ 738077.540196571266279, 5863622.680880561470985 ], [ 738077.796171115129255, 5863621.771064151078463 ], [ 738078.224875649320893, 5863620.851394273340702 ], [ 738078.750851936172694, 5863620.065163224004209 ], [ 738079.339153067790903, 5863619.425106649287045 ], [ 738080.133410993148573, 5863618.78863819129765 ], [ 738080.952011092798784, 5863618.324146011844277 ], [ 738081.834536311449483, 5863617.991291857324541 ], [ 738082.685058650095016, 5863617.808001083321869 ], [ 738083.622804112266749, 5863617.747857805341482 ], [ 738084.560502825188451, 5863617.833242940716445 ], [ 738085.545826891670004, 5863618.083568903617561 ], [ 738086.344513066462241, 5863618.426555998623371 ], [ 738087.107114540296607, 5863618.892869032919407 ], [ 738087.811873747734353, 5863619.482282754033804 ], [ 738088.479994344525039, 5863620.248862493783236 ], [ 738088.943863147171214, 5863620.987132070586085 ], [ 738089.326636667479761, 5863621.852627547457814 ], [ 738089.582003484363668, 5863622.834682405926287 ], [ 738089.668778716702946, 5863624.12933452706784 ], [ 738089.558902316959575, 5863625.079957162961364 ], [ 738089.307295392034575, 5863625.988364176824689 ], [ 738088.953825268778019, 5863626.786569678224623 ], [ 738088.403952672728337, 5863627.639497915282845 ], [ 738087.772928168065846, 5863628.34314614161849 ], [ 738087.044347022660077, 5863628.941003179177642 ], [ 738086.298466279869899, 5863629.387330712750554 ], [ 738085.425824136007577, 5863629.746483357623219 ], [ 738084.451543381437659, 5863629.973607167601585 ], [ 738083.583346130559221, 5863630.041747284121811 ], [ 738082.574496370507404, 5863629.96290160343051 ], [ 738081.657060434226878, 5863629.74092854373157 ], [ 738080.786012726020999, 5863629.381183032877743 ], [ 738080.039156635175459, 5863628.935406029224396 ], [ 738079.258134194067679, 5863628.285534326918423 ], [ 738078.637311547528952, 5863627.57474406901747 ], [ 738078.167596314684488, 5863626.840778708457947 ], [ 738077.617573865689337, 5863625.452555951662362 ] ], [ [ 738061.710942223900929, 5863628.001931821927428 ], [ 738063.240552291506901, 5863636.963457541540265 ], [ 737991.899683716823347, 5863650.778644155710936 ], [ 737987.378315241425298, 5863651.588944528251886 ], [ 737962.023189842002466, 5863656.131456103175879 ], [ 737947.771093812421896, 5863657.329810546711087 ], [ 737945.103660661843605, 5863657.859525205567479 ], [ 737876.693995386827737, 5863671.416053901426494 ], [ 737876.162785838940181, 5863668.347136212512851 ] ], [ [ 737851.364519962458871, 5863678.241886570118368 ], [ 737842.354004071909003, 5863692.622764281928539 ], [ 737833.398014020291157, 5863701.15389798860997 ], [ 737822.83892007288523, 5863709.131374717690051 ], [ 737811.745784411556087, 5863716.563380431383848 ], [ 737733.065932804369368, 5863764.261510545387864 ], [ 737601.702203673077747, 5863840.252516460604966 ], [ 737531.940288947778754, 5863882.923944118432701 ], [ 737466.767866601119749, 5863923.483151066116989 ], [ 737448.351213085697964, 5863934.810152303427458 ], [ 737384.023953817784786, 5863974.373608303256333 ], [ 737361.583333802642301, 5863987.88518862426281 ], [ 737313.713381760055199, 5864017.844500277191401 ], [ 737279.919934071600437, 5864037.70644140150398 ], [ 737233.13977107219398, 5864066.327746625989676 ], [ 737226.356386866304092, 5864072.727394659072161 ], [ 737221.458568849484436, 5864078.605357986874878 ], [ 737218.439336904441006, 5864084.773661356419325 ], [ 737216.482329874997959, 5864092.031502533704042 ], [ 737216.384353280300274, 5864101.462734866887331 ], [ 737217.088714106590487, 5864111.445219755172729 ], [ 737219.386449058772996, 5864123.059840110130608 ], [ 737251.464249969343655, 5864190.780712622217834 ], [ 737257.421660933177918, 5864204.274738907814026 ], [ 737283.75202379852999, 5864263.897879312746227 ], [ 737295.342575468006544, 5864290.140483381226659 ], [ 737304.055493480409496, 5864309.332214375957847 ], [ 737431.411772867897525, 5864571.954328184947371 ], [ 737447.511231879587285, 5864606.144868165254593 ], [ 737467.152708917390555, 5864647.857873423025012 ], [ 737469.615298843709752, 5864654.529186446219683 ], [ 737470.463455594610423, 5864656.826016101054847 ], [ 737470.717461472726427, 5864657.515642676502466 ], [ 737472.723809683113359, 5864662.572462563402951 ], [ 737479.09638788877055, 5864678.630090164020658 ] ], [ [ 737572.453752323752269, 5864875.308430971577764 ], [ 737601.377634678618051, 5864936.803333821706474 ], [ 737620.057335013989359, 5864975.27774262893945 ], [ 737643.75461676355917, 5865022.429914413951337 ], [ 737660.312547140405513, 5865058.186888466589153 ], [ 737693.424836496589705, 5865128.120419255457819 ], [ 737733.685671292245388, 5865213.149994037114084 ], [ 737720.354196239379235, 5865219.506081747822464 ], [ 737711.001887218211778, 5865223.964729662053287 ], [ 737678.8861134898616, 5865237.112097623758018 ], [ 737645.159912531264126, 5865250.239699171856046 ] ] ] } },
{ "type": "Feature", "properties": { "CADRE_NO": "10.008", "DDT_URL": null, "ETC_NOM": "Transports publics de la région lausannoise", "ETC_SIGLE": "TL", "ETC_URL": "https://www.t-l.ch", "GO_CENTRE": 0, "HORAIR_URL": "https://www.tableaux-horaires.ch/fileadmin/fap_pdf_fields/2025/10.008.pdf", "LIGNE_NO": "8", "LIGNE_NOM": "Le Mont-sur-Lausanne - Lausanne - Pully", "LIGNE_SIGL": null, "LIGNE_TYPE": "Trolleybus", "PLAN_URL": "https://prestations.vd.ch/pub/101587/api/download/2_Cartographie_et_geodonnees/2.1_Carte_des_reseaux/Carte_des_lignes_TP/topo/ligne_10.008.pdf", "SHAPE_LEN": 9467.741 }, "geometry": { "type": "MultiLineString", "coordinates": [ [ [ 738189.545567657682113, 5864601.634346948936582 ], [ 738173.382726120413281, 5864605.510406015440822 ], [ 738159.366980719380081, 5864609.679366540163755 ], [ 738147.516438322491013, 5864612.521506059914827 ], [ 738136.21502901695203, 5864614.023018109612167 ], [ 738114.991580987232737, 5864613.534087638370693 ], [ 738085.975263305590488, 5864613.233673031441867 ], [ 738053.739678999176249, 5864612.358385900035501 ], [ 738041.945780048961751, 5864609.271448911167681 ], [ 738010.951803086907603, 5864592.506593679077923 ], [ 738004.538211345323361, 5864588.936853442341089 ], [ 737998.120544769335538, 5864585.904128666035831 ], [ 737992.293812244897708, 5864577.757255739532411 ], [ 737961.774773030541837, 5864514.635552787221968 ], [ 737938.323310583713464, 5864469.64501045551151 ], [ 737928.598730577738024, 5864448.517557049170136 ] ], [ [ 738641.860344182117842, 5869955.503263521008193 ], [ 738645.895263535203412, 5869981.707902447320521 ], [ 738647.050457591190934, 5869989.978700229898095 ], [ 738655.187882981146686, 5870048.281344664283097 ], [ 738657.168108848971315, 5870062.47348668333143 ], [ 738657.861574279027991, 5870067.346301048062742 ], [ 738661.433062254684046, 5870092.457139656879008 ], [ 738664.110882689477876, 5870112.114971195347607 ], [ 738670.186026747222058, 5870156.743716803379357 ], [ 738673.207453254144639, 5870176.73436366673559 ], [ 738678.480656994390301, 5870213.474711494520307 ], [ 738684.46652448666282, 5870250.234190493822098 ], [ 738689.612372168106958, 5870281.831012737937272 ], [ 738694.92419249669183, 5870314.521948290988803 ], [ 738696.633266375865787, 5870331.535675625316799 ], [ 738702.420166984200478, 5870370.165066452696919 ], [ 738702.030319511191919, 5870382.032218421809375 ], [ 738699.262125253677368, 5870390.095547771081328 ], [ 738693.929146587615833, 5870399.67047344148159 ], [ 738694.749476043274626, 5870400.089617953635752 ], [ 738695.539775841170922, 5870400.606032996438444 ], [ 738696.328810745151713, 5870401.246229806914926 ], [ 738696.946761632221751, 5870401.864277319051325 ], [ 738697.543228972819634, 5870402.595703845843673 ], [ 738698.065053050639108, 5870403.38607553485781 ], [ 738698.497821713914163, 5870404.225049315020442 ], [ 738698.844527498120442, 5870405.103917536325753 ], [ 738699.113225376582704, 5870406.086845116689801 ], [ 738699.256851627258584, 5870406.949060847051442 ], [ 738699.321241510566324, 5870407.89347717911005 ], [ 738699.284017142374068, 5870408.836848572827876 ], [ 738699.135784136014991, 5870409.846073312684894 ], [ 738698.901390686049126, 5870410.762658149003983 ], [ 738698.571472176583484, 5870411.650588835589588 ], [ 738698.154872315586545, 5870412.496848601847887 ], [ 738697.651620848220773, 5870413.29852490965277 ], [ 738697.116142527782358, 5870413.986269704066217 ], [ 738696.41323517926503, 5870414.720354148186743 ], [ 738695.689847973757423, 5870415.327520124614239 ], [ 738694.907732464023866, 5870415.856892234645784 ], [ 738693.371393601526506, 5870416.60133817140013 ], [ 738698.075969502213411, 5870427.03686170373112 ], [ 738700.928229778539389, 5870437.314986074343324 ], [ 738701.565758389187977, 5870453.776141489855945 ], [ 738699.724224670324475, 5870476.145293798297644 ], [ 738699.555534965125844, 5870477.451426018960774 ], [ 738697.099043052061461, 5870496.350933288224041 ], [ 738694.5123050409602, 5870512.509599342010915 ], [ 738691.082764673861675, 5870532.434695160016418 ], [ 738687.94947977620177, 5870549.935005811974406 ], [ 738681.507596929674037, 5870574.954403492622077 ], [ 738677.909616476739757, 5870584.650775579735637 ], [ 738675.423886416014284, 5870591.348134556785226 ], [ 738669.914583591744304, 5870604.239228980615735 ], [ 738664.431400106288493, 5870614.431814759969711 ], [ 738659.232001097640023, 5870623.27865937538445 ], [ 738654.306614878354594, 5870631.593812983483076 ], [ 738646.950443571433425, 5870641.228261050768197 ], [ 738640.13675144687295, 5870650.058509642258286 ], [ 738633.061448088497855, 5870658.347182032652199 ], [ 738623.008284243638627, 5870668.495682599022985 ], [ 738600.977701125782914, 5870692.815999885089695 ], [ 738580.847851465339772, 5870715.536318059079349 ], [ 738573.765604612068273, 5870724.634727016091347 ], [ 738565.85950072214473, 5870735.073340851813555 ], [ 738556.814162804977968, 5870751.706232381984591 ], [ 738552.13802602677606, 5870762.178136778995395 ], [ 738547.709669283940457, 5870774.540190821513534 ], [ 738544.359618481714278, 5870786.374473810195923 ], [ 738541.555091055575758, 5870797.676952323876321 ] ], [ [ 738837.624972719000652, 5862623.616849531419575 ], [ 738851.648878196720034, 5862620.39556422457099 ], [ 738869.240426291595213, 5862609.165084145963192 ], [ 738890.051717998459935, 5862600.524273168295622 ], [ 739118.379991034511477, 5862511.887932294979692 ], [ 739221.92927300510928, 5862471.498695801943541 ], [ 739249.23118655057624, 5862461.384035269729793 ], [ 739320.304314232664183, 5862435.059991945512593 ], [ 739440.09910787967965, 5862389.866770824417472 ], [ 739521.898771624080837, 5862359.084662077948451 ], [ 739538.931658030138351, 5862352.898058723658323 ], [ 739543.798496437142603, 5862351.550765287131071 ], [ 739556.508181613404304, 5862348.026533945463598 ], [ 739575.192529813153669, 5862344.474372736178339 ], [ 739589.492995432810858, 5862342.703657859936357 ], [ 739602.262767088599503, 5862341.122502284124494 ], [ 739626.946063923533075, 5862339.297366532497108 ], [ 739647.844313286943361, 5862339.131721116602421 ], [ 739671.551536613260396, 5862340.884744893759489 ], [ 739696.941739321337081, 5862343.597709770314395 ], [ 739761.417826864751987, 5862350.265559955500066 ], [ 739775.936159244272858, 5862351.76631139870733 ], [ 739829.645694466307759, 5862357.42647448554635 ], [ 739859.254164713085629, 5862360.544118136167526 ], [ 739931.685360597795807, 5862367.439884855411947 ], [ 740036.461402311106212, 5862378.470053412951529 ], [ 740045.667946191504598, 5862375.040164516307414 ], [ 740063.539472548174672, 5862365.83362063486129 ], [ 740077.259028133819811, 5862362.945293141528964 ], [ 740087.36817435559351, 5862362.584252200089395 ], [ 740093.505870274617337, 5862368.360907178372145 ], [ 740096.394197765504941, 5862376.303807777352631 ], [ 740096.394197763525881, 5862389.3012814829126 ], [ 740083.396724049118347, 5862400.132509573362768 ], [ 740075.453823446528986, 5862400.132509580813348 ], [ 740060.290104115847498, 5862394.355854600667953 ], [ 740036.822443247307092, 5862378.831094349734485 ] ], [ [ 738851.648878196720034, 5862620.39556422457099 ], [ 738842.228244656929746, 5862638.329267676919699 ] ], [ [ 738455.610085536376573, 5865173.986031460575759 ], [ 738486.030547957634553, 5865142.490235781297088 ], [ 738496.235950422124006, 5865130.763351366855204 ], [ 738516.436696976656094, 5865107.553415018133819 ], [ 738519.748894846532494, 5865103.749302486889064 ], [ 738527.61856954509858, 5865094.68382175359875 ], [ 738556.44262208766304, 5865061.475929203443229 ], [ 738559.177894404390827, 5865058.325232796370983 ], [ 738566.079781633568928, 5865050.67330015450716 ], [ 738607.831427371012978, 5865004.373700739815831 ], [ 738612.229316305718385, 5864998.818144014105201 ], [ 738627.533857310307212, 5864979.468863440677524 ], [ 738622.498343549203128, 5864979.277303569950163 ], [ 738608.093377354322001, 5864978.766594249755144 ], [ 738588.77399090770632, 5864975.872069601900876 ], [ 738582.207553569227457, 5864974.286351106129587 ], [ 738568.93861520756036, 5864971.084388390183449 ], [ 738544.811565847485326, 5864965.44464258197695 ], [ 738518.339418974006549, 5864952.769473600201309 ], [ 738504.914878527633846, 5865005.850537327118218 ], [ 738501.815022197784856, 5865018.107538375072181 ], [ 738486.339443796896376, 5865076.924448822624981 ], [ 738483.92083999782335, 5865086.126126437447965 ], [ 738475.315996541525237, 5865116.247027075849473 ], [ 738471.097814445267431, 5865131.013634922914207 ], [ 738455.610085536376573, 5865173.986031460575759 ], [ 738431.772512508672662, 5865218.761793816462159 ], [ 738406.280006633955054, 5865267.561284145340323 ], [ 738405.344650606159121, 5865269.777187379077077 ], [ 738385.62557892256882, 5865316.412361334078014 ], [ 738381.203812030958943, 5865328.228173221461475 ], [ 738366.858001596061513, 5865364.473838853649795 ], [ 738351.452290389570408, 5865399.362273264676332 ], [ 738335.741987608373165, 5865437.480539508163929 ], [ 738322.223270387854427, 5865471.848673144355416 ], [ 738295.385920574772172, 5865546.788238703273237 ], [ 738284.570447110687383, 5865579.564571905881166 ], [ 738279.821877347189002, 5865597.039657884277403 ], [ 738271.200557366828434, 5865625.257992666214705 ], [ 738262.768113646539859, 5865656.555555486120284 ], [ 738259.467471243347973, 5865668.811306217685342 ], [ 738239.461438093450852, 5865732.768855528905988 ], [ 738231.378123915288597, 5865760.993149769492447 ], [ 738225.294163173879497, 5865777.645422765053809 ], [ 738220.047321638325229, 5865791.341221699491143 ], [ 738214.273302737972699, 5865803.950039185583591 ], [ 738206.898507592850365, 5865815.738797121681273 ], [ 738199.52770097006578, 5865826.713895062915981 ], [ 738188.630022522178479, 5865841.160655110143125 ], [ 738175.287320401635952, 5865858.007261862047017 ], [ 738144.764894997701049, 5865899.211346711032093 ], [ 738114.556438129977323, 5865936.102699227631092 ], [ 738069.067294997512363, 5865995.215494104661047 ], [ 738022.785861897049472, 5866053.70594203658402 ], [ 738007.980488449102268, 5866072.039826238527894 ], [ 738002.565421013976447, 5866079.758576262742281 ], [ 737998.530685455421917, 5866085.609419632703066 ], [ 737994.170393690583296, 5866093.059614962898195 ], [ 737993.10634401824791, 5866097.749038738198578 ], [ 737991.899415420368314, 5866103.067302188836038 ], [ 737990.728556811111048, 5866112.491021818481386 ], [ 737990.874820143915713, 5866124.353607397526503 ], [ 737992.354822062072344, 5866137.042318233288825 ], [ 737995.440065213711932, 5866150.824910313822329 ], [ 738000.427808043197729, 5866162.200572406873107 ], [ 738007.572882908047177, 5866173.055624299682677 ], [ 738016.598336977534927, 5866183.934537067078054 ], [ 738029.911822629976086, 5866195.936570111662149 ], [ 738045.427050673635677, 5866203.106590461917222 ], [ 738057.211851466097869, 5866207.004799233749509 ], [ 738065.803228254429996, 5866207.901709968224168 ], [ 738077.622806528932415, 5866208.562736021354795 ], [ 738084.620580314774998, 5866208.361526511609554 ], [ 738093.757998807937838, 5866207.383276579901576 ], [ 738102.666406159871258, 5866203.699379227124155 ], [ 738109.970996479154564, 5866198.921641410328448 ], [ 738132.972372458549216, 5866183.523891004733741 ], [ 738165.968249068944715, 5866163.373262989334762 ], [ 738220.60064686939586, 5866129.698609236627817 ], [ 738243.980833624140359, 5866114.962584274820983 ], [ 738254.68652808945626, 5866108.212518502026796 ], [ 738272.241270236670971, 5866099.766002965159714 ], [ 738289.502649815287441, 5866093.743078753352165 ], [ 738305.65988077619113, 5866090.675431340001523 ], [ 738327.171918976586312, 5866089.551096878014505 ], [ 738343.005271261557937, 5866091.601181536912918 ], [ 738358.805578863830306, 5866097.156219182536006 ], [ 738368.430519522866234, 5866102.108879597857594 ], [ 738378.848233562195674, 5866108.14693303219974 ], [ 738387.659653068520129, 5866113.899095921777189 ], [ 738406.035117617226206, 5866130.265944420360029 ], [ 738414.76920770003926, 5866143.56513141375035 ], [ 738422.397622735705227, 5866159.551807544194162 ], [ 738426.248693355591968, 5866177.115380374714732 ], [ 738429.059210065286607, 5866191.436565852724016 ], [ 738431.356354000628926, 5866203.321431271731853 ], [ 738432.056607693899423, 5866213.575448461808264 ], [ 738432.179155128309503, 5866216.201372735202312 ], [ 738432.496749340207316, 5866223.015958534553647 ], [ 738432.906643909285776, 5866235.690779885277152 ], [ 738432.439663256285712, 5866281.251628151163459 ], [ 738429.055641911108978, 5866322.737130027264357 ], [ 738424.905501494882628, 5866386.863402109593153 ], [ 738422.177609150996432, 5866443.184486848302186 ], [ 738421.336773258517496, 5866472.832525202073157 ], [ 738421.157505465438589, 5866516.509436395950615 ], [ 738420.413718444760889, 5866562.878292506560683 ], [ 738420.184343228582293, 5866585.254141005687416 ], [ 738420.292474647867493, 5866600.894710149616003 ], [ 738421.746221820823848, 5866628.671516677364707 ], [ 738422.988774862140417, 5866652.419513866305351 ], [ 738424.660720315994695, 5866672.927038953639567 ], [ 738427.104803879512474, 5866696.680270608514547 ], [ 738431.156900182599202, 5866720.990255190059543 ], [ 738437.856225426308811, 5866749.098148186691105 ], [ 738458.401540407910943, 5866842.333658793009818 ], [ 738466.528197257081047, 5866888.794244437478483 ], [ 738472.343622324522585, 5866924.444945055060089 ], [ 738475.554731394979171, 5866952.249614440836012 ], [ 738477.727667362778448, 5866976.002242877148092 ], [ 738478.802154323668219, 5867002.435473212972283 ], [ 738479.027403830783442, 5867016.996291263028979 ], [ 738479.288566687959246, 5867033.717990006320179 ], [ 738478.285667535383254, 5867052.852145232260227 ], [ 738473.827907476224937, 5867094.599562899209559 ], [ 738472.953347923699766, 5867101.063317844644189 ], [ 738470.376942325732671, 5867116.40633040945977 ], [ 738466.393282021512277, 5867137.936866010539234 ], [ 738401.745608771569096, 5867537.78099658805877 ], [ 738356.660621812334284, 5867684.002575796097517 ], [ 738365.190213922644034, 5867782.702141751535237 ], [ 738367.017983658588491, 5867818.343651684001088 ], [ 738359.70690469047986, 5867853.680533310398459 ], [ 738282.94057555438485, 5868026.709402055479586 ], [ 738242.729641240439378, 5868147.342204908840358 ], [ 738250.040720182121731, 5868303.311889370903373 ], [ 738269.536930736270733, 5868411.759560606442392 ], [ 738275.629496525158174, 5868509.240613399073482 ], [ 738247.603693810873665, 5868670.084350518882275 ], [ 738220.796404263004661, 5868789.498640196397901 ], [ 738217.140864770160988, 5868873.576048238202929 ], [ 738242.729641128215007, 5868968.620074707083404 ], [ 738384.077167709008791, 5869263.500259370543063 ], [ 738574.165220698923804, 5869643.676365207880735 ], [ 738637.527905007242225, 5869931.245470939204097 ] ], [ [ 738693.371393601526506, 5870416.60133817140013 ], [ 738692.509168982622214, 5870416.872101239860058 ], [ 738691.512612111517228, 5870417.075944038107991 ], [ 738690.646500783157535, 5870417.158789773471653 ], [ 738689.628860897966661, 5870417.152692144736648 ], [ 738688.764580213231966, 5870417.056417807005346 ], [ 738687.879462711163796, 5870416.868175098672509 ], [ 738686.91141561884433, 5870416.555284262634814 ], [ 738686.050096926628612, 5870416.169214109890163 ], [ 738685.295253612683155, 5870415.734721082262695 ], [ 738684.525618256884627, 5870415.18501931335777 ], [ 738683.819177213474177, 5870414.560234116390347 ], [ 738683.181692365556955, 5870413.864794029854238 ], [ 738682.615992556558922, 5870413.106010240502656 ], [ 738682.100868900306523, 5870412.228320977650583 ], [ 738681.738799762679264, 5870411.432308779098094 ], [ 738681.430001624161378, 5870410.537808638997376 ], [ 738681.207862025708891, 5870409.545164033770561 ], [ 738681.104942753445357, 5870408.677540824748576 ], [ 738681.084103793371469, 5870407.733572243712842 ], [ 738681.172881473088637, 5870406.717910801060498 ], [ 738681.353700254810974, 5870405.787668057717383 ], [ 738681.734441524022259, 5870404.614804965443909 ], [ 738682.132335118134506, 5870403.752333798445761 ], [ 738682.616820441442542, 5870402.940271344035864 ], [ 738683.177691407152452, 5870402.182881826534867 ], [ 738683.81780661502853, 5870401.484563845209777 ], [ 738684.466892403434031, 5870400.90285091008991 ], [ 738685.291759403073229, 5870400.309838372282684 ], [ 738686.046777295996435, 5870399.874855963513255 ], [ 738686.907258112565614, 5870399.49047620035708 ], [ 738687.875911628594622, 5870399.175660241395235 ], [ 738688.798329197568819, 5870398.981250592507422 ], [ 738689.735747248400003, 5870398.881661741062999 ], [ 738690.605378212872893, 5870398.8804114125669 ], [ 738691.61767880723346, 5870398.982577029615641 ], [ 738692.541914196917787, 5870399.178503377363086 ], [ 738693.929146587615833, 5870399.67047344148159 ] ], [ [ 738842.137984422734007, 5862638.419527912512422 ], [ 738846.267356717842631, 5862656.383803711272776 ], [ 738846.408651240053587, 5862699.119612080976367 ], [ 738844.675786837819032, 5862756.082255547866225 ], [ 738842.670975589193404, 5862783.398091819137335 ], [ 738839.999605852062814, 5862800.69424965325743 ], [ 738836.221265922533348, 5862813.746024149470031 ], [ 738830.106835660059005, 5862829.854396495968103 ], [ 738821.280231176759116, 5862848.629898329265416 ], [ 738812.094255117815919, 5862865.092394127510488 ], [ 738801.772891919594258, 5862879.808688866905868 ], [ 738795.472967034787871, 5862886.65310415904969 ], [ 738790.713213730370626, 5862891.820982608944178 ], [ 738777.425491869915277, 5862902.126752479933202 ], [ 738776.002131824847311, 5862903.158394319005311 ], [ 738736.930028060101904, 5862931.449917895719409 ], [ 738710.665556706022471, 5862952.547697898931801 ], [ 738703.021549650002271, 5862961.310761927627027 ], [ 738698.618900152738206, 5862969.565837022848427 ], [ 738696.590393224032596, 5862974.59591209422797 ], [ 738695.795396863017231, 5862981.985887505114079 ], [ 738696.25197340908926, 5862990.110513222403824 ], [ 738698.985988858854398, 5863002.771103803999722 ], [ 738704.901227195281535, 5863018.967069023288786 ], [ 738722.373104548896663, 5863065.974867777898908 ], [ 738740.758775690104812, 5863115.706232463940978 ], [ 738772.116384624852799, 5863201.889000346884131 ], [ 738793.132321012322791, 5863261.875394245609641 ], [ 738793.660939459456131, 5863263.379712071269751 ], [ 738862.093731860048138, 5863445.764038888737559 ], [ 738890.296481590834446, 5863524.472016264684498 ], [ 738892.824923254316673, 5863532.157070027664304 ], [ 738898.099860441172495, 5863549.617755575105548 ], [ 738890.693873786716722, 5863551.509290083311498 ], [ 738897.077595056965947, 5863570.630226275883615 ], [ 738922.853965930058621, 5863651.487060645595193 ], [ 738945.470789391780272, 5863725.840401812456548 ], [ 738941.953217749483883, 5863728.228864920325577 ], [ 738863.571341784670949, 5863774.055642874911427 ], [ 738794.670695755747147, 5863811.892150847241282 ], [ 738735.492700007394888, 5863844.97617971803993 ], [ 738647.963139955652878, 5863895.798358461819589 ], [ 738578.459479891462252, 5863935.811958698555827 ], [ 738527.621188882389106, 5863967.362591413781047 ] ], [ [ 738189.545567657682113, 5864601.634346948936582 ], [ 738213.553883835556917, 5864592.4469412881881 ], [ 738234.885248543694615, 5864582.425487173721194 ], [ 738244.85434479417745, 5864579.83304931037128 ], [ 738254.509312088484876, 5864581.551303446292877 ], [ 738262.007552440511063, 5864584.055032534524798 ], [ 738268.411501250113361, 5864588.432254972867668 ], [ 738273.979853005264886, 5864595.769960189238191 ], [ 738279.502521086134948, 5864607.41679129190743 ], [ 738288.957000689697452, 5864628.809236236847937 ], [ 738290.041681840433739, 5864631.264154647476971 ], [ 738298.410060878959484, 5864650.203163161873817 ], [ 738309.192681099753827, 5864672.957168764434755 ], [ 738322.309314579819329, 5864704.095534466207027 ], [ 738340.675005995901302, 5864747.413754128850996 ], [ 738356.652817500988021, 5864787.474866680800915 ], [ 738378.989532872568816, 5864836.766985541209579 ], [ 738389.31189887446817, 5864852.239149023778737 ], [ 738403.112366209621541, 5864869.093550324440002 ], [ 738416.132453494006768, 5864883.245782335288823 ], [ 738427.574123230180703, 5864894.416880371049047 ], [ 738439.555220738286152, 5864905.053549817763269 ], [ 738452.36241883749608, 5864914.081670340150595 ], [ 738463.830355557496659, 5864922.555978961288929 ], [ 738480.392365097184666, 5864932.161329994909465 ], [ 738497.222636530990712, 5864941.501611302606761 ], [ 738518.339418974006549, 5864952.769473600201309 ] ], [ [ 738309.797482956317253, 5864012.016953939571977 ], [ 738329.204467033501714, 5864006.01758308056742 ], [ 738351.787803742685355, 5863999.521219523623586 ], [ 738354.534868692513555, 5863998.731672850437462 ], [ 738364.255802493193187, 5863996.221125524491072 ], [ 738387.671499310177751, 5863990.178606355562806 ], [ 738402.865629716194235, 5863987.702671546489 ], [ 738437.71797054912895, 5863982.019614098593593 ], [ 738527.621188882389106, 5863967.362591413781047 ] ], [ [ 738309.797482956317253, 5864012.016953939571977 ], [ 738297.921446669730358, 5864017.284910698421299 ], [ 738289.253300633397885, 5864023.932202623225749 ], [ 738282.462414522888139, 5864031.141736317425966 ], [ 738245.94797152117826, 5864082.658227101899683 ], [ 738243.202546560904011, 5864086.533142050728202 ], [ 738225.756813998101279, 5864110.740409970283508 ], [ 738207.210333114373498, 5864137.867453658953309 ], [ 738205.237949077622034, 5864140.770907083526254 ], [ 738203.675198830547743, 5864143.058606832288206 ], [ 738166.60179780353792, 5864197.347978692501783 ], [ 738128.26711717993021, 5864253.481561214663088 ], [ 738123.452034725807607, 5864259.969359435141087 ], [ 738102.995869598118588, 5864290.747400993481278 ], [ 738088.544516933616251, 5864311.354728439822793 ], [ 738076.561112284543924, 5864326.863149508833885 ], [ 738064.024264152161777, 5864343.985720651224256 ], [ 738043.09418331948109, 5864367.489215278066695 ], [ 738031.837133943918161, 5864380.634327070787549 ], [ 738016.195686875493266, 5864396.323199300095439 ], [ 738009.466395004303195, 5864402.150819492526352 ], [ 737990.996193112921901, 5864416.81777061894536 ], [ 737928.598730577738024, 5864448.517557049170136 ] ] ] } },
{ "type": "Feature", "properties": { "CADRE_NO": "10.042", "DDT_URL": null, "ETC_NOM": "Transports publics de la région lausannoise", "ETC_SIGLE": "TL", "ETC_URL": "https://www.t-l.ch", "GO_CENTRE": 0, "HORAIR_URL": "https://www.tableaux-horaires.ch/fileadmin/fap_pdf_fields/2025/10.042.pdf", "LIGNE_NO": "42", "LIGNE_NOM": "Lausanne Foyer - Pont-de-Chailly - Sallaz", "LIGNE_SIGL": null, "LIGNE_TYPE": "Bus urbain", "PLAN_URL": "https://prestations.vd.ch/pub/101587/api/download/2_Cartographie_et_geodonnees/2.1_Carte_des_reseaux/Carte_des_lignes_TP/topo/ligne_10.042.pdf", "SHAPE_LEN": 2148.262 }, "geometry": { "type": "MultiLineString", "coordinates": [ [ [ 740438.222068487084471, 5865151.041609136387706 ], [ 740446.850182660855353, 5865146.307871166616678 ], [ 740462.554540849523619, 5865134.6050387006253 ], [ 740470.140073401853442, 5865128.213109464384615 ], [ 740474.48872851615306, 5865123.404193173162639 ], [ 740478.734572134329937, 5865118.719416947104037 ] ], [ [ 741476.555939898244105, 5866229.347052160650492 ], [ 741476.644221408758312, 5866228.344943930394948 ], [ 741476.859393251826987, 5866227.424164637923241 ], [ 741477.193182116490789, 5866226.540960339829326 ], [ 741477.645429430645891, 5866225.711342316120863 ], [ 741478.204369080951437, 5866224.951206129044294 ], [ 741478.807005159091204, 5866224.321064012125134 ], [ 741479.60411078936886, 5866223.688492621295154 ], [ 741480.352898108540103, 5866223.246138320304453 ], [ 741481.905411648680456, 5866222.674955645576119 ], [ 741482.774632128654048, 5866222.52639985922724 ], [ 741483.715290027903393, 5866222.490645820274949 ], [ 741484.653228754526936, 5866222.582967455498874 ], [ 741485.640480544068851, 5866222.824263238348067 ], [ 741486.449939106358215, 5866223.142395947128534 ], [ 741487.273989041917957, 5866223.598966870456934 ], [ 741488.031636961386539, 5866224.166966146789491 ], [ 741488.702742602792569, 5866224.828724566847086 ], [ 741489.28012330387719, 5866225.576892027631402 ], [ 741489.749442549189553, 5866226.393857151269913 ], [ 741490.106448363396339, 5866227.269387596286833 ], [ 741490.3548594819149, 5866228.267571928910911 ], [ 741490.45302093657665, 5866229.198752135038376 ], [ 741490.418296244461089, 5866230.214495644904673 ], [ 741490.26902351283934, 5866231.074792079627514 ], [ 741489.963375632301904, 5866232.047076376155019 ], [ 741489.592814393225126, 5866232.833838050253689 ], [ 741488.617334900656715, 5866234.188124731183052 ], [ 741487.876181738451123, 5866234.885306742042303 ], [ 741487.168865945306607, 5866235.389215596020222 ], [ 741486.268862569355406, 5866235.862090126611292 ], [ 741485.37910680018831, 5866236.179305026307702 ], [ 741484.457233036868274, 5866236.36955245397985 ], [ 741483.655590584618039, 5866236.434350463561714 ], [ 741482.715723844594322, 5866236.390048026107252 ], [ 741481.78725317295175, 5866236.220667409710586 ], [ 741480.825487549067475, 5866235.896648956462741 ], [ 741479.982243018224835, 5866235.473367006517947 ], [ 741479.261526527930982, 5866234.985798731446266 ], [ 741478.555266649811529, 5866234.357169985771179 ], [ 741477.941266757203266, 5866233.643573340028524 ], [ 741477.428218100802042, 5866232.84655116032809 ], [ 741477.002029195777141, 5866231.92374730296433 ], [ 741476.746187055716291, 5866231.089983999729156 ], [ 741476.555939898244105, 5866229.347052160650492 ] ] ] } },
{ "type": "Feature", "properties": { "CADRE_NO": "10.007", "DDT_URL": null, "ETC_NOM": "Transports publics de la région lausannoise", "ETC_SIGLE": "TL", "ETC_URL": "https://www.t-l.ch", "GO_CENTRE": 0, "HORAIR_URL": "https://www.tableaux-horaires.ch/fileadmin/fap_pdf_fields/2025/10.007.pdf", "LIGNE_NO": "7", "LIGNE_NOM": "Prilly Galicien/Aréna - Lausanne Chauderon - Pully Rosiaz - Val-Vert", "LIGNE_SIGL": null, "LIGNE_TYPE": "Trolleybus", "PLAN_URL": "https://prestations.vd.ch/pub/101587/api/download/2_Cartographie_et_geodonnees/2.1_Carte_des_reseaux/Carte_des_lignes_TP/topo/ligne_10.007.pdf", "SHAPE_LEN": 6947.888 }, "geometry": { "type": "MultiLineString", "coordinates": [ [ [ 734940.101756737218238, 5865508.780892326496542 ], [ 734992.253710482618771, 5865481.841781845316291 ], [ 735075.256927744485438, 5865434.743655819445848 ], [ 735124.142026157001965, 5865408.06597148347646 ], [ 735154.94672720390372, 5865389.555693834088743 ], [ 735156.366130192531273, 5865388.701883962377906 ], [ 735174.437931955209933, 5865379.129551965743303 ], [ 735203.939558206941001, 5865362.523692824877799 ], [ 735248.553233171929605, 5865336.847906825132668 ], [ 735312.617120800889097, 5865301.407462666742504 ], [ 735407.513496232917532, 5865247.425562124699354 ], [ 735459.700966157601215, 5865216.710595141164958 ], [ 735461.194192598224618, 5865215.867728548124433 ], [ 735499.983130027074367, 5865193.955675196833909 ], [ 735536.476162106613629, 5865173.585232079029083 ], [ 735540.900886423420161, 5865171.172464022412896 ], [ 735571.884043649421073, 5865154.28315123450011 ], [ 735592.134799441555515, 5865145.063817837275565 ], [ 735627.76525110041257, 5865130.076719076372683 ], [ 735667.353103086701594, 5865121.872196394950151 ], [ 735704.489794052671641, 5865116.874207269400358 ], [ 735776.042089383001439, 5865110.087441455572844 ], [ 735836.485440712072887, 5865105.701734201051295 ], [ 735960.510344454785809, 5865098.024874478578568 ], [ 736061.649435063940473, 5865095.489465972408652 ], [ 736073.769171757390723, 5865095.185482542030513 ], [ 736124.15512614895124, 5865093.919691667892039 ], [ 736164.522782542509958, 5865092.907180847600102 ], [ 736268.282018821802922, 5865089.96187745872885 ], [ 736363.191146407742053, 5865085.031207105144858 ], [ 736457.817631505662575, 5865081.447261610999703 ], [ 736492.22885465156287, 5865080.191406541503966 ], [ 736512.399439568864182, 5865078.519027415663004 ], [ 736514.989664776483551, 5865078.068902118131518 ], [ 736525.591797898407094, 5865076.23163527995348 ], [ 736543.360943561419845, 5865072.91242350731045 ], [ 736558.994213597616181, 5865068.496502423658967 ], [ 736580.029176899814047, 5865061.168143013492227 ], [ 736605.407805429073051, 5865049.844908433035016 ], [ 736614.595239635906182, 5865044.818141923286021 ], [ 736626.51041178079322, 5865036.316618660464883 ], [ 736654.410086639341898, 5865015.045096022076905 ], [ 736715.342400182737038, 5864970.128102053888142 ], [ 736716.610700811608694, 5864969.13421818241477 ], [ 736732.305662725819275, 5864956.839991096407175 ], [ 736762.748821569373831, 5864933.426341876387596 ], [ 736851.294878111919388, 5864868.579108318313956 ], [ 736931.993172135087661, 5864809.041747940704226 ], [ 736948.780750169767998, 5864796.818493749015033 ], [ 736959.597742682206444, 5864790.191554432734847 ], [ 736978.796497316565365, 5864778.532077690586448 ], [ 736990.421481732046232, 5864771.913583811372519 ], [ 737014.198676789645106, 5864759.313767743296921 ], [ 737038.738014616072178, 5864748.75519250985235 ], [ 737097.515606539207511, 5864726.643441012129188 ], [ 737175.753823582082987, 5864697.755942118354142 ], [ 737228.674764867522754, 5864685.876697702333331 ], [ 737230.156697035068646, 5864685.676779736764729 ], [ 737262.775356628815643, 5864681.258314169943333 ], [ 737306.076894118916243, 5864676.521951463073492 ], [ 737372.047952941269614, 5864669.662699404172599 ], [ 737437.470841472852044, 5864660.669348764233291 ], [ 737469.615298843709752, 5864654.529186446219683 ], [ 737482.009619802702218, 5864652.162281137891114 ], [ 737515.196619331021793, 5864643.69244418758899 ], [ 737583.39130202436354, 5864623.378704746253788 ], [ 737614.940212112152949, 5864612.654425251297653 ], [ 737618.448711848934181, 5864611.072479015216231 ], [ 737672.74397814553231, 5864583.603982576169074 ] ], [ [ 740414.249317164998502, 5865151.267049478366971 ], [ 740408.403855932992883, 5865148.34649277292192 ], [ 740395.884298636345193, 5865137.168287528678775 ], [ 740357.418858767137863, 5865087.446276511065662 ], [ 740340.97222074388992, 5865066.253706909716129 ], [ 740316.039243576000445, 5865033.652962977997959 ], [ 740300.128130052238703, 5865012.465851533226669 ], [ 740293.775739577249624, 5865002.965578721836209 ], [ 740287.168305179453455, 5864991.845659697428346 ], [ 740283.472932483186014, 5864985.338574991561472 ], [ 740276.362483913311735, 5864970.708720131777227 ], [ 740270.853163713240065, 5864957.445771978236735 ], [ 740266.145059221307747, 5864944.729472895152867 ], [ 740261.730979676591232, 5864929.319113370962441 ], [ 740257.62048877007328, 5864910.407002207823098 ], [ 740253.24308304709848, 5864891.492232122458518 ], [ 740243.536409196211025, 5864841.25387232657522 ], [ 740236.276507646311074, 5864797.897287985309958 ], [ 740230.607271825312637, 5864764.027764135040343 ], [ 740225.252508044941351, 5864735.398328029550612 ], [ 740220.071365259122103, 5864716.20798419509083 ], [ 740216.174020825419575, 5864702.960222873836756 ], [ 740210.946890871739015, 5864688.35127567499876 ], [ 740203.846385176526383, 5864672.912715335376561 ], [ 740193.813959611696191, 5864655.29044930357486 ], [ 740185.896081907209009, 5864640.923613607883453 ], [ 740176.344866824103519, 5864628.695799490436912 ], [ 740158.035514611634426, 5864605.598870385438204 ], [ 740123.477759136352688, 5864568.587945942766964 ], [ 740085.702137930318713, 5864530.738143808208406 ], [ 740049.296046128030866, 5864490.473095146007836 ], [ 740014.993815320194699, 5864454.543272064067423 ], [ 739980.708326544612646, 5864417.267364649102092 ], [ 739946.910974381375127, 5864384.848774184472859 ], [ 739936.551092011970468, 5864372.883551677688956 ], [ 739910.15060863236431, 5864352.93861008901149 ], [ 739891.53158750908915, 5864343.414711499586701 ] ], [ [ 738189.545567657682113, 5864601.634346948936582 ], [ 738173.382726120413281, 5864605.510406015440822 ], [ 738159.366980719380081, 5864609.679366540163755 ], [ 738147.516438322491013, 5864612.521506059914827 ], [ 738136.21502901695203, 5864614.023018109612167 ], [ 738114.991580987232737, 5864613.534087638370693 ], [ 738085.975263305590488, 5864613.233673031441867 ], [ 738053.739678999176249, 5864612.358385900035501 ], [ 738041.945780048961751, 5864609.271448911167681 ], [ 738010.951803086907603, 5864592.506593679077923 ], [ 738004.538211345323361, 5864588.936853442341089 ], [ 737998.120544769335538, 5864585.904128666035831 ], [ 737992.293812244897708, 5864577.757255739532411 ], [ 737961.774773030541837, 5864514.635552787221968 ], [ 737938.323310583713464, 5864469.64501045551151 ], [ 737928.598730577738024, 5864448.517557049170136 ], [ 737908.057216495275497, 5864460.164740571752191 ], [ 737804.03756772656925, 5864515.421812072396278 ], [ 737672.74397814553231, 5864583.603982576169074 ] ], [ [ 735096.655339726014063, 5865257.624660337343812 ], [ 735097.554280644049868, 5865257.548399291932583 ], [ 735098.497298138565384, 5865257.557032534852624 ], [ 735099.436501277959906, 5865257.65150326769799 ], [ 735100.431201574509032, 5865257.848457230255008 ], [ 735101.267195290653035, 5865258.097569196484983 ], [ 735102.142805071431212, 5865258.441716694273055 ], [ 735102.985616089776158, 5865258.868480514734983 ], [ 735103.844614278990775, 5865259.410407181829214 ], [ 735104.53541575872805, 5865259.941801080480218 ], [ 735105.23087560152635, 5865260.580956718884408 ], [ 735105.909139416529797, 5865261.336373725906014 ], [ 735106.471264149411581, 5865262.097826181910932 ], [ 735106.961806045961566, 5865262.905091056600213 ], [ 735107.346689097699709, 5865263.687936633825302 ], [ 735107.710948578780517, 5865264.636496307328343 ], [ 735107.947203120798804, 5865265.478885913267732 ], [ 735108.133880475768819, 5865266.48085767775774 ], [ 735108.21315758919809, 5865267.349224004894495 ], [ 735108.216159085161053, 5865268.295375132933259 ], [ 735108.133626778842881, 5865269.234789127483964 ], [ 735107.945942544261925, 5865270.23857893794775 ], [ 735107.688160392688587, 5865271.148462629877031 ], [ 735107.3479624876054, 5865272.03126454539597 ], [ 735106.925488040084019, 5865272.873886036686599 ], [ 735106.470666721230373, 5865273.620094034820795 ], [ 735105.909784036222845, 5865274.379723166115582 ], [ 735105.250542474444956, 5865275.110644308850169 ], [ 735104.558876673923805, 5865275.752428892068565 ], [ 735103.811326709808782, 5865276.328115017153323 ], [ 735102.422851756797172, 5865277.140024644322693 ] ], [ [ 735096.655339726014063, 5865257.624660337343812 ], [ 735095.687222281936556, 5865257.793337428942323 ], [ 735094.709270697552711, 5865258.068165521137416 ], [ 735093.894915948505513, 5865258.376766281202435 ], [ 735092.983324798988178, 5865258.824061003513634 ], [ 735092.178611079463735, 5865259.317621704190969 ], [ 735091.423931622877717, 5865259.881584879942238 ], [ 735090.722203439450823, 5865260.514526190236211 ], [ 735090.129236704320647, 5865261.152997867204249 ], [ 735089.508376567042433, 5865261.958561286330223 ], [ 735089.040590211632662, 5865262.695895335637033 ] ], [ [ 740414.272407848387957, 5865151.170658046379685 ], [ 740438.222068487084471, 5865151.041609136387706 ], [ 740446.850182660855353, 5865146.307871166616678 ], [ 740462.554540849523619, 5865134.6050387006253 ], [ 740470.140073401853442, 5865128.213109464384615 ], [ 740474.48872851615306, 5865123.404193173162639 ], [ 740478.734572134329937, 5865118.719416947104037 ], [ 740481.593152898713015, 5865111.88102504145354 ], [ 740484.216518954373896, 5865091.151596098206937 ], [ 740488.137905176845379, 5865048.598071640357375 ], [ 740493.113912361324765, 5865007.941727926023304 ], [ 740498.530699659138918, 5864976.727535083889961 ], [ 740502.463956714840606, 5864959.782838973216712 ], [ 740508.28666175249964, 5864941.781595182605088 ], [ 740514.360308806993999, 5864925.667787629179657 ], [ 740525.008692141156644, 5864908.523026011884212 ], [ 740536.979240860091522, 5864894.085727431811392 ], [ 740544.046857319306582, 5864886.068727456964552 ], [ 740552.976931642158888, 5864879.690451726317406 ], [ 740570.806151360156946, 5864870.166223969310522 ], [ 740589.178949012421072, 5864860.107455566525459 ], [ 740608.111504582571797, 5864847.895804099738598 ], [ 740611.592788637266494, 5864845.072263076901436 ], [ 740625.17858695378527, 5864834.049766510725021 ], [ 740644.967319141491316, 5864816.730661381036043 ], [ 740668.079176776460372, 5864789.464745571836829 ], [ 740731.68759516091086, 5864716.512670519761741 ], [ 740767.532079425291158, 5864678.863427286967635 ], [ 740801.217022626660764, 5864642.272459890693426 ], [ 740821.841154329827987, 5864621.994061654433608 ], [ 740840.279117451282218, 5864605.466238310560584 ], [ 740848.654305997304618, 5864598.086771218106151 ], [ 740853.291228174581192, 5864594.002754529938102 ], [ 740869.533470622962341, 5864582.037533353082836 ], [ 740879.806331975385547, 5864575.671167075634003 ], [ 740886.833073564223014, 5864571.696992953307927 ], [ 740919.464642397128046, 5864559.626871902495623 ], [ 740974.731481462600641, 5864541.309757704846561 ], [ 740988.122696317732334, 5864536.622102859430015 ], [ 741020.684923847671598, 5864525.223368906415999 ], [ 741061.555777200148441, 5864510.912445859983563 ], [ 741098.226553773041815, 5864498.3393101291731 ], [ 741114.884177660569549, 5864492.988481003791094 ], [ 741144.603333117906004, 5864482.090668112970889 ], [ 741178.57920793897938, 5864470.300950676202774 ], [ 741199.316154119558632, 5864465.11738998722285 ], [ 741214.927270862041041, 5864462.577995656989515 ], [ 741221.449790132348426, 5864461.87326832767576 ], [ 741228.646190710598603, 5864461.096677886322141 ], [ 741234.022074725595303, 5864460.881147846579552 ], [ 741275.686078578932211, 5864459.411171255633235 ], [ 741319.490469675976783, 5864458.770123784430325 ], [ 741343.950429600314237, 5864457.935811107046902 ], [ 741361.158337277593091, 5864456.76127053797245 ], [ 741374.058738530264236, 5864456.620734116062522 ], [ 741378.10192222869955, 5864456.199702954851091 ], [ 741390.732363571412861, 5864454.899387520737946 ], [ 741407.964532901998609, 5864451.568061218596995 ], [ 741420.35201768099796, 5864448.723989018239081 ], [ 741432.475213440484367, 5864445.610923095606267 ], [ 741442.726375754107721, 5864441.669965442270041 ], [ 741457.572090067900717, 5864434.808649745769799 ], [ 741478.362396066193469, 5864424.50336377043277 ], [ 741507.82677115756087, 5864406.736670209094882 ], [ 741556.480139416875318, 5864377.570091943256557 ], [ 741594.494591936818324, 5864354.130736799910665 ], [ 741628.628562015946954, 5864336.507761687040329 ], [ 741675.931329408544116, 5864308.135066082701087 ], [ 741738.367186398012564, 5864270.74941967241466 ], [ 741766.750525338109583, 5864253.780625521205366 ], [ 741785.961772629991174, 5864240.223816292360425 ], [ 741798.959970795898698, 5864229.842079256661236 ], [ 741808.724270889535546, 5864220.503761034458876 ], [ 741822.853159002494067, 5864204.470349030569196 ], [ 741841.065161809907295, 5864183.357445010915399 ], [ 741852.461045346804895, 5864172.147696760483086 ], [ 741865.98807245620992, 5864162.848164990544319 ], [ 741874.084798174910247, 5864159.156156927347183 ], [ 741888.106011511408724, 5864154.173773453570902 ], [ 741903.190042476635426, 5864150.278884299099445 ], [ 741917.973815363598987, 5864149.617739123292267 ], [ 741924.160141852335073, 5864149.139128373004496 ], [ 741931.132710166275501, 5864150.286680111661553 ], [ 741946.408337509841658, 5864154.481116068549454 ], [ 741954.176814374164678, 5864156.716424603015184 ], [ 741962.473129912978038, 5864160.301721818745136 ], [ 741975.293220477295108, 5864167.977774186991155 ], [ 741991.583990977960639, 5864178.111395929940045 ], [ 742019.091320710722357, 5864195.094482125714421 ], [ 742067.432349219219759, 5864224.683593447320163 ], [ 742105.621324141975492, 5864248.513557200320065 ], [ 742133.669907514471561, 5864265.233975195325911 ], [ 742148.350852325325832, 5864275.351490802131593 ], [ 742156.336362652014941, 5864282.978112290613353 ], [ 742162.455101653933525, 5864289.240038003772497 ], [ 742167.453964362852275, 5864300.069566767662764 ], [ 742171.110723633202724, 5864310.619501014240086 ], [ 742178.903026243671775, 5864332.457657173275948 ], [ 742191.668166649062186, 5864368.229579482227564 ], [ 742193.608367663342506, 5864375.41663643438369 ], [ 742194.617693918989971, 5864379.152456942014396 ], [ 742201.565166186890565, 5864410.655087977647781 ], [ 742203.889522106968798, 5864422.455274134874344 ], [ 742204.77068549755495, 5864422.252946102060378 ], [ 742205.77725487225689, 5864422.133360453881323 ], [ 742206.723204643465579, 5864422.129608955234289 ], [ 742207.657999697723426, 5864422.227626245468855 ], [ 742208.510715584037825, 5864422.410701934248209 ], [ 742209.473816738696769, 5864422.728766528889537 ], [ 742210.266763723455369, 5864423.088812229223549 ], [ 742211.139403866138309, 5864423.606830241158605 ], [ 742212.020598406088538, 5864424.287939327768981 ], [ 742211.807421031291597, 5864437.578158940188587 ], [ 742211.048962138360366, 5864438.138277990743518 ], [ 742210.234770845272578, 5864438.611976631917059 ], [ 742209.302240658551455, 5864439.02192291803658 ], [ 742208.200770333991386, 5864439.350151780992746 ], [ 742207.261993716820143, 5864439.509704143740237 ], [ 742206.321330268401653, 5864439.565903030335903 ], [ 742205.438199470285326, 5864439.525157271884382 ], [ 742203.736873558256775, 5864439.183787214569747 ], [ 742202.849304561736062, 5864438.856279868632555 ], [ 742202.068204563925974, 5864438.471607805229723 ], [ 742201.269389368710108, 5864437.970327159389853 ], [ 742200.474775925395079, 5864437.336644914001226 ], [ 742199.809641838190146, 5864436.666401289403439 ], [ 742199.217683311435394, 5864435.931386983022094 ], [ 742198.7461429691175, 5864435.196107277646661 ], [ 742198.320644548279233, 5864434.352126265875995 ], [ 742197.988402085262351, 5864433.46685977652669 ], [ 742197.755118114524521, 5864432.550552112050354 ], [ 742197.614139559562318, 5864431.542010026983917 ], [ 742197.589334485121071, 5864430.669969914481044 ], [ 742197.667489448213018, 5864429.654861086048186 ], [ 742197.847797214402817, 5864428.726631471887231 ], [ 742198.101159078767523, 5864427.893725988455117 ], [ 742198.496276803081855, 5864426.95597602520138 ], [ 742198.961361510911956, 5864426.13244005292654 ], [ 742199.467414560494944, 5864425.421376058831811 ], [ 742200.145129652461037, 5864424.662524297833443 ], [ 742200.846233837190084, 5864424.033435730263591 ], [ 742201.553433700930327, 5864423.522296084091067 ], [ 742202.436104504507966, 5864423.018712040036917 ], [ 742203.889522106968798, 5864422.455274134874344 ] ], [ [ 738013.03991099470295, 5864399.195725025609136 ], [ 738033.754634718876332, 5864433.314093502238393 ], [ 738134.281970458221622, 5864461.949152732267976 ], [ 738212.571441015112214, 5864512.517448842525482 ], [ 738244.85434479417745, 5864579.83304931037128 ], [ 738254.509312088484876, 5864581.551303446292877 ], [ 738262.007552440511063, 5864584.055032534524798 ], [ 738268.411501250113361, 5864588.432254972867668 ], [ 738273.979853005264886, 5864595.769960189238191 ], [ 738279.502521086134948, 5864607.41679129190743 ], [ 738288.957000689697452, 5864628.809236236847937 ], [ 738290.041681840433739, 5864631.264154647476971 ], [ 738298.410060878959484, 5864650.203163161873817 ], [ 738309.192681099753827, 5864672.957168764434755 ], [ 738322.309314579819329, 5864704.095534466207027 ], [ 738340.675005995901302, 5864747.413754128850996 ], [ 738356.652817500988021, 5864787.474866680800915 ], [ 738378.989532872568816, 5864836.766985541209579 ], [ 738389.31189887446817, 5864852.239149023778737 ], [ 738403.112366209621541, 5864869.093550324440002 ], [ 738416.132453494006768, 5864883.245782335288823 ], [ 738427.574123230180703, 5864894.416880371049047 ], [ 738439.555220738286152, 5864905.053549817763269 ], [ 738452.36241883749608, 5864914.081670340150595 ], [ 738463.830355557496659, 5864922.555978961288929 ], [ 738480.392365097184666, 5864932.161329994909465 ], [ 738497.222636530990712, 5864941.501611302606761 ], [ 738518.339418974006549, 5864952.769473600201309 ] ], [ [ 739045.33833641523961, 5864422.725903641432524 ], [ 739028.112506037927233, 5864422.924912022426724 ], [ 739007.94939652539324, 5864424.0645487671718 ], [ 739006.069206340238452, 5864423.776025542989373 ], [ 738994.213676504325122, 5864427.160618803463876 ], [ 738983.145352872321382, 5864432.167331509292126 ], [ 738974.488446083734743, 5864438.007972943596542 ], [ 738964.981020903214812, 5864448.153769012540579 ], [ 738960.330539433169179, 5864456.193885762244463 ], [ 738955.392461093026213, 5864466.117293361574411 ], [ 738953.140989279258065, 5864476.066806354559958 ], [ 738951.961686530848965, 5864486.298035988584161 ], [ 738952.142161420662887, 5864494.926235965453088 ], [ 738952.575982582871802, 5864505.17403070256114 ], [ 738955.136264243395999, 5864517.599146594293416 ], [ 738958.487922401749529, 5864531.381586693227291 ], [ 738968.922795917838812, 5864562.218786465935409 ], [ 738972.548525143647566, 5864575.733387622982264 ], [ 738974.815608573728241, 5864590.312565753236413 ], [ 738976.797997726476751, 5864606.776569234207273 ], [ 738976.635981127386913, 5864622.680099375545979 ], [ 738974.617181502631865, 5864636.135463742539287 ], [ 738972.557316240156069, 5864653.905863726511598 ], [ 738967.572463527321815, 5864668.410815387964249 ], [ 738952.359080610796809, 5864711.118268752470613 ], [ 738930.070887877023779, 5864776.348174260929227 ], [ 738920.784075042349286, 5864803.524274006485939 ], [ 738919.249957042979077, 5864807.42233366239816 ], [ 738889.778145209071226, 5864892.70286111254245 ], [ 738882.612958931247704, 5864910.421364448964596 ], [ 738874.98909265070688, 5864920.048407637514174 ], [ 738867.131290613790043, 5864926.43601029086858 ], [ 738851.956573691451922, 5864938.951859548687935 ], [ 738839.241303651127964, 5864947.177372484467924 ], [ 738827.897057661437429, 5864952.989165152423084 ], [ 738810.880454974365421, 5864961.442656316794455 ], [ 738795.772961567272432, 5864967.217216890305281 ], [ 738784.731482339673676, 5864969.800840127281845 ], [ 738763.901119369082153, 5864973.213927554897964 ], [ 738747.681818356388249, 5864974.905916017480195 ], [ 738738.823925368487835, 5864975.640138034708798 ], [ 738653.14632342918776, 5864977.908688601106405 ], [ 738637.333452460356057, 5864978.728435279801488 ], [ 738627.533857310307212, 5864979.468863440677524 ], [ 738622.498343549203128, 5864979.277303569950163 ], [ 738608.093377354322001, 5864978.766594249755144 ], [ 738588.77399090770632, 5864975.872069601900876 ], [ 738582.207553569227457, 5864974.286351106129587 ], [ 738568.93861520756036, 5864971.084388390183449 ], [ 738544.811565847485326, 5864965.44464258197695 ], [ 738518.339418974006549, 5864952.769473600201309 ] ], [ [ 739045.33833641523961, 5864422.725903641432524 ], [ 739052.835456694592722, 5864422.63969889562577 ], [ 739062.504139134427533, 5864423.007990761660039 ], [ 739099.568680080235936, 5864424.463109699077904 ], [ 739106.029171114554629, 5864423.453696363605559 ], [ 739113.850732208113186, 5864420.567619706504047 ], [ 739121.692921394249424, 5864415.795523665845394 ], [ 739129.837643289240077, 5864407.523326417431235 ], [ 739161.705917917424813, 5864365.259627772495151 ], [ 739170.962394626694731, 5864353.223481794819236 ], [ 739193.023293632431887, 5864324.068838676437736 ], [ 739203.918862939928658, 5864309.624778254888952 ], [ 739211.80054398032371, 5864300.808506648987532 ], [ 739216.679272687295452, 5864296.546041405759752 ], [ 739229.908063636161387, 5864290.482748758979142 ], [ 739247.15557902760338, 5864285.265353810042143 ], [ 739267.367756840074435, 5864279.544094061478972 ], [ 739286.779393456992693, 5864275.507238280959427 ], [ 739288.369899146491662, 5864275.17564847227186 ], [ 739310.452391847036779, 5864270.27969316765666 ], [ 739357.032761270529591, 5864260.780074485577643 ], [ 739395.248048550100066, 5864254.702356682159007 ], [ 739432.644549527671188, 5864249.962361578829587 ], [ 739473.801155786029994, 5864245.531248193234205 ], [ 739509.293016538256779, 5864243.197646676562726 ], [ 739552.577367363031954, 5864240.674034748226404 ], [ 739575.694908374454826, 5864239.560341430827975 ], [ 739612.76436745247338, 5864240.745509166270494 ], [ 739632.354827764211223, 5864243.101796056143939 ], [ 739651.666032958193682, 5864246.53364269528538 ], [ 739680.336562662501819, 5864254.371523985639215 ], [ 739731.243367514223792, 5864268.636830477043986 ], [ 739751.060190971242264, 5864275.307494116947055 ], [ 739777.034921243670397, 5864284.196130313910544 ], [ 739804.855577960726805, 5864296.341709711588919 ], [ 739826.251533505856059, 5864306.262161260470748 ], [ 739861.000218576751649, 5864324.404342480003834 ], [ 739891.53158750908915, 5864343.414711499586701 ] ], [ [ 735102.422836285899393, 5865277.141480046324432 ], [ 735107.198077614884824, 5865286.541690364480019 ], [ 735112.715526521322317, 5865298.463621055707335 ], [ 735118.955109516740777, 5865318.20972806122154 ], [ 735124.657929944456555, 5865337.950133679434657 ], [ 735127.802800193312578, 5865345.533861651085317 ], [ 735133.057646815665066, 5865356.640835023485124 ], [ 735140.733845481532626, 5865367.776623358950019 ], [ 735156.366130192531273, 5865388.701883962377906 ] ] ] } },
{ "type": "Feature", "properties": { "CADRE_NO": "10.064", "DDT_URL": null, "ETC_NOM": "Transports publics de la région lausannoise", "ETC_SIGLE": "TL", "ETC_URL": "https://www.t-l.ch", "GO_CENTRE": 0, "HORAIR_URL": "https://www.tableaux-horaires.ch/fileadmin/fap_pdf_fields/2025/10.064.pdf", "LIGNE_NO": "64", "LIGNE_NOM": "Epalinges - Montblesson - Lausanne", "LIGNE_SIGL": null, "LIGNE_TYPE": "Bus urbain", "PLAN_URL": "https://prestations.vd.ch/pub/101587/api/download/2_Cartographie_et_geodonnees/2.1_Carte_des_reseaux/Carte_des_lignes_TP/topo/ligne_10.064.pdf", "SHAPE_LEN": 8681.346 }, "geometry": { "type": "MultiLineString", "coordinates": [ [ [ 742271.443721533869393, 5868052.44144453946501 ], [ 742267.985882310313173, 5868048.363947849720716 ], [ 742257.867510651121847, 5868038.826148395426571 ], [ 742247.988292230758816, 5868031.985787296667695 ], [ 742241.430172244552523, 5868028.958029471337795 ], [ 742237.288966092281044, 5868026.485585698857903 ], [ 742226.044719182886183, 5868021.792444778606296 ], [ 742215.311001615016721, 5868019.797954276204109 ], [ 742202.683485814603046, 5868019.403820310719311 ], [ 742189.498787829768844, 5868020.620332618243992 ], [ 742174.679354977211915, 5868024.249292049556971 ], [ 742162.804043810698204, 5868028.986239423044026 ], [ 742132.764211365021765, 5868042.627617097459733 ], [ 742128.513006191584282, 5868044.557016051374376 ], [ 742110.333251545554958, 5868052.05476254876703 ], [ 742094.817751153372228, 5868056.794934597797692 ], [ 742080.993312632897869, 5868059.594929045066237 ], [ 742069.97453440760728, 5868060.462871171534061 ], [ 742058.547402521362528, 5868060.349769921042025 ], [ 742048.378350575338118, 5868059.969552745111287 ], [ 742030.27732403180562, 5868056.799685457721353 ], [ 741962.54357592551969, 5868044.301540406420827 ], [ 741907.456468008109368, 5868034.106487673707306 ], [ 741866.598809350980446, 5868026.860915640369058 ], [ 741820.712156867957674, 5868018.586803482845426 ], [ 741808.909930657129735, 5868016.04248190112412 ], [ 741790.936084869783372, 5868012.356509763747454 ], [ 741777.81008258915972, 5868007.913471951149404 ], [ 741766.571450560819358, 5868002.678165143355727 ], [ 741755.354113203240559, 5867995.286711868830025 ], [ 741748.152362887980416, 5867989.552764139138162 ], [ 741738.835965030011721, 5867980.290289926342666 ], [ 741730.86076980875805, 5867971.310502018779516 ], [ 741722.913392509450205, 5867959.368029687553644 ], [ 741716.061494683497585, 5867945.548022064380348 ], [ 741704.202520788297988, 5867921.428057571873069 ], [ 741696.795094477827661, 5867909.489538736641407 ], [ 741688.566041955142282, 5867898.891109601594508 ], [ 741677.920501548447646, 5867887.997846795246005 ], [ 741665.143152133910917, 5867875.467240835539997 ], [ 741657.612845645402558, 5867866.573449838906527 ], [ 741656.818822223576717, 5867867.174155822955072 ], [ 741656.01425351400394, 5867867.667013954371214 ], [ 741655.232546287006699, 5867868.049444445408881 ], [ 741654.351151044946164, 5867868.385747944936156 ], [ 741653.441580199054442, 5867868.635867989622056 ], [ 741652.51256984367501, 5867868.796979459933937 ], [ 741651.572841689689085, 5867868.867713115178049 ], [ 741650.692039759014733, 5867868.850217532366514 ], [ 741649.75692605227232, 5867868.747734524309635 ], [ 741648.832891649683006, 5867868.552178494632244 ], [ 741647.864963011350483, 5867868.245530872605741 ], [ 741647.062847143504769, 5867867.902676625177264 ], [ 741646.234194128657691, 5867867.454727398231626 ], [ 741645.44988337950781, 5867866.92568392958492 ], [ 741644.722875138395466, 5867866.325867025181651 ], [ 741644.054591850494035, 5867865.658202862367034 ], [ 741643.452217657119036, 5867864.930042834021151 ], [ 741642.922951079905033, 5867864.147282504476607 ], [ 741642.441245754715055, 5867863.251428418792784 ], [ 741642.102333151851781, 5867862.445809712633491 ], [ 741641.799904409796, 5867861.473115680739284 ], [ 741641.569349829573184, 5867860.276914961636066 ], [ 741629.556647861842066, 5867860.551997835747898 ], [ 741616.50533354585059, 5867860.0363230984658 ], [ 741605.085185981472023, 5867859.536859697662294 ], [ 741591.261402489966713, 5867859.496847624890506 ], [ 741580.269557134597562, 5867860.156210012733936 ], [ 741571.905208908603527, 5867861.054287421517074 ], [ 741564.508491396903992, 5867861.848422934301198 ], [ 741554.737272525555454, 5867863.67741296812892 ], [ 741550.167703882791102, 5867867.561621969565749 ], [ 741540.421895443811081, 5867875.035711419768631 ] ], [ [ 741645.649253107141703, 5867851.010843873023987 ], [ 741646.049950064509176, 5867850.704704667441547 ], [ 741646.862951696501113, 5867850.23959596734494 ], [ 741647.723095141584054, 5867849.850667186081409 ], [ 741648.687064044177532, 5867849.529746135696769 ], [ 741649.536586608504876, 5867849.334357304498553 ], [ 741650.469588925130665, 5867849.209685795940459 ], [ 741651.413337725913152, 5867849.17248004116118 ], [ 741652.425752082024701, 5867849.236419876106083 ], [ 741653.357457791804336, 5867849.389827904291451 ], [ 741654.26796900248155, 5867849.631840022280812 ], [ 741655.08792961423751, 5867849.931190876290202 ], [ 741656.455423981882632, 5867850.633470010943711 ], [ 741657.278528285096399, 5867851.202208844944835 ], [ 741657.946396017447114, 5867851.765035971067846 ], [ 741658.657640294986777, 5867852.491364569403231 ], [ 741659.248318876256235, 5867853.228142115287483 ], [ 741659.76590461761225, 5867854.018064236268401 ], [ 741660.174836414866149, 5867854.787978143431246 ], [ 741660.537730541196652, 5867855.663721128366888 ], [ 741660.816181001486257, 5867856.566288172267377 ], [ 741661.018233350710943, 5867857.56273458711803 ], [ 741661.109764945926145, 5867858.434323410503566 ], [ 741661.11857566004619, 5867859.452144186012447 ], [ 741661.030902998405509, 5867860.393294458277524 ], [ 741660.871489512035623, 5867861.250740291550756 ], [ 741660.612846735515632, 5867862.162526909261942 ], [ 741660.270321120158769, 5867863.044359771534801 ], [ 741659.845435785595328, 5867863.88897408824414 ], [ 741659.341208226396702, 5867864.684751951135695 ], [ 741658.761977691552602, 5867865.433192471973598 ], [ 741657.612845645402558, 5867866.573449838906527 ] ], [ [ 741525.432362905354239, 5867855.518912725150585 ], [ 741540.125397289171815, 5867874.63818636815995 ], [ 741540.421895443811081, 5867875.035711419768631 ] ] ] } },
{ "type": "Feature", "properties": { "CADRE_NO": "10.069", "DDT_URL": null, "ETC_NOM": "Transports publics de la région lausannoise", "ETC_SIGLE": "TL", "ETC_URL": "https://www.t-l.ch", "GO_CENTRE": 0, "HORAIR_URL": "https://www.tableaux-horaires.ch/fileadmin/fap_pdf_fields/2025/10.069.pdf", "LIGNE_NO": "69", "LIGNE_NOM": "Lutry port - Croix/Lutry - Landar", "LIGNE_SIGL": null, "LIGNE_TYPE": "Bus urbain", "PLAN_URL": "https://prestations.vd.ch/pub/101587/api/download/2_Cartographie_et_geodonnees/2.1_Carte_des_reseaux/Carte_des_lignes_TP/topo/ligne_10.069.pdf", "SHAPE_LEN": 4885.975 }, "geometry": { "type": "MultiLineString", "coordinates": [ [ [ 745788.834180269157514, 5863875.147326321341097 ], [ 745780.853793974965811, 5863875.316245960071683 ] ] ] } },
{ "type": "Feature", "properties": { "CADRE_NO": "10.362", "DDT_URL": null, "ETC_NOM": "CarPostal", "ETC_SIGLE": "CarPostal", "ETC_URL": "https://www.postauto.ch/fr", "GO_CENTRE": 0, "HORAIR_URL": "https://www.tableaux-horaires.ch/fileadmin/fap_pdf_fields/2025/10.362.pdf", "LIGNE_NO": "362", "LIGNE_NOM": "Moudon - Mézières VD - Epalinges Croisettes", "LIGNE_SIGL": null, "LIGNE_TYPE": "Bus régional", "PLAN_URL": "https://prestations.vd.ch/pub/101587/api/download/2_Cartographie_et_geodonnees/2.1_Carte_des_reseaux/Carte_des_lignes_TP/topo/ligne_10.362.pdf", "SHAPE_LEN": 36552.551 }, "geometry": { "type": "MultiLineString", "coordinates": [ [ [ 739956.919443473685533, 5866304.223786685615778 ], [ 739956.91486967401579, 5866304.389693587087095 ], [ 739959.383094151155092, 5866310.592843216843903 ], [ 739959.602035045274533, 5866320.98025812767446 ], [ 739959.768656142405234, 5866335.696511647664011 ], [ 739962.78102912614122, 5866357.025949823670089 ], [ 739966.091527751530521, 5866375.123801335692406 ], [ 739974.128234180039726, 5866404.323083749040961 ], [ 739985.562633743975312, 5866443.263855033554137 ], [ 739997.512083955574781, 5866484.098123204894364 ], [ 740014.658596180845052, 5866543.049857224337757 ], [ 740022.462459220550954, 5866568.743239863775671 ], [ 740028.502590532065369, 5866582.823553984984756 ], [ 740036.634676371118985, 5866602.588060460053384 ], [ 740046.123983955476433, 5866621.019752449356019 ], [ 740066.207979220198467, 5866655.195382503792644 ], [ 740070.964259529020637, 5866663.333368762396276 ], [ 740084.220189024810679, 5866681.26173285022378 ], [ 740103.059701017802581, 5866705.449784298427403 ], [ 740129.884058226831257, 5866737.536322600208223 ], [ 740142.623744029086083, 5866753.574254999868572 ], [ 740139.139047351432964, 5866755.636808743700385 ] ], [ [ 738189.545567657682113, 5864601.634346948936582 ], [ 738173.382726120413281, 5864605.510406015440822 ], [ 738159.366980719380081, 5864609.679366540163755 ], [ 738147.516438322491013, 5864612.521506059914827 ], [ 738136.21502901695203, 5864614.023018109612167 ], [ 738114.991580987232737, 5864613.534087638370693 ], [ 738085.975263305590488, 5864613.233673031441867 ], [ 738053.739678999176249, 5864612.358385900035501 ], [ 738041.945780048961751, 5864609.271448911167681 ], [ 738010.951803086907603, 5864592.506593679077923 ], [ 738004.538211345323361, 5864588.936853442341089 ], [ 737998.120544769335538, 5864585.904128666035831 ], [ 737992.293812244897708, 5864577.757255739532411 ], [ 737961.774773030541837, 5864514.635552787221968 ], [ 737938.323310583713464, 5864469.64501045551151 ], [ 737928.598730577738024, 5864448.517557049170136 ], [ 737908.057216495275497, 5864460.164740571752191 ], [ 737804.03756772656925, 5864515.421812072396278 ], [ 737672.74397814553231, 5864583.603982576169074 ] ], [ [ 737858.808543549734168, 5863672.695888126268983 ], [ 737858.875454170862213, 5863673.662901584059 ], [ 737858.768573202542029, 5863674.601915628649294 ], [ 737858.495213204645552, 5863675.507184925489128 ], [ 737858.06297193816863, 5863676.345316427759826 ], [ 737857.486594684887677, 5863677.093178380280733 ], [ 737856.846580268233083, 5863677.681751985102892 ], [ 737856.050705651054159, 5863678.19157661870122 ], [ 737855.111175376689062, 5863678.564566915854812 ], [ 737854.318843123153783, 5863678.730977318249643 ], [ 737853.304497437085956, 5863678.762650427408516 ], [ 737852.374707518960349, 5863678.61328871268779 ], [ 737851.364519962458871, 5863678.241886570118368 ], [ 737850.551458063186146, 5863677.745919761247933 ], [ 737849.898808595375158, 5863677.168666214682162 ], [ 737849.268733179429546, 5863676.371896716766059 ], [ 737848.861781993531622, 5863675.602183876559138 ], [ 737848.554102007998154, 5863674.631215078756213 ], [ 737848.461586129968055, 5863673.052709762006998 ], [ 737848.615629610372707, 5863672.182584729976952 ], [ 737848.939578386954963, 5863671.295304887928069 ], [ 737849.417981533915736, 5863670.482393657788634 ], [ 737850.087372078443877, 5863669.718034883961082 ], [ 737850.768985919421539, 5863669.175008457154036 ], [ 737851.663149711093865, 5863668.699677138589323 ], [ 737852.49131419241894, 5863668.434678870253265 ], [ 737853.496525829890743, 5863668.303950760513544 ], [ 737854.438894481514581, 5863668.358848359435797 ], [ 737855.353382645873353, 5863668.585181666538119 ], [ 737856.212550693424419, 5863668.971023457124829 ], [ 737856.931418749154545, 5863669.457279598340392 ], [ 737857.65521287242882, 5863670.169158183038235 ], [ 737858.158483915613033, 5863670.883113381452858 ], [ 737858.584166844375432, 5863671.805826248601079 ], [ 737858.808543549734168, 5863672.695888126268983 ], [ 737876.162785838940181, 5863668.347136212512851 ], [ 737873.878282252349891, 5863657.909313724376261 ], [ 737970.804967077914625, 5863638.162300880998373 ], [ 737989.357659339206293, 5863636.739263834431767 ], [ 738060.969561844947748, 5863622.654789180494845 ], [ 738061.710942223900929, 5863628.001931821927428 ], [ 738077.617573865689337, 5863625.452555951662362 ], [ 738077.45553295512218, 5863624.564605548977852 ], [ 738077.429751809453592, 5863623.545634856447577 ], [ 738077.540196571266279, 5863622.680880561470985 ], [ 738077.796171115129255, 5863621.771064151078463 ], [ 738078.224875649320893, 5863620.851394273340702 ], [ 738078.750851936172694, 5863620.065163224004209 ], [ 738079.339153067790903, 5863619.425106649287045 ], [ 738080.133410993148573, 5863618.78863819129765 ], [ 738080.952011092798784, 5863618.324146011844277 ], [ 738081.834536311449483, 5863617.991291857324541 ], [ 738082.685058650095016, 5863617.808001083321869 ], [ 738083.622804112266749, 5863617.747857805341482 ], [ 738084.560502825188451, 5863617.833242940716445 ], [ 738085.545826891670004, 5863618.083568903617561 ], [ 738086.344513066462241, 5863618.426555998623371 ], [ 738087.107114540296607, 5863618.892869032919407 ], [ 738087.811873747734353, 5863619.482282754033804 ], [ 738088.479994344525039, 5863620.248862493783236 ], [ 738088.943863147171214, 5863620.987132070586085 ], [ 738089.326636667479761, 5863621.852627547457814 ], [ 738089.582003484363668, 5863622.834682405926287 ], [ 738089.668778716702946, 5863624.12933452706784 ], [ 738089.558902316959575, 5863625.079957162961364 ], [ 738089.307295392034575, 5863625.988364176824689 ], [ 738088.953825268778019, 5863626.786569678224623 ], [ 738088.403952672728337, 5863627.639497915282845 ], [ 738087.772928168065846, 5863628.34314614161849 ], [ 738087.044347022660077, 5863628.941003179177642 ], [ 738086.298466279869899, 5863629.387330712750554 ], [ 738085.425824136007577, 5863629.746483357623219 ], [ 738084.451543381437659, 5863629.973607167601585 ], [ 738083.583346130559221, 5863630.041747284121811 ], [ 738082.574496370507404, 5863629.96290160343051 ], [ 738081.657060434226878, 5863629.74092854373157 ], [ 738080.786012726020999, 5863629.381183032877743 ], [ 738080.039156635175459, 5863628.935406029224396 ], [ 738079.258134194067679, 5863628.285534326918423 ], [ 738078.637311547528952, 5863627.57474406901747 ], [ 738078.167596314684488, 5863626.840778708457947 ], [ 738077.617573865689337, 5863625.452555951662362 ] ], [ [ 738061.710942223900929, 5863628.001931821927428 ], [ 738063.240552291506901, 5863636.963457541540265 ], [ 737991.899683716823347, 5863650.778644155710936 ], [ 737987.378315241425298, 5863651.588944528251886 ], [ 737962.023189842002466, 5863656.131456103175879 ], [ 737947.771093812421896, 5863657.329810546711087 ], [ 737945.103660661843605, 5863657.859525205567479 ], [ 737876.693995386827737, 5863671.416053901426494 ], [ 737876.162785838940181, 5863668.347136212512851 ] ], [ [ 737851.364519962458871, 5863678.241886570118368 ], [ 737842.354004071909003, 5863692.622764281928539 ], [ 737833.398014020291157, 5863701.15389798860997 ], [ 737822.83892007288523, 5863709.131374717690051 ], [ 737811.745784411556087, 5863716.563380431383848 ], [ 737733.065932804369368, 5863764.261510545387864 ], [ 737601.702203673077747, 5863840.252516460604966 ], [ 737531.940288947778754, 5863882.923944118432701 ], [ 737466.767866601119749, 5863923.483151066116989 ], [ 737448.351213085697964, 5863934.810152303427458 ], [ 737384.023953817784786, 5863974.373608303256333 ], [ 737361.583333802642301, 5863987.88518862426281 ], [ 737313.713381760055199, 5864017.844500277191401 ], [ 737279.919934071600437, 5864037.70644140150398 ], [ 737233.13977107219398, 5864066.327746625989676 ], [ 737226.356386866304092, 5864072.727394659072161 ], [ 737221.458568849484436, 5864078.605357986874878 ], [ 737218.439336904441006, 5864084.773661356419325 ], [ 737216.482329874997959, 5864092.031502533704042 ], [ 737216.384353280300274, 5864101.462734866887331 ], [ 737217.088714106590487, 5864111.445219755172729 ], [ 737219.386449058772996, 5864123.059840110130608 ], [ 737251.464249969343655, 5864190.780712622217834 ], [ 737257.421660933177918, 5864204.274738907814026 ], [ 737283.75202379852999, 5864263.897879312746227 ], [ 737295.342575468006544, 5864290.140483381226659 ], [ 737304.055493480409496, 5864309.332214375957847 ], [ 737431.411772867897525, 5864571.954328184947371 ], [ 737447.511231879587285, 5864606.144868165254593 ], [ 737467.152708917390555, 5864647.857873423025012 ], [ 737469.615298843709752, 5864654.529186446219683 ], [ 737482.009619802702218, 5864652.162281137891114 ], [ 737515.196619331021793, 5864643.69244418758899 ], [ 737583.39130202436354, 5864623.378704746253788 ], [ 737614.940212112152949, 5864612.654425251297653 ], [ 737618.448711848934181, 5864611.072479015216231 ], [ 737672.74397814553231, 5864583.603982576169074 ] ], [ [ 738189.545567657682113, 5864601.634346948936582 ], [ 738213.553883835556917, 5864592.4469412881881 ], [ 738234.885248543694615, 5864582.425487173721194 ], [ 738244.85434479417745, 5864579.83304931037128 ], [ 738254.509312088484876, 5864581.551303446292877 ], [ 738262.007552440511063, 5864584.055032534524798 ], [ 738268.411501250113361, 5864588.432254972867668 ], [ 738273.979853005264886, 5864595.769960189238191 ], [ 738279.502521086134948, 5864607.41679129190743 ], [ 738288.957000689697452, 5864628.809236236847937 ], [ 738290.041681840433739, 5864631.264154647476971 ], [ 738298.410060878959484, 5864650.203163161873817 ], [ 738309.192681099753827, 5864672.957168764434755 ], [ 738322.309314579819329, 5864704.095534466207027 ], [ 738340.675005995901302, 5864747.413754128850996 ], [ 738356.652817500988021, 5864787.474866680800915 ], [ 738378.989532872568816, 5864836.766985541209579 ], [ 738389.31189887446817, 5864852.239149023778737 ], [ 738403.112366209621541, 5864869.093550324440002 ], [ 738416.132453494006768, 5864883.245782335288823 ], [ 738427.574123230180703, 5864894.416880371049047 ], [ 738439.555220738286152, 5864905.053549817763269 ], [ 738452.36241883749608, 5864914.081670340150595 ], [ 738463.830355557496659, 5864922.555978961288929 ], [ 738480.392365097184666, 5864932.161329994909465 ], [ 738497.222636530990712, 5864941.501611302606761 ], [ 738518.339418974006549, 5864952.769473600201309 ] ], [ [ 739045.33833641523961, 5864422.725903641432524 ], [ 739028.112506037927233, 5864422.924912022426724 ], [ 739007.94939652539324, 5864424.0645487671718 ], [ 739006.069206340238452, 5864423.776025542989373 ], [ 738994.213676504325122, 5864427.160618803463876 ], [ 738983.145352872321382, 5864432.167331509292126 ], [ 738974.488446083734743, 5864438.007972943596542 ], [ 738964.981020903214812, 5864448.153769012540579 ], [ 738960.330539433169179, 5864456.193885762244463 ], [ 738955.392461093026213, 5864466.117293361574411 ], [ 738953.140989279258065, 5864476.066806354559958 ], [ 738951.961686530848965, 5864486.298035988584161 ], [ 738952.142161420662887, 5864494.926235965453088 ], [ 738952.575982582871802, 5864505.17403070256114 ], [ 738955.136264243395999, 5864517.599146594293416 ], [ 738958.487922401749529, 5864531.381586693227291 ], [ 738968.922795917838812, 5864562.218786465935409 ], [ 738972.548525143647566, 5864575.733387622982264 ], [ 738974.815608573728241, 5864590.312565753236413 ], [ 738976.797997726476751, 5864606.776569234207273 ], [ 738976.635981127386913, 5864622.680099375545979 ], [ 738974.617181502631865, 5864636.135463742539287 ], [ 738972.557316240156069, 5864653.905863726511598 ], [ 738967.572463527321815, 5864668.410815387964249 ], [ 738952.359080610796809, 5864711.118268752470613 ], [ 738930.070887877023779, 5864776.348174260929227 ], [ 738920.784075042349286, 5864803.524274006485939 ], [ 738919.249957042979077, 5864807.42233366239816 ], [ 738889.778145209071226, 5864892.70286111254245 ], [ 738882.612958931247704, 5864910.421364448964596 ], [ 738874.98909265070688, 5864920.048407637514174 ], [ 738867.131290613790043, 5864926.43601029086858 ], [ 738851.956573691451922, 5864938.951859548687935 ], [ 738839.241303651127964, 5864947.177372484467924 ], [ 738827.897057661437429, 5864952.989165152423084 ], [ 738810.880454974365421, 5864961.442656316794455 ], [ 738795.772961567272432, 5864967.217216890305281 ], [ 738784.731482339673676, 5864969.800840127281845 ], [ 738763.901119369082153, 5864973.213927554897964 ], [ 738747.681818356388249, 5864974.905916017480195 ], [ 738738.823925368487835, 5864975.640138034708798 ], [ 738653.14632342918776, 5864977.908688601106405 ], [ 738637.333452460356057, 5864978.728435279801488 ], [ 738627.533857310307212, 5864979.468863440677524 ], [ 738622.498343549203128, 5864979.277303569950163 ], [ 738608.093377354322001, 5864978.766594249755144 ], [ 738588.77399090770632, 5864975.872069601900876 ], [ 738582.207553569227457, 5864974.286351106129587 ], [ 738568.93861520756036, 5864971.084388390183449 ], [ 738544.811565847485326, 5864965.44464258197695 ], [ 738518.339418974006549, 5864952.769473600201309 ] ], [ [ 739045.33833641523961, 5864422.725903641432524 ], [ 739052.835456694592722, 5864422.63969889562577 ], [ 739062.504139134427533, 5864423.007990761660039 ], [ 739099.568680080235936, 5864424.463109699077904 ], [ 739106.029171114554629, 5864423.453696363605559 ], [ 739113.850732208113186, 5864420.567619706504047 ], [ 739121.692921394249424, 5864415.795523665845394 ], [ 739129.837643289240077, 5864407.523326417431235 ], [ 739161.705917917424813, 5864365.259627772495151 ], [ 739170.962394626694731, 5864353.223481794819236 ], [ 739185.065646215691231, 5864345.208727968856692 ], [ 739193.039853635476902, 5864341.996701355092227 ], [ 739200.893060768838041, 5864340.269402015954256 ], [ 739209.153963934397325, 5864339.824112499132752 ], [ 739217.932893329416402, 5864341.082572281360626 ], [ 739226.483117238036357, 5864343.718411662615836 ], [ 739233.434087152476422, 5864347.403253195807338 ], [ 739239.842664067051373, 5864352.354573779739439 ], [ 739245.494148102705367, 5864358.999528185464442 ], [ 739249.868056776816957, 5864366.161195404827595 ], [ 739252.769150619278662, 5864372.350151360966265 ], [ 739254.610549149452709, 5864378.743681183084846 ], [ 739256.316582463332452, 5864387.895298385992646 ], [ 739258.313015091232955, 5864420.738285755738616 ], [ 739259.858374087838456, 5864449.284734803251922 ], [ 739262.075920604751445, 5864488.929984425194561 ], [ 739263.822537079453468, 5864515.232971964403987 ], [ 739264.393259021569975, 5864522.607680796645582 ], [ 739266.22033822350204, 5864546.131697311066091 ], [ 739267.971077147871256, 5864574.031520611606538 ], [ 739269.233094819355756, 5864596.625688595697284 ], [ 739268.686126711661927, 5864610.62881254311651 ], [ 739267.646163254627027, 5864619.460059816017747 ], [ 739266.076149586355314, 5864627.197218965739012 ], [ 739263.546289976220578, 5864635.874988227151334 ], [ 739260.753409848315641, 5864643.73647659085691 ], [ 739257.135867446428165, 5864653.084299038164318 ], [ 739251.858814642648213, 5864665.407595627009869 ], [ 739243.542498871218413, 5864683.277175959199667 ], [ 739236.198312688153237, 5864698.70862781163305 ], [ 739233.840737067395821, 5864703.989703604951501 ], [ 739229.541392855695449, 5864713.46596756298095 ], [ 739226.745753711205907, 5864721.736473752185702 ], [ 739225.196367593831383, 5864727.295086059719324 ], [ 739224.314814955112524, 5864733.952133837155998 ], [ 739223.978690505842678, 5864740.475037672556937 ], [ 739224.300505658728071, 5864748.642082170583308 ], [ 739225.038488523801789, 5864756.402944879606366 ], [ 739227.111934802378528, 5864765.810513673350215 ], [ 739230.500274511985481, 5864779.175884132273495 ], [ 739241.442088354029693, 5864823.220051730051637 ], [ 739250.682233385276049, 5864861.398857632651925 ], [ 739258.610135162249207, 5864895.078558306209743 ], [ 739263.481642466969788, 5864912.98878968320787 ], [ 739268.516880792332813, 5864934.351730259135365 ], [ 739271.225004294072278, 5864947.84866123367101 ], [ 739274.452564276522025, 5864964.20226394943893 ], [ 739278.402475022478029, 5864988.864071107469499 ], [ 739285.249615085194819, 5865030.697204220108688 ], [ 739285.677654250408523, 5865033.552944127470255 ], [ 739299.662838587537408, 5865121.456939923577011 ], [ 739300.745782852754928, 5865127.6904221707955 ], [ 739308.547364614554681, 5865172.573120404966176 ], [ 739309.777181328390725, 5865179.776075705885887 ], [ 739315.72551148023922, 5865211.270855634473264 ], [ 739319.053415738162585, 5865227.048098913393915 ], [ 739323.088363560847938, 5865244.069812814705074 ], [ 739329.867961021722294, 5865268.149940234608948 ], [ 739338.356072977650911, 5865296.305687983520329 ], [ 739345.921209399821237, 5865319.335767284967005 ], [ 739349.80906709341798, 5865330.699794722720981 ], [ 739353.301249846699648, 5865340.305830647237599 ], [ 739359.524804110405967, 5865353.849431627430022 ], [ 739364.753513268660754, 5865364.198092170059681 ], [ 739369.289572328445502, 5865372.170010921545327 ], [ 739375.444361696252599, 5865382.627118566073477 ], [ 739381.608377644093707, 5865391.746649486012757 ], [ 739388.093283305410296, 5865399.843274706974626 ], [ 739397.63495095167309, 5865413.275242140516639 ], [ 739409.527404695982113, 5865425.971388131380081 ], [ 739423.358047973597422, 5865440.131251737475395 ], [ 739442.068299915641546, 5865457.729500917717814 ], [ 739472.481267788913101, 5865487.155877156183124 ], [ 739494.852976504480466, 5865508.720097718760371 ], [ 739519.322847827919759, 5865532.152854213491082 ], [ 739535.889801597455516, 5865548.806386020965874 ], [ 739564.036464438773692, 5865575.128121417947114 ], [ 739592.023609125637449, 5865601.601058044470847 ], [ 739607.051463746232912, 5865615.372800947166979 ], [ 739626.249904030119069, 5865633.840604614466429 ], [ 739646.017582624335773, 5865652.989605404436588 ], [ 739669.745269514736719, 5865675.569042584858835 ], [ 739695.449322623549961, 5865700.01722274068743 ], [ 739713.860687882406637, 5865717.14800826087594 ], [ 739724.805703833582811, 5865728.199839683249593 ], [ 739730.731175616732799, 5865734.420331905595958 ], [ 739734.528131831320934, 5865738.619141287170351 ], [ 739739.456226865411736, 5865745.899390270002186 ], [ 739744.68527122749947, 5865754.702389433048666 ], [ 739751.394816600019112, 5865770.069374966435134 ], [ 739872.034051314811222, 5865889.894261442124844 ] ], [ [ 740142.623758664354682, 5866753.572799342684448 ], [ 740166.400483760982752, 5866781.949728980660439 ], [ 740172.634669138584286, 5866789.466535995714366 ], [ 740200.966828170232475, 5866825.502021747641265 ], [ 740214.376407351461239, 5866843.499033637344837 ], [ 740226.413054740172811, 5866864.979067733511329 ], [ 740251.527515650144778, 5866908.903331879526377 ], [ 740287.945602870546281, 5866972.065831402316689 ], [ 740303.595087905763648, 5866999.145344867371023 ], [ 740342.710663000238128, 5867062.706741676665843 ], [ 740385.059326600516215, 5867131.562539723701775 ], [ 740391.803606478846632, 5867142.526302555575967 ], [ 740407.777635150356218, 5867167.984666930511594 ], [ 740454.349798753159121, 5867241.254109867848456 ], [ 740473.953231236897409, 5867271.405160776339471 ], [ 740477.646398111246526, 5867277.085417859256268 ], [ 740497.017117636860348, 5867302.086147776804864 ], [ 740505.249354565283284, 5867311.87701600138098 ], [ 740522.256619091378525, 5867331.462773821316659 ], [ 740538.744474662235007, 5867349.156459785066545 ], [ 740545.120440388796851, 5867356.500196157954633 ], [ 740580.84325510263443, 5867385.982414583675563 ], [ 740600.603061260771938, 5867399.124369652941823 ], [ 740624.128198914695531, 5867411.766959117725492 ], [ 740644.190407020971179, 5867421.673942285589874 ], [ 740658.261385103571229, 5867426.825298301875591 ], [ 740684.4903364648344, 5867436.427344346418977 ], [ 740691.076874400954694, 5867438.837603132240474 ], [ 740722.913503409130499, 5867450.491995854303241 ], [ 740780.281088486895896, 5867467.26265172380954 ], [ 740787.779834636603482, 5867470.034341552294791 ], [ 740820.740628163330257, 5867479.298888878896832 ], [ 740861.525291912956163, 5867491.779361426830292 ], [ 740920.172390927677043, 5867509.384608251973987 ], [ 740943.706948631792329, 5867516.495502138510346 ], [ 740953.4029285433935, 5867519.425951250828803 ], [ 740975.954738233587705, 5867525.980939051136374 ], [ 740981.807352068484761, 5867528.070619633421302 ], [ 741002.981437047361396, 5867533.944918808527291 ], [ 741054.982322139665484, 5867548.757231065072119 ], [ 741120.731330946204253, 5867568.416787466965616 ], [ 741161.96244266058784, 5867580.744651014916599 ], [ 741185.227861603954807, 5867587.812943098135293 ], [ 741265.598115407396108, 5867614.772176431491971 ], [ 741280.582793634035625, 5867621.662878851406276 ], [ 741304.915388977271505, 5867634.849240250885487 ], [ 741326.280858174432069, 5867648.544635524973273 ], [ 741353.749673649552278, 5867670.390184064395726 ], [ 741373.723608677857555, 5867689.196596726775169 ], [ 741395.044783553224988, 5867711.33894238434732 ], [ 741444.309639178565703, 5867761.366482355631888 ], [ 741473.707744880230166, 5867793.931104969233274 ], [ 741481.082445697276853, 5867802.098357978276908 ], [ 741508.763347940868698, 5867833.836373180150986 ], [ 741522.318670247215778, 5867851.46647385135293 ], [ 741525.432362905354239, 5867855.518912725150585 ], [ 741540.125397289171815, 5867874.63818636815995 ], [ 741540.421895443811081, 5867875.035711419768631 ] ], [ [ 741645.649253107141703, 5867851.010843873023987 ], [ 741646.049950064509176, 5867850.704704667441547 ], [ 741646.862951696501113, 5867850.23959596734494 ], [ 741647.723095141584054, 5867849.850667186081409 ], [ 741648.687064044177532, 5867849.529746135696769 ], [ 741649.536586608504876, 5867849.334357304498553 ], [ 741650.469588925130665, 5867849.209685795940459 ], [ 741651.413337725913152, 5867849.17248004116118 ], [ 741652.425752082024701, 5867849.236419876106083 ], [ 741653.357457791804336, 5867849.389827904291451 ], [ 741654.26796900248155, 5867849.631840022280812 ], [ 741655.08792961423751, 5867849.931190876290202 ], [ 741656.455423981882632, 5867850.633470010943711 ], [ 741657.278528285096399, 5867851.202208844944835 ], [ 741657.946396017447114, 5867851.765035971067846 ], [ 741658.657640294986777, 5867852.491364569403231 ], [ 741659.248318876256235, 5867853.228142115287483 ], [ 741659.76590461761225, 5867854.018064236268401 ], [ 741660.174836414866149, 5867854.787978143431246 ], [ 741660.537730541196652, 5867855.663721128366888 ], [ 741660.816181001486257, 5867856.566288172267377 ], [ 741661.018233350710943, 5867857.56273458711803 ], [ 741661.109764945926145, 5867858.434323410503566 ], [ 741661.11857566004619, 5867859.452144186012447 ], [ 741661.030902998405509, 5867860.393294458277524 ], [ 741660.871489512035623, 5867861.250740291550756 ], [ 741660.612846735515632, 5867862.162526909261942 ], [ 741660.270321120158769, 5867863.044359771534801 ], [ 741659.845435785595328, 5867863.88897408824414 ], [ 741659.341208226396702, 5867864.684751951135695 ], [ 741658.761977691552602, 5867865.433192471973598 ], [ 741657.612845645402558, 5867866.573449838906527 ], [ 741656.818822223576717, 5867867.174155822955072 ], [ 741656.01425351400394, 5867867.667013954371214 ], [ 741655.232546287006699, 5867868.049444445408881 ], [ 741654.351151044946164, 5867868.385747944936156 ], [ 741653.441580199054442, 5867868.635867989622056 ], [ 741652.51256984367501, 5867868.796979459933937 ], [ 741651.572841689689085, 5867868.867713115178049 ], [ 741650.692039759014733, 5867868.850217532366514 ], [ 741649.75692605227232, 5867868.747734524309635 ], [ 741648.832891649683006, 5867868.552178494632244 ], [ 741647.864963011350483, 5867868.245530872605741 ], [ 741647.062847143504769, 5867867.902676625177264 ], [ 741646.234194128657691, 5867867.454727398231626 ], [ 741645.44988337950781, 5867866.92568392958492 ], [ 741644.722875138395466, 5867866.325867025181651 ], [ 741644.054591850494035, 5867865.658202862367034 ], [ 741643.452217657119036, 5867864.930042834021151 ], [ 741642.922951079905033, 5867864.147282504476607 ], [ 741642.441245754715055, 5867863.251428418792784 ], [ 741642.102333151851781, 5867862.445809712633491 ], [ 741641.799904409796, 5867861.473115680739284 ], [ 741641.569349829573184, 5867860.276914961636066 ], [ 741629.556647861842066, 5867860.551997835747898 ], [ 741616.50533354585059, 5867860.0363230984658 ], [ 741605.085185981472023, 5867859.536859697662294 ], [ 741591.261402489966713, 5867859.496847624890506 ], [ 741580.269557134597562, 5867860.156210012733936 ], [ 741571.905208908603527, 5867861.054287421517074 ], [ 741564.508491396903992, 5867861.848422934301198 ], [ 741554.737272525555454, 5867863.67741296812892 ], [ 741550.167703882791102, 5867867.561621969565749 ], [ 741540.421895443811081, 5867875.035711419768631 ] ] ] } },
{ "type": "Feature", "properties": { "CADRE_NO": "10.056", "DDT_URL": null, "ETC_NOM": "Transports publics de la région lausannoise", "ETC_SIGLE": "TL", "ETC_URL": "https://www.t-l.ch", "GO_CENTRE": 0, "HORAIR_URL": "https://www.tableaux-horaires.ch/fileadmin/fap_pdf_fields/2025/10.056.pdf", "LIGNE_NO": "56", "LIGNE_NOM": "Bussigny - Mex VD - Vufflens-la-Ville", "LIGNE_SIGL": null, "LIGNE_TYPE": "Bus régional", "PLAN_URL": "https://prestations.vd.ch/pub/101587/api/download/2_Cartographie_et_geodonnees/2.1_Carte_des_reseaux/Carte_des_lignes_TP/topo/ligne_10.056.pdf", "SHAPE_LEN": 7817.935 }, "geometry": { "type": "MultiLineString", "coordinates": [ ] } },
{ "type": "Feature", "properties": { "CADRE_NO": "10.018", "DDT_URL": null, "ETC_NOM": "Transports publics de la région lausannoise", "ETC_SIGLE": "TL", "ETC_URL": "https://www.t-l.ch", "GO_CENTRE": 0, "HORAIR_URL": "https://www.tableaux-horaires.ch/fileadmin/fap_pdf_fields/2025/10.018.pdf", "LIGNE_NO": "18", "LIGNE_NOM": "Lausanne Clochatte - Prilly - Renens VD - Crissier", "LIGNE_SIGL": null, "LIGNE_TYPE": "Bus urbain", "PLAN_URL": "https://prestations.vd.ch/pub/101587/api/download/2_Cartographie_et_geodonnees/2.1_Carte_des_reseaux/Carte_des_lignes_TP/topo/ligne_10.018.pdf", "SHAPE_LEN": 10630.516 }, "geometry": { "type": "MultiLineString", "coordinates": [ [ [ 732403.558984557515942, 5868969.889840827323496 ], [ 732413.192453993484378, 5868949.498655362054706 ] ], [ [ 738422.988774862140417, 5866652.419513866305351 ], [ 738424.660720315994695, 5866672.927038953639567 ], [ 738427.104803879512474, 5866696.680270608514547 ], [ 738431.156900182599202, 5866720.990255190059543 ], [ 738437.856225426308811, 5866749.098148186691105 ], [ 738458.401540407910943, 5866842.333658793009818 ], [ 738466.528197257081047, 5866888.794244437478483 ], [ 738472.343622324522585, 5866924.444945055060089 ], [ 738475.554731394979171, 5866952.249614440836012 ], [ 738477.727667362778448, 5866976.002242877148092 ], [ 738478.802154323668219, 5867002.435473212972283 ], [ 738479.027403830783442, 5867016.996291263028979 ], [ 738479.288566687959246, 5867033.717990006320179 ], [ 738478.285667535383254, 5867052.852145232260227 ], [ 738473.827907476224937, 5867094.599562899209559 ], [ 738472.953347923699766, 5867101.063317844644189 ], [ 738470.376942325732671, 5867116.40633040945977 ], [ 738466.393282021512277, 5867137.936866010539234 ] ], [ [ 734572.5510168466717, 5865677.644243151880801 ], [ 734598.184869703953154, 5865665.392797715961933 ], [ 734624.412236162344925, 5865652.858005747199059 ], [ 734681.938463682308793, 5865626.248829118907452 ], [ 734758.89166994462721, 5865592.299114649184048 ], [ 734774.012972810771316, 5865585.451192555017769 ], [ 734805.340648488490842, 5865570.957607531920075 ], [ 734853.414161217049696, 5865548.55908874515444 ], [ 734885.014263433404267, 5865533.801825535483658 ], [ 734940.101756737218238, 5865508.780892326496542 ], [ 734992.253710482618771, 5865481.841781845316291 ], [ 735075.256927744485438, 5865434.743655819445848 ], [ 735124.142026157001965, 5865408.06597148347646 ], [ 735154.94672720390372, 5865389.555693834088743 ], [ 735156.366130192531273, 5865388.701883962377906 ], [ 735174.437931955209933, 5865379.129551965743303 ], [ 735203.939558206941001, 5865362.523692824877799 ], [ 735248.553233171929605, 5865336.847906825132668 ], [ 735312.617120800889097, 5865301.407462666742504 ], [ 735407.513496232917532, 5865247.425562124699354 ], [ 735459.700966157601215, 5865216.710595141164958 ], [ 735461.194192598224618, 5865215.867728548124433 ], [ 735499.983130027074367, 5865193.955675196833909 ], [ 735536.476162106613629, 5865173.585232079029083 ], [ 735540.900886423420161, 5865171.172464022412896 ], [ 735571.884043649421073, 5865154.28315123450011 ], [ 735592.134799441555515, 5865145.063817837275565 ], [ 735627.76525110041257, 5865130.076719076372683 ], [ 735667.353103086701594, 5865121.872196394950151 ], [ 735704.489794052671641, 5865116.874207269400358 ], [ 735776.042089383001439, 5865110.087441455572844 ], [ 735836.485440712072887, 5865105.701734201051295 ], [ 735960.510344454785809, 5865098.024874478578568 ], [ 736061.649435063940473, 5865095.489465972408652 ], [ 736073.769171757390723, 5865095.185482542030513 ], [ 736124.15512614895124, 5865093.919691667892039 ], [ 736164.522782542509958, 5865092.907180847600102 ], [ 736268.282018821802922, 5865089.96187745872885 ], [ 736363.191146407742053, 5865085.031207105144858 ], [ 736457.817631505662575, 5865081.447261610999703 ], [ 736492.22885465156287, 5865080.191406541503966 ], [ 736512.399439568864182, 5865078.519027415663004 ], [ 736514.989664776483551, 5865078.068902118131518 ], [ 736525.591797898407094, 5865076.23163527995348 ], [ 736543.360943561419845, 5865072.91242350731045 ], [ 736558.994213597616181, 5865068.496502423658967 ], [ 736580.029176899814047, 5865061.168143013492227 ], [ 736605.407805429073051, 5865049.844908433035016 ], [ 736614.595239635906182, 5865044.818141923286021 ], [ 736626.51041178079322, 5865036.316618660464883 ], [ 736654.410086639341898, 5865015.045096022076905 ], [ 736715.342400182737038, 5864970.128102053888142 ], [ 736716.610700811608694, 5864969.13421818241477 ], [ 736732.305662725819275, 5864956.839991096407175 ], [ 736762.748821569373831, 5864933.426341876387596 ], [ 736851.294878111919388, 5864868.579108318313956 ], [ 736931.993172135087661, 5864809.041747940704226 ], [ 736948.780750169767998, 5864796.818493749015033 ], [ 736959.597742682206444, 5864790.191554432734847 ], [ 736978.796497316565365, 5864778.532077690586448 ], [ 736990.421481732046232, 5864771.913583811372519 ], [ 737014.198676789645106, 5864759.313767743296921 ], [ 737038.738014616072178, 5864748.75519250985235 ], [ 737097.515606539207511, 5864726.643441012129188 ], [ 737175.753823582082987, 5864697.755942118354142 ], [ 737228.674764867522754, 5864685.876697702333331 ], [ 737230.156697035068646, 5864685.676779736764729 ], [ 737262.775356628815643, 5864681.258314169943333 ], [ 737306.076894118916243, 5864676.521951463073492 ], [ 737372.047952941269614, 5864669.662699404172599 ], [ 737437.470841472852044, 5864660.669348764233291 ], [ 737469.615298843709752, 5864654.529186446219683 ], [ 737482.009619802702218, 5864652.162281137891114 ], [ 737515.196619331021793, 5864643.69244418758899 ], [ 737583.39130202436354, 5864623.378704746253788 ], [ 737614.940212112152949, 5864612.654425251297653 ], [ 737618.448711848934181, 5864611.072479015216231 ], [ 737672.74397814553231, 5864583.603982576169074 ] ], [ [ 738189.545567657682113, 5864601.634346948936582 ], [ 738173.382726120413281, 5864605.510406015440822 ], [ 738159.366980719380081, 5864609.679366540163755 ], [ 738147.516438322491013, 5864612.521506059914827 ], [ 738136.21502901695203, 5864614.023018109612167 ], [ 738114.991580987232737, 5864613.534087638370693 ], [ 738085.975263305590488, 5864613.233673031441867 ], [ 738053.739678999176249, 5864612.358385900035501 ], [ 738041.945780048961751, 5864609.271448911167681 ], [ 738010.951803086907603, 5864592.506593679077923 ], [ 738004.538211345323361, 5864588.936853442341089 ], [ 737998.120544769335538, 5864585.904128666035831 ], [ 737992.293812244897708, 5864577.757255739532411 ], [ 737961.774773030541837, 5864514.635552787221968 ], [ 737938.323310583713464, 5864469.64501045551151 ], [ 737928.598730577738024, 5864448.517557049170136 ], [ 737908.057216495275497, 5864460.164740571752191 ], [ 737804.03756772656925, 5864515.421812072396278 ], [ 737672.74397814553231, 5864583.603982576169074 ] ], [ [ 739004.167177840368822, 5867750.984757375903428 ], [ 738989.691166731761768, 5867731.067221158184111 ], [ 738974.742870855377987, 5867710.502782614901662 ], [ 738958.639745085150935, 5867688.051245653070509 ], [ 738943.133232337073423, 5867666.73567717615515 ], [ 738923.815667400253005, 5867641.428122786805034 ], [ 738911.429454836645164, 5867624.688638411462307 ], [ 738870.572989563341253, 5867566.517812630161643 ], [ 738857.605790384113789, 5867546.429594722576439 ] ], [ [ 738455.610085536376573, 5865173.986031460575759 ], [ 738486.030547957634553, 5865142.490235781297088 ], [ 738496.235950422124006, 5865130.763351366855204 ], [ 738516.436696976656094, 5865107.553415018133819 ], [ 738519.748894846532494, 5865103.749302486889064 ], [ 738527.61856954509858, 5865094.68382175359875 ], [ 738556.44262208766304, 5865061.475929203443229 ], [ 738559.177894404390827, 5865058.325232796370983 ], [ 738566.079781633568928, 5865050.67330015450716 ], [ 738607.831427371012978, 5865004.373700739815831 ], [ 738612.229316305718385, 5864998.818144014105201 ], [ 738627.533857310307212, 5864979.468863440677524 ], [ 738622.498343549203128, 5864979.277303569950163 ], [ 738608.093377354322001, 5864978.766594249755144 ], [ 738588.77399090770632, 5864975.872069601900876 ], [ 738582.207553569227457, 5864974.286351106129587 ], [ 738568.93861520756036, 5864971.084388390183449 ], [ 738544.811565847485326, 5864965.44464258197695 ], [ 738518.339418974006549, 5864952.769473600201309 ], [ 738504.914878527633846, 5865005.850537327118218 ], [ 738501.815022197784856, 5865018.107538375072181 ], [ 738486.339443796896376, 5865076.924448822624981 ], [ 738483.92083999782335, 5865086.126126437447965 ], [ 738475.315996541525237, 5865116.247027075849473 ], [ 738471.097814445267431, 5865131.013634922914207 ], [ 738455.610085536376573, 5865173.986031460575759 ], [ 738431.772512508672662, 5865218.761793816462159 ], [ 738406.280006633955054, 5865267.561284145340323 ], [ 738405.344650606159121, 5865269.777187379077077 ], [ 738385.62557892256882, 5865316.412361334078014 ], [ 738381.203812030958943, 5865328.228173221461475 ], [ 738366.858001596061513, 5865364.473838853649795 ], [ 738351.452290389570408, 5865399.362273264676332 ], [ 738335.741987608373165, 5865437.480539508163929 ], [ 738322.223270387854427, 5865471.848673144355416 ], [ 738295.385920574772172, 5865546.788238703273237 ], [ 738284.570447110687383, 5865579.564571905881166 ], [ 738279.821877347189002, 5865597.039657884277403 ], [ 738271.200557366828434, 5865625.257992666214705 ], [ 738262.768113646539859, 5865656.555555486120284 ], [ 738259.467471243347973, 5865668.811306217685342 ], [ 738239.461438093450852, 5865732.768855528905988 ], [ 738231.378123915288597, 5865760.993149769492447 ], [ 738225.294163173879497, 5865777.645422765053809 ], [ 738220.047321638325229, 5865791.341221699491143 ], [ 738214.273302737972699, 5865803.950039185583591 ], [ 738206.898507592850365, 5865815.738797121681273 ], [ 738199.52770097006578, 5865826.713895062915981 ], [ 738188.630022522178479, 5865841.160655110143125 ], [ 738175.287320401635952, 5865858.007261862047017 ], [ 738144.764894997701049, 5865899.211346711032093 ], [ 738114.556438129977323, 5865936.102699227631092 ], [ 738069.067294997512363, 5865995.215494104661047 ], [ 738022.785861897049472, 5866053.70594203658402 ], [ 738007.980488449102268, 5866072.039826238527894 ], [ 738002.565421013976447, 5866079.758576262742281 ], [ 737998.530685455421917, 5866085.609419632703066 ], [ 737994.170393690583296, 5866093.059614962898195 ], [ 737993.10634401824791, 5866097.749038738198578 ], [ 737991.899415420368314, 5866103.067302188836038 ], [ 737990.728556811111048, 5866112.491021818481386 ], [ 737990.874820143915713, 5866124.353607397526503 ], [ 737992.354822062072344, 5866137.042318233288825 ], [ 737995.440065213711932, 5866150.824910313822329 ], [ 738000.427808043197729, 5866162.200572406873107 ], [ 738007.572882908047177, 5866173.055624299682677 ], [ 738016.598336977534927, 5866183.934537067078054 ], [ 738029.911822629976086, 5866195.936570111662149 ], [ 738045.427050673635677, 5866203.106590461917222 ], [ 738057.211851466097869, 5866207.004799233749509 ], [ 738065.803228254429996, 5866207.901709968224168 ], [ 738077.622806528932415, 5866208.562736021354795 ], [ 738084.620580314774998, 5866208.361526511609554 ], [ 738093.757998807937838, 5866207.383276579901576 ], [ 738102.666406159871258, 5866203.699379227124155 ], [ 738109.970996479154564, 5866198.921641410328448 ], [ 738132.972372458549216, 5866183.523891004733741 ], [ 738165.968249068944715, 5866163.373262989334762 ], [ 738220.60064686939586, 5866129.698609236627817 ], [ 738243.980833624140359, 5866114.962584274820983 ], [ 738254.68652808945626, 5866108.212518502026796 ], [ 738272.241270236670971, 5866099.766002965159714 ], [ 738289.502649815287441, 5866093.743078753352165 ], [ 738305.65988077619113, 5866090.675431340001523 ], [ 738327.171918976586312, 5866089.551096878014505 ], [ 738343.005271261557937, 5866091.601181536912918 ], [ 738358.805578863830306, 5866097.156219182536006 ], [ 738368.430519522866234, 5866102.108879597857594 ], [ 738378.848233562195674, 5866108.14693303219974 ], [ 738387.659653068520129, 5866113.899095921777189 ], [ 738406.035117617226206, 5866130.265944420360029 ], [ 738414.76920770003926, 5866143.56513141375035 ], [ 738422.397622735705227, 5866159.551807544194162 ], [ 738426.248693355591968, 5866177.115380374714732 ], [ 738429.059210065286607, 5866191.436565852724016 ], [ 738431.356354000628926, 5866203.321431271731853 ], [ 738432.056607693899423, 5866213.575448461808264 ], [ 738432.179155128309503, 5866216.201372735202312 ], [ 738432.496749340207316, 5866223.015958534553647 ], [ 738432.906643909285776, 5866235.690779885277152 ], [ 738432.439663256285712, 5866281.251628151163459 ], [ 738429.055641911108978, 5866322.737130027264357 ], [ 738424.905501494882628, 5866386.863402109593153 ], [ 738422.177609150996432, 5866443.184486848302186 ], [ 738421.336773258517496, 5866472.832525202073157 ], [ 738421.157505465438589, 5866516.509436395950615 ], [ 738420.413718444760889, 5866562.878292506560683 ], [ 738420.184343228582293, 5866585.254141005687416 ], [ 738420.292474647867493, 5866600.894710149616003 ], [ 738421.746221820823848, 5866628.671516677364707 ] ], [ [ 738189.545567657682113, 5864601.634346948936582 ], [ 738213.553883835556917, 5864592.4469412881881 ], [ 738234.885248543694615, 5864582.425487173721194 ], [ 738244.85434479417745, 5864579.83304931037128 ], [ 738254.509312088484876, 5864581.551303446292877 ], [ 738262.007552440511063, 5864584.055032534524798 ], [ 738268.411501250113361, 5864588.432254972867668 ], [ 738273.979853005264886, 5864595.769960189238191 ], [ 738279.502521086134948, 5864607.41679129190743 ], [ 738288.957000689697452, 5864628.809236236847937 ], [ 738290.041681840433739, 5864631.264154647476971 ], [ 738298.410060878959484, 5864650.203163161873817 ], [ 738309.192681099753827, 5864672.957168764434755 ], [ 738322.309314579819329, 5864704.095534466207027 ], [ 738340.675005995901302, 5864747.413754128850996 ], [ 738356.652817500988021, 5864787.474866680800915 ], [ 738378.989532872568816, 5864836.766985541209579 ], [ 738389.31189887446817, 5864852.239149023778737 ], [ 738403.112366209621541, 5864869.093550324440002 ], [ 738416.132453494006768, 5864883.245782335288823 ], [ 738427.574123230180703, 5864894.416880371049047 ], [ 738439.555220738286152, 5864905.053549817763269 ], [ 738452.36241883749608, 5864914.081670340150595 ], [ 738463.830355557496659, 5864922.555978961288929 ], [ 738480.392365097184666, 5864932.161329994909465 ], [ 738497.222636530990712, 5864941.501611302606761 ], [ 738518.339418974006549, 5864952.769473600201309 ] ] ] } },
{ "type": "Feature", "properties": { "CADRE_NO": "10.044", "DDT_URL": null, "ETC_NOM": "Transports publics de la région lausannoise", "ETC_SIGLE": "TL", "ETC_URL": "https://www.t-l.ch", "GO_CENTRE": 0, "HORAIR_URL": "https://www.tableaux-horaires.ch/fileadmin/fap_pdf_fields/2025/10.044.pdf", "LIGNE_NO": "44", "LIGNE_NOM": "Epalinges Croisettes - Montéclard - Ballègue", "LIGNE_SIGL": null, "LIGNE_TYPE": "Bus urbain", "PLAN_URL": "https://prestations.vd.ch/pub/101587/api/download/2_Cartographie_et_geodonnees/2.1_Carte_des_reseaux/Carte_des_lignes_TP/topo/ligne_10.044.pdf", "SHAPE_LEN": 2948.159 }, "geometry": { "type": "MultiLineString", "coordinates": [ [ [ 741645.649253107141703, 5867851.010843873023987 ], [ 741646.049950064509176, 5867850.704704667441547 ], [ 741646.862951696501113, 5867850.23959596734494 ], [ 741647.723095141584054, 5867849.850667186081409 ], [ 741648.687064044177532, 5867849.529746135696769 ], [ 741649.536586608504876, 5867849.334357304498553 ], [ 741650.469588925130665, 5867849.209685795940459 ], [ 741651.413337725913152, 5867849.17248004116118 ], [ 741652.425752082024701, 5867849.236419876106083 ], [ 741653.357457791804336, 5867849.389827904291451 ], [ 741654.26796900248155, 5867849.631840022280812 ], [ 741655.08792961423751, 5867849.931190876290202 ], [ 741656.455423981882632, 5867850.633470010943711 ], [ 741657.278528285096399, 5867851.202208844944835 ], [ 741657.946396017447114, 5867851.765035971067846 ], [ 741658.657640294986777, 5867852.491364569403231 ], [ 741659.248318876256235, 5867853.228142115287483 ], [ 741659.76590461761225, 5867854.018064236268401 ], [ 741660.174836414866149, 5867854.787978143431246 ], [ 741660.537730541196652, 5867855.663721128366888 ], [ 741660.816181001486257, 5867856.566288172267377 ], [ 741661.018233350710943, 5867857.56273458711803 ], [ 741661.109764945926145, 5867858.434323410503566 ], [ 741661.11857566004619, 5867859.452144186012447 ], [ 741661.030902998405509, 5867860.393294458277524 ], [ 741660.871489512035623, 5867861.250740291550756 ], [ 741660.612846735515632, 5867862.162526909261942 ], [ 741660.270321120158769, 5867863.044359771534801 ], [ 741659.845435785595328, 5867863.88897408824414 ], [ 741659.341208226396702, 5867864.684751951135695 ], [ 741658.761977691552602, 5867865.433192471973598 ], [ 741657.612845645402558, 5867866.573449838906527 ], [ 741656.818822223576717, 5867867.174155822955072 ], [ 741656.01425351400394, 5867867.667013954371214 ], [ 741655.232546287006699, 5867868.049444445408881 ], [ 741654.351151044946164, 5867868.385747944936156 ], [ 741653.441580199054442, 5867868.635867989622056 ], [ 741652.51256984367501, 5867868.796979459933937 ], [ 741651.572841689689085, 5867868.867713115178049 ], [ 741650.692039759014733, 5867868.850217532366514 ], [ 741649.75692605227232, 5867868.747734524309635 ], [ 741648.832891649683006, 5867868.552178494632244 ], [ 741647.864963011350483, 5867868.245530872605741 ], [ 741647.062847143504769, 5867867.902676625177264 ], [ 741646.234194128657691, 5867867.454727398231626 ], [ 741645.44988337950781, 5867866.92568392958492 ], [ 741644.722875138395466, 5867866.325867025181651 ], [ 741644.054591850494035, 5867865.658202862367034 ], [ 741643.452217657119036, 5867864.930042834021151 ], [ 741642.922951079905033, 5867864.147282504476607 ], [ 741642.441245754715055, 5867863.251428418792784 ], [ 741642.102333151851781, 5867862.445809712633491 ], [ 741641.799904409796, 5867861.473115680739284 ], [ 741641.569349829573184, 5867860.276914961636066 ], [ 741629.556647861842066, 5867860.551997835747898 ], [ 741616.50533354585059, 5867860.0363230984658 ], [ 741605.085185981472023, 5867859.536859697662294 ], [ 741591.261402489966713, 5867859.496847624890506 ], [ 741580.269557134597562, 5867860.156210012733936 ], [ 741571.905208908603527, 5867861.054287421517074 ], [ 741564.508491396903992, 5867861.848422934301198 ], [ 741554.737272525555454, 5867863.67741296812892 ], [ 741550.167703882791102, 5867867.561621969565749 ], [ 741540.421895443811081, 5867875.035711419768631 ] ], [ [ 741525.432362905354239, 5867855.518912725150585 ], [ 741540.125397289171815, 5867874.63818636815995 ], [ 741540.421895443811081, 5867875.035711419768631 ] ] ] } },
{ "type": "Feature", "properties": { "CADRE_NO": "10.049", "DDT_URL": null, "ETC_NOM": "Transports publics de la région lausannoise", "ETC_SIGLE": "TL", "ETC_URL": "https://www.t-l.ch", "GO_CENTRE": 0, "HORAIR_URL": "https://www.tableaux-horaires.ch/fileadmin/fap_pdf_fields/2025/10.049.pdf", "LIGNE_NO": "49", "LIGNE_NOM": "Pully - Belmont-sur-Lausanne", "LIGNE_SIGL": null, "LIGNE_TYPE": "Bus urbain", "PLAN_URL": "https://prestations.vd.ch/pub/101587/api/download/2_Cartographie_et_geodonnees/2.1_Carte_des_reseaux/Carte_des_lignes_TP/topo/ligne_10.049.pdf", "SHAPE_LEN": 3244.429 }, "geometry": { "type": "MultiLineString", "coordinates": [ [ [ 741820.671567846322432, 5862939.79632231220603 ], [ 741823.644884877372533, 5862933.501660272479057 ], [ 741826.391319649294019, 5862925.502201730385423 ], [ 741828.686908188275993, 5862914.091727585531771 ], [ 741829.330597770633176, 5862897.800256319344044 ], [ 741827.808755112229846, 5862880.026340279728174 ], [ 741824.125653900089674, 5862860.043905481696129 ], [ 741819.190744122839533, 5862844.181730763986707 ], [ 741812.321471527218819, 5862827.815814103931189 ], [ 741802.772489916649647, 5862812.395359698683023 ], [ 741787.913032666663639, 5862794.492095991969109 ], [ 741777.940646324306726, 5862784.356921972706914 ], [ 741753.342942608869635, 5862759.359162716194987 ], [ 741736.987173343659379, 5862745.821023826487362 ], [ 741725.42146970378235, 5862738.408584536984563 ], [ 741709.265302814892493, 5862729.489557096734643 ], [ 741689.117262589046732, 5862721.022662694565952 ], [ 741667.736004620790482, 5862711.561251616105437 ], [ 741658.574735221453011, 5862706.118171881884336 ], [ 741653.94627252058126, 5862702.732613402418792 ], [ 741648.463861035881564, 5862698.720129666849971 ], [ 741636.927127506583929, 5862688.390362105332315 ], [ 741620.63423775951378, 5862668.522930311970413 ], [ 741605.013129345490597, 5862646.588645278476179 ] ] ] } },
{ "type": "Feature", "properties": { "CADRE_NO": "10.361", "DDT_URL": null, "ETC_NOM": "CarPostal", "ETC_SIGLE": "CarPostal", "ETC_URL": "https://www.postauto.ch/fr", "GO_CENTRE": 0, "HORAIR_URL": "https://www.tableaux-horaires.ch/fileadmin/fap_pdf_fields/2025/10.361.pdf", "LIGNE_NO": "361", "LIGNE_NOM": "Lucens - Moudon- Epalinges (direct)", "LIGNE_SIGL": null, "LIGNE_TYPE": "Bus régional", "PLAN_URL": "https://prestations.vd.ch/pub/101587/api/download/2_Cartographie_et_geodonnees/2.1_Carte_des_reseaux/Carte_des_lignes_TP/topo/ligne_10.361.pdf", "SHAPE_LEN": 26091.673 }, "geometry": { "type": "MultiLineString", "coordinates": [ [ [ 741645.649253107141703, 5867851.010843873023987 ], [ 741646.049950064509176, 5867850.704704667441547 ], [ 741646.862951696501113, 5867850.23959596734494 ], [ 741647.723095141584054, 5867849.850667186081409 ], [ 741648.687064044177532, 5867849.529746135696769 ], [ 741649.536586608504876, 5867849.334357304498553 ], [ 741650.469588925130665, 5867849.209685795940459 ], [ 741651.413337725913152, 5867849.17248004116118 ], [ 741652.425752082024701, 5867849.236419876106083 ], [ 741653.357457791804336, 5867849.389827904291451 ], [ 741654.26796900248155, 5867849.631840022280812 ], [ 741655.08792961423751, 5867849.931190876290202 ], [ 741656.455423981882632, 5867850.633470010943711 ], [ 741657.278528285096399, 5867851.202208844944835 ], [ 741657.946396017447114, 5867851.765035971067846 ], [ 741658.657640294986777, 5867852.491364569403231 ], [ 741659.248318876256235, 5867853.228142115287483 ], [ 741659.76590461761225, 5867854.018064236268401 ], [ 741660.174836414866149, 5867854.787978143431246 ], [ 741660.537730541196652, 5867855.663721128366888 ], [ 741660.816181001486257, 5867856.566288172267377 ], [ 741661.018233350710943, 5867857.56273458711803 ], [ 741661.109764945926145, 5867858.434323410503566 ], [ 741661.11857566004619, 5867859.452144186012447 ], [ 741661.030902998405509, 5867860.393294458277524 ], [ 741660.871489512035623, 5867861.250740291550756 ], [ 741660.612846735515632, 5867862.162526909261942 ], [ 741660.270321120158769, 5867863.044359771534801 ], [ 741659.845435785595328, 5867863.88897408824414 ], [ 741659.341208226396702, 5867864.684751951135695 ], [ 741658.761977691552602, 5867865.433192471973598 ], [ 741657.612845645402558, 5867866.573449838906527 ], [ 741656.818822223576717, 5867867.174155822955072 ], [ 741656.01425351400394, 5867867.667013954371214 ], [ 741655.232546287006699, 5867868.049444445408881 ], [ 741654.351151044946164, 5867868.385747944936156 ], [ 741653.441580199054442, 5867868.635867989622056 ], [ 741652.51256984367501, 5867868.796979459933937 ], [ 741651.572841689689085, 5867868.867713115178049 ], [ 741650.692039759014733, 5867868.850217532366514 ], [ 741649.75692605227232, 5867868.747734524309635 ], [ 741648.832891649683006, 5867868.552178494632244 ], [ 741647.864963011350483, 5867868.245530872605741 ], [ 741647.062847143504769, 5867867.902676625177264 ], [ 741646.234194128657691, 5867867.454727398231626 ], [ 741645.44988337950781, 5867866.92568392958492 ], [ 741644.722875138395466, 5867866.325867025181651 ], [ 741644.054591850494035, 5867865.658202862367034 ], [ 741643.452217657119036, 5867864.930042834021151 ], [ 741642.922951079905033, 5867864.147282504476607 ], [ 741642.441245754715055, 5867863.251428418792784 ], [ 741642.102333151851781, 5867862.445809712633491 ], [ 741641.799904409796, 5867861.473115680739284 ], [ 741641.569349829573184, 5867860.276914961636066 ], [ 741629.556647861842066, 5867860.551997835747898 ], [ 741616.50533354585059, 5867860.0363230984658 ], [ 741605.085185981472023, 5867859.536859697662294 ], [ 741591.261402489966713, 5867859.496847624890506 ], [ 741580.269557134597562, 5867860.156210012733936 ], [ 741571.905208908603527, 5867861.054287421517074 ], [ 741564.508491396903992, 5867861.848422934301198 ], [ 741554.737272525555454, 5867863.67741296812892 ], [ 741550.167703882791102, 5867867.561621969565749 ], [ 741540.421895443811081, 5867875.035711419768631 ] ], [ [ 741525.432362905354239, 5867855.518912725150585 ], [ 741540.125397289171815, 5867874.63818636815995 ], [ 741540.421895443811081, 5867875.035711419768631 ] ] ] } },
{ "type": "Feature", "properties": { "CADRE_NO": "10.702", "DDT_URL": null, "ETC_NOM": "Transports de la région Morges - Bière - Cossonay", "ETC_SIGLE": "MBC", "ETC_URL": "https://mbc.ch", "GO_CENTRE": 0, "HORAIR_URL": "https://www.tableaux-horaires.ch/fileadmin/fap_pdf_fields/2025/10.702.pdf", "LIGNE_NO": "702", "LIGNE_NOM": "Tolochenaz - Morges - Lonay - Echandens - Bussigny", "LIGNE_SIGL": "TPM", "LIGNE_TYPE": "Bus urbain", "PLAN_URL": "https://prestations.vd.ch/pub/101587/api/download/2_Cartographie_et_geodonnees/2.1_Carte_des_reseaux/Carte_des_lignes_TP/topo/ligne_10.702.pdf", "SHAPE_LEN": 13319.045 }, "geometry": { "type": "MultiLineString", "coordinates": [ ] } },
{ "type": "Feature", "properties": { "CADRE_NO": "10.905", "DDT_URL": null, "ETC_NOM": "Transports publics de la région lausannoise", "ETC_SIGLE": "TL", "ETC_URL": "https://www.t-l.ch", "GO_CENTRE": 0, "HORAIR_URL": "https://www.tableaux-horaires.ch/fileadmin/fap_pdf_fields/2025/10.905.pdf", "LIGNE_NO": "N5", "LIGNE_NOM": "Lausanne St-François - St-Sulpice VD Venoge sud (N5)", "LIGNE_SIGL": null, "LIGNE_TYPE": "Bus nocturne", "PLAN_URL": "https://prestations.vd.ch/pub/101587/api/download/2_Cartographie_et_geodonnees/2.1_Carte_des_reseaux/Carte_des_lignes_TP/topo/ligne_10.905.pdf", "SHAPE_LEN": 21851.074 }, "geometry": { "type": "MultiLineString", "coordinates": [ [ [ 733237.300051127793267, 5866020.138793352991343 ], [ 733247.726399850798771, 5866018.894399000331759 ], [ 733262.757555773714557, 5866020.675670172087848 ], [ 733276.693142850068398, 5866024.333003034815192 ], [ 733293.553555506863631, 5866030.986011914908886 ], [ 733308.288569339900278, 5866035.192080361768603 ], [ 733321.995218436699361, 5866035.072224891744554 ], [ 733335.983400961500593, 5866033.878200618550181 ], [ 733351.876786638167687, 5866030.544664879329503 ], [ 733366.719836496282369, 5866024.77592156548053 ], [ 733380.225184011622332, 5866018.452518747188151 ], [ 733395.39205819030758, 5866007.832525476813316 ], [ 733410.307963800616562, 5865995.326120991259813 ], [ 733423.82347092719283, 5865987.922661297954619 ], [ 733443.806175103527494, 5865981.069985263049603 ] ], [ [ 730913.782791343401186, 5865541.528077989816666 ], [ 730908.082204610691406, 5865541.234358835034072 ], [ 730896.205984228290617, 5865541.220934607088566 ], [ 730890.968727035680786, 5865542.191496788524091 ], [ 730884.237459724768996, 5865543.899360512383282 ], [ 730871.288805299671367, 5865548.338300410658121 ], [ 730855.362322511617094, 5865554.899690869264305 ], [ 730815.385780090931803, 5865573.055296891368926 ], [ 730791.915832915226929, 5865581.149372335523367 ], [ 730763.866757835028693, 5865590.001452340744436 ], [ 730744.442079333006404, 5865596.794250933453441 ], [ 730734.736463472479954, 5865599.650672409683466 ], [ 730720.459190858877264, 5865602.726622588932514 ], [ 730706.46233236673288, 5865604.725613466463983 ], [ 730689.249187158420682, 5865606.149959977716208 ], [ 730661.291521392762661, 5865606.647429962642491 ], [ 730623.409235968370922, 5865605.950542964041233 ], [ 730608.637164226733148, 5865605.246310442686081 ], [ 730588.225965950638056, 5865603.938762205652893 ], [ 730573.450898926821537, 5865603.503728260286152 ], [ 730568.613860076642595, 5865603.449462409131229 ], [ 730561.085330772795714, 5865603.90503516793251 ], [ 730549.508489215862937, 5865605.663090133108199 ], [ 730532.55627857230138, 5865607.627183401957154 ], [ 730510.481981555582024, 5865611.155321139842272 ], [ 730485.576195764821023, 5865614.603575278073549 ], [ 730481.681445105932653, 5865615.14646196551621 ], [ 730463.64053453982342, 5865618.447571042925119 ], [ 730452.306444097193889, 5865622.6333137601614 ], [ 730424.784559364779852, 5865632.56889589689672 ], [ 730413.179127469542436, 5865636.751546069979668 ], [ 730400.802912278682925, 5865638.231135017238557 ], [ 730390.729223024798557, 5865637.262002351693809 ], [ 730390.507962418952957, 5865638.234792599454522 ], [ 730390.152815158246085, 5865639.112917303107679 ], [ 730389.709130719653331, 5865639.863406464457512 ], [ 730389.110435254406184, 5865640.591774456202984 ], [ 730388.408385467133485, 5865641.219997390173376 ], [ 730387.616201359429397, 5865641.733667441643775 ], [ 730386.499568213010207, 5865642.195654576644301 ], [ 730385.634098791284487, 5865642.38534907437861 ], [ 730384.694600549293682, 5865642.447570857591927 ], [ 730383.685799896134995, 5865642.348893342539668 ], [ 730382.774412007885985, 5865642.102835580706596 ], [ 730381.912413310958073, 5865641.721958533860743 ], [ 730380.604177841218188, 5865640.761088388040662 ], [ 730379.996553850825876, 5865640.080297872424126 ], [ 730379.451831748476252, 5865639.224082262255251 ], [ 730379.103820715099573, 5865638.423936498351395 ], [ 730378.857201077160425, 5865637.509935167618096 ], [ 730378.759687523939647, 5865636.497171035036445 ], [ 730378.811499293195084, 5865635.625826737843454 ], [ 730379.004658961319365, 5865634.700757200829685 ], [ 730379.34534767002333, 5865633.818103942088783 ], [ 730379.814444535295479, 5865633.000942183658481 ], [ 730380.40741823380813, 5865632.265232962556183 ], [ 730381.165151974069886, 5865631.58814558852464 ], [ 730381.895913175190799, 5865631.11745539214462 ], [ 730382.75632200925611, 5865630.731193731538951 ], [ 730383.713956384919584, 5865630.474120841361582 ] ], [ [ 737283.75202379852999, 5864263.897879312746227 ], [ 737295.342575468006544, 5864290.140483381226659 ], [ 737304.055493480409496, 5864309.332214375957847 ], [ 737431.411772867897525, 5864571.954328184947371 ], [ 737447.511231879587285, 5864606.144868165254593 ], [ 737467.152708917390555, 5864647.857873423025012 ], [ 737469.615298843709752, 5864654.529186446219683 ], [ 737482.009619802702218, 5864652.162281137891114 ], [ 737515.196619331021793, 5864643.69244418758899 ], [ 737583.39130202436354, 5864623.378704746253788 ], [ 737614.940212112152949, 5864612.654425251297653 ], [ 737618.448711848934181, 5864611.072479015216231 ], [ 737672.74397814553231, 5864583.603982576169074 ] ], [ [ 731578.788850791286677, 5863948.24184322077781 ], [ 731578.782166847027838, 5863924.520950138568878 ], [ 731579.491305146017112, 5863908.896898608654737 ], [ 731581.255952049745247, 5863895.169268559664488 ], [ 731584.901993954204954, 5863881.194764095358551 ], [ 731591.574063835665584, 5863861.052660955116153 ], [ 731610.37416405742988, 5863813.012536517344415 ], [ 731623.338288710918278, 5863782.697791746817529 ], [ 731632.050750316702761, 5863762.21324163954705 ] ], [ [ 732572.309652016498148, 5866666.243697009049356 ], [ 732571.863796581630595, 5866665.344934389926493 ], [ 732571.553461151197553, 5866664.527730220928788 ], [ 732571.303649934008718, 5866663.616564016789198 ], [ 732571.14550611784216, 5866662.683112373575568 ], [ 732571.078230336308479, 5866661.667678616940975 ], [ 732571.103711961535737, 5866660.795932919718325 ], [ 732571.239544437383302, 5866659.785642922855914 ], [ 732571.440374528989196, 5866658.936205521225929 ], [ 732571.770148203941062, 5866657.973176775500178 ], [ 732572.165523426723666, 5866657.115686737000942 ], [ 732572.604751090402715, 5866656.362040566280484 ], [ 732573.157331471564248, 5866655.593626216053963 ], [ 732573.781810080981813, 5866654.885689818300307 ], [ 732574.472335237194784, 5866654.242534445598722 ], [ 732575.224474474671297, 5866653.671390365809202 ], [ 732576.029442339320667, 5866653.179440028965473 ], [ 732576.879983847844414, 5866652.766603674739599 ], [ 732578.602650379878469, 5866652.223593333736062 ], [ 732579.464745605946518, 5866652.081662713550031 ], [ 732580.405803435016423, 5866652.017757073044777 ], [ 732581.421216614311561, 5866652.055118610151112 ], [ 732582.281933945720084, 5866652.172305149026215 ], [ 732583.202512589166872, 5866652.389143790118396 ], [ 732584.093085993314162, 5866652.69591233599931 ], [ 732585.014262415003031, 5866653.123848537914455 ], [ 732585.764046214404516, 5866653.565915348939598 ], [ 732586.528567428234965, 5866654.120240744203329 ], [ 732587.23132040607743, 5866654.749589128419757 ], [ 732587.872400503256358, 5866655.445226773619652 ], [ 732588.477353625232354, 5866656.259843236766756 ], [ 732588.927764989668503, 5866657.007250727154315 ], [ 732589.36466149368789, 5866657.929206001572311 ], [ 732589.656087678624317, 5866658.75056857150048 ], [ 732589.888425100129098, 5866659.667364951223135 ], [ 732590.034152414067648, 5866660.674925417639315 ], [ 732590.075418697786517, 5866661.547404482029378 ], [ 732590.02736350602936, 5866662.493148217909038 ], [ 732589.887990598101169, 5866663.429153949953616 ], [ 732589.6334323938936, 5866664.414847381412983 ], [ 732589.307420566095971, 5866665.299305442720652 ], [ 732588.925852552289143, 5866666.088525986298919 ], [ 732588.436703779967502, 5866666.895490053109825 ], [ 732587.821270109736361, 5866667.705434092320502 ], [ 732586.782344272476621, 5866668.758211851119995 ], [ 732586.00222227408085, 5866669.366901364177465 ], [ 732585.201511136139743, 5866669.867635132744908 ], [ 732584.42522372934036, 5866670.257996105588973 ], [ 732583.476553072920069, 5866670.62025850545615 ], [ 732582.636750366073102, 5866670.846871421672404 ], [ 732581.635039296466857, 5866671.016384717077017 ], [ 732580.692592002800666, 5866671.074452155269682 ], [ 732579.851201512734406, 5866671.047737449407578 ], [ 732578.844074188265949, 5866670.915839455090463 ], [ 732577.998755092499778, 5866670.717296517454088 ], [ 732577.10377938253805, 5866670.414845778606832 ], [ 732576.179604164441116, 5866669.995609788224101 ], [ 732575.3663726990344, 5866669.516449054703116 ], [ 732574.662332005565986, 5866669.005004616454244 ], [ 732573.90349832281936, 5866668.328452236019075 ], [ 732573.312631266424432, 5866667.685773245058954 ], [ 732572.309652016498148, 5866666.243697009049356 ], [ 732560.643700426793657, 5866673.282417811453342 ], [ 732509.689362045261078, 5866687.551113420166075 ], [ 732495.387381509644911, 5866692.786148603074253 ], [ 732484.589687503757887, 5866697.251733504235744 ], [ 732474.308292550733313, 5866703.338935274630785 ], [ 732467.004659476457164, 5866707.572157233022153 ], [ 732457.504893061937764, 5866716.097694645635784 ], [ 732437.716288895346224, 5866731.516847453080118 ], [ 732420.101047700969502, 5866746.31352111697197 ], [ 732400.009037470328622, 5866763.189490171149373 ], [ 732391.062267001834698, 5866770.368640192784369 ], [ 732382.143493596813641, 5866774.854824840091169 ], [ 732371.615590761764906, 5866779.052500478923321 ], [ 732361.112765058409423, 5866780.825040760450065 ], [ 732343.913826964097098, 5866780.635611460544169 ], [ 732323.738494031480514, 5866782.301558985374868 ] ], [ [ 731913.451915118144825, 5865950.129993732087314 ], [ 731923.778124516597018, 5865953.122134106233716 ], [ 731984.300320478854701, 5865972.93380062840879 ], [ 732030.640293053002097, 5865987.704522260464728 ], [ 732045.626637221314013, 5865992.48466943576932 ], [ 732067.286298597697169, 5866002.698380746878684 ], [ 732093.983747981255874, 5866018.631803049705923 ], [ 732113.718877127859741, 5866032.597345805726945 ], [ 732127.560855031362735, 5866044.615585335530341 ], [ 732138.988673849613406, 5866056.333498046733439 ], [ 732149.328042365959845, 5866069.390292036347091 ], [ 732157.500986679340713, 5866083.769713109359145 ], [ 732164.396735282032751, 5866100.42343186866492 ], [ 732180.40672487707343, 5866146.861247075721622 ], [ 732196.645706072333269, 5866190.428199402056634 ], [ 732210.56884067854844, 5866219.700711376965046 ], [ 732224.350263204425573, 5866261.9132285034284 ], [ 732227.75997282739263, 5866269.497377508319914 ], [ 732231.98371339647565, 5866276.556252268142998 ] ], [ [ 735181.728611906990409, 5863620.586778061464429 ], [ 735179.826071948744357, 5863626.527334408834577 ], [ 735176.336951990728267, 5863635.429929318837821 ], [ 735172.870437590405345, 5863642.203670700080693 ], [ 735168.704984724754468, 5863648.403832330368459 ], [ 735166.26097452652175, 5863651.78310770355165 ], [ 735162.538576379418373, 5863655.741024141199887 ], [ 735161.924999070935883, 5863656.418456012383103 ], [ 735161.229466718388721, 5863657.16341086756438 ], [ 735160.582450246321969, 5863657.847761755809188 ], [ 735159.975200259010307, 5863658.475781032815576 ], [ 735159.258157300762832, 5863659.197221104986966 ], [ 735158.585247807553969, 5863659.86092094797641 ], [ 735157.90519388508983, 5863660.514357287436724 ], [ 735157.217933697858825, 5863661.16335066780448 ], [ 735156.524964131880552, 5863661.803551184013486 ], [ 735155.877547667361796, 5863662.388937249779701 ], [ 735155.116048452444375, 5863663.061876997351646 ], [ 735154.403003357117996, 5863663.6800333019346 ], [ 735153.679897358175367, 5863664.289350209757686 ], [ 735152.95251703215763, 5863664.891344875097275 ], [ 735152.275056833983399, 5863665.43711646553129 ], [ 735151.534760876558721, 5863666.025875273160636 ], [ 735150.790252434206195, 5863666.601491290144622 ], [ 735149.97715254733339, 5863667.215667045675218 ], [ 735149.276793045573868, 5863667.732087641023099 ], [ 735148.452289860346355, 5863668.327222467400134 ], [ 735147.740465251379646, 5863668.830422674305737 ], [ 735146.90455877315253, 5863669.406516554765403 ], [ 735146.121396193047985, 5863669.933694047853351 ], [ 735145.392412581015378, 5863670.41342581436038 ], [ 735144.599297246779315, 5863670.921577859669924 ], [ 735143.798991117393598, 5863671.423831755295396 ], [ 735142.994441596325487, 5863671.915853103622794 ], [ 735142.184182714554481, 5863672.399081524461508 ], [ 735141.369664983591065, 5863672.873532540164888 ], [ 735140.549453357351013, 5863673.337735475972295 ], [ 735139.722050942131318, 5863673.796040247194469 ], [ 735138.893321625888348, 5863674.242688345722854 ], [ 735138.055966475512832, 5863674.681967621669173 ], [ 735137.214367946377024, 5863675.111014324240386 ], [ 735136.3699456268223, 5863675.532754249870777 ], [ 735135.519860347616486, 5863675.941335810348392 ], [ 735134.666935819666833, 5863676.344065733253956 ], [ 735133.742735180654563, 5863676.764952289871871 ], [ 735132.879888862255029, 5863677.145746388472617 ], [ 735132.014234226779081, 5863677.51777854654938 ], [ 735131.680551894241944, 5863677.656829860061407 ], [ 735131.211353524588048, 5863677.852644061669707 ], [ 735130.33426476106979, 5863678.208545451052487 ], [ 735129.455880052410066, 5863678.549879850819707 ], [ 735128.574671570910141, 5863678.883907453157008 ], [ 735127.687738299602643, 5863679.210597226396203 ], [ 735126.731041258899495, 5863679.549638537690043 ], [ 735125.908440654631704, 5863679.828991129994392 ], [ 735124.943256912520155, 5863680.147567217238247 ], [ 735124.043732713675126, 5863680.430462842807174 ], [ 735123.209775286610238, 5863680.686408848501742 ], [ 735122.307550996309146, 5863680.950356458313763 ], [ 735121.328310372307897, 5863681.226577986031771 ], [ 735120.416133437305689, 5863681.471499993465841 ], [ 735119.504049243754707, 5863681.707691065967083 ], [ 735118.659013296361081, 5863681.914037781767547 ], [ 735117.670082837459631, 5863682.14649610966444 ], [ 735116.74963567731902, 5863682.350580737926066 ], [ 735115.899060477269813, 5863682.532127750106156 ], [ 735114.868358898092993, 5863682.736488170921803 ], [ 735108.081765058683231, 5863684.132296385243535 ], [ 735098.409195350133814, 5863685.309490153566003 ], [ 735088.571355593740009, 5863684.838953462429345 ], [ 735080.746873363037594, 5863683.839843964204192 ], [ 735069.661738320370205, 5863680.614142993465066 ], [ 735060.593851770390756, 5863676.49463246576488 ], [ 735051.898320409934968, 5863671.465168861672282 ], [ 735046.383682729210705, 5863666.613824483007193 ], [ 735045.613898043404333, 5863666.019097128883004 ], [ 735044.873030765214935, 5863665.433411126025021 ], [ 735044.139508994994685, 5863664.839071901515126 ], [ 735043.41041623824276, 5863664.237503550946712 ], [ 735042.747644528979436, 5863663.674483012408018 ], [ 735041.978618777822703, 5863663.008453826420009 ], [ 735041.324705083970912, 5863662.430975049734116 ], [ 735040.571805397979915, 5863661.749110129661858 ], [ 735039.931085767690092, 5863661.158674851991236 ], [ 735039.244569121976383, 5863660.509537203237414 ], [ 735038.512255486217327, 5863659.801697184331715 ], [ 735037.840367957134731, 5863659.14107371494174 ], [ 735037.227533397963271, 5863658.520375587046146 ], [ 735036.518660392030142, 5863657.790956974029541 ], [ 735035.868793919216841, 5863657.105829108506441 ], [ 735035.275032942532562, 5863656.464960956946015 ], [ 735034.639826527796686, 5863655.765437036752701 ], [ 735033.963190177222714, 5863655.005802222527564 ], [ 735033.345544847892597, 5863654.291913313791156 ], [ 735032.779576064902358, 5863653.629513208754361 ], [ 735032.176590790506452, 5863652.901228263042867 ], [ 735031.579438601387665, 5863652.170095186680555 ], [ 735030.948155482532457, 5863651.374563480727375 ], [ 735030.411506790784188, 5863650.683371317572892 ], [ 735029.79775379691273, 5863649.876384938135743 ], [ 735029.275718706892803, 5863649.175162179395556 ], [ 735028.680992780136876, 5863648.352371261455119 ], [ 735028.132141325739212, 5863647.581007037311792 ], [ 735027.594971413956955, 5863646.802491410635412 ], [ 735027.106515031657182, 5863646.081254079937935 ], [ 735026.586859728442505, 5863645.292738946154714 ], [ 735026.033104515285231, 5863644.436914972960949 ], [ 735025.530979310977273, 5863643.636945214122534 ], [ 735024.932108553708531, 5863642.658393120393157 ], [ 735020.027595972525887, 5863635.140196802094579 ], [ 735016.589444972574711, 5863627.102156426757574 ], [ 735013.74193660391029, 5863615.908089940436184 ], [ 735012.171393777476624, 5863606.587575839832425 ], [ 735011.902450576773845, 5863597.097642580978572 ], [ 735012.358270848286338, 5863587.797391840256751 ], [ 735016.236613580491394, 5863573.140500530600548 ], [ 735020.31449623813387, 5863561.95225945673883 ], [ 735020.740664431359619, 5863561.028350085020065 ], [ 735021.148668052977882, 5863560.175555312074721 ], [ 735021.565343577647582, 5863559.325764030218124 ], [ 735021.959503078018315, 5863558.547040711157024 ], [ 735022.427533902926371, 5863557.642498568631709 ], [ 735022.837555758538656, 5863556.872676915489137 ], [ 735023.324318928294815, 5863555.979977746494114 ], [ 735023.750187652534805, 5863555.220512866973877 ], [ 735024.223137662978843, 5863554.398974875919521 ], [ 735024.738740063156001, 5863553.522592796012759 ], [ 735025.227490469464101, 5863552.715776930563152 ], [ 735025.687984853051603, 5863551.974146387539804 ], [ 735026.192613067221828, 5863551.17477703653276 ], [ 735026.747130605159327, 5863550.322096359916031 ], [ 735027.273392123403028, 5863549.534600988030434 ], [ 735027.765580202452838, 5863548.813683909364045 ], [ 735028.347455486073159, 5863547.980214958079159 ], [ 735028.852573948097415, 5863547.271078657358885 ], [ 735029.451731050852686, 5863546.449437078088522 ], [ 735030.01973118330352, 5863545.692949709482491 ], [ 735030.594921741401777, 5863544.942360489629209 ], [ 735031.177287243073806, 5863544.199124529957771 ], [ 735031.721274327835999, 5863543.518054872751236 ], [ 735032.366490494227037, 5863542.73037807457149 ], [ 735032.924842960666865, 5863542.062559804879129 ], [ 735033.538840179331601, 5863541.345857664942741 ], [ 735034.160043298383243, 5863540.633598538115621 ], [ 735034.839761154493317, 5863539.875396825373173 ], [ 735035.476764635997824, 5863539.177859704010189 ], [ 735036.120943058631383, 5863538.487675811164081 ], [ 735036.775197397335432, 5863537.804876203648746 ], [ 735037.383851904422045, 5863537.181255000643432 ], [ 735038.049555157893337, 5863536.513130787760019 ], [ 735038.725334326620214, 5863535.85239084623754 ], [ 735039.459597218898125, 5863535.148618535138667 ], [ 735040.047186101903208, 5863534.596080621704459 ], [ 735040.743055091821589, 5863533.955929676070809 ], [ 735041.444648535805754, 5863533.323116413317621 ], [ 735042.206114248954691, 5863532.653106749989092 ], [ 735042.867863329593092, 5863532.083899307064712 ], [ 735043.590950644109398, 5863531.476055869832635 ], [ 735044.375376170733944, 5863530.829576440155506 ], [ 735045.111331923282705, 5863530.239334085956216 ], [ 735045.853012134321034, 5863529.656429389491677 ], [ 735046.543368063285016, 5863529.125365387648344 ], [ 735047.35788191400934, 5863528.5141346687451 ], [ 735048.059686778695323, 5863527.997745979577303 ], [ 735048.884168097050861, 5863527.404085252434015 ], [ 735049.65730967593845, 5863526.863720319233835 ], [ 735050.436191194457933, 5863526.329237919300795 ], [ 735051.222216710913926, 5863525.805018910206854 ], [ 735051.949712005676702, 5863525.328197609633207 ], [ 735052.74570502480492, 5863524.821548569947481 ], [ 735053.545987502438948, 5863524.320766518823802 ], [ 735054.414736725622788, 5863523.793066944926977 ], [ 735055.22639075841289, 5863523.314235716126859 ], [ 735055.982477485202253, 5863522.87701279297471 ], [ 735056.802679501357488, 5863522.412825748324394 ], [ 735057.695668746717274, 5863521.924677946604788 ], [ 735058.463065079995431, 5863521.515226238407195 ], [ 735059.364571348181926, 5863521.044632833451033 ], [ 735060.206143409362994, 5863520.617056271992624 ], [ 735061.051958518801257, 5863520.19971201941371 ], [ 735061.837839450221509, 5863519.825384630821645 ], [ 735062.690736607648432, 5863519.424124120734632 ], [ 735063.617794075980783, 5863519.006193897686899 ], [ 735064.482062833150849, 5863518.626884138211608 ], [ 735065.280641931691207, 5863518.286163822747767 ], [ 735066.151977279689163, 5863517.924392905086279 ], [ 735067.029006176395342, 5863517.572869800031185 ], [ 735067.975843914668076, 5863517.204630362801254 ], [ 735068.788556223502383, 5863516.898987713269889 ], [ 735069.745315103209578, 5863516.552683471702039 ], [ 735070.634980297763832, 5863516.240587809123099 ], [ 735071.460468264529482, 5863515.961276676505804 ], [ 735072.424138952279463, 5863515.647062273696065 ], [ 735073.323647891287692, 5863515.364177281968296 ], [ 735074.228850398678333, 5863515.091540081426501 ], [ 735075.06266970699653, 5863514.847244476899505 ], [ 735075.972006946220063, 5863514.595025254413486 ], [ 735076.884152267244644, 5863514.351567661389709 ], [ 735077.86744858766906, 5863514.101594963110983 ], [ 735078.785179133177735, 5863513.878570839762688 ], [ 735079.631557457847521, 5863513.680978127755225 ], [ 735080.551956809707917, 5863513.47981155756861 ], [ 735081.547858609003015, 5863513.27217642404139 ], [ 735082.470973186078481, 5863513.088502050377429 ], [ 735083.401216373546049, 5863512.916546090506017 ], [ 735084.258672357304022, 5863512.768550929613411 ], [ 735085.187263873056509, 5863512.615495719946921 ], [ 735086.191280482918955, 5863512.463247453793883 ], [ 735087.12399132642895, 5863512.332065289840102 ], [ 735088.060945299919695, 5863512.211115373298526 ], [ 735088.99777548701968, 5863512.101806254126132 ], [ 735089.93307781778276, 5863511.999757076613605 ], [ 735090.872592348372564, 5863511.910850372165442 ], [ 735091.739412539289333, 5863511.837173846550286 ], [ 735092.752746978076175, 5863511.76360952667892 ], [ 735093.694837565650232, 5863511.705290908925235 ], [ 735094.635400312603451, 5863511.654232232831419 ], [ 735095.575808358611539, 5863511.617724577896297 ], [ 735096.44791994150728, 5863511.592128358781338 ], [ 735097.391043315990828, 5863511.573112890124321 ], [ 735098.332607922842726, 5863511.564267587848008 ], [ 735099.275483795674518, 5863511.568533711135387 ], [ 735100.290791014907882, 5863511.58230627886951 ], [ 735101.232015323708765, 5863511.605473132804036 ], [ 735102.174550909199752, 5863511.641751408576965 ], [ 735103.117009164183401, 5863511.68530513998121 ], [ 735104.059343687724322, 5863511.740499672479928 ], [ 735104.998684452963062, 5863511.804393741302192 ], [ 735105.866889688652009, 5863511.873347841203213 ], [ 735106.878445297363214, 5863511.967119785025716 ], [ 735107.816010818234645, 5863512.06155539304018 ], [ 735108.753437158185989, 5863512.169086905196309 ], [ 735109.687869755201973, 5863512.285317969508469 ], [ 735110.623613662435673, 5863512.414660457521677 ], [ 735111.556379298679531, 5863512.551247376948595 ], [ 735112.487570751807652, 5863512.699459583498538 ], [ 735113.415753007284366, 5863512.857826446183026 ], [ 735114.345277518848889, 5863513.026394521817565 ], [ 735115.197988310363144, 5863513.188319749198854 ], [ 735116.193863954627886, 5863513.392524019815028 ], [ 735117.117277335026301, 5863513.590131994336843 ], [ 735118.764061216614209, 5863513.971565771847963 ], [ 735125.192380963591859, 5863515.699338279664516 ], [ 735132.899990630103275, 5863518.536612577736378 ], [ 735139.106595100834966, 5863521.608137719333172 ], [ 735144.692290812614374, 5863524.546410702168941 ], [ 735151.385904977680184, 5863528.749523680657148 ], [ 735157.195696931215934, 5863533.94441741425544 ], [ 735163.153159848297946, 5863540.396797551773489 ], [ 735166.139611231978051, 5863544.39873615000397 ], [ 735166.700582373188809, 5863545.122187797911465 ], [ 735167.317210703738965, 5863545.932096178643405 ], [ 735167.880712050246075, 5863546.690501719713211 ], [ 735168.392552334931679, 5863547.395964813418686 ], [ 735168.939990288577974, 5863548.164385677315295 ], [ 735169.521529073826969, 5863549.000114167109132 ], [ 735170.049940839642659, 5863549.784339825622737 ], [ 735170.572519829147495, 5863550.571413734927773 ], [ 735171.086318690679036, 5863551.365670246072114 ], [ 735171.588467356748879, 5863552.1641680970788 ], [ 735172.083286382840015, 5863552.969864076934755 ], [ 735172.570806679548696, 5863553.779847918078303 ], [ 735173.048111810814589, 5863554.595543747767806 ], [ 735173.481070069479756, 5863555.352554184384644 ], [ 735173.976443491177633, 5863556.242662782780826 ], [ 735174.426019547157921, 5863557.074070492759347 ], [ 735175.030345276114531, 5863558.222929353825748 ] ], [ [ 731573.692900378140621, 5864337.41723233833909 ], [ 731635.214877086924389, 5864338.10012882295996 ], [ 731698.348430278943852, 5864339.069714328274131 ], [ 731710.411121003795415, 5864341.629658497869968 ], [ 731718.950998787768185, 5864347.113768656738102 ], [ 731731.378228676388972, 5864365.313342344015837 ], [ 731751.117718823486939, 5864402.729966850951314 ], [ 731774.304456621874124, 5864444.498818144202232 ], [ 731784.894926051143557, 5864458.902748658321798 ], [ 731793.108971869340166, 5864467.905415283516049 ], [ 731796.576682384242304, 5864471.703237669542432 ], [ 731804.568182153976522, 5864477.991949675604701 ], [ 731810.688587400363758, 5864483.449251598678529 ], [ 731836.248169560101815, 5864504.757692073471844 ], [ 731882.055144698591903, 5864542.196871512569487 ], [ 731922.564900717581622, 5864572.566413204185665 ], [ 731967.822644824511372, 5864610.805672231130302 ], [ 731993.640958501957357, 5864633.195313155651093 ], [ 732028.784104463411495, 5864663.236071182414889 ], [ 732045.285344510455616, 5864677.436091096140444 ], [ 732062.057913957745768, 5864691.639099502004683 ], [ 732097.458156277425587, 5864722.488952022045851 ], [ 732122.211036114371382, 5864744.058926682919264 ], [ 732156.555893139331602, 5864773.282925371080637 ], [ 732181.850236045080237, 5864794.588105301372707 ], [ 732203.433269342407584, 5864811.270414882339537 ], [ 732216.761835883953609, 5864820.853430445306003 ], [ 732229.581725294934586, 5864828.003051059320569 ], [ 732245.343391536385752, 5864836.532890412025154 ], [ 732257.905311023117974, 5864842.601109490729868 ], [ 732275.306765671004541, 5864848.724117055535316 ], [ 732287.091651316615753, 5864852.088142586871982 ], [ 732303.174893724615686, 5864855.771700445562601 ], [ 732319.00606838427484, 5864857.83101989608258 ], [ 732329.201289141899906, 5864859.561865570023656 ], [ 732360.875470038386993, 5864862.33708125166595 ], [ 732407.597748792730272, 5864865.548564513213933 ], [ 732445.721775849116966, 5864868.662281521596014 ], [ 732477.388591934228316, 5864872.515524856746197 ], [ 732505.28491751360707, 5864877.136455367319286 ], [ 732529.680656694225036, 5864882.255897630006075 ], [ 732549.247084893053398, 5864886.785111473873258 ], [ 732571.184793059248477, 5864895.65156361926347 ], [ 732587.212355696246959, 5864904.453035751357675 ] ], [ [ 733237.300051127793267, 5866020.138793352991343 ], [ 733237.400912945042364, 5866021.007488489151001 ], [ 733237.418899049051106, 5866022.025215991772711 ], [ 733237.346267832675949, 5866022.969169979915023 ], [ 733237.199105381034315, 5866023.82788039278239 ], [ 733236.933047248166986, 5866024.811939021572471 ], [ 733236.625261360313743, 5866025.62959301751107 ], [ 733236.180033723358065, 5866026.543278925120831 ], [ 733235.682306512258947, 5866027.347214750014246 ], [ 733235.159630985115655, 5866028.043156823143363 ], [ 733234.475242952932604, 5866028.798473481088877 ], [ 733233.771899573504925, 5866029.428393349982798 ], [ 733233.075527623528615, 5866029.950667712837458 ], [ 733232.270653971005231, 5866030.442644037306309 ], [ 733231.423074044636451, 5866030.858458010479808 ], [ 733230.54010547825601, 5866031.192366681993008 ], [ 733229.630516811739653, 5866031.438642924651504 ], [ 733228.701578340027481, 5866031.595910376869142 ], [ 733227.687952361186035, 5866031.66782305482775 ], [ 733226.746525216964073, 5866031.638624751009047 ], [ 733225.926264409907162, 5866031.542330933734775 ], [ 733225.005466796923429, 5866031.35031948890537 ], [ 733224.03513479907997, 5866031.042767263948917 ], [ 733223.168526874971576, 5866030.670840594917536 ], [ 733222.405422042589635, 5866030.254916894249618 ], [ 733221.618820117553696, 5866029.731015105731785 ], [ 733220.886690722196363, 5866029.134922961704433 ], [ 733220.164592759916559, 5866028.416661747731268 ], [ 733219.377207267214544, 5866027.429839772172272 ], [ 733218.853741671424359, 5866026.592923720367253 ], [ 733218.430498518166132, 5866025.746911719441414 ], [ 733218.088900267495774, 5866024.865398489870131 ], [ 733217.833236446138471, 5866023.954253647476435 ], [ 733217.664847425185144, 5866023.023681717924774 ], [ 733217.586556042660959, 5866022.080992005765438 ], [ 733217.591674695606343, 5866021.207630468532443 ], [ 733217.695534537080675, 5866020.19414427690208 ], [ 733217.865897378418595, 5866019.337143443524837 ], [ 733218.157947315019555, 5866018.365015237592161 ], [ 733218.518614091328345, 5866017.488256223499775 ], [ 733218.958638019044884, 5866016.653122871182859 ], [ 733219.475101506453939, 5866015.861039009876549 ], [ 733220.016497115255333, 5866015.178404413163662 ], [ 733220.669627295807004, 5866014.495533631183207 ], [ 733221.440090395160951, 5866013.831411776132882 ], [ 733222.508602295303717, 5866013.113770748488605 ], [ 733220.946459051920101, 5866010.243561069481075 ], [ 733212.727985538891517, 5865999.640844913199544 ], [ 733200.178380090394057, 5865992.223942238837481 ], [ 733178.491094263852574, 5865984.707257243804634 ], [ 733154.116785066667944, 5865977.162632967345417 ], [ 733146.892588866990991, 5865974.697855148464441 ], [ 733106.728002450894564, 5865960.99774824641645 ], [ 733071.646633657859638, 5865949.02999153546989 ], [ 732988.398110936512239, 5865918.732275291346014 ] ], [ [ 731913.451915118144825, 5865950.129993732087314 ], [ 731913.123375877155922, 5865950.976479424163699 ], [ 731912.631841752212495, 5865951.866287997923791 ], [ 731912.113354207482189, 5865952.568014816381037 ], [ 731911.405915877548978, 5865953.29822039976716 ], [ 731910.666707412572578, 5865953.882505769841373 ], [ 731909.853173177689314, 5865954.364070618525147 ], [ 731909.057102835969999, 5865954.70899408031255 ], [ 731908.148775797453709, 5865954.969701177440584 ], [ 731907.217127982759848, 5865955.107872425578535 ], [ 731906.204124141018838, 5865955.122865637764335 ], [ 731905.392590319388546, 5865955.026544484309852 ], [ 731904.408583036274649, 5865954.779834670946002 ], [ 731903.417630946147256, 5865954.372922327369452 ] ], [ [ 735609.533529943204485, 5863873.548154997639358 ], [ 735609.008721101679839, 5863874.338640324771404 ], [ 735608.422061833320186, 5863875.078986164182425 ], [ 735607.775064216228202, 5863875.763387233018875 ], [ 735607.066293086390942, 5863876.39037289749831 ], [ 735606.307445111102425, 5863876.951335562393069 ], [ 735605.565660737338476, 5863877.407695479691029 ], [ 735604.724127177149057, 5863877.830976587720215 ], [ 735603.847114558680914, 5863878.17965792119503 ], [ 735602.943372326670215, 5863878.449466545134783 ], [ 735602.020168611663394, 5863878.639024456031621 ], [ 735601.010732219787315, 5863878.751987153664231 ], [ 735600.141563563724048, 5863878.770390019752085 ], [ 735599.252856572507881, 5863878.715818019583821 ], [ 735598.247655560378917, 5863878.565409398637712 ], [ 735597.333173054037616, 5863878.34174379426986 ], [ 735596.439875242067501, 5863878.035349302925169 ], [ 735595.579304959974252, 5863877.652170119807124 ], [ 735594.752866609953344, 5863877.19658721331507 ], [ 735593.970714018098079, 5863876.668708662502468 ], [ 735593.237152667716146, 5863876.072946321219206 ], [ 735592.559342966065742, 5863875.418108429759741 ], [ 735591.943102477467619, 5863874.702801594510674 ], [ 735591.431208932655863, 5863873.997337218374014 ], [ 735590.906579568982124, 5863873.124373637139797 ], [ 735590.524630895350128, 5863872.340248679742217 ], [ 735590.160407820600085, 5863871.388948737643659 ], [ 735589.906010661739856, 5863870.478111719712615 ], [ 735589.658799511147663, 5863868.887709410861135 ], [ 735589.622245511971414, 5863867.954450209625065 ], [ 735589.676502262009308, 5863866.939203374087811 ], [ 735589.814059550059028, 5863866.003431245684624 ], [ 735590.032693314482458, 5863865.083075375296175 ], [ 735590.329425509553403, 5863864.185380733571947 ], [ 735590.704209952033125, 5863863.314712815918028 ], [ 735591.115615919814445, 5863862.547763458453119 ], [ 735591.777449494344182, 5863861.557902262546122 ], [ 735592.357983969384804, 5863860.848055521026254 ], [ 735593.072137441020459, 5863860.123622035607696 ], [ 735593.790877405437641, 5863859.514208771288395 ], [ 735594.501272109569982, 5863859.008035399019718 ], [ 735595.375670231180266, 5863858.494875204749405 ], [ 735596.230026462697424, 5863858.093562407419086 ], [ 735597.116914209444076, 5863857.77118374966085 ], [ 735597.956415247172117, 5863857.539986798539758 ], [ 735598.883753046160564, 5863857.370848466642201 ], [ 735599.892940828227438, 5863857.281169013120234 ], [ 735600.838770637870766, 5863857.283956638537347 ], [ 735601.704020636854693, 5863857.361564117483795 ], [ 735602.704606100101955, 5863857.536663573235273 ], [ 735603.614458014140837, 5863857.786474844440818 ], [ 735604.497369446209632, 5863858.114587408490479 ], [ 735605.282617738004774, 5863858.486776100471616 ], [ 735606.162155670928769, 5863858.996769401244819 ], [ 735607.356735961511731, 5863859.895778234116733 ], [ 735624.739812380867079, 5863840.200871125794947 ], [ 735663.413590295938775, 5863799.33037050254643 ], [ 735721.198389848228544, 5863738.262386472895741 ], [ 735762.502805418218486, 5863694.229849968105555 ], [ 735792.405311370268464, 5863661.123460595495999 ], [ 735821.187320968485437, 5863632.589383258484304 ], [ 735836.910727874143049, 5863619.281699348241091 ], [ 735859.127064792788588, 5863601.726511540822685 ], [ 735871.307898440165445, 5863593.230246656574309 ], [ 735890.779478902812116, 5863581.040660227648914 ], [ 735922.558495138422586, 5863557.687095444649458 ], [ 735906.328115544980392, 5863558.832010618411005 ] ], [ [ 734829.189755040104501, 5864745.490114378742874 ], [ 734807.317356137325987, 5864755.768362873233855 ], [ 734797.613728347234428, 5864760.55901254247874 ], [ 734783.274835256277584, 5864767.640318223275244 ], [ 734760.327335235080682, 5864777.63766956422478 ], [ 734655.882592423353344, 5864820.186144407838583 ], [ 734595.674847412621602, 5864846.766726845875382 ], [ 734561.942634675535373, 5864860.152486841194332 ], [ 734510.637137961806729, 5864883.32062313798815 ], [ 734474.584193888236769, 5864900.820582171902061 ], [ 734463.908314252272248, 5864906.000735905021429 ], [ 734414.201039423700422, 5864930.53490530140698 ], [ 734347.992028227658011, 5864965.405576205812395 ], [ 734329.069740693201311, 5864976.213950055651367 ], [ 734310.578054199111648, 5864986.776592338457704 ], [ 734302.994223049725406, 5864991.10791349131614 ], [ 734200.330913651268929, 5865052.564031627029181 ], [ 734191.141313649481162, 5865058.065660027787089 ], [ 734147.590858803247102, 5865084.822364104911685 ], [ 734094.833825629320927, 5865117.94927579537034 ], [ 734025.585813133395277, 5865160.330978443846107 ], [ 733931.178008034126833, 5865218.078372729942203 ], [ 733849.085955010144971, 5865265.190360454842448 ], [ 733844.761518392711878, 5865267.673254108056426 ], [ 733803.009247890906408, 5865291.633308693766594 ], [ 733753.210713157779537, 5865324.252480858005583 ], [ 733719.405594782438129, 5865344.372832807712257 ], [ 733711.388792228186503, 5865349.643793666735291 ], [ 733698.023564423550852, 5865358.428677011281252 ], [ 733690.695447572739795, 5865365.089913080446422 ], [ 733681.607253143098205, 5865375.251642877236009 ], [ 733674.873978917021304, 5865386.754807870835066 ], [ 733669.922102032229304, 5865397.485491699539125 ], [ 733656.727731762919575, 5865424.841238778084517 ], [ 733640.47179335472174, 5865461.866825764998794 ], [ 733630.826100073871203, 5865484.137559554539621 ], [ 733618.182841880130582, 5865510.419445861130953 ], [ 733605.301684786216356, 5865533.464431437663734 ], [ 733603.574691882939078, 5865536.180758565664291 ], [ 733594.914670062833466, 5865549.797064187936485 ], [ 733581.807231198414229, 5865569.063779567368329 ], [ 733563.522893430432305, 5865594.74738153629005 ], [ 733551.5078575250227, 5865612.408828406594694 ], [ 733530.203882714034989, 5865643.991347281262279 ], [ 733524.706157417269424, 5865655.522748691961169 ], [ 733521.663369671325199, 5865663.57861018832773 ], [ 733517.500358090386726, 5865675.664595697075129 ], [ 733514.97688539896626, 5865685.343339032493532 ], [ 733513.318206556607038, 5865691.130384339950979 ], [ 733509.272172965458594, 5865715.746401011012495 ], [ 733507.416916503221728, 5865738.371705978177488 ], [ 733505.529603392235003, 5865763.69258801266551 ], [ 733504.316066037514247, 5865776.620143409818411 ], [ 733502.561329683056101, 5865789.812580594792962 ], [ 733495.887814952875488, 5865810.499104933813214 ], [ 733490.290836067986675, 5865830.92663587257266 ], [ 733477.486275111907162, 5865872.037965132854879 ], [ 733474.353000888950191, 5865888.180740780197084 ], [ 733467.180171465850435, 5865918.795583138242364 ], [ 733461.018374442006461, 5865944.341200011782348 ], [ 733456.565611902857199, 5865966.424947381950915 ], [ 733457.445263325818814, 5865966.66452260967344 ], [ 733458.396278236759827, 5865967.014051143079996 ], [ 733459.248018838348798, 5865967.419270579703152 ], [ 733460.06418246019166, 5865967.893975574523211 ], [ 733460.778500654967502, 5865968.393774121068418 ], [ 733461.504774772096425, 5865968.995600847527385 ], [ 733462.178155759465881, 5865969.657990576699376 ], [ 733462.789985527982935, 5865970.376482012681663 ], [ 733463.381773011526093, 5865971.203931796364486 ], [ 733463.856133160064928, 5865972.021369147114456 ], [ 733464.263327449909411, 5865972.877378923818469 ], [ 733464.572318015620112, 5865973.690104751847684 ], [ 733464.835291975061409, 5865974.598405084572732 ], [ 733465.016780073055997, 5865975.527653750963509 ], [ 733465.121229416341521, 5865976.469165043905377 ], [ 733465.139241898083128, 5865977.486886934377253 ], [ 733465.076807567384094, 5865978.429493095725775 ], [ 733464.931751268915832, 5865979.363921482115984 ], [ 733464.708488623029552, 5865980.284397406503558 ], [ 733464.371379548683763, 5865981.266228671185672 ], [ 733463.999446657951921, 5865982.113757561892271 ], [ 733463.543566776323132, 5865982.941448701545596 ], [ 733462.97577935946174, 5865983.785389895550907 ], [ 733462.383040930493735, 5865984.521338513121009 ], [ 733461.781264060060494, 5865985.153834820725024 ], [ 733461.019432586035691, 5865985.826803673990071 ], [ 733460.320223115733825, 5865986.344695491716266 ], [ 733459.456874017370865, 5865986.878268612548709 ], [ 733458.676317726145498, 5865987.270085451193154 ], [ 733457.803298018407077, 5865987.624503356404603 ], [ 733456.829361483221874, 5865987.918139221146703 ], [ 733455.979963007615879, 5865988.101042752154171 ], [ 733454.973031527362764, 5865988.225459198467433 ], [ 733454.103491482557729, 5865988.258207216858864 ], [ 733453.14629741339013, 5865988.211393573321402 ], [ 733452.284119828604162, 5865988.100108288228512 ], [ 733451.291029246523976, 5865987.884043611586094 ], [ 733450.458009061170742, 5865987.626050958409905 ], [ 733449.51751063996926, 5865987.243154397234321 ], [ 733448.741136117372662, 5865986.846032149158418 ], [ 733447.939716452965513, 5865986.349650280550122 ], [ 733447.184014596627094, 5865985.785348744131625 ], [ 733446.426623611943796, 5865985.108940721489489 ], [ 733445.781108738970943, 5865984.419193933717906 ], [ 733445.197098251548596, 5865983.677712033502758 ], [ 733444.676011539879255, 5865982.887421877123415 ], [ 733444.257670360500924, 5865982.122997218742967 ], [ 733443.806175103527494, 5865981.069985263049603 ] ], [ [ 735030.993094354518689, 5863709.878334171138704 ], [ 735061.694641082547605, 5863701.347049506381154 ], [ 735069.661738320370205, 5863680.614142993465066 ] ], [ [ 731573.692900378140621, 5864337.41723233833909 ], [ 731574.684664125437848, 5864295.916838865727186 ], [ 731575.196126349503174, 5864249.558982995338738 ], [ 731575.374549228465185, 5864233.387052291072905 ], [ 731577.168954302673228, 5864157.531306689605117 ], [ 731576.882134511135519, 5864096.741025199182332 ], [ 731577.395094597013667, 5864060.240025931037962 ], [ 731578.143627671175636, 5864006.72563932929188 ], [ 731578.788850791286677, 5863948.24184322077781 ] ], [ [ 738309.797482956317253, 5864012.016953939571977 ], [ 738329.204467033501714, 5864006.01758308056742 ], [ 738351.787803742685355, 5863999.521219523623586 ], [ 738354.534868692513555, 5863998.731672850437462 ], [ 738364.255802493193187, 5863996.221125524491072 ], [ 738387.671499310177751, 5863990.178606355562806 ], [ 738402.865629716194235, 5863987.702671546489 ], [ 738437.71797054912895, 5863982.019614098593593 ], [ 738527.621188882389106, 5863967.362591413781047 ] ], [ [ 731632.050750316702761, 5863762.21324163954705 ], [ 731613.083412540028803, 5863753.353748221881688 ], [ 731526.462205777061172, 5863712.897410089150071 ], [ 731476.63817689451389, 5863689.530244861729443 ], [ 731447.271936736535281, 5863677.059212849475443 ], [ 731420.941477110842243, 5863668.053481160663068 ], [ 731394.687804741435684, 5863661.292619015090168 ], [ 731373.793485817499459, 5863655.666787974536419 ], [ 731346.532599866739474, 5863651.051347843371332 ] ], [ [ 732757.012678124243394, 5865227.657745302654803 ], [ 732825.245011002756655, 5865205.220148266293108 ], [ 732898.651118002133444, 5865176.371697520837188 ], [ 732908.86321530782152, 5865172.061546895653009 ], [ 732953.4531520701712, 5865153.24613494053483 ], [ 733003.401948047918268, 5865131.68722774554044 ], [ 733083.900476456154138, 5865093.209487550891936 ], [ 733166.320886485977098, 5865050.707232703454792 ], [ 733243.630981996306218, 5865008.68865161575377 ], [ 733333.372017048182897, 5864960.066053543239832 ], [ 733379.873587947222404, 5864934.155205971561372 ], [ 733419.063031738391146, 5864913.28358755633235 ], [ 733497.991184377577156, 5864870.471790167503059 ], [ 733504.0788167885039, 5864867.00552593357861 ], [ 733545.019098528311588, 5864843.695672430098057 ], [ 733635.030251198797487, 5864796.213498720899224 ], [ 733801.921423360006884, 5864712.640842163935304 ], [ 733806.771677010925487, 5864710.211863307282329 ], [ 733839.88452465843875, 5864689.328295732848346 ] ], [ [ 735609.530628854874521, 5863873.54812413174659 ], [ 735626.169589925906621, 5863882.804990319535136 ], [ 735709.823701893677935, 5863924.934489192441106 ], [ 735732.264749486232176, 5863937.032579600811005 ], [ 735759.800452845171094, 5863950.261705057695508 ], [ 735769.688466335530393, 5863955.218868357129395 ], [ 735788.4039105536649, 5863964.046402306295931 ], [ 735799.636655709939077, 5863969.01490799896419 ], [ 735813.567181101650931, 5863972.937992150895298 ], [ 735830.185578224714845, 5863976.617434819228947 ], [ 735861.035626631695777, 5863981.257043831981719 ], [ 735896.358678178279661, 5863985.30945582035929 ], [ 735912.8291795484256, 5863987.197089941240847 ], [ 735943.683580078533851, 5863991.568671346642077 ], [ 735965.42363084317185, 5863993.685256485827267 ], [ 736014.057282594032586, 5863999.934679437428713 ], [ 736027.139656132436357, 5864001.615931358188391 ], [ 736078.264365559793077, 5864008.686009568162262 ], [ 736085.937972432584502, 5864011.239890837110579 ], [ 736099.544758316013031, 5864017.134029521606863 ], [ 736108.895781134720892, 5864022.689133395440876 ], [ 736116.484672266873531, 5864027.783155212178826 ], [ 736122.607139361673035, 5864032.714666079729795 ], [ 736128.277792988112196, 5864038.673247377388179 ], [ 736132.762753870338202, 5864045.502690875902772 ], [ 736137.08877741091419, 5864053.513667813502252 ], [ 736139.236905970261432, 5864059.487383448518813 ], [ 736139.802082016831264, 5864061.063702678307891 ], [ 736140.894923201878555, 5864068.889130024239421 ], [ 736145.121063193771988, 5864100.345096029341221 ], [ 736148.60623295744881, 5864118.518839334137738 ], [ 736153.685654986300506, 5864138.776119760237634 ], [ 736159.868892521015368, 5864165.681665680371225 ], [ 736162.552640232723206, 5864176.32562555000186 ], [ 736164.248671619221568, 5864182.390691851265728 ], [ 736167.120654790778644, 5864189.204624519683421 ], [ 736175.233925118693151, 5864201.570992891676724 ] ], [ [ 733678.798900966299698, 5864599.904252241365612 ], [ 733621.138367841369472, 5864589.574230041354895 ], [ 733592.987082148669288, 5864583.877214138396084 ], [ 733573.414941986673512, 5864579.891869585961103 ], [ 733565.913702656980604, 5864577.651857864111662 ], [ 733561.657625941908918, 5864573.563772051595151 ], [ 733561.166557687451132, 5864572.28490786626935 ], [ 733559.046739940531552, 5864566.795164696872234 ], [ 733559.924649492371827, 5864560.067414855584502 ], [ 733561.596048737992533, 5864554.423878820613027 ], [ 733570.257083505857736, 5864539.957727150991559 ], [ 733602.936775217065588, 5864558.498896754346788 ], [ 733678.798900966299698, 5864599.904252241365612 ], [ 733725.362819512956776, 5864628.597824092023075 ], [ 733752.834715760545805, 5864643.635524676181376 ], [ 733778.284760205424391, 5864657.278718353249133 ], [ 733796.273385515087284, 5864667.270648140460253 ], [ 733804.210186030599289, 5864671.513569422066212 ], [ 733839.88452465843875, 5864689.328295732848346 ], [ 733879.545017116470262, 5864667.352701287716627 ], [ 733956.108812953112647, 5864624.480344991199672 ], [ 734021.91637396090664, 5864587.050977718085051 ], [ 734077.502227865275927, 5864555.435871111229062 ], [ 734113.436786629376002, 5864531.748403518460691 ], [ 734196.316448581404984, 5864477.123274829238653 ], [ 734199.820281100459397, 5864474.813500446267426 ], [ 734276.344150436925702, 5864429.812482264824212 ], [ 734292.584991315961815, 5864418.935218219645321 ], [ 734319.668824346852489, 5864399.011553185991943 ], [ 734343.806265523075126, 5864378.248314132913947 ], [ 734358.461292334017344, 5864364.655540443025529 ], [ 734373.145084915682673, 5864348.373462309129536 ], [ 734383.213192501338199, 5864337.166147207841277 ], [ 734411.761105956393294, 5864305.390747703611851 ], [ 734456.378840118413791, 5864253.846560794860125 ], [ 734535.1189019754529, 5864163.965151338838041 ], [ 734585.040725224884227, 5864106.978363547474146 ], [ 734683.395852868445218, 5863992.013969914056361 ], [ 734684.897205921704881, 5863990.261843990534544 ], [ 734702.072693966794759, 5863966.994794714264572 ], [ 734720.044508929480799, 5863944.817652970552444 ], [ 734731.515326104126871, 5863927.149229184724391 ], [ 734739.728470720350742, 5863912.951765051111579 ], [ 734769.140562699758448, 5863876.071971676312387 ], [ 734801.762596646556631, 5863840.300722540356219 ], [ 734834.362793438252993, 5863806.688969719223678 ], [ 734854.092975692823529, 5863789.609906014986336 ], [ 734879.869346710620448, 5863772.687355327419937 ], [ 734883.923379294923507, 5863770.025386250577867 ], [ 734904.220455993548967, 5863756.228281858377159 ], [ 734919.087347210501321, 5863747.761985024437308 ], [ 734935.845585536793806, 5863738.508241070434451 ], [ 734955.545595841947943, 5863730.361473057419062 ], [ 734979.276511879055761, 5863722.262214715592563 ], [ 735030.993094354518689, 5863709.878334171138704 ], [ 735036.86635553848464, 5863705.292951612733305 ], [ 735040.444064013543539, 5863698.30647449940443 ], [ 735042.761443697265349, 5863689.790079790167511 ], [ 735046.383682729210705, 5863666.613824483007193 ] ], [ [ 735367.647839450510219, 5864682.804663805291057 ], [ 735201.320793032529764, 5864726.061881033703685 ], [ 735057.53624008980114, 5864729.108163980767131 ], [ 734895.924952177680098, 5864680.364492038264871 ], [ 734882.89858012390323, 5864671.8529521683231 ], [ 734878.689902664744295, 5864668.020689466968179 ], [ 734870.898583291447721, 5864662.195310974493623 ], [ 734844.544758955482394, 5864647.296839472837746 ], [ 734823.511010378366336, 5864635.957243748940527 ], [ 734808.985587163711898, 5864629.259066221304238 ], [ 734797.150196157512255, 5864624.449822163209319 ], [ 734789.634102774783969, 5864621.39418463408947 ], [ 734767.344116159365512, 5864613.721858928911388 ], [ 734748.002174129942432, 5864608.504480663686991 ], [ 734726.153319396311417, 5864603.549771651625633 ], [ 734702.321600471739657, 5864599.917094529606402 ], [ 734692.721267540589906, 5864598.984332853928208 ], [ 734684.457235275185667, 5864598.179446343332529 ], [ 734669.000857687788084, 5864597.42970008123666 ], [ 734654.069663186208345, 5864597.360904253087938 ], [ 734637.433441044995561, 5864598.13538262154907 ], [ 734615.862593678175472, 5864600.300578952766955 ], [ 734602.970350600895472, 5864602.081677724607289 ], [ 734593.118299262598157, 5864603.796488889493048 ], [ 734580.216366331325844, 5864606.347388532944024 ], [ 734564.075483149965294, 5864610.591050966642797 ], [ 734551.610081534367055, 5864614.105755919590592 ], [ 734522.543357673101127, 5864623.400414678268135 ], [ 734487.374259757925756, 5864634.738242183811963 ], [ 734449.955330564756878, 5864647.112741027027369 ], [ 734382.211637232452631, 5864669.435840996913612 ], [ 734337.437472766265273, 5864684.033167476765811 ], [ 734320.4657605397515, 5864689.693821005523205 ], [ 734294.725728608318605, 5864698.274121167138219 ], [ 734256.411027562571689, 5864710.923490133136511 ], [ 734210.11653005273547, 5864725.601339415647089 ], [ 734191.638269526185468, 5864731.163991576060653 ], [ 734172.895702517475002, 5864736.342416296713054 ], [ 734167.003992971032858, 5864737.80992245581001 ], [ 734160.703529534512199, 5864739.376347057521343 ], [ 734144.846273406292312, 5864742.565685068257153 ], [ 734127.022085166187026, 5864745.444091877900064 ], [ 734108.583377434872091, 5864747.451261664740741 ], [ 734090.41534437937662, 5864748.976643941365182 ], [ 734074.852859179256484, 5864749.573917721398175 ], [ 734053.128326585632749, 5864749.520852377638221 ], [ 734045.443267677328549, 5864749.239761949516833 ], [ 734028.473770070122555, 5864747.513332133181393 ], [ 734011.607484197011217, 5864744.824456568807364 ], [ 734000.092191743315198, 5864743.058030172251165 ], [ 733982.607911195605993, 5864739.689977009780705 ], [ 733964.590670483419672, 5864735.829987620003521 ], [ 733948.72204451856669, 5864731.710870018228889 ], [ 733933.308962595183402, 5864726.921316869556904 ], [ 733921.906815769150853, 5864723.138720413669944 ], [ 733905.256953044678085, 5864716.795826192013919 ], [ 733885.600090462598018, 5864708.24292101804167 ], [ 733878.070666380575858, 5864704.695824042893946 ], [ 733867.663026225869544, 5864699.912388551048934 ], [ 733866.922877070377581, 5864701.818316753022373 ], [ 733839.88452465843875, 5864689.328295732848346 ] ], [ [ 731731.968834850005805, 5865307.877207336947322 ], [ 731764.479659816250205, 5865312.416513632051647 ], [ 731781.127057646517642, 5865313.678108165971935 ], [ 731849.386302413186058, 5865313.357003307901323 ], [ 731930.238955677836202, 5865316.676816239021719 ], [ 732043.326347965397872, 5865320.893594792112708 ], [ 732076.911791827180423, 5865321.533917560242116 ], [ 732118.01807227160316, 5865322.257151396013796 ], [ 732133.350168994977139, 5865322.004300596192479 ], [ 732166.937103795469739, 5865321.450714985840023 ], [ 732207.645233658375219, 5865320.771772942505777 ], [ 732262.173178921802901, 5865317.489591487683356 ], [ 732286.459615553962067, 5865315.731132769957185 ], [ 732290.591554696904495, 5865315.367654290050268 ], [ 732302.916027026134543, 5865314.299710287712514 ], [ 732332.456291720154695, 5865311.750415004789829 ], [ 732395.112263176590204, 5865304.629789861850441 ], [ 732507.797953598201275, 5865286.385276839137077 ], [ 732592.633147879387252, 5865269.524789452552795 ], [ 732648.38994638598524, 5865256.897300864569843 ], [ 732672.103235396323726, 5865251.526040975935757 ], [ 732711.18115416704677, 5865241.170615623705089 ], [ 732757.012693984783255, 5865227.656289907172322 ] ], [ [ 731729.345224461285397, 5865297.234036641195416 ], [ 731729.888085556100123, 5865298.005689062178135 ], [ 731730.345639698090963, 5865298.750195411033928 ], [ 731730.78477466001641, 5865299.586199093610048 ], [ 731731.16407530696597, 5865300.453562296926975 ], [ 731731.483653843402863, 5865301.342097211629152 ], [ 731731.763067616499029, 5865302.320432893000543 ], [ 731731.940807098639198, 5865303.17682845517993 ], [ 731732.082060793996789, 5865304.184199947863817 ], [ 731732.148563604569063, 5865305.128152974881232 ], [ 731732.150567113538273, 5865306.000067678280175 ], [ 731732.092271276633255, 5865306.945548620074987 ], [ 731731.967384075280279, 5865307.877191253006458 ] ], [ [ 738309.797482956317253, 5864012.016953939571977 ], [ 738297.921446669730358, 5864017.284910698421299 ], [ 738289.253300633397885, 5864023.932202623225749 ], [ 738282.462414522888139, 5864031.141736317425966 ], [ 738245.94797152117826, 5864082.658227101899683 ], [ 738243.202546560904011, 5864086.533142050728202 ], [ 738225.756813998101279, 5864110.740409970283508 ], [ 738207.210333114373498, 5864137.867453658953309 ], [ 738205.237949077622034, 5864140.770907083526254 ], [ 738203.675198830547743, 5864143.058606832288206 ], [ 738166.60179780353792, 5864197.347978692501783 ], [ 738128.26711717993021, 5864253.481561214663088 ], [ 738123.452034725807607, 5864259.969359435141087 ], [ 738102.995869598118588, 5864290.747400993481278 ], [ 738088.544516933616251, 5864311.354728439822793 ], [ 738076.561112284543924, 5864326.863149508833885 ], [ 738064.024264152161777, 5864343.985720651224256 ], [ 738043.09418331948109, 5864367.489215278066695 ], [ 738031.837133943918161, 5864380.634327070787549 ], [ 738016.195686875493266, 5864396.323199300095439 ], [ 738009.466395004303195, 5864402.150819492526352 ], [ 737990.996193112921901, 5864416.81777061894536 ], [ 737928.598730577738024, 5864448.517557049170136 ], [ 737908.057216495275497, 5864460.164740571752191 ], [ 737804.03756772656925, 5864515.421812072396278 ], [ 737672.74397814553231, 5864583.603982576169074 ] ], [ [ 737283.75202379852999, 5864263.897879312746227 ], [ 737212.915976859279908, 5864263.696050615981221 ], [ 737212.820236509433016, 5864263.695049619302154 ], [ 737149.098014486720785, 5864267.611628510057926 ], [ 737111.55010860436596, 5864267.942029491998255 ], [ 737107.17708650615532, 5864267.980669176205993 ], [ 737091.071921031922102, 5864266.462918848730624 ], [ 737069.603421141626313, 5864263.81489266268909 ], [ 736990.365183317684568, 5864251.289190341718495 ], [ 736914.026539219194092, 5864239.248736602254212 ], [ 736889.841254919534549, 5864235.729101869277656 ], [ 736873.588840615935624, 5864234.289455138146877 ], [ 736834.729007912566885, 5864233.699635848402977 ], [ 736798.231547343661077, 5864232.364551989361644 ], [ 736765.162401774083264, 5864231.154115416109562 ], [ 736714.756662763073109, 5864228.55188602488488 ], [ 736631.097436700132675, 5864225.031925077550113 ], [ 736615.622236518422142, 5864225.161611895076931 ], [ 736564.025630236137658, 5864225.596480582840741 ], [ 736517.693108143284917, 5864231.090146495960653 ], [ 736503.656568378792144, 5864233.621637445874512 ], [ 736426.015374751877971, 5864248.907150361686945 ], [ 736402.521126834559254, 5864254.49258672632277 ], [ 736374.497612573090009, 5864262.977356689050794 ], [ 736355.566263742744923, 5864249.028429570607841 ], [ 736350.21580116788391, 5864246.817972106859088 ], [ 736343.780628391657956, 5864245.670145265758038 ], [ 736337.084115934441797, 5864243.71181005705148 ], [ 736321.774230478797108, 5864243.014599399641156 ], [ 736301.356946002459154, 5864242.799014416523278 ], [ 736281.222107267822139, 5864240.967964286915958 ], [ 736268.87290339381434, 5864240.026862323284149 ], [ 736250.90208223008085, 5864237.14160985685885 ], [ 736232.140189450117759, 5864232.36176928691566 ], [ 736226.510824325261638, 5864230.189043053425848 ], [ 736215.291015859926119, 5864225.177422326058149 ], [ 736201.917909136856906, 5864219.373123688623309 ], [ 736188.564530700678006, 5864211.416492694057524 ], [ 736175.233925118693151, 5864201.570992891676724 ] ] ] } },
{ "type": "Feature", "properties": { "CADRE_NO": "10.025", "DDT_URL": null, "ETC_NOM": "Transports publics de la région lausannoise", "ETC_SIGLE": "TL", "ETC_URL": "https://www.t-l.ch", "GO_CENTRE": 0, "HORAIR_URL": "https://www.tableaux-horaires.ch/fileadmin/fap_pdf_fields/2025/10.025.pdf", "LIGNE_NO": "25", "LIGNE_NOM": "Chavannes-près-Renens - Renens VD - Lausanne - Pully", "LIGNE_SIGL": null, "LIGNE_TYPE": "Trolleybus", "PLAN_URL": "https://prestations.vd.ch/pub/101587/api/download/2_Cartographie_et_geodonnees/2.1_Carte_des_reseaux/Carte_des_lignes_TP/topo/ligne_10.025.pdf", "SHAPE_LEN": 8765.666 }, "geometry": { "type": "MultiLineString", "coordinates": [ [ [ 732260.504872498684563, 5866764.348811257630587 ], [ 732323.954278309480287, 5866781.845896860584617 ] ], [ [ 738851.648878196720034, 5862620.39556422457099 ], [ 738869.240426291595213, 5862609.165084145963192 ], [ 738890.051717998459935, 5862600.524273168295622 ], [ 739118.379991034511477, 5862511.887932294979692 ], [ 739221.92927300510928, 5862471.498695801943541 ], [ 739249.23118655057624, 5862461.384035269729793 ], [ 739320.304314232664183, 5862435.059991945512593 ], [ 739440.09910787967965, 5862389.866770824417472 ], [ 739521.898771624080837, 5862359.084662077948451 ], [ 739538.931658030138351, 5862352.898058723658323 ], [ 739543.798496437142603, 5862351.550765287131071 ], [ 739556.508181613404304, 5862348.026533945463598 ], [ 739575.192529813153669, 5862344.474372736178339 ], [ 739589.492995432810858, 5862342.703657859936357 ], [ 739602.262767088599503, 5862341.122502284124494 ], [ 739626.946063923533075, 5862339.297366532497108 ], [ 739647.844313286943361, 5862339.131721116602421 ], [ 739671.551536613260396, 5862340.884744893759489 ], [ 739696.941739321337081, 5862343.597709770314395 ], [ 739761.417826864751987, 5862350.265559955500066 ], [ 739775.936159244272858, 5862351.76631139870733 ], [ 739829.645694466307759, 5862357.42647448554635 ], [ 739859.254164713085629, 5862360.544118136167526 ], [ 739931.685360597795807, 5862367.439884855411947 ], [ 740035.116131872637197, 5862378.039502993226051 ] ], [ [ 738816.941919356933795, 5862626.888430287130177 ], [ 738809.847520027542487, 5862626.038524301722646 ] ], [ [ 738631.576903712470084, 5862384.686502404510975 ], [ 738627.477551716845483, 5862391.246034557931125 ], [ 738627.97339648543857, 5862404.739799967966974 ], [ 738630.419673441909254, 5862423.807744655758142 ], [ 738633.849970398820005, 5862443.384954996407032 ], [ 738638.90198189986404, 5862465.791602693498135 ], [ 738645.427259221789427, 5862489.659837150946259 ], [ 738651.722414405434392, 5862507.382305078208447 ], [ 738659.029476228519343, 5862524.591376475989819 ], [ 738667.138706935336813, 5862538.534728236496449 ], [ 738676.977284952648915, 5862552.30235427711159 ], [ 738690.63233602012042, 5862568.03581827878952 ], [ 738701.649133138475008, 5862578.930082133971155 ], [ 738715.558144547627307, 5862588.697265643626451 ], [ 738722.572939138975926, 5862592.933944640681148 ], [ 738733.634523373562843, 5862599.592801201157272 ], [ 738743.56617797492072, 5862604.122831716202199 ], [ 738753.890073285321705, 5862607.88421483989805 ], [ 738774.352779755601659, 5862614.642562436871231 ], [ 738809.847520027542487, 5862626.038524301722646 ], [ 738816.941919356933795, 5862626.888430287130177 ], [ 738837.444452250376344, 5862623.797369989566505 ] ], [ [ 732572.309652016498148, 5866666.243697009049356 ], [ 732571.863796581630595, 5866665.344934389926493 ], [ 732571.553461151197553, 5866664.527730220928788 ], [ 732571.303649934008718, 5866663.616564016789198 ], [ 732571.14550611784216, 5866662.683112373575568 ], [ 732571.078230336308479, 5866661.667678616940975 ], [ 732571.103711961535737, 5866660.795932919718325 ], [ 732571.239544437383302, 5866659.785642922855914 ], [ 732571.440374528989196, 5866658.936205521225929 ], [ 732571.770148203941062, 5866657.973176775500178 ], [ 732572.165523426723666, 5866657.115686737000942 ], [ 732572.604751090402715, 5866656.362040566280484 ], [ 732573.157331471564248, 5866655.593626216053963 ], [ 732573.781810080981813, 5866654.885689818300307 ], [ 732574.472335237194784, 5866654.242534445598722 ], [ 732575.224474474671297, 5866653.671390365809202 ], [ 732576.029442339320667, 5866653.179440028965473 ], [ 732576.879983847844414, 5866652.766603674739599 ], [ 732578.602650379878469, 5866652.223593333736062 ], [ 732579.464745605946518, 5866652.081662713550031 ], [ 732580.405803435016423, 5866652.017757073044777 ], [ 732581.421216614311561, 5866652.055118610151112 ], [ 732582.281933945720084, 5866652.172305149026215 ], [ 732583.202512589166872, 5866652.389143790118396 ], [ 732584.093085993314162, 5866652.69591233599931 ], [ 732585.014262415003031, 5866653.123848537914455 ], [ 732585.764046214404516, 5866653.565915348939598 ], [ 732586.528567428234965, 5866654.120240744203329 ], [ 732587.23132040607743, 5866654.749589128419757 ], [ 732587.872400503256358, 5866655.445226773619652 ], [ 732588.477353625232354, 5866656.259843236766756 ], [ 732588.927764989668503, 5866657.007250727154315 ], [ 732589.36466149368789, 5866657.929206001572311 ], [ 732589.656087678624317, 5866658.75056857150048 ], [ 732589.888425100129098, 5866659.667364951223135 ], [ 732590.034152414067648, 5866660.674925417639315 ], [ 732590.075418697786517, 5866661.547404482029378 ], [ 732590.02736350602936, 5866662.493148217909038 ], [ 732589.887990598101169, 5866663.429153949953616 ], [ 732589.6334323938936, 5866664.414847381412983 ], [ 732589.307420566095971, 5866665.299305442720652 ], [ 732588.925852552289143, 5866666.088525986298919 ], [ 732588.436703779967502, 5866666.895490053109825 ], [ 732587.821270109736361, 5866667.705434092320502 ], [ 732586.782344272476621, 5866668.758211851119995 ], [ 732586.00222227408085, 5866669.366901364177465 ], [ 732585.201511136139743, 5866669.867635132744908 ], [ 732584.42522372934036, 5866670.257996105588973 ], [ 732583.476553072920069, 5866670.62025850545615 ], [ 732582.636750366073102, 5866670.846871421672404 ], [ 732581.635039296466857, 5866671.016384717077017 ], [ 732580.692592002800666, 5866671.074452155269682 ], [ 732579.851201512734406, 5866671.047737449407578 ], [ 732578.844074188265949, 5866670.915839455090463 ], [ 732577.998755092499778, 5866670.717296517454088 ], [ 732577.10377938253805, 5866670.414845778606832 ], [ 732576.179604164441116, 5866669.995609788224101 ], [ 732575.3663726990344, 5866669.516449054703116 ], [ 732574.662332005565986, 5866669.005004616454244 ], [ 732573.90349832281936, 5866668.328452236019075 ], [ 732573.312631266424432, 5866667.685773245058954 ], [ 732572.309652016498148, 5866666.243697009049356 ], [ 732560.643700426793657, 5866673.282417811453342 ], [ 732509.689362045261078, 5866687.551113420166075 ], [ 732495.387381509644911, 5866692.786148603074253 ], [ 732484.589687503757887, 5866697.251733504235744 ], [ 732474.308292550733313, 5866703.338935274630785 ], [ 732467.004659476457164, 5866707.572157233022153 ], [ 732457.504893061937764, 5866716.097694645635784 ], [ 732437.716288895346224, 5866731.516847453080118 ], [ 732420.101047700969502, 5866746.31352111697197 ], [ 732400.009037470328622, 5866763.189490171149373 ], [ 732391.062267001834698, 5866770.368640192784369 ], [ 732382.143493596813641, 5866774.854824840091169 ], [ 732371.615590761764906, 5866779.052500478923321 ], [ 732361.112765058409423, 5866780.825040760450065 ], [ 732343.913826964097098, 5866780.635611460544169 ], [ 732323.738494031480514, 5866782.301558985374868 ] ], [ [ 735181.728611906990409, 5863620.586778061464429 ], [ 735179.826071948744357, 5863626.527334408834577 ], [ 735176.336951990728267, 5863635.429929318837821 ], [ 735172.870437590405345, 5863642.203670700080693 ], [ 735168.704984724754468, 5863648.403832330368459 ], [ 735166.26097452652175, 5863651.78310770355165 ], [ 735162.538576379418373, 5863655.741024141199887 ], [ 735161.924999070935883, 5863656.418456012383103 ], [ 735161.229466718388721, 5863657.16341086756438 ], [ 735160.582450246321969, 5863657.847761755809188 ], [ 735159.975200259010307, 5863658.475781032815576 ], [ 735159.258157300762832, 5863659.197221104986966 ], [ 735158.585247807553969, 5863659.86092094797641 ], [ 735157.90519388508983, 5863660.514357287436724 ], [ 735157.217933697858825, 5863661.16335066780448 ], [ 735156.524964131880552, 5863661.803551184013486 ], [ 735155.877547667361796, 5863662.388937249779701 ], [ 735155.116048452444375, 5863663.061876997351646 ], [ 735154.403003357117996, 5863663.6800333019346 ], [ 735153.679897358175367, 5863664.289350209757686 ], [ 735152.95251703215763, 5863664.891344875097275 ], [ 735152.275056833983399, 5863665.43711646553129 ], [ 735151.534760876558721, 5863666.025875273160636 ], [ 735150.790252434206195, 5863666.601491290144622 ], [ 735149.97715254733339, 5863667.215667045675218 ], [ 735149.276793045573868, 5863667.732087641023099 ], [ 735148.452289860346355, 5863668.327222467400134 ], [ 735147.740465251379646, 5863668.830422674305737 ], [ 735146.90455877315253, 5863669.406516554765403 ], [ 735146.121396193047985, 5863669.933694047853351 ], [ 735145.392412581015378, 5863670.41342581436038 ], [ 735144.599297246779315, 5863670.921577859669924 ], [ 735143.798991117393598, 5863671.423831755295396 ], [ 735142.994441596325487, 5863671.915853103622794 ], [ 735142.184182714554481, 5863672.399081524461508 ], [ 735141.369664983591065, 5863672.873532540164888 ], [ 735140.549453357351013, 5863673.337735475972295 ], [ 735139.722050942131318, 5863673.796040247194469 ], [ 735138.893321625888348, 5863674.242688345722854 ], [ 735138.055966475512832, 5863674.681967621669173 ], [ 735137.214367946377024, 5863675.111014324240386 ], [ 735136.3699456268223, 5863675.532754249870777 ], [ 735135.519860347616486, 5863675.941335810348392 ], [ 735134.666935819666833, 5863676.344065733253956 ], [ 735133.742735180654563, 5863676.764952289871871 ], [ 735132.879888862255029, 5863677.145746388472617 ], [ 735132.014234226779081, 5863677.51777854654938 ], [ 735131.680551894241944, 5863677.656829860061407 ], [ 735131.211353524588048, 5863677.852644061669707 ], [ 735130.33426476106979, 5863678.208545451052487 ], [ 735129.455880052410066, 5863678.549879850819707 ], [ 735128.574671570910141, 5863678.883907453157008 ], [ 735127.687738299602643, 5863679.210597226396203 ], [ 735126.731041258899495, 5863679.549638537690043 ], [ 735125.908440654631704, 5863679.828991129994392 ], [ 735124.943256912520155, 5863680.147567217238247 ], [ 735124.043732713675126, 5863680.430462842807174 ], [ 735123.209775286610238, 5863680.686408848501742 ], [ 735122.307550996309146, 5863680.950356458313763 ], [ 735121.328310372307897, 5863681.226577986031771 ], [ 735120.416133437305689, 5863681.471499993465841 ], [ 735119.504049243754707, 5863681.707691065967083 ], [ 735118.659013296361081, 5863681.914037781767547 ], [ 735117.670082837459631, 5863682.14649610966444 ], [ 735116.74963567731902, 5863682.350580737926066 ], [ 735115.899060477269813, 5863682.532127750106156 ], [ 735114.868358898092993, 5863682.736488170921803 ], [ 735108.081765058683231, 5863684.132296385243535 ], [ 735098.409195350133814, 5863685.309490153566003 ], [ 735088.571355593740009, 5863684.838953462429345 ], [ 735080.746873363037594, 5863683.839843964204192 ], [ 735069.661738320370205, 5863680.614142993465066 ] ], [ [ 735922.558495138422586, 5863557.687095444649458 ], [ 735945.559743802878074, 5863556.065289095975459 ], [ 735945.515609491849318, 5863555.159634931944311 ], [ 735945.592295172391459, 5863554.214513748884201 ], [ 735945.804413014557213, 5863553.219893471337855 ], [ 735946.098819981329143, 5863552.400779601186514 ], [ 735946.562418854795396, 5863551.494687132537365 ], [ 735947.054531347472221, 5863550.77371790073812 ], [ 735947.732689785421826, 5863550.018338863737881 ], [ 735948.44997510057874, 5863549.404537010006607 ], [ 735949.178889304981567, 5863548.92619966622442 ], [ 735950.090197406127118, 5863548.484722539782524 ], [ 735950.988353475695476, 5863548.190089416690171 ], [ 735951.912796689313836, 5863548.016523285768926 ], [ 735953.626071326085366, 5863548.011399824172258 ], [ 735954.504955846816301, 5863548.169154829345644 ], [ 735955.472207555780187, 5863548.476285214535892 ], [ 735956.323843722115271, 5863548.879693916998804 ], [ 735957.058735710685141, 5863549.348808092996478 ], [ 735957.836661953828298, 5863550.00174396764487 ], [ 735958.473400259739719, 5863550.69975233450532 ], [ 735959.291152480524033, 5863551.978881899267435 ], [ 735959.662031908635981, 5863552.851616887375712 ], [ 735959.899788019480184, 5863553.692379974760115 ], [ 735960.042266065604053, 5863554.626726666465402 ], [ 735960.062795547186397, 5863555.569967860355973 ], [ 735959.961499027558602, 5863556.510462592355907 ], [ 735959.720418846118264, 5863557.500410732813179 ], [ 735959.402866407646798, 5863558.313459069468081 ], [ 735958.662790487869643, 5863559.576077546924353 ], [ 735958.067754780873656, 5863560.290136067196727 ], [ 735957.319227282190695, 5863560.977827824652195 ], [ 735956.543253057287075, 5863561.51678962353617 ], [ 735955.77304021792952, 5863561.921926288865507 ], [ 735954.889004673925228, 5863562.253092164173722 ], [ 735953.971413995139301, 5863562.464568949304521 ], [ 735952.962202516966499, 5863562.560106952674687 ], [ 735952.067508877837099, 5863562.525883162394166 ], [ 735951.208730612648651, 5863562.387259501032531 ], [ 735950.304854722693563, 5863562.123003237880766 ], [ 735949.377899205661379, 5863561.708607928827405 ], [ 735948.635616181185469, 5863561.252511662431061 ], [ 735947.844497244223021, 5863560.612531841732562 ], [ 735947.197467668331228, 5863559.927510372363031 ], [ 735946.642646910739131, 5863559.164881065487862 ], [ 735946.19009644119069, 5863558.333482323214412 ], [ 735945.873708388884552, 5863557.520990501157939 ], [ 735945.559743802878074, 5863556.065289095975459 ] ], [ [ 735922.558495138422586, 5863557.687095444649458 ], [ 735906.328115544980392, 5863558.832010618411005 ] ], [ [ 735959.291152480524033, 5863551.978881899267435 ], [ 735983.380585033330135, 5863538.62584425136447 ], [ 735995.78415916999802, 5863534.443821601569653 ], [ 736027.034372842288576, 5863526.420111832208931 ], [ 736055.070061697275378, 5863517.553127497434616 ], [ 736094.432903674896806, 5863504.49397528078407 ], [ 736116.720168887753971, 5863495.982181240804493 ], [ 736124.646400476922281, 5863492.954674161970615 ], [ 736161.873607881367207, 5863478.522168382070959 ], [ 736207.564794752164744, 5863459.705512057058513 ], [ 736215.57909376884345, 5863456.29758639074862 ], [ 736255.94517269206699, 5863438.824401403777301 ], [ 736264.348756717517972, 5863435.225546981208026 ], [ 736300.386760261841118, 5863418.090663773939013 ], [ 736346.514023161609657, 5863397.608838830143213 ], [ 736397.993587628589012, 5863374.662784304469824 ], [ 736421.700410227058455, 5863364.902157844975591 ], [ 736430.754229632555507, 5863361.532685238867998 ], [ 736442.682041599531658, 5863358.963335349224508 ], [ 736459.784540712018497, 5863356.639160320162773 ], [ 736520.989546904573217, 5863354.655982809141278 ], [ 736526.42128251271788, 5863354.458535204641521 ], [ 736578.775072883698158, 5863352.566523079760373 ], [ 736590.655761065194383, 5863352.416555714793503 ], [ 736602.078330448828638, 5863350.853069562464952 ], [ 736604.701830482925288, 5863350.917064190842211 ], [ 736625.478901268797927, 5863345.936122263781726 ], [ 736689.190112252254039, 5863327.741959475912154 ], [ 736699.553195108193904, 5863324.281212815083563 ], [ 736714.019566675298847, 5863317.117797371000051 ], [ 736731.788501816103235, 5863306.52560262195766 ], [ 736795.191176416352391, 5863262.526179135777056 ], [ 736828.360027302987874, 5863239.229897795245051 ], [ 736889.19103704742156, 5863196.505557879805565 ], [ 736913.423512398963794, 5863181.165634748525918 ], [ 736927.163799570524134, 5863170.140950878150761 ], [ 736939.191137967747636, 5863157.563043300993741 ], [ 736977.800150596653111, 5863117.154951331205666 ], [ 737011.584229076397605, 5863079.391355761326849 ], [ 737030.402325967676006, 5863059.761403409764171 ], [ 737051.533626870368607, 5863039.190888428129256 ], [ 737062.380424635950476, 5863029.484831486828625 ], [ 737076.991762571968138, 5863015.841149739921093 ], [ 737096.941170542500913, 5862998.148259170353413 ], [ 737116.68305056495592, 5862981.991319310851395 ], [ 737136.801756194909103, 5862966.416016232222319 ], [ 737155.558764758170582, 5862952.751654255203903 ], [ 737180.112331746146083, 5862935.297498505562544 ], [ 737205.033254288719036, 5862919.194643210619688 ], [ 737227.626327205798589, 5862905.570311308838427 ], [ 737249.434080616338179, 5862893.67084454651922 ], [ 737260.535655597341247, 5862887.608204357326031 ], [ 737285.832139496691525, 5862876.660428890958428 ], [ 737305.078616165788844, 5862871.279448663815856 ], [ 737337.855594271677546, 5862863.250156869180501 ], [ 737342.016149262781255, 5862862.231324603781104 ], [ 737358.557575663551688, 5862858.363013500347733 ], [ 737443.736008153995499, 5862842.118635587394238 ], [ 737478.534141384880058, 5862834.991748847067356 ], [ 737577.760180686484091, 5862814.851563670672476 ] ], [ [ 735030.993094354518689, 5863709.878334171138704 ], [ 735061.694641082547605, 5863701.347049506381154 ], [ 735069.661738320370205, 5863680.614142993465066 ] ], [ [ 732757.012678124243394, 5865227.657745302654803 ], [ 732825.245011002756655, 5865205.220148266293108 ], [ 732898.651118002133444, 5865176.371697520837188 ], [ 732908.86321530782152, 5865172.061546895653009 ], [ 732953.4531520701712, 5865153.24613494053483 ], [ 733003.401948047918268, 5865131.68722774554044 ], [ 733083.900476456154138, 5865093.209487550891936 ], [ 733166.320886485977098, 5865050.707232703454792 ], [ 733243.630981996306218, 5865008.68865161575377 ], [ 733333.372017048182897, 5864960.066053543239832 ], [ 733379.873587947222404, 5864934.155205971561372 ], [ 733419.063031738391146, 5864913.28358755633235 ], [ 733497.991184377577156, 5864870.471790167503059 ], [ 733504.0788167885039, 5864867.00552593357861 ], [ 733545.019098528311588, 5864843.695672430098057 ], [ 733635.030251198797487, 5864796.213498720899224 ], [ 733801.921423360006884, 5864712.640842163935304 ], [ 733806.771677010925487, 5864710.211863307282329 ], [ 733839.88452465843875, 5864689.328295732848346 ], [ 733879.545017116470262, 5864667.352701287716627 ], [ 733956.108812953112647, 5864624.480344991199672 ], [ 734021.91637396090664, 5864587.050977718085051 ], [ 734077.502227865275927, 5864555.435871111229062 ], [ 734113.436786629376002, 5864531.748403518460691 ], [ 734196.316448581404984, 5864477.123274829238653 ], [ 734199.820281100459397, 5864474.813500446267426 ], [ 734276.344150436925702, 5864429.812482264824212 ], [ 734292.584991315961815, 5864418.935218219645321 ], [ 734319.668824346852489, 5864399.011553185991943 ], [ 734343.806265523075126, 5864378.248314132913947 ], [ 734358.461292334017344, 5864364.655540443025529 ], [ 734373.145084915682673, 5864348.373462309129536 ], [ 734383.213192501338199, 5864337.166147207841277 ], [ 734411.761105956393294, 5864305.390747703611851 ], [ 734456.378840118413791, 5864253.846560794860125 ], [ 734535.1189019754529, 5864163.965151338838041 ], [ 734585.040725224884227, 5864106.978363547474146 ], [ 734683.395852868445218, 5863992.013969914056361 ], [ 734684.897205921704881, 5863990.261843990534544 ], [ 734702.072693966794759, 5863966.994794714264572 ], [ 734720.044508929480799, 5863944.817652970552444 ], [ 734731.515326104126871, 5863927.149229184724391 ], [ 734739.728470720350742, 5863912.951765051111579 ], [ 734769.140562699758448, 5863876.071971676312387 ], [ 734801.762596646556631, 5863840.300722540356219 ], [ 734834.362793438252993, 5863806.688969719223678 ], [ 734854.092975692823529, 5863789.609906014986336 ], [ 734879.869346710620448, 5863772.687355327419937 ], [ 734883.923379294923507, 5863770.025386250577867 ], [ 734904.220455993548967, 5863756.228281858377159 ], [ 734919.087347210501321, 5863747.761985024437308 ], [ 734935.845585536793806, 5863738.508241070434451 ], [ 734955.545595841947943, 5863730.361473057419062 ], [ 734979.276511879055761, 5863722.262214715592563 ], [ 735030.993094354518689, 5863709.878334171138704 ], [ 735036.86635553848464, 5863705.292951612733305 ], [ 735040.444064013543539, 5863698.30647449940443 ], [ 735042.761443697265349, 5863689.790079790167511 ], [ 735046.383682729210705, 5863666.613824483007193 ], [ 735045.613898043404333, 5863666.019097128883004 ], [ 735044.873030765214935, 5863665.433411126025021 ], [ 735044.139508994994685, 5863664.839071901515126 ], [ 735043.41041623824276, 5863664.237503550946712 ], [ 735042.747644528979436, 5863663.674483012408018 ], [ 735041.978618777822703, 5863663.008453826420009 ], [ 735041.324705083970912, 5863662.430975049734116 ], [ 735040.571805397979915, 5863661.749110129661858 ], [ 735039.931085767690092, 5863661.158674851991236 ], [ 735039.244569121976383, 5863660.509537203237414 ], [ 735038.512255486217327, 5863659.801697184331715 ], [ 735037.840367957134731, 5863659.14107371494174 ], [ 735037.227533397963271, 5863658.520375587046146 ], [ 735036.518660392030142, 5863657.790956974029541 ], [ 735035.868793919216841, 5863657.105829108506441 ], [ 735035.275032942532562, 5863656.464960956946015 ], [ 735034.639826527796686, 5863655.765437036752701 ], [ 735033.963190177222714, 5863655.005802222527564 ], [ 735033.345544847892597, 5863654.291913313791156 ], [ 735032.779576064902358, 5863653.629513208754361 ], [ 735032.176590790506452, 5863652.901228263042867 ], [ 735031.579438601387665, 5863652.170095186680555 ], [ 735030.948155482532457, 5863651.374563480727375 ], [ 735030.411506790784188, 5863650.683371317572892 ], [ 735029.79775379691273, 5863649.876384938135743 ], [ 735029.275718706892803, 5863649.175162179395556 ], [ 735028.680992780136876, 5863648.352371261455119 ], [ 735028.132141325739212, 5863647.581007037311792 ], [ 735027.594971413956955, 5863646.802491410635412 ], [ 735027.106515031657182, 5863646.081254079937935 ], [ 735026.586859728442505, 5863645.292738946154714 ], [ 735026.033104515285231, 5863644.436914972960949 ], [ 735025.530979310977273, 5863643.636945214122534 ], [ 735024.932108553708531, 5863642.658393120393157 ], [ 735020.027595972525887, 5863635.140196802094579 ], [ 735016.589444972574711, 5863627.102156426757574 ], [ 735013.74193660391029, 5863615.908089940436184 ], [ 735012.171393777476624, 5863606.587575839832425 ], [ 735011.902450576773845, 5863597.097642580978572 ], [ 735012.358270848286338, 5863587.797391840256751 ], [ 735016.236613580491394, 5863573.140500530600548 ], [ 735020.31449623813387, 5863561.95225945673883 ], [ 735020.740664431359619, 5863561.028350085020065 ], [ 735021.148668052977882, 5863560.175555312074721 ], [ 735021.565343577647582, 5863559.325764030218124 ], [ 735021.959503078018315, 5863558.547040711157024 ], [ 735022.427533902926371, 5863557.642498568631709 ], [ 735022.837555758538656, 5863556.872676915489137 ], [ 735023.324318928294815, 5863555.979977746494114 ], [ 735023.750187652534805, 5863555.220512866973877 ], [ 735024.223137662978843, 5863554.398974875919521 ], [ 735024.738740063156001, 5863553.522592796012759 ], [ 735025.227490469464101, 5863552.715776930563152 ], [ 735025.687984853051603, 5863551.974146387539804 ], [ 735026.192613067221828, 5863551.17477703653276 ], [ 735026.747130605159327, 5863550.322096359916031 ], [ 735027.273392123403028, 5863549.534600988030434 ], [ 735027.765580202452838, 5863548.813683909364045 ], [ 735028.347455486073159, 5863547.980214958079159 ], [ 735028.852573948097415, 5863547.271078657358885 ], [ 735029.451731050852686, 5863546.449437078088522 ], [ 735030.01973118330352, 5863545.692949709482491 ], [ 735030.594921741401777, 5863544.942360489629209 ], [ 735031.177287243073806, 5863544.199124529957771 ], [ 735031.721274327835999, 5863543.518054872751236 ], [ 735032.366490494227037, 5863542.73037807457149 ], [ 735032.924842960666865, 5863542.062559804879129 ], [ 735033.538840179331601, 5863541.345857664942741 ], [ 735034.160043298383243, 5863540.633598538115621 ], [ 735034.839761154493317, 5863539.875396825373173 ], [ 735035.476764635997824, 5863539.177859704010189 ], [ 735036.120943058631383, 5863538.487675811164081 ], [ 735036.775197397335432, 5863537.804876203648746 ], [ 735037.383851904422045, 5863537.181255000643432 ], [ 735038.049555157893337, 5863536.513130787760019 ], [ 735038.725334326620214, 5863535.85239084623754 ], [ 735039.459597218898125, 5863535.148618535138667 ], [ 735040.047186101903208, 5863534.596080621704459 ], [ 735040.743055091821589, 5863533.955929676070809 ], [ 735041.444648535805754, 5863533.323116413317621 ], [ 735042.206114248954691, 5863532.653106749989092 ], [ 735042.867863329593092, 5863532.083899307064712 ], [ 735043.590950644109398, 5863531.476055869832635 ], [ 735044.375376170733944, 5863530.829576440155506 ], [ 735045.111331923282705, 5863530.239334085956216 ], [ 735045.853012134321034, 5863529.656429389491677 ], [ 735046.543368063285016, 5863529.125365387648344 ], [ 735047.35788191400934, 5863528.5141346687451 ], [ 735048.059686778695323, 5863527.997745979577303 ], [ 735048.884168097050861, 5863527.404085252434015 ], [ 735049.65730967593845, 5863526.863720319233835 ], [ 735050.436191194457933, 5863526.329237919300795 ], [ 735051.222216710913926, 5863525.805018910206854 ], [ 735051.949712005676702, 5863525.328197609633207 ], [ 735052.74570502480492, 5863524.821548569947481 ], [ 735053.545987502438948, 5863524.320766518823802 ], [ 735054.414736725622788, 5863523.793066944926977 ], [ 735055.22639075841289, 5863523.314235716126859 ], [ 735055.982477485202253, 5863522.87701279297471 ], [ 735056.802679501357488, 5863522.412825748324394 ], [ 735057.695668746717274, 5863521.924677946604788 ], [ 735058.463065079995431, 5863521.515226238407195 ], [ 735059.364571348181926, 5863521.044632833451033 ], [ 735060.206143409362994, 5863520.617056271992624 ], [ 735061.051958518801257, 5863520.19971201941371 ], [ 735061.837839450221509, 5863519.825384630821645 ], [ 735062.690736607648432, 5863519.424124120734632 ], [ 735063.617794075980783, 5863519.006193897686899 ], [ 735064.482062833150849, 5863518.626884138211608 ], [ 735065.280641931691207, 5863518.286163822747767 ], [ 735066.151977279689163, 5863517.924392905086279 ], [ 735067.029006176395342, 5863517.572869800031185 ], [ 735067.975843914668076, 5863517.204630362801254 ], [ 735068.788556223502383, 5863516.898987713269889 ], [ 735069.745315103209578, 5863516.552683471702039 ], [ 735070.634980297763832, 5863516.240587809123099 ], [ 735071.460468264529482, 5863515.961276676505804 ], [ 735072.424138952279463, 5863515.647062273696065 ], [ 735073.323647891287692, 5863515.364177281968296 ], [ 735074.228850398678333, 5863515.091540081426501 ], [ 735075.06266970699653, 5863514.847244476899505 ], [ 735075.972006946220063, 5863514.595025254413486 ], [ 735076.884152267244644, 5863514.351567661389709 ], [ 735077.86744858766906, 5863514.101594963110983 ], [ 735078.785179133177735, 5863513.878570839762688 ], [ 735079.631557457847521, 5863513.680978127755225 ], [ 735080.551956809707917, 5863513.47981155756861 ], [ 735081.547858609003015, 5863513.27217642404139 ], [ 735082.470973186078481, 5863513.088502050377429 ], [ 735083.401216373546049, 5863512.916546090506017 ], [ 735084.258672357304022, 5863512.768550929613411 ], [ 735085.187263873056509, 5863512.615495719946921 ], [ 735086.191280482918955, 5863512.463247453793883 ], [ 735087.12399132642895, 5863512.332065289840102 ], [ 735088.060945299919695, 5863512.211115373298526 ], [ 735088.99777548701968, 5863512.101806254126132 ], [ 735089.93307781778276, 5863511.999757076613605 ], [ 735090.872592348372564, 5863511.910850372165442 ], [ 735091.739412539289333, 5863511.837173846550286 ], [ 735092.752746978076175, 5863511.76360952667892 ], [ 735093.694837565650232, 5863511.705290908925235 ], [ 735094.635400312603451, 5863511.654232232831419 ], [ 735095.575808358611539, 5863511.617724577896297 ], [ 735096.44791994150728, 5863511.592128358781338 ], [ 735097.391043315990828, 5863511.573112890124321 ], [ 735098.332607922842726, 5863511.564267587848008 ], [ 735099.275483795674518, 5863511.568533711135387 ], [ 735100.290791014907882, 5863511.58230627886951 ], [ 735101.232015323708765, 5863511.605473132804036 ], [ 735102.174550909199752, 5863511.641751408576965 ], [ 735103.117009164183401, 5863511.68530513998121 ], [ 735104.059343687724322, 5863511.740499672479928 ], [ 735104.998684452963062, 5863511.804393741302192 ], [ 735105.866889688652009, 5863511.873347841203213 ], [ 735106.878445297363214, 5863511.967119785025716 ], [ 735107.816010818234645, 5863512.06155539304018 ], [ 735108.753437158185989, 5863512.169086905196309 ], [ 735109.687869755201973, 5863512.285317969508469 ], [ 735110.623613662435673, 5863512.414660457521677 ], [ 735111.556379298679531, 5863512.551247376948595 ], [ 735112.487570751807652, 5863512.699459583498538 ], [ 735113.415753007284366, 5863512.857826446183026 ], [ 735114.345277518848889, 5863513.026394521817565 ], [ 735115.197988310363144, 5863513.188319749198854 ], [ 735116.193863954627886, 5863513.392524019815028 ], [ 735117.117277335026301, 5863513.590131994336843 ], [ 735118.764061216614209, 5863513.971565771847963 ], [ 735125.192380963591859, 5863515.699338279664516 ], [ 735132.899990630103275, 5863518.536612577736378 ], [ 735139.106595100834966, 5863521.608137719333172 ], [ 735144.692290812614374, 5863524.546410702168941 ], [ 735151.385904977680184, 5863528.749523680657148 ], [ 735157.195696931215934, 5863533.94441741425544 ], [ 735163.153159848297946, 5863540.396797551773489 ], [ 735166.139611231978051, 5863544.39873615000397 ], [ 735166.700582373188809, 5863545.122187797911465 ], [ 735167.317210703738965, 5863545.932096178643405 ], [ 735167.880712050246075, 5863546.690501719713211 ], [ 735168.392552334931679, 5863547.395964813418686 ], [ 735168.939990288577974, 5863548.164385677315295 ], [ 735169.521529073826969, 5863549.000114167109132 ], [ 735170.049940839642659, 5863549.784339825622737 ], [ 735170.572519829147495, 5863550.571413734927773 ], [ 735171.086318690679036, 5863551.365670246072114 ], [ 735171.588467356748879, 5863552.1641680970788 ], [ 735172.083286382840015, 5863552.969864076934755 ], [ 735172.570806679548696, 5863553.779847918078303 ], [ 735173.048111810814589, 5863554.595543747767806 ], [ 735173.481070069479756, 5863555.352554184384644 ], [ 735173.976443491177633, 5863556.242662782780826 ], [ 735174.426019547157921, 5863557.074070492759347 ], [ 735175.030345276114531, 5863558.222929353825748 ] ], [ [ 732988.398110936512239, 5865918.732275291346014 ], [ 732998.614969499758445, 5865893.502170288935304 ], [ 733000.917540210182779, 5865879.507765660062432 ], [ 733001.828253779676743, 5865869.812764530070126 ], [ 733004.352346877916716, 5865860.133967387489974 ], [ 733010.497569736675359, 5865838.634017183445394 ], [ 733019.433773338445462, 5865807.726132812909782 ], [ 733022.76886753027793, 5865797.788427837193012 ], [ 733026.074701345292851, 5865790.275538437999785 ], [ 733028.548922558082268, 5865785.181594979949296 ], [ 733047.515987027669325, 5865770.829535212367773 ], [ 733057.32857933442574, 5865764.48245195671916 ], [ 733075.391569365048781, 5865752.801791545934975 ], [ 733088.909871246782131, 5865745.400543083436787 ], [ 733100.011059004347771, 5865737.703570891171694 ], [ 733104.114687877357937, 5865731.008762575685978 ], [ 733114.160063055460341, 5865725.394986954517663 ], [ 733126.345194661873393, 5865720.5209343098104 ], [ 733138.53032626863569, 5865708.335802707821131 ], [ 733184.833826371585019, 5865685.184052658267319 ], [ 733226.263273832271807, 5865671.780407884158194 ], [ 733345.677563573466614, 5865598.669618252664804 ], [ 733384.669984712731093, 5865584.047460321336985 ], [ 733483.369550702394918, 5865680.30999992415309 ], [ 733513.832379712723196, 5865701.024723631329834 ] ] ] } },
{ "type": "Feature", "properties": { "CADRE_NO": "10.004", "DDT_URL": null, "ETC_NOM": "Transports publics de la région lausannoise", "ETC_SIGLE": "TL", "ETC_URL": "https://www.t-l.ch", "GO_CENTRE": 0, "HORAIR_URL": "https://www.tableaux-horaires.ch/fileadmin/fap_pdf_fields/2025/10.004.pdf", "LIGNE_NO": "4", "LIGNE_NOM": "Lausanne Faverges - Prilly Coudraie", "LIGNE_SIGL": null, "LIGNE_TYPE": "Trolleybus", "PLAN_URL": "https://prestations.vd.ch/pub/101587/api/download/2_Cartographie_et_geodonnees/2.1_Carte_des_reseaux/Carte_des_lignes_TP/topo/ligne_10.004.pdf", "SHAPE_LEN": 6990.031 }, "geometry": { "type": "MultiLineString", "coordinates": [ [ [ 737469.615298843709752, 5864654.529186446219683 ], [ 737470.463455594610423, 5864656.826016101054847 ], [ 737470.717461472726427, 5864657.515642676502466 ], [ 737472.723809683113359, 5864662.572462563402951 ], [ 737479.09638788877055, 5864678.630090164020658 ] ], [ [ 738945.470789391780272, 5863725.840401812456548 ], [ 738941.953217749483883, 5863728.228864920325577 ], [ 738863.571341784670949, 5863774.055642874911427 ], [ 738794.670695755747147, 5863811.892150847241282 ], [ 738735.492700007394888, 5863844.97617971803993 ], [ 738647.963139955652878, 5863895.798358461819589 ], [ 738578.459479891462252, 5863935.811958698555827 ], [ 738527.621188882389106, 5863967.362591413781047 ] ], [ [ 737469.615298843709752, 5864654.529186446219683 ], [ 737482.009619802702218, 5864652.162281137891114 ], [ 737515.196619331021793, 5864643.69244418758899 ], [ 737583.39130202436354, 5864623.378704746253788 ], [ 737614.940212112152949, 5864612.654425251297653 ], [ 737618.448711848934181, 5864611.072479015216231 ], [ 737672.74397814553231, 5864583.603982576169074 ], [ 737703.904049334814772, 5864610.345984403975308 ], [ 737720.404834227403626, 5864625.881350173614919 ], [ 737730.780019262223504, 5864635.963467752560973 ], [ 737742.789189666742459, 5864643.907032152637839 ], [ 737752.921100440085866, 5864651.560360485687852 ], [ 737758.497431159485132, 5864658.087842639535666 ], [ 737761.12006712181028, 5864664.315370038151741 ], [ 737761.008754937909544, 5864675.094836995005608 ], [ 737758.246922430815175, 5864682.346374376676977 ], [ 737750.634621259290725, 5864690.892356961034238 ], [ 737749.290171055239625, 5864691.969984190538526 ], [ 737729.301970516447909, 5864707.98050485830754 ], [ 737711.054483850602992, 5864724.715014262124896 ], [ 737693.117934684501961, 5864744.206513148732483 ], [ 737681.971882947837003, 5864756.761974776163697 ], [ 737656.065174018847756, 5864793.422410349361598 ], [ 737651.442398180486634, 5864798.788717388175428 ], [ 737644.097046442329884, 5864807.315667105838656 ], [ 737636.209228521678597, 5864816.668057817965746 ], [ 737614.208666817634366, 5864839.085056064650416 ], [ 737600.371577743440866, 5864852.148160868324339 ], [ 737572.453752323752269, 5864875.308430971577764 ], [ 737553.756054506986402, 5864890.48086023144424 ], [ 737528.82387472409755, 5864910.979508294723928 ], [ 737496.622490184381604, 5864932.476536974310875 ], [ 737429.127246619318612, 5864988.924959107302129 ], [ 737418.567586387507617, 5864996.63239880092442 ], [ 737387.978805109160021, 5865018.148973528295755 ], [ 737323.006923582404852, 5865064.375072731636465 ], [ 737301.083379866555333, 5865079.513606255874038 ], [ 737274.00277799111791, 5865099.448075308464468 ], [ 737252.049726606463082, 5865117.551171727478504 ], [ 737242.536786446464248, 5865127.96365827973932 ], [ 737229.752519469475374, 5865142.657635995186865 ], [ 737212.325723161222413, 5865164.850089648738503 ], [ 737195.214704290963709, 5865190.156379809603095 ], [ 737159.627685635350645, 5865245.173880917951465 ], [ 737157.720811464940198, 5865247.580351510085166 ], [ 737147.624531850335188, 5865262.301076186820865 ], [ 737142.223372133099474, 5865269.63300509378314 ], [ 737103.468853709404357, 5865322.224673451855779 ], [ 737065.023373329429887, 5865375.470369481481612 ], [ 737063.427993506658822, 5865377.637035357765853 ], [ 737047.306215897551738, 5865399.546486791223288 ], [ 737013.063040725886822, 5865436.392602534964681 ], [ 737007.856338470359333, 5865441.192444996908307 ], [ 736977.194959894288331, 5865474.029564958065748 ], [ 736936.724452939466573, 5865515.389751559123397 ], [ 736922.890770912752487, 5865527.64788812212646 ], [ 736897.998836637008935, 5865543.830782242119312 ], [ 736892.398754496709444, 5865539.726887407712638 ], [ 736885.703906576731242, 5865537.502339660190046 ], [ 736870.140220867120661, 5865535.181804643012583 ], [ 736852.155309608671814, 5865533.374402701854706 ], [ 736842.735593037912622, 5865534.621958849951625 ], [ 736828.728963190224022, 5865537.712182255461812 ], [ 736797.715386666590348, 5865548.169660699553788 ], [ 736765.890890788519755, 5865559.15855411067605 ], [ 736742.159446169389412, 5865566.99657167121768 ], [ 736680.934259206638671, 5865588.460811628960073 ], [ 736620.249806329375133, 5865609.387419766746461 ], [ 736603.250990467728116, 5865615.949502739124 ], [ 736578.73658245196566, 5865621.623108422383666 ], [ 736589.695835851598531, 5865601.519894720986485 ], [ 736606.753247337415814, 5865563.686000352725387 ], [ 736617.730754044489004, 5865541.962982621043921 ], [ 736624.296520720119588, 5865526.691412499174476 ], [ 736638.387102106120437, 5865493.92553374543786 ], [ 736653.763186927884817, 5865462.542995005846024 ], [ 736661.430745795485564, 5865448.877002383582294 ], [ 736669.886608620290644, 5865436.833568026311696 ], [ 736678.889137103571557, 5865423.988038387149572 ], [ 736688.956761046778411, 5865411.964481456205249 ], [ 736698.460881789331324, 5865402.627840536646545 ], [ 736708.494685847661458, 5865393.836790358647704 ], [ 736722.885057006962597, 5865379.966422760859132 ], [ 736730.750454467837699, 5865373.041921804659069 ], [ 736759.505532420473173, 5865346.629851209931076 ], [ 736793.426018784986809, 5865315.470087800174952 ], [ 736819.745292270672508, 5865291.215762335807085 ], [ 736851.0645181031432, 5865261.93690350651741 ], [ 736870.223684998345561, 5865244.02934549190104 ], [ 736911.173875609529205, 5865208.06424546521157 ], [ 736929.535683818976395, 5865190.906646981835365 ], [ 736933.425773978000507, 5865187.270721878856421 ], [ 736939.581817598198541, 5865181.582944445312023 ], [ 737008.81077804940287, 5865117.651894959621131 ], [ 737033.006606861250475, 5865095.308181416243315 ], [ 737076.968119513359852, 5865053.98464326094836 ], [ 737124.993003378389403, 5865009.467982141301036 ], [ 737144.238317716866732, 5864993.494175869040191 ], [ 737160.802377931890078, 5864976.956677770242095 ], [ 737164.767444125958718, 5864973.207993669435382 ], [ 737179.909619497600943, 5864958.898569133132696 ], [ 737196.354323342442513, 5864943.362667948007584 ], [ 737215.652414288138971, 5864922.421731715090573 ], [ 737312.797781429020688, 5864831.089779414236546 ], [ 737325.283672066405416, 5864819.087200709618628 ], [ 737389.563083245535381, 5864761.531522371806204 ], [ 737479.09638788877055, 5864678.630090164020658 ] ], [ [ 738309.797482956317253, 5864012.016953939571977 ], [ 738329.204467033501714, 5864006.01758308056742 ], [ 738351.787803742685355, 5863999.521219523623586 ], [ 738354.534868692513555, 5863998.731672850437462 ], [ 738364.255802493193187, 5863996.221125524491072 ], [ 738387.671499310177751, 5863990.178606355562806 ], [ 738402.865629716194235, 5863987.702671546489 ], [ 738437.71797054912895, 5863982.019614098593593 ], [ 738527.621188882389106, 5863967.362591413781047 ] ], [ [ 735853.881663371110335, 5867246.400936221703887 ], [ 735775.802030266611837, 5867374.029354850761592 ] ], [ [ 735821.475885650492273, 5867301.343266289681196 ], [ 735831.025592454825528, 5867285.901433011516929 ], [ 735846.630735719809309, 5867259.100918544456363 ], [ 735853.948015034897253, 5867246.439493538811803 ], [ 735858.40046990220435, 5867238.734111328609288 ], [ 735863.073692162404768, 5867231.149003258906305 ], [ 735899.148379928665236, 5867172.563952043652534 ], [ 735918.602387814200483, 5867137.446295737288892 ], [ 735939.723773036734201, 5867097.226123730652034 ], [ 735954.282716825604439, 5867067.179976401850581 ], [ 735961.357654711115174, 5867051.042486808262765 ], [ 735966.402877603075467, 5867039.534977389499545 ], [ 735975.223339793272316, 5867018.598600612953305 ], [ 735979.367982268566266, 5867007.854640672914684 ], [ 736000.896306802751496, 5866954.425973262637854 ], [ 736026.067420421051793, 5866886.74568981397897 ], [ 736045.690500774770044, 5866835.452092858031392 ], [ 736065.024980517919175, 5866785.774565332569182 ], [ 736072.933637278270908, 5866760.559144663624465 ], [ 736073.369072365690954, 5866759.171997559256852 ], [ 736079.219107060111128, 5866739.551364263519645 ], [ 736090.55855712655466, 5866709.202815234661102 ], [ 736110.644021664978936, 5866664.926121894270182 ], [ 736146.558972719591111, 5866572.287001820281148 ], [ 736147.663871789467521, 5866569.33326306194067 ], [ 736153.467089401441626, 5866555.106168247759342 ], [ 736167.282698797411285, 5866518.31052758730948 ], [ 736199.113285097875632, 5866438.766311081126332 ], [ 736201.232450506417081, 5866433.467915914952755 ], [ 736219.352672036737204, 5866396.994803160429001 ], [ 736249.049931268207729, 5866333.139310646802187 ], [ 736260.874188317684457, 5866307.649045337922871 ], [ 736303.19589483353775, 5866218.853983040899038 ], [ 736307.318482065456919, 5866210.000143344514072 ], [ 736326.714183841715567, 5866161.132702260278165 ], [ 736349.745230243075639, 5866110.961701414547861 ], [ 736384.115382692427374, 5866036.914901489391923 ], [ 736439.369498480577022, 5865918.869737377390265 ], [ 736491.316495318547823, 5865808.88149375654757 ], [ 736529.156350040109828, 5865727.507701205089688 ], [ 736535.855529763619415, 5865713.103383519686759 ], [ 736553.453021199326031, 5865675.005506496876478 ], [ 736578.73658245196566, 5865621.623108422383666 ] ], [ [ 738309.797482956317253, 5864012.016953939571977 ], [ 738297.921446669730358, 5864017.284910698421299 ], [ 738289.253300633397885, 5864023.932202623225749 ], [ 738282.462414522888139, 5864031.141736317425966 ], [ 738245.94797152117826, 5864082.658227101899683 ], [ 738243.202546560904011, 5864086.533142050728202 ], [ 738225.756813998101279, 5864110.740409970283508 ], [ 738207.210333114373498, 5864137.867453658953309 ], [ 738205.237949077622034, 5864140.770907083526254 ], [ 738203.675198830547743, 5864143.058606832288206 ], [ 738166.60179780353792, 5864197.347978692501783 ], [ 738128.26711717993021, 5864253.481561214663088 ], [ 738123.452034725807607, 5864259.969359435141087 ], [ 738102.995869598118588, 5864290.747400993481278 ], [ 738088.544516933616251, 5864311.354728439822793 ], [ 738076.561112284543924, 5864326.863149508833885 ], [ 738064.024264152161777, 5864343.985720651224256 ], [ 738043.09418331948109, 5864367.489215278066695 ], [ 738031.837133943918161, 5864380.634327070787549 ], [ 738016.195686875493266, 5864396.323199300095439 ], [ 738009.466395004303195, 5864402.150819492526352 ], [ 737990.996193112921901, 5864416.81777061894536 ], [ 737928.598730577738024, 5864448.517557049170136 ], [ 737908.057216495275497, 5864460.164740571752191 ], [ 737804.03756772656925, 5864515.421812072396278 ], [ 737672.74397814553231, 5864583.603982576169074 ] ], [ [ 738945.470789391780272, 5863725.840401812456548 ], [ 739037.608282278873958, 5863674.762211171910167 ], [ 739120.846424209419638, 5863627.099510058760643 ], [ 739127.062516970210709, 5863623.38957048393786 ], [ 739197.315816351561807, 5863584.486739271320403 ], [ 739313.554449952440336, 5863514.520464851520956 ], [ 739353.058001944795251, 5863492.386109452694654 ], [ 739361.371984756318852, 5863487.629313470795751 ], [ 739438.088275836780667, 5863443.74866006989032 ], [ 739514.653561176033691, 5863399.662282546982169 ], [ 739550.07755566353444, 5863383.629815047606826 ], [ 739580.285380212590098, 5863373.15118286665529 ], [ 739604.64617445867043, 5863366.927738884463906 ], [ 739627.475156794418581, 5863363.278977328911424 ], [ 739649.42949398921337, 5863360.912059954367578 ], [ 739666.524284724728204, 5863360.121159847825766 ], [ 739690.580240041716024, 5863362.521072602830827 ], [ 739715.468702363432385, 5863367.951929261907935 ], [ 739742.566804835689254, 5863374.212840022519231 ], [ 739752.580259007168934, 5863376.526592106558383 ], [ 739769.90430521487724, 5863382.484345349483192 ], [ 739793.29265397367999, 5863390.529382631182671 ], [ 739824.780898726545274, 5863402.497030653990805 ], [ 739842.356267740717158, 5863407.853278655558825 ], [ 739857.957847520825453, 5863411.147738005034626 ], [ 739867.031033636536449, 5863413.063269753009081 ], [ 739882.192470094538294, 5863414.980915786698461 ], [ 739903.684181269723922, 5863416.060508003458381 ], [ 739935.807849625591189, 5863414.660446011461318 ], [ 739987.582718730671331, 5863409.553582110442221 ], [ 740060.069769377703778, 5863402.402028393931687 ], [ 740107.736450650379993, 5863394.831313332542777 ], [ 740133.417947668582201, 5863388.944265921600163 ], [ 740154.126086599659175, 5863382.25155823584646 ], [ 740177.434087332803756, 5863373.643805080093443 ], [ 740202.498425876605324, 5863361.601918576285243 ], [ 740225.662003145902418, 5863348.443510007113218 ], [ 740233.806131307268515, 5863343.349541779607534 ], [ 740246.364210309111513, 5863334.813425730913877 ], [ 740265.318285662098788, 5863320.180454625748098 ], [ 740317.934633129392751, 5863278.553838387131691 ], [ 740323.063449983135797, 5863274.41165762860328 ], [ 740366.123608191381209, 5863239.641525382176042 ], [ 740381.871762010501698, 5863228.740762886591256 ], [ 740390.100914041511714, 5863223.682502897456288 ] ] ] } },
{ "type": "Feature", "properties": { "CADRE_NO": "10.060", "DDT_URL": null, "ETC_NOM": "Transports publics de la région lausannoise", "ETC_SIGLE": "TL", "ETC_URL": "https://www.t-l.ch", "GO_CENTRE": 0, "HORAIR_URL": "https://www.tableaux-horaires.ch/fileadmin/fap_pdf_fields/2025/10.060.pdf", "LIGNE_NO": "60", "LIGNE_NOM": "Lausanne - Cugy VD - Bottens - Froideville", "LIGNE_SIGL": null, "LIGNE_TYPE": "Bus régional", "PLAN_URL": "https://prestations.vd.ch/pub/101587/api/download/2_Cartographie_et_geodonnees/2.1_Carte_des_reseaux/Carte_des_lignes_TP/topo/ligne_10.060.pdf", "SHAPE_LEN": 19960.168 }, "geometry": { "type": "MultiLineString", "coordinates": [ [ [ 737858.808543549734168, 5863672.695888126268983 ], [ 737858.875454170862213, 5863673.662901584059 ], [ 737858.768573202542029, 5863674.601915628649294 ], [ 737858.495213204645552, 5863675.507184925489128 ], [ 737858.06297193816863, 5863676.345316427759826 ], [ 737857.486594684887677, 5863677.093178380280733 ], [ 737856.846580268233083, 5863677.681751985102892 ], [ 737856.050705651054159, 5863678.19157661870122 ], [ 737855.111175376689062, 5863678.564566915854812 ], [ 737854.318843123153783, 5863678.730977318249643 ], [ 737853.304497437085956, 5863678.762650427408516 ], [ 737852.374707518960349, 5863678.61328871268779 ], [ 737851.364519962458871, 5863678.241886570118368 ], [ 737850.551458063186146, 5863677.745919761247933 ], [ 737849.898808595375158, 5863677.168666214682162 ], [ 737849.268733179429546, 5863676.371896716766059 ], [ 737848.861781993531622, 5863675.602183876559138 ], [ 737848.554102007998154, 5863674.631215078756213 ], [ 737848.461586129968055, 5863673.052709762006998 ], [ 737848.615629610372707, 5863672.182584729976952 ], [ 737848.939578386954963, 5863671.295304887928069 ], [ 737849.417981533915736, 5863670.482393657788634 ], [ 737850.087372078443877, 5863669.718034883961082 ], [ 737850.768985919421539, 5863669.175008457154036 ], [ 737851.663149711093865, 5863668.699677138589323 ], [ 737852.49131419241894, 5863668.434678870253265 ], [ 737853.496525829890743, 5863668.303950760513544 ], [ 737854.438894481514581, 5863668.358848359435797 ], [ 737855.353382645873353, 5863668.585181666538119 ], [ 737856.212550693424419, 5863668.971023457124829 ], [ 737856.931418749154545, 5863669.457279598340392 ], [ 737857.65521287242882, 5863670.169158183038235 ], [ 737858.158483915613033, 5863670.883113381452858 ], [ 737858.584166844375432, 5863671.805826248601079 ], [ 737858.808543549734168, 5863672.695888126268983 ], [ 737876.162785838940181, 5863668.347136212512851 ], [ 737873.878282252349891, 5863657.909313724376261 ], [ 737970.804967077914625, 5863638.162300880998373 ], [ 737989.357659339206293, 5863636.739263834431767 ], [ 738060.969561844947748, 5863622.654789180494845 ], [ 738061.710942223900929, 5863628.001931821927428 ], [ 738077.617573865689337, 5863625.452555951662362 ], [ 738077.45553295512218, 5863624.564605548977852 ], [ 738077.429751809453592, 5863623.545634856447577 ], [ 738077.540196571266279, 5863622.680880561470985 ], [ 738077.796171115129255, 5863621.771064151078463 ], [ 738078.224875649320893, 5863620.851394273340702 ], [ 738078.750851936172694, 5863620.065163224004209 ], [ 738079.339153067790903, 5863619.425106649287045 ], [ 738080.133410993148573, 5863618.78863819129765 ], [ 738080.952011092798784, 5863618.324146011844277 ], [ 738081.834536311449483, 5863617.991291857324541 ], [ 738082.685058650095016, 5863617.808001083321869 ], [ 738083.622804112266749, 5863617.747857805341482 ], [ 738084.560502825188451, 5863617.833242940716445 ], [ 738085.545826891670004, 5863618.083568903617561 ], [ 738086.344513066462241, 5863618.426555998623371 ], [ 738087.107114540296607, 5863618.892869032919407 ], [ 738087.811873747734353, 5863619.482282754033804 ], [ 738088.479994344525039, 5863620.248862493783236 ], [ 738088.943863147171214, 5863620.987132070586085 ], [ 738089.326636667479761, 5863621.852627547457814 ], [ 738089.582003484363668, 5863622.834682405926287 ], [ 738089.668778716702946, 5863624.12933452706784 ], [ 738089.558902316959575, 5863625.079957162961364 ], [ 738089.307295392034575, 5863625.988364176824689 ], [ 738088.953825268778019, 5863626.786569678224623 ], [ 738088.403952672728337, 5863627.639497915282845 ], [ 738087.772928168065846, 5863628.34314614161849 ], [ 738087.044347022660077, 5863628.941003179177642 ], [ 738086.298466279869899, 5863629.387330712750554 ], [ 738085.425824136007577, 5863629.746483357623219 ], [ 738084.451543381437659, 5863629.973607167601585 ], [ 738083.583346130559221, 5863630.041747284121811 ], [ 738082.574496370507404, 5863629.96290160343051 ], [ 738081.657060434226878, 5863629.74092854373157 ], [ 738080.786012726020999, 5863629.381183032877743 ], [ 738080.039156635175459, 5863628.935406029224396 ], [ 738079.258134194067679, 5863628.285534326918423 ], [ 738078.637311547528952, 5863627.57474406901747 ], [ 738078.167596314684488, 5863626.840778708457947 ], [ 738077.617573865689337, 5863625.452555951662362 ] ], [ [ 738061.710942223900929, 5863628.001931821927428 ], [ 738063.240552291506901, 5863636.963457541540265 ], [ 737991.899683716823347, 5863650.778644155710936 ], [ 737987.378315241425298, 5863651.588944528251886 ], [ 737962.023189842002466, 5863656.131456103175879 ], [ 737947.771093812421896, 5863657.329810546711087 ], [ 737945.103660661843605, 5863657.859525205567479 ], [ 737876.693995386827737, 5863671.416053901426494 ], [ 737876.162785838940181, 5863668.347136212512851 ] ], [ [ 737851.364519962458871, 5863678.241886570118368 ], [ 737842.354004071909003, 5863692.622764281928539 ], [ 737833.398014020291157, 5863701.15389798860997 ], [ 737822.83892007288523, 5863709.131374717690051 ], [ 737811.745784411556087, 5863716.563380431383848 ], [ 737733.065932804369368, 5863764.261510545387864 ], [ 737601.702203673077747, 5863840.252516460604966 ], [ 737531.940288947778754, 5863882.923944118432701 ], [ 737466.767866601119749, 5863923.483151066116989 ], [ 737448.351213085697964, 5863934.810152303427458 ], [ 737384.023953817784786, 5863974.373608303256333 ], [ 737361.583333802642301, 5863987.88518862426281 ], [ 737313.713381760055199, 5864017.844500277191401 ], [ 737279.919934071600437, 5864037.70644140150398 ], [ 737233.13977107219398, 5864066.327746625989676 ], [ 737226.356386866304092, 5864072.727394659072161 ], [ 737221.458568849484436, 5864078.605357986874878 ], [ 737218.439336904441006, 5864084.773661356419325 ], [ 737216.482329874997959, 5864092.031502533704042 ], [ 737216.384353280300274, 5864101.462734866887331 ], [ 737217.088714106590487, 5864111.445219755172729 ], [ 737219.386449058772996, 5864123.059840110130608 ], [ 737251.464249969343655, 5864190.780712622217834 ], [ 737257.421660933177918, 5864204.274738907814026 ], [ 737283.75202379852999, 5864263.897879312746227 ], [ 737295.342575468006544, 5864290.140483381226659 ], [ 737304.055493480409496, 5864309.332214375957847 ], [ 737431.411772867897525, 5864571.954328184947371 ], [ 737447.511231879587285, 5864606.144868165254593 ], [ 737467.152708917390555, 5864647.857873423025012 ], [ 737469.615298843709752, 5864654.529186446219683 ], [ 737482.009619802702218, 5864652.162281137891114 ], [ 737515.196619331021793, 5864643.69244418758899 ], [ 737583.39130202436354, 5864623.378704746253788 ], [ 737614.940212112152949, 5864612.654425251297653 ], [ 737618.448711848934181, 5864611.072479015216231 ], [ 737672.74397814553231, 5864583.603982576169074 ] ], [ [ 738693.371393601526506, 5870416.60133817140013 ], [ 738698.075969502213411, 5870427.03686170373112 ], [ 738700.928229778539389, 5870437.314986074343324 ], [ 738701.565758389187977, 5870453.776141489855945 ], [ 738699.724224670324475, 5870476.145293798297644 ], [ 738699.555534965125844, 5870477.451426018960774 ], [ 738697.099043052061461, 5870496.350933288224041 ], [ 738694.5123050409602, 5870512.509599342010915 ], [ 738691.082764673861675, 5870532.434695160016418 ], [ 738687.94947977620177, 5870549.935005811974406 ], [ 738681.507596929674037, 5870574.954403492622077 ], [ 738677.909616476739757, 5870584.650775579735637 ], [ 738675.423886416014284, 5870591.348134556785226 ], [ 738669.914583591744304, 5870604.239228980615735 ], [ 738664.431400106288493, 5870614.431814759969711 ], [ 738659.232001097640023, 5870623.27865937538445 ], [ 738654.306614878354594, 5870631.593812983483076 ], [ 738646.950443571433425, 5870641.228261050768197 ], [ 738640.13675144687295, 5870650.058509642258286 ], [ 738633.061448088497855, 5870658.347182032652199 ], [ 738623.008284243638627, 5870668.495682599022985 ], [ 738600.977701125782914, 5870692.815999885089695 ], [ 738580.847851465339772, 5870715.536318059079349 ], [ 738573.765604612068273, 5870724.634727016091347 ], [ 738565.85950072214473, 5870735.073340851813555 ], [ 738556.814162804977968, 5870751.706232381984591 ], [ 738552.13802602677606, 5870762.178136778995395 ], [ 738547.709669283940457, 5870774.540190821513534 ], [ 738544.359618481714278, 5870786.374473810195923 ], [ 738541.555091055575758, 5870797.676952323876321 ] ], [ [ 738102.666406159871258, 5866203.699379227124155 ], [ 738109.970996479154564, 5866198.921641410328448 ], [ 738132.972372458549216, 5866183.523891004733741 ], [ 738165.968249068944715, 5866163.373262989334762 ], [ 738220.60064686939586, 5866129.698609236627817 ], [ 738243.980833624140359, 5866114.962584274820983 ], [ 738254.68652808945626, 5866108.212518502026796 ], [ 738272.241270236670971, 5866099.766002965159714 ], [ 738289.502649815287441, 5866093.743078753352165 ], [ 738305.65988077619113, 5866090.675431340001523 ], [ 738327.171918976586312, 5866089.551096878014505 ], [ 738343.005271261557937, 5866091.601181536912918 ], [ 738358.805578863830306, 5866097.156219182536006 ], [ 738368.430519522866234, 5866102.108879597857594 ], [ 738378.848233562195674, 5866108.14693303219974 ], [ 738387.659653068520129, 5866113.899095921777189 ], [ 738406.035117617226206, 5866130.265944420360029 ], [ 738414.76920770003926, 5866143.56513141375035 ], [ 738422.397622735705227, 5866159.551807544194162 ], [ 738426.248693355591968, 5866177.115380374714732 ], [ 738429.059210065286607, 5866191.436565852724016 ], [ 738431.356354000628926, 5866203.321431271731853 ], [ 738432.056607693899423, 5866213.575448461808264 ], [ 738432.179155128309503, 5866216.201372735202312 ], [ 738432.496749340207316, 5866223.015958534553647 ], [ 738432.906643909285776, 5866235.690779885277152 ], [ 738432.439663256285712, 5866281.251628151163459 ], [ 738429.055641911108978, 5866322.737130027264357 ], [ 738424.905501494882628, 5866386.863402109593153 ], [ 738422.177609150996432, 5866443.184486848302186 ], [ 738421.336773258517496, 5866472.832525202073157 ], [ 738421.157505465438589, 5866516.509436395950615 ], [ 738420.413718444760889, 5866562.878292506560683 ], [ 738420.184343228582293, 5866585.254141005687416 ], [ 738420.292474647867493, 5866600.894710149616003 ], [ 738421.746221820823848, 5866628.671516677364707 ], [ 738422.988774862140417, 5866652.419513866305351 ], [ 738424.660720315994695, 5866672.927038953639567 ], [ 738427.104803879512474, 5866696.680270608514547 ], [ 738431.156900182599202, 5866720.990255190059543 ], [ 738437.856225426308811, 5866749.098148186691105 ], [ 738458.401540407910943, 5866842.333658793009818 ], [ 738466.528197257081047, 5866888.794244437478483 ], [ 738472.343622324522585, 5866924.444945055060089 ], [ 738475.554731394979171, 5866952.249614440836012 ], [ 738477.727667362778448, 5866976.002242877148092 ], [ 738478.802154323668219, 5867002.435473212972283 ], [ 738479.027403830783442, 5867016.996291263028979 ], [ 738479.288566687959246, 5867033.717990006320179 ], [ 738478.285667535383254, 5867052.852145232260227 ], [ 738473.827907476224937, 5867094.599562899209559 ], [ 738472.953347923699766, 5867101.063317844644189 ], [ 738470.376942325732671, 5867116.40633040945977 ], [ 738466.393282021512277, 5867137.936866010539234 ] ], [ [ 738455.610085536376573, 5865173.986031460575759 ], [ 738431.772512508672662, 5865218.761793816462159 ], [ 738406.280006633955054, 5865267.561284145340323 ], [ 738405.344650606159121, 5865269.777187379077077 ], [ 738385.62557892256882, 5865316.412361334078014 ], [ 738381.203812030958943, 5865328.228173221461475 ], [ 738366.858001596061513, 5865364.473838853649795 ], [ 738351.452290389570408, 5865399.362273264676332 ], [ 738335.741987608373165, 5865437.480539508163929 ], [ 738322.223270387854427, 5865471.848673144355416 ], [ 738295.385920574772172, 5865546.788238703273237 ], [ 738284.570447110687383, 5865579.564571905881166 ], [ 738279.821877347189002, 5865597.039657884277403 ], [ 738271.200557366828434, 5865625.257992666214705 ], [ 738262.768113646539859, 5865656.555555486120284 ], [ 738259.467471243347973, 5865668.811306217685342 ], [ 738239.461438093450852, 5865732.768855528905988 ], [ 738231.378123915288597, 5865760.993149769492447 ], [ 738225.294163173879497, 5865777.645422765053809 ], [ 738220.047321638325229, 5865791.341221699491143 ], [ 738214.273302737972699, 5865803.950039185583591 ], [ 738206.898507592850365, 5865815.738797121681273 ], [ 738199.52770097006578, 5865826.713895062915981 ], [ 738188.630022522178479, 5865841.160655110143125 ], [ 738175.287320401635952, 5865858.007261862047017 ], [ 738144.764894997701049, 5865899.211346711032093 ], [ 738114.556438129977323, 5865936.102699227631092 ], [ 738069.067294997512363, 5865995.215494104661047 ], [ 738022.785861897049472, 5866053.70594203658402 ], [ 738007.980488449102268, 5866072.039826238527894 ], [ 738002.565421013976447, 5866079.758576262742281 ], [ 737998.530685455421917, 5866085.609419632703066 ], [ 737994.170393690583296, 5866093.059614962898195 ], [ 737993.10634401824791, 5866097.749038738198578 ], [ 737991.899415420368314, 5866103.067302188836038 ], [ 737990.728556811111048, 5866112.491021818481386 ], [ 737990.874820143915713, 5866124.353607397526503 ], [ 737992.354822062072344, 5866137.042318233288825 ], [ 737995.440065213711932, 5866150.824910313822329 ], [ 738000.427808043197729, 5866162.200572406873107 ], [ 738007.572882908047177, 5866173.055624299682677 ], [ 738016.598336977534927, 5866183.934537067078054 ], [ 738029.911822629976086, 5866195.936570111662149 ], [ 738045.427050673635677, 5866203.106590461917222 ], [ 738057.211851466097869, 5866207.004799233749509 ], [ 738065.803228254429996, 5866207.901709968224168 ], [ 738077.622806528932415, 5866208.562736021354795 ], [ 738084.620580314774998, 5866208.361526511609554 ], [ 738093.757998807937838, 5866207.383276579901576 ], [ 738102.666406159871258, 5866203.699379227124155 ], [ 738073.15155447088182, 5866224.963147324509919 ], [ 738050.407271331059746, 5866241.443624157458544 ], [ 738038.55005090101622, 5866247.113112026825547 ], [ 738037.713014821172692, 5866247.512042791582644 ], [ 738027.181578355492093, 5866252.525621273554862 ], [ 738015.574866939336061, 5866257.257281891070306 ], [ 738003.991764580830932, 5866259.836154616437852 ], [ 737995.389249281259254, 5866260.016300150193274 ], [ 737982.512582855531946, 5866257.725432897917926 ], [ 737971.259017327218316, 5866254.374138738960028 ], [ 737961.095961930695921, 5866249.684682002291083 ], [ 737951.764501756988466, 5866242.30929478444159 ], [ 737942.979695982299745, 5866234.130191464908421 ], [ 737935.563624235102907, 5866223.806449605152011 ], [ 737926.557547451462597, 5866210.771684505045414 ], [ 737919.163610150106251, 5866198.022961304523051 ], [ 737913.643193937488832, 5866186.104520491324365 ], [ 737908.929539351258427, 5866174.191551139578223 ], [ 737904.773514519096352, 5866160.128473974764347 ], [ 737900.944412712939084, 5866140.676868976093829 ], [ 737896.423912121681497, 5866109.894218072295189 ], [ 737891.697495325817727, 5866072.909724484197795 ], [ 737888.914336619898677, 5866056.165103141218424 ], [ 737885.757416158216074, 5866030.778571731410921 ], [ 737880.724729773472063, 5865990.294675542972982 ], [ 737876.104269257630222, 5865969.219416472129524 ], [ 737870.685281477402896, 5865947.486685554496944 ], [ 737868.653507094015367, 5865935.980326752178371 ], [ 737865.775901047396474, 5865928.40133872628212 ], [ 737859.956745736068115, 5865919.443869688548148 ], [ 737845.688365344423801, 5865895.842006646096706 ], [ 737819.716378033277579, 5865860.253542714752257 ], [ 737768.325452117016539, 5865788.274668617174029 ], [ 737714.494394024601206, 5865718.158660459332168 ], [ 737774.070076434407383, 5865674.296644495800138 ], [ 737792.362146842759103, 5865663.541818100959063 ], [ 737825.442477663629688, 5865644.094715853221714 ], [ 737850.046445076935925, 5865629.523206032812595 ], [ 737866.398452478577383, 5865619.602587956935167 ], [ 737867.083278592093848, 5865619.184655238874257 ], [ 737881.412316390313208, 5865610.976664796471596 ], [ 737928.230510692112148, 5865579.111355220898986 ], [ 737966.658182751503773, 5865553.36126945912838 ], [ 737979.138531456934288, 5865541.625997081398964 ], [ 738035.309829625184648, 5865489.100462391972542 ], [ 738080.386722301132977, 5865443.735046662390232 ], [ 738106.444060257985257, 5865418.395206254906952 ], [ 738125.727281148079783, 5865398.646014644764364 ], [ 738136.603649982367642, 5865386.087732565589249 ], [ 738148.570454392931424, 5865372.463609727099538 ], [ 738158.681846856372431, 5865356.120199218392372 ], [ 738168.548235172056593, 5865337.353653378784657 ], [ 738173.484914044383913, 5865327.700418807566166 ], [ 738175.681959429755807, 5865322.870270255021751 ], [ 738180.945224390015937, 5865307.556805529631674 ], [ 738185.140395939466543, 5865291.696668199263513 ], [ 738188.847197233582847, 5865270.977202902548015 ], [ 738190.11468573322054, 5865252.120416236110032 ], [ 738190.294775447226129, 5865234.597357335500419 ], [ 738190.48036881245207, 5865216.538746386766434 ], [ 738189.340634042280726, 5865196.847892177291214 ], [ 738184.073954022256657, 5865160.128173891454935 ], [ 738181.345934313139878, 5865137.994628625921905 ], [ 738180.695903680287302, 5865122.892503150738776 ], [ 738176.880721274064854, 5865075.677709435112774 ], [ 738175.240179217187688, 5865052.204894375987351 ], [ 738173.602383643155918, 5865028.465809179469943 ], [ 738171.548404426313937, 5864993.132192835211754 ], [ 738170.251079535461031, 5864962.38558456953615 ], [ 738169.324776171823032, 5864921.940518578514457 ], [ 738169.324706232757308, 5864915.737156827934086 ], [ 738169.31168791744858, 5864870.992026013322175 ], [ 738168.903704542783089, 5864858.317714748904109 ], [ 738165.028790041571483, 5864843.18270358722657 ], [ 738186.471656528534368, 5864822.377051522023976 ], [ 738205.431956172338687, 5864802.141017838381231 ], [ 738217.98754310735967, 5864788.737756519578397 ], [ 738238.099182302248664, 5864766.572025174275041 ], [ 738248.432468666462228, 5864754.815234305337071 ], [ 738254.187690817168914, 5864743.824742018245161 ], [ 738257.272853475878946, 5864731.186722196638584 ], [ 738257.361435961560346, 5864722.561050196178257 ], [ 738252.654931344208308, 5864709.843985674902797 ], [ 738237.610049753449857, 5864683.539535854011774 ], [ 738218.340072613093071, 5864649.644888089969754 ], [ 738199.322123536490835, 5864617.640657726675272 ], [ 738189.545567657682113, 5864601.634346948936582 ], [ 738173.382726120413281, 5864605.510406015440822 ], [ 738159.366980719380081, 5864609.679366540163755 ], [ 738147.516438322491013, 5864612.521506059914827 ], [ 738136.21502901695203, 5864614.023018109612167 ], [ 738114.991580987232737, 5864613.534087638370693 ], [ 738085.975263305590488, 5864613.233673031441867 ], [ 738053.739678999176249, 5864612.358385900035501 ], [ 738041.945780048961751, 5864609.271448911167681 ], [ 738010.951803086907603, 5864592.506593679077923 ], [ 738004.538211345323361, 5864588.936853442341089 ], [ 737998.120544769335538, 5864585.904128666035831 ], [ 737992.293812244897708, 5864577.757255739532411 ], [ 737961.774773030541837, 5864514.635552787221968 ], [ 737938.323310583713464, 5864469.64501045551151 ], [ 737928.598730577738024, 5864448.517557049170136 ], [ 737908.057216495275497, 5864460.164740571752191 ], [ 737804.03756772656925, 5864515.421812072396278 ], [ 737672.74397814553231, 5864583.603982576169074 ] ], [ [ 738641.860344182117842, 5869955.503263521008193 ], [ 738645.895263535203412, 5869981.707902447320521 ], [ 738647.050457591190934, 5869989.978700229898095 ], [ 738655.187882981146686, 5870048.281344664283097 ], [ 738657.168108848971315, 5870062.47348668333143 ], [ 738657.861574279027991, 5870067.346301048062742 ], [ 738661.433062254684046, 5870092.457139656879008 ], [ 738664.110882689477876, 5870112.114971195347607 ], [ 738670.186026747222058, 5870156.743716803379357 ], [ 738673.207453254144639, 5870176.73436366673559 ], [ 738678.480656994390301, 5870213.474711494520307 ], [ 738684.46652448666282, 5870250.234190493822098 ], [ 738689.612372168106958, 5870281.831012737937272 ], [ 738694.92419249669183, 5870314.521948290988803 ], [ 738696.633266375865787, 5870331.535675625316799 ], [ 738702.420166984200478, 5870370.165066452696919 ], [ 738702.030319511191919, 5870382.032218421809375 ], [ 738699.262125253677368, 5870390.095547771081328 ], [ 738693.929146587615833, 5870399.67047344148159 ] ], [ [ 738455.610085536376573, 5865173.986031460575759 ], [ 738486.030547957634553, 5865142.490235781297088 ], [ 738496.235950422124006, 5865130.763351366855204 ], [ 738516.436696976656094, 5865107.553415018133819 ], [ 738519.748894846532494, 5865103.749302486889064 ], [ 738527.61856954509858, 5865094.68382175359875 ], [ 738556.44262208766304, 5865061.475929203443229 ], [ 738559.177894404390827, 5865058.325232796370983 ], [ 738566.079781633568928, 5865050.67330015450716 ], [ 738607.831427371012978, 5865004.373700739815831 ], [ 738612.229316305718385, 5864998.818144014105201 ], [ 738627.533857310307212, 5864979.468863440677524 ], [ 738622.498343549203128, 5864979.277303569950163 ], [ 738608.093377354322001, 5864978.766594249755144 ], [ 738588.77399090770632, 5864975.872069601900876 ], [ 738582.207553569227457, 5864974.286351106129587 ], [ 738568.93861520756036, 5864971.084388390183449 ], [ 738544.811565847485326, 5864965.44464258197695 ], [ 738518.339418974006549, 5864952.769473600201309 ] ], [ [ 738189.545567657682113, 5864601.634346948936582 ], [ 738213.553883835556917, 5864592.4469412881881 ], [ 738234.885248543694615, 5864582.425487173721194 ], [ 738244.85434479417745, 5864579.83304931037128 ], [ 738254.509312088484876, 5864581.551303446292877 ], [ 738262.007552440511063, 5864584.055032534524798 ], [ 738268.411501250113361, 5864588.432254972867668 ], [ 738273.979853005264886, 5864595.769960189238191 ], [ 738279.502521086134948, 5864607.41679129190743 ], [ 738288.957000689697452, 5864628.809236236847937 ], [ 738290.041681840433739, 5864631.264154647476971 ], [ 738298.410060878959484, 5864650.203163161873817 ], [ 738309.192681099753827, 5864672.957168764434755 ], [ 738322.309314579819329, 5864704.095534466207027 ], [ 738340.675005995901302, 5864747.413754128850996 ], [ 738356.652817500988021, 5864787.474866680800915 ], [ 738378.989532872568816, 5864836.766985541209579 ], [ 738389.31189887446817, 5864852.239149023778737 ], [ 738403.112366209621541, 5864869.093550324440002 ], [ 738416.132453494006768, 5864883.245782335288823 ], [ 738427.574123230180703, 5864894.416880371049047 ], [ 738439.555220738286152, 5864905.053549817763269 ], [ 738452.36241883749608, 5864914.081670340150595 ], [ 738463.830355557496659, 5864922.555978961288929 ], [ 738480.392365097184666, 5864932.161329994909465 ], [ 738497.222636530990712, 5864941.501611302606761 ], [ 738518.339418974006549, 5864952.769473600201309 ] ] ] } },
{ "type": "Feature", "properties": { "CADRE_NO": "10.009", "DDT_URL": null, "ETC_NOM": "Transports publics de la région lausannoise", "ETC_SIGLE": "TL", "ETC_URL": "https://www.t-l.ch", "GO_CENTRE": 0, "HORAIR_URL": "https://www.tableaux-horaires.ch/fileadmin/fap_pdf_fields/2025/10.009.pdf", "LIGNE_NO": "9", "LIGNE_NOM": "Lutry - Paudex - Pully - Lausanne - Prilly", "LIGNE_SIGL": null, "LIGNE_TYPE": "Trolleybus", "PLAN_URL": "https://prestations.vd.ch/pub/101587/api/download/2_Cartographie_et_geodonnees/2.1_Carte_des_reseaux/Carte_des_lignes_TP/topo/ligne_10.009.pdf", "SHAPE_LEN": 9374.154 }, "geometry": { "type": "MultiLineString", "coordinates": [ [ [ 743387.088664545910433, 5861612.120890880003572 ], [ 743385.906523991376162, 5861610.187381569296122 ], [ 743404.702435265062377, 5861595.080490698106587 ] ], [ [ 738945.470789391780272, 5863725.840401812456548 ], [ 738941.953217749483883, 5863728.228864920325577 ], [ 738863.571341784670949, 5863774.055642874911427 ], [ 738794.670695755747147, 5863811.892150847241282 ], [ 738735.492700007394888, 5863844.97617971803993 ], [ 738647.963139955652878, 5863895.798358461819589 ], [ 738578.459479891462252, 5863935.811958698555827 ], [ 738527.621188882389106, 5863967.362591413781047 ] ], [ [ 740731.961636204272509, 5863143.617339994758368 ], [ 740753.785026051802561, 5863103.610862222500145 ], [ 740777.389895398984663, 5863060.33181160222739 ] ], [ [ 740782.798468446359038, 5863048.618001975119114 ], [ 740801.409608091460541, 5863014.559979070909321 ], [ 740823.183559684664942, 5862982.170883443206549 ], [ 740844.056035106419586, 5862953.470405355095863 ], [ 740866.219266391242854, 5862925.651662377640605 ], [ 740895.009761512628756, 5862890.857893203385174 ], [ 740917.42456657323055, 5862865.41802188474685 ], [ 740932.362992081209086, 5862851.647776225581765 ], [ 740947.42430842446629, 5862840.970966652035713 ], [ 740957.342272861162201, 5862835.65721754450351 ], [ 740964.156416192301549, 5862832.787566876038909 ], [ 740975.059001589077525, 5862829.830837158486247 ], [ 740992.347406599204987, 5862827.686038224957883 ], [ 741014.396265843883157, 5862827.597011744044721 ], [ 741049.976677650935017, 5862831.04560025036335 ], [ 741114.962753337109461, 5862838.811856523156166 ], [ 741162.310987423290499, 5862844.780203438363969 ], [ 741182.959390804520808, 5862846.225029787048697 ], [ 741202.226185888750479, 5862846.573358694091439 ], [ 741226.596220005885698, 5862845.578607458621264 ], [ 741251.293597372598015, 5862842.731733849272132 ], [ 741301.180297369835898, 5862833.794785242527723 ], [ 741318.173512183246203, 5862830.2538081407547 ], [ 741335.35536291229073, 5862825.242066778242588 ], [ 741351.777381424442865, 5862819.618823413737118 ], [ 741365.611072922009043, 5862813.614669939503074 ], [ 741380.994098737486638, 5862805.83466524258256 ], [ 741397.426050883368589, 5862795.25084528233856 ], [ 741580.089361249119975, 5862664.76831067726016 ], [ 741605.013129345490597, 5862646.588645278476179 ] ], [ [ 741615.269010629504919, 5862639.45581860281527 ], [ 741652.106478385161608, 5862613.838165176101029 ], [ 741756.276098645525053, 5862541.394722355529666 ], [ 741767.6595457138028, 5862533.299538758583367 ], [ 741799.694700405816548, 5862510.512070037424564 ], [ 741838.748548491974361, 5862481.982542137615383 ], [ 741883.726685458328575, 5862447.625853446312249 ], [ 741946.220087714260444, 5862396.044257149100304 ], [ 742007.562071853200905, 5862340.237226971425116 ] ], [ [ 742021.388081682263874, 5862330.91036625020206 ], [ 742042.700475355726667, 5862320.480462471954525 ], [ 742074.993136929697357, 5862307.343637278303504 ], [ 742094.592965267016552, 5862299.36884281784296 ], [ 742106.732891803141683, 5862295.554453144781291 ], [ 742130.219801706494763, 5862288.17242209520191 ], [ 742157.20628624712117, 5862283.771436827257276 ], [ 742183.437205658992752, 5862281.571686724200845 ], [ 742205.979538834304549, 5862280.566393104381859 ], [ 742230.463853475521319, 5862281.791919921524823 ], [ 742258.110841472633183, 5862285.012945736758411 ], [ 742286.978005981771275, 5862288.494746271520853 ], [ 742305.094146629329771, 5862289.65428421087563 ], [ 742327.383208475774154, 5862289.628343023359776 ], [ 742347.493349145515822, 5862287.124702986329794 ], [ 742371.314662199001759, 5862280.969036317430437 ], [ 742391.960205318639055, 5862273.556835311464965 ], [ 742407.459649880533107, 5862266.582761942408979 ], [ 742426.921542080468498, 5862255.471705094911158 ], [ 742448.617143129231408, 5862240.942878181114793 ], [ 742463.93428072729148, 5862228.430455837398767 ], [ 742491.045487569645047, 5862203.095883936621249 ], [ 742541.936632102704607, 5862151.900662870146334 ], [ 742545.941708672326058, 5862148.14242853410542 ], [ 742571.034747023135424, 5862124.605318853631616 ], [ 742591.780084230587818, 5862105.147539771161973 ], [ 742706.368126897956245, 5861997.227254167199135 ], [ 742725.343365196720697, 5861979.704679794609547 ], [ 742732.761752074351534, 5861973.791622051969171 ], [ 742755.911132901906967, 5861957.452202360145748 ], [ 742780.822787371696904, 5861940.948174039833248 ], [ 742804.370327617158182, 5861926.744174857623875 ], [ 742833.657317402539775, 5861910.712211919017136 ], [ 742857.223893532762304, 5861897.811984797939658 ], [ 742947.650978648220189, 5861848.982609550468624 ], [ 743013.492587864515372, 5861814.274086487479508 ], [ 743099.15675276669208, 5861767.950475605204701 ], [ 743143.17966985271778, 5861744.145349996164441 ], [ 743254.269467030535452, 5861684.986029827967286 ], [ 743360.924374995171092, 5861627.896515795961022 ], [ 743387.088664545910433, 5861612.120890880003572 ] ], [ [ 743388.267315286560915, 5861613.81575461756438 ], [ 743387.088664545910433, 5861612.120890880003572 ] ], [ [ 735299.306462148204446, 5866420.896236630156636 ], [ 735299.935468893381767, 5866421.654122519306839 ], [ 735300.431403782917187, 5866422.371282398700714 ], [ 735300.901576097472571, 5866423.191526132635772 ], [ 735301.324205917073414, 5866424.116076994687319 ], [ 735301.635420228354633, 5866425.010323412716389 ], [ 735301.865133453626186, 5866425.926992014050484 ], [ 735302.003991671954282, 5866426.790283513255417 ], [ 735302.075919806375168, 5866427.807171072810888 ], [ 735302.054291665204801, 5866428.751727847382426 ], [ 735301.962384447921067, 5866429.61837924644351 ], [ 735301.779837903100997, 5866430.54811657872051 ], [ 735301.49521409755107, 5866431.52480439376086 ], [ 735301.174609787994996, 5866432.336607358418405 ], [ 735300.719451048760675, 5866433.247421436011791 ], [ 735300.014231288922019, 5866434.33899191301316 ], [ 735299.415751166059636, 5866435.080863717012107 ], [ 735298.809769478277303, 5866435.709106167778373 ], [ 735298.100815294892527, 5866436.331882058642805 ], [ 735297.278963427757844, 5866436.927249014377594 ], [ 735296.462699610856362, 5866437.406214739196002 ], [ 735295.610948981135152, 5866437.810557762160897 ], [ 735294.726628932985477, 5866438.138853468932211 ], [ 735293.888354277005419, 5866438.36719317547977 ], [ 735292.888065239414573, 5866438.547218798659742 ], [ 735292.020910629304126, 5866438.625306652858853 ], [ 735291.147288683336228, 5866438.629081573337317 ], [ 735290.138186772353947, 5866438.545520088635385 ], [ 735289.206881835241802, 5866438.378354952670634 ], [ 735288.367636503768153, 5866438.151030652225018 ], [ 735287.481497564469464, 5866437.830036921426654 ], [ 735286.564657335635275, 5866437.39371023606509 ], [ 735285.813289332436398, 5866436.953327142633498 ], [ 735284.637052229023539, 5866436.073135343380272 ] ], [ [ 738309.797482956317253, 5864012.016953939571977 ], [ 738329.204467033501714, 5864006.01758308056742 ], [ 738351.787803742685355, 5863999.521219523623586 ], [ 738354.534868692513555, 5863998.731672850437462 ], [ 738364.255802493193187, 5863996.221125524491072 ], [ 738387.671499310177751, 5863990.178606355562806 ], [ 738402.865629716194235, 5863987.702671546489 ], [ 738437.71797054912895, 5863982.019614098593593 ], [ 738527.621188882389106, 5863967.362591413781047 ] ], [ [ 742021.388081682263874, 5862330.91036625020206 ], [ 742007.562071853200905, 5862340.237226971425116 ] ], [ [ 734599.681511451257393, 5867097.525910498574376 ], [ 734609.382326374645345, 5867111.040281270630658 ], [ 734610.875380020472221, 5867115.004667123779655 ], [ 734610.740516794496216, 5867118.661828333511949 ], [ 734609.344330388121307, 5867123.5589346177876 ], [ 734605.597018036176451, 5867127.515011390671134 ], [ 734589.862024473259225, 5867139.380045298486948 ], [ 734577.774328356492333, 5867148.497752747498453 ], [ 734574.105712652788498, 5867150.384412882849574 ], [ 734567.862346559180878, 5867150.799136793240905 ], [ 734562.698634376516566, 5867148.91353640332818 ], [ 734557.755293529829942, 5867144.334016819484532 ], [ 734548.695746960584074, 5867132.197873809374869 ], [ 734599.681511451257393, 5867097.525910498574376 ], [ 734647.789529665140435, 5867062.131317537277937 ], [ 734680.288614568067715, 5867039.291640186682343 ], [ 734717.137382765999064, 5867011.644801697693765 ], [ 734741.800733197247609, 5866992.495879776775837 ], [ 734768.084717928781174, 5866972.556333777494729 ], [ 734848.825183720444329, 5866912.216183731332421 ], [ 734921.165204806486145, 5866857.986052545718849 ], [ 734965.795852051465772, 5866825.508742802776396 ], [ 734965.803153700660914, 5866825.504453558474779 ], [ 734970.465659604640678, 5866822.114289998076856 ], [ 734995.933258297503926, 5866802.972231402993202 ], [ 735021.702167836599983, 5866780.869321594014764 ], [ 735037.708057499141432, 5866766.750388446263969 ], [ 735051.020900501287542, 5866753.412055717781186 ], [ 735086.085698804934509, 5866716.576803772710264 ], [ 735094.276500293286517, 5866704.531751617789268 ], [ 735123.199693030794151, 5866663.58809551037848 ], [ 735159.253820031997748, 5866609.240160083398223 ], [ 735189.268778869882226, 5866566.96180753223598 ], [ 735192.467006845050491, 5866561.916766700334847 ], [ 735221.780940922326408, 5866517.15913578029722 ], [ 735250.413075521588326, 5866478.367366309277713 ], [ 735271.392876042402349, 5866451.361335807479918 ], [ 735284.637052229023539, 5866436.073135343380272 ], [ 735283.963234984898008, 5866435.435596754774451 ], [ 735283.290745928185061, 5866434.672876978293061 ], [ 735282.734349839854985, 5866433.909940990619361 ], [ 735282.282269075280055, 5866433.162676436826587 ], [ 735281.836317250388674, 5866432.248064982704818 ], [ 735281.500314716482535, 5866431.365198508836329 ], [ 735281.262545597390272, 5866430.524142262525856 ], [ 735281.071455256431364, 5866429.523450962267816 ], [ 735280.987797566805966, 5866428.654925199225545 ], [ 735280.978294323082082, 5866427.635792347602546 ], [ 735281.045568053959869, 5866426.76596681214869 ], [ 735281.220198528724723, 5866425.761902074329555 ], [ 735281.462051448761486, 5866424.85026799608022 ], [ 735281.787828695727512, 5866423.9613664643839 ], [ 735282.156115608406253, 5866423.168998942710459 ], [ 735282.669005522038788, 5866422.287918434478343 ], [ 735283.171382720349357, 5866421.577049420215189 ], [ 735283.828241656185128, 5866420.803776499815285 ], [ 735285.037148037110455, 5866419.698661990463734 ], [ 735285.774117345921695, 5866419.170811695046723 ], [ 735286.584576187189668, 5866418.691785999573767 ], [ 735287.504829573445022, 5866418.25906098075211 ], [ 735288.39197260432411, 5866417.938075695186853 ], [ 735289.304368193726987, 5866417.698882351629436 ], [ 735290.233310575946234, 5866417.541387991048396 ], [ 735291.172980474773794, 5866417.466986226849258 ], [ 735292.116092210286297, 5866417.478510795161128 ], [ 735293.053986343089491, 5866417.571501958183944 ], [ 735293.908418881474063, 5866417.734934114851058 ], [ 735294.817030781297944, 5866417.989201553165913 ], [ 735295.700111643294804, 5866418.324718759395182 ], [ 735296.54900202085264, 5866418.737026036716998 ], [ 735297.35646254546009, 5866419.224590348079801 ], [ 735298.118217537878081, 5866419.78008730802685 ], [ 735299.306462148204446, 5866420.896236630156636 ], [ 735316.500482239876874, 5866404.926695936359465 ], [ 735340.609651184175164, 5866387.120994780212641 ], [ 735368.24407023540698, 5866366.386053198948503 ], [ 735382.852210531942546, 5866357.376481740735471 ], [ 735403.143086237250827, 5866344.651290503330529 ], [ 735433.114563966053538, 5866331.489189904183149 ], [ 735490.645673035993241, 5866304.600423903204501 ], [ 735522.828481895616278, 5866285.530967750586569 ], [ 735547.949300074600615, 5866273.667825344018638 ], [ 735569.296386911300942, 5866262.840244760736823 ], [ 735590.917515632463619, 5866251.204700696282089 ], [ 735622.84292805287987, 5866231.324327471666038 ], [ 735637.456288350513205, 5866221.774453614838421 ], [ 735654.211781179415993, 5866209.445080736652017 ], [ 735661.293032947229221, 5866204.234657155349851 ], [ 735685.946355353109539, 5866185.623369217850268 ], [ 735693.266501133912243, 5866179.49837180878967 ], [ 735726.915810603881255, 5866148.850730514153838 ], [ 735737.456534073338844, 5866138.40008997824043 ], [ 735811.381808507954702, 5866065.092787747271359 ], [ 735874.396539206500165, 5866002.133212241344154 ], [ 735894.494164247065783, 5865982.126929649151862 ], [ 735921.932822633767501, 5865954.109276765026152 ], [ 735933.081521425279789, 5865941.82510526292026 ], [ 735946.49643841967918, 5865928.879337984137237 ], [ 735964.033536831731908, 5865911.956692230887711 ], [ 736003.375465846038423, 5865873.5217668376863 ], [ 736013.994529318413697, 5865863.147649380378425 ], [ 736041.700881054159254, 5865835.405049218796194 ], [ 736096.838891062303446, 5865779.912577666342258 ], [ 736144.40394169674255, 5865728.920913428068161 ], [ 736155.826093389652669, 5865716.102538274601102 ], [ 736197.945714839734137, 5865671.795848150737584 ], [ 736223.837595410295762, 5865645.114176285453141 ], [ 736230.742057941504754, 5865638.009447765536606 ], [ 736254.453505611629225, 5865613.619185634888709 ], [ 736281.748759580426849, 5865573.46896587498486 ], [ 736306.507840754580684, 5865544.344515246339142 ], [ 736333.148529140511528, 5865515.510698252357543 ], [ 736345.389478923054412, 5865501.351689025759697 ], [ 736365.477859153295867, 5865482.153240021318197 ], [ 736400.181606325786561, 5865452.864482753910124 ], [ 736439.425471646012738, 5865426.317859657108784 ], [ 736455.669647746253759, 5865414.898258931934834 ], [ 736487.605559781659395, 5865393.396696052514017 ], [ 736510.333637760020792, 5865378.540320821106434 ], [ 736565.267005297471769, 5865342.186486155726016 ], [ 736644.840227281209081, 5865288.028099191375077 ], [ 736670.59761481336318, 5865265.92407653760165 ], [ 736688.802806090563536, 5865248.954442993737757 ], [ 736707.777153130387887, 5865231.268022898584604 ], [ 736736.829642284428701, 5865202.459374227561057 ], [ 736783.866551320999861, 5865150.115698099136353 ], [ 736824.107076577027328, 5865104.981322104111314 ], [ 736870.554974819882773, 5865049.053893045522273 ], [ 736878.264635404222645, 5865039.771390332840383 ], [ 736908.989528087782674, 5865005.047649026848376 ], [ 736924.469289600034244, 5864989.57628330308944 ], [ 736944.559386021108367, 5864969.839115474373102 ], [ 736967.889760310063139, 5864948.517387283034623 ], [ 736979.815675473888405, 5864938.938513178378344 ], [ 737005.562893109046854, 5864917.909907017834485 ], [ 737031.551634097704664, 5864899.313041319139302 ], [ 737119.084841468604282, 5864828.253806442953646 ], [ 737189.795867322594859, 5864772.653145616874099 ], [ 737259.92008390056435, 5864720.383538382127881 ], [ 737272.048317541717552, 5864713.61569375731051 ], [ 737288.050942133995704, 5864704.687640810385346 ], [ 737334.594752161181532, 5864681.956104443408549 ], [ 737372.047952941269614, 5864669.662699404172599 ], [ 737437.470841472852044, 5864660.669348764233291 ], [ 737469.615298843709752, 5864654.529186446219683 ], [ 737482.009619802702218, 5864652.162281137891114 ], [ 737515.196619331021793, 5864643.69244418758899 ], [ 737583.39130202436354, 5864623.378704746253788 ], [ 737614.940212112152949, 5864612.654425251297653 ], [ 737618.448711848934181, 5864611.072479015216231 ], [ 737672.74397814553231, 5864583.603982576169074 ] ], [ [ 738309.797482956317253, 5864012.016953939571977 ], [ 738297.921446669730358, 5864017.284910698421299 ], [ 738289.253300633397885, 5864023.932202623225749 ], [ 738282.462414522888139, 5864031.141736317425966 ], [ 738245.94797152117826, 5864082.658227101899683 ], [ 738243.202546560904011, 5864086.533142050728202 ], [ 738225.756813998101279, 5864110.740409970283508 ], [ 738207.210333114373498, 5864137.867453658953309 ], [ 738205.237949077622034, 5864140.770907083526254 ], [ 738203.675198830547743, 5864143.058606832288206 ], [ 738166.60179780353792, 5864197.347978692501783 ], [ 738128.26711717993021, 5864253.481561214663088 ], [ 738123.452034725807607, 5864259.969359435141087 ], [ 738102.995869598118588, 5864290.747400993481278 ], [ 738088.544516933616251, 5864311.354728439822793 ], [ 738076.561112284543924, 5864326.863149508833885 ], [ 738064.024264152161777, 5864343.985720651224256 ], [ 738043.09418331948109, 5864367.489215278066695 ], [ 738031.837133943918161, 5864380.634327070787549 ], [ 738016.195686875493266, 5864396.323199300095439 ], [ 738009.466395004303195, 5864402.150819492526352 ], [ 737990.996193112921901, 5864416.81777061894536 ], [ 737928.598730577738024, 5864448.517557049170136 ], [ 737908.057216495275497, 5864460.164740571752191 ], [ 737804.03756772656925, 5864515.421812072396278 ], [ 737672.74397814553231, 5864583.603982576169074 ] ], [ [ 738945.470789391780272, 5863725.840401812456548 ], [ 739037.608282278873958, 5863674.762211171910167 ], [ 739120.846424209419638, 5863627.099510058760643 ], [ 739127.062516970210709, 5863623.38957048393786 ], [ 739197.315816351561807, 5863584.486739271320403 ], [ 739313.554449952440336, 5863514.520464851520956 ], [ 739353.058001944795251, 5863492.386109452694654 ], [ 739361.371984756318852, 5863487.629313470795751 ], [ 739438.088275836780667, 5863443.74866006989032 ], [ 739514.653561176033691, 5863399.662282546982169 ], [ 739550.07755566353444, 5863383.629815047606826 ], [ 739580.285380212590098, 5863373.15118286665529 ], [ 739604.64617445867043, 5863366.927738884463906 ], [ 739627.475156794418581, 5863363.278977328911424 ], [ 739649.42949398921337, 5863360.912059954367578 ], [ 739666.524284724728204, 5863360.121159847825766 ], [ 739690.580240041716024, 5863362.521072602830827 ], [ 739715.468702363432385, 5863367.951929261907935 ], [ 739742.566804835689254, 5863374.212840022519231 ], [ 739752.580259007168934, 5863376.526592106558383 ], [ 739769.90430521487724, 5863382.484345349483192 ], [ 739793.29265397367999, 5863390.529382631182671 ], [ 739824.780898726545274, 5863402.497030653990805 ], [ 739842.356267740717158, 5863407.853278655558825 ], [ 739857.957847520825453, 5863411.147738005034626 ], [ 739867.031033636536449, 5863413.063269753009081 ], [ 739882.192470094538294, 5863414.980915786698461 ], [ 739903.684181269723922, 5863416.060508003458381 ], [ 739935.807849625591189, 5863414.660446011461318 ], [ 739987.582718730671331, 5863409.553582110442221 ], [ 740060.069769377703778, 5863402.402028393931687 ], [ 740107.736450650379993, 5863394.831313332542777 ], [ 740133.417947668582201, 5863388.944265921600163 ], [ 740154.126086599659175, 5863382.25155823584646 ], [ 740177.434087332803756, 5863373.643805080093443 ], [ 740202.498425876605324, 5863361.601918576285243 ], [ 740225.662003145902418, 5863348.443510007113218 ], [ 740233.806131307268515, 5863343.349541779607534 ], [ 740246.364210309111513, 5863334.813425730913877 ], [ 740265.318285662098788, 5863320.180454625748098 ], [ 740317.934633129392751, 5863278.553838387131691 ], [ 740323.063449983135797, 5863274.41165762860328 ], [ 740366.123608191381209, 5863239.641525382176042 ], [ 740381.871762010501698, 5863228.740762886591256 ], [ 740390.100914041511714, 5863223.682502897456288 ], [ 740398.50662510690745, 5863218.519788385368884 ], [ 740403.862407271051779, 5863214.88192954659462 ], [ 740413.138177470769733, 5863209.74690165091306 ], [ 740429.318836573394947, 5863203.299053021706641 ], [ 740448.780680928030051, 5863196.708184126764536 ], [ 740467.477598611498252, 5863191.464371059089899 ], [ 740490.223612170782872, 5863187.470614766702056 ], [ 740514.601916290237568, 5863185.754650802351534 ], [ 740572.472254035295919, 5863185.828223834745586 ], [ 740632.913810014957562, 5863186.548660967499018 ], [ 740644.533432549796999, 5863186.214455848559737 ], [ 740653.904098571510985, 5863185.064519754610956 ], [ 740662.175036168075167, 5863183.497507141903043 ], [ 740696.758023671689443, 5863168.000949431210756 ], [ 740719.625366872060113, 5863156.490211322903633 ], [ 740723.969976345892064, 5863153.137425527907908 ], [ 740731.987079538288526, 5863143.575800040736794 ] ] ] } },
{ "type": "Feature", "properties": { "CADRE_NO": "10.906", "DDT_URL": null, "ETC_NOM": "Transports publics de la région lausannoise", "ETC_SIGLE": "TL", "ETC_URL": "https://www.t-l.ch", "GO_CENTRE": 0, "HORAIR_URL": "https://www.tableaux-horaires.ch/fileadmin/fap_pdf_fields/2025/10.906.pdf", "LIGNE_NO": "N6", "LIGNE_NOM": "Lausanne St-François - Grandvaux Pra Grana (N6)", "LIGNE_SIGL": null, "LIGNE_TYPE": "Bus nocturne", "PLAN_URL": "https://prestations.vd.ch/pub/101587/api/download/2_Cartographie_et_geodonnees/2.1_Carte_des_reseaux/Carte_des_lignes_TP/topo/ligne_10.906.pdf", "SHAPE_LEN": 20792.375 }, "geometry": { "type": "MultiLineString", "coordinates": [ [ [ 740438.222068487084471, 5865151.041609136387706 ], [ 740446.850182660855353, 5865146.307871166616678 ], [ 740462.554540849523619, 5865134.6050387006253 ], [ 740470.140073401853442, 5865128.213109464384615 ], [ 740474.48872851615306, 5865123.404193173162639 ], [ 740478.734572134329937, 5865118.719416947104037 ], [ 740481.593152898713015, 5865111.88102504145354 ], [ 740484.216518954373896, 5865091.151596098206937 ], [ 740488.137905176845379, 5865048.598071640357375 ], [ 740493.113912361324765, 5865007.941727926023304 ], [ 740498.530699659138918, 5864976.727535083889961 ], [ 740502.463956714840606, 5864959.782838973216712 ], [ 740508.28666175249964, 5864941.781595182605088 ], [ 740514.360308806993999, 5864925.667787629179657 ], [ 740525.008692141156644, 5864908.523026011884212 ], [ 740536.979240860091522, 5864894.085727431811392 ], [ 740544.046857319306582, 5864886.068727456964552 ], [ 740552.976931642158888, 5864879.690451726317406 ], [ 740570.806151360156946, 5864870.166223969310522 ], [ 740589.178949012421072, 5864860.107455566525459 ], [ 740608.111504582571797, 5864847.895804099738598 ], [ 740611.592788637266494, 5864845.072263076901436 ], [ 740625.17858695378527, 5864834.049766510725021 ], [ 740644.967319141491316, 5864816.730661381036043 ], [ 740668.079176776460372, 5864789.464745571836829 ], [ 740731.68759516091086, 5864716.512670519761741 ], [ 740767.532079425291158, 5864678.863427286967635 ], [ 740801.217022626660764, 5864642.272459890693426 ], [ 740821.841154329827987, 5864621.994061654433608 ], [ 740840.279117451282218, 5864605.466238310560584 ], [ 740848.654305997304618, 5864598.086771218106151 ], [ 740853.291228174581192, 5864594.002754529938102 ], [ 740869.533470622962341, 5864582.037533353082836 ], [ 740879.806331975385547, 5864575.671167075634003 ], [ 740886.833073564223014, 5864571.696992953307927 ], [ 740919.464642397128046, 5864559.626871902495623 ], [ 740974.731481462600641, 5864541.309757704846561 ], [ 740988.122696317732334, 5864536.622102859430015 ], [ 741020.684923847671598, 5864525.223368906415999 ], [ 741061.555777200148441, 5864510.912445859983563 ], [ 741098.226553773041815, 5864498.3393101291731 ], [ 741114.884177660569549, 5864492.988481003791094 ], [ 741144.603333117906004, 5864482.090668112970889 ], [ 741178.57920793897938, 5864470.300950676202774 ], [ 741199.316154119558632, 5864465.11738998722285 ], [ 741214.927270862041041, 5864462.577995656989515 ], [ 741221.449790132348426, 5864461.87326832767576 ], [ 741228.646190710598603, 5864461.096677886322141 ], [ 741234.022074725595303, 5864460.881147846579552 ], [ 741275.686078578932211, 5864459.411171255633235 ], [ 741319.490469675976783, 5864458.770123784430325 ], [ 741343.950429600314237, 5864457.935811107046902 ], [ 741361.158337277593091, 5864456.76127053797245 ], [ 741374.058738530264236, 5864456.620734116062522 ], [ 741378.10192222869955, 5864456.199702954851091 ], [ 741390.732363571412861, 5864454.899387520737946 ], [ 741407.964532901998609, 5864451.568061218596995 ], [ 741420.35201768099796, 5864448.723989018239081 ], [ 741432.475213440484367, 5864445.610923095606267 ], [ 741442.726375754107721, 5864441.669965442270041 ], [ 741457.572090067900717, 5864434.808649745769799 ], [ 741478.362396066193469, 5864424.50336377043277 ], [ 741507.82677115756087, 5864406.736670209094882 ], [ 741556.480139416875318, 5864377.570091943256557 ], [ 741594.494591936818324, 5864354.130736799910665 ], [ 741628.628562015946954, 5864336.507761687040329 ], [ 741675.931329408544116, 5864308.135066082701087 ], [ 741738.367186398012564, 5864270.74941967241466 ], [ 741766.750525338109583, 5864253.780625521205366 ], [ 741785.961772629991174, 5864240.223816292360425 ], [ 741798.959970795898698, 5864229.842079256661236 ], [ 741808.724270889535546, 5864220.503761034458876 ], [ 741822.853159002494067, 5864204.470349030569196 ], [ 741841.065161809907295, 5864183.357445010915399 ], [ 741852.461045346804895, 5864172.147696760483086 ], [ 741865.98807245620992, 5864162.848164990544319 ], [ 741874.084798174910247, 5864159.156156927347183 ], [ 741888.106011511408724, 5864154.173773453570902 ], [ 741903.190042476635426, 5864150.278884299099445 ], [ 741917.973815363598987, 5864149.617739123292267 ], [ 741924.160141852335073, 5864149.139128373004496 ], [ 741931.132710166275501, 5864150.286680111661553 ], [ 741946.408337509841658, 5864154.481116068549454 ], [ 741954.176814374164678, 5864156.716424603015184 ], [ 741962.473129912978038, 5864160.301721818745136 ], [ 741975.293220477295108, 5864167.977774186991155 ], [ 741991.583990977960639, 5864178.111395929940045 ], [ 742019.091320710722357, 5864195.094482125714421 ], [ 742067.432349219219759, 5864224.683593447320163 ], [ 742105.621324141975492, 5864248.513557200320065 ], [ 742133.669907514471561, 5864265.233975195325911 ], [ 742148.350852325325832, 5864275.351490802131593 ], [ 742156.336362652014941, 5864282.978112290613353 ], [ 742162.455101653933525, 5864289.240038003772497 ], [ 742167.453964362852275, 5864300.069566767662764 ], [ 742171.110723633202724, 5864310.619501014240086 ], [ 742178.903026243671775, 5864332.457657173275948 ], [ 742191.668166649062186, 5864368.229579482227564 ], [ 742193.608367663342506, 5864375.41663643438369 ], [ 742194.617693918989971, 5864379.152456942014396 ], [ 742201.565166186890565, 5864410.655087977647781 ], [ 742203.889522106968798, 5864422.455274134874344 ] ], [ [ 740414.249317164998502, 5865151.267049478366971 ], [ 740408.403855932992883, 5865148.34649277292192 ], [ 740395.884298636345193, 5865137.168287528678775 ], [ 740357.418858767137863, 5865087.446276511065662 ], [ 740340.97222074388992, 5865066.253706909716129 ], [ 740316.039243576000445, 5865033.652962977997959 ], [ 740300.128130052238703, 5865012.465851533226669 ], [ 740293.775739577249624, 5865002.965578721836209 ], [ 740287.168305179453455, 5864991.845659697428346 ], [ 740283.472932483186014, 5864985.338574991561472 ], [ 740276.362483913311735, 5864970.708720131777227 ], [ 740270.853163713240065, 5864957.445771978236735 ], [ 740266.145059221307747, 5864944.729472895152867 ], [ 740261.730979676591232, 5864929.319113370962441 ], [ 740257.62048877007328, 5864910.407002207823098 ], [ 740253.24308304709848, 5864891.492232122458518 ], [ 740243.536409196211025, 5864841.25387232657522 ], [ 740236.276507646311074, 5864797.897287985309958 ], [ 740230.607271825312637, 5864764.027764135040343 ], [ 740225.252508044941351, 5864735.398328029550612 ], [ 740220.071365259122103, 5864716.20798419509083 ], [ 740216.174020825419575, 5864702.960222873836756 ], [ 740210.946890871739015, 5864688.35127567499876 ], [ 740203.846385176526383, 5864672.912715335376561 ], [ 740193.813959611696191, 5864655.29044930357486 ], [ 740185.896081907209009, 5864640.923613607883453 ], [ 740176.344866824103519, 5864628.695799490436912 ], [ 740158.035514611634426, 5864605.598870385438204 ], [ 740123.477759136352688, 5864568.587945942766964 ], [ 740085.702137930318713, 5864530.738143808208406 ], [ 740049.296046128030866, 5864490.473095146007836 ], [ 740014.993815320194699, 5864454.543272064067423 ], [ 739980.708326544612646, 5864417.267364649102092 ], [ 739946.910974381375127, 5864384.848774184472859 ], [ 739936.551092011970468, 5864372.883551677688956 ], [ 739910.15060863236431, 5864352.93861008901149 ], [ 739891.53158750908915, 5864343.414711499586701 ] ], [ [ 737221.458568849484436, 5864078.605357986874878 ], [ 737218.439336904441006, 5864084.773661356419325 ], [ 737216.482329874997959, 5864092.031502533704042 ], [ 737216.384353280300274, 5864101.462734866887331 ], [ 737217.088714106590487, 5864111.445219755172729 ], [ 737219.386449058772996, 5864123.059840110130608 ], [ 737251.464249969343655, 5864190.780712622217834 ], [ 737257.421660933177918, 5864204.274738907814026 ] ], [ [ 737257.421660933177918, 5864204.274738907814026 ], [ 737283.75202379852999, 5864263.897879312746227 ], [ 737295.342575468006544, 5864290.140483381226659 ], [ 737304.055493480409496, 5864309.332214375957847 ], [ 737431.411772867897525, 5864571.954328184947371 ], [ 737447.511231879587285, 5864606.144868165254593 ], [ 737467.152708917390555, 5864647.857873423025012 ], [ 737469.615298843709752, 5864654.529186446219683 ], [ 737482.009619802702218, 5864652.162281137891114 ], [ 737515.196619331021793, 5864643.69244418758899 ], [ 737583.39130202436354, 5864623.378704746253788 ], [ 737614.940212112152949, 5864612.654425251297653 ], [ 737618.448711848934181, 5864611.072479015216231 ], [ 737672.74397814553231, 5864583.603982576169074 ] ], [ [ 743273.355953381047584, 5864759.620083470828831 ], [ 743283.251387111842632, 5864777.953699767589569 ], [ 743295.840902703232132, 5864797.054463889449835 ], [ 743305.791356938425452, 5864809.721035023219883 ], [ 743321.5883211013861, 5864827.374348920769989 ], [ 743342.045677777961828, 5864846.057019649073482 ], [ 743371.334778979420662, 5864866.058569653891027 ], [ 743401.857143115834333, 5864882.923856636509299 ], [ 743454.009083433542401, 5864918.084236635826528 ], [ 743522.407560548279434, 5864971.030130073428154 ], [ 743536.00732009508647, 5864985.966392563655972 ], [ 743542.786674506845884, 5864996.385368468239903 ], [ 743547.313202903722413, 5865010.968486257828772 ], [ 743548.197665040963329, 5865021.085618458688259 ], [ 743545.609106437070295, 5865034.614182384684682 ], [ 743540.108840746688657, 5865044.666322614997625 ], [ 743533.160298620234244, 5865051.745313215069473 ], [ 743525.252451152424328, 5865056.599670968949795 ], [ 743510.2266101493733, 5865060.39500589761883 ], [ 743486.393192985327914, 5865060.657916501164436 ], [ 743471.156041191658005, 5865061.24753038212657 ], [ 743460.596459600958042, 5865063.196999189443886 ], [ 743454.666243389830925, 5865064.29056997038424 ], [ 743438.158292639651336, 5865069.058194479905069 ], [ 743425.865197951439768, 5865069.925297617912292 ], [ 743414.377769711427391, 5865068.35059121157974 ], [ 743413.267858035280369, 5865068.198592384345829 ], [ 743408.445691493689083, 5865067.537381066940725 ], [ 743400.890527278999798, 5865063.979251531884074 ], [ 743388.146008972427808, 5865057.974761235527694 ], [ 743373.24709287181031, 5865048.958168294280767 ], [ 743360.533874619752169, 5865042.422688974067569 ], [ 743346.790704351034947, 5865040.812807423062623 ], [ 743312.613362515694462, 5865043.681639831513166 ], [ 743293.151198371429928, 5865048.915038059465587 ], [ 743276.907055624411441, 5865052.206116107292473 ], [ 743258.226306636701338, 5865053.010645957663655 ], [ 743233.936051948112436, 5865049.814461240544915 ], [ 743210.139477506396361, 5865046.132521630264819 ], [ 743193.061226928955875, 5865044.322441101074219 ], [ 743192.223484097979963, 5865044.232749123126268 ], [ 743174.022595805115998, 5865046.273152194917202 ], [ 743160.213951047742739, 5865051.558577899821103 ], [ 743151.802970072021708, 5865057.104875323362648 ], [ 743150.420118789887056, 5865058.017071354202926 ], [ 743142.902795814326964, 5865062.973879041150212 ], [ 743127.759018437587656, 5865079.340202798135579 ], [ 743119.020070729311556, 5865093.550928955897689 ], [ 743113.447466089157388, 5865110.994788861833513 ], [ 743109.787428700132295, 5865133.634705540724099 ], [ 743104.945511858561076, 5865151.580665863119066 ], [ 743099.413029780029319, 5865164.59000226855278 ], [ 743092.929514299845323, 5865174.383501866832376 ], [ 743084.72439892264083, 5865184.409067375585437 ], [ 743074.82979381934274, 5865191.213008378632367 ], [ 743061.245902816182934, 5865198.721723081544042 ], [ 743002.155690108775161, 5865223.809062255546451 ], [ 742993.154724979423918, 5865227.631995155476034 ], [ 742979.848972266772762, 5865231.444789408706129 ], [ 742970.500269922777079, 5865232.830619771964848 ], [ 742955.281949707539752, 5865231.450172351673245 ], [ 742937.141536178183742, 5865227.083397134207189 ], [ 742935.027012745384127, 5865226.393128380179405 ], [ 742910.691270488547161, 5865218.443176559172571 ], [ 742895.012371027725749, 5865213.854455609805882 ], [ 742884.708854371099733, 5865212.273163287900388 ], [ 742874.148136223317124, 5865211.92363949585706 ], [ 742853.736799418111332, 5865213.694300031289458 ], [ 742826.210761688183993, 5865214.658614243380725 ], [ 742819.185220789513551, 5865214.976865612901747 ], [ 742805.543413066188805, 5865215.601356357336044 ], [ 742784.307746241451241, 5865216.200784884393215 ], [ 742756.72842803504318, 5865214.742328126914799 ], [ 742745.416448186384514, 5865213.319812538102269 ], [ 742722.079299268778414, 5865207.137446106411517 ], [ 742702.174871482071467, 5865198.000515274703503 ], [ 742684.480111730634235, 5865187.092034032568336 ], [ 742669.58620340609923, 5865175.23584577254951 ], [ 742654.540391348768026, 5865158.585070620290935 ], [ 742643.654905241448432, 5865144.999801877886057 ], [ 742634.128686021780595, 5865129.807897456921637 ], [ 742624.127719328505918, 5865108.413697628304362 ], [ 742617.841214004321955, 5865091.907332707196474 ], [ 742614.212289798771963, 5865078.122759260237217 ], [ 742610.148119591642171, 5865054.092883666977286 ], [ 742608.673329457873479, 5865040.058825997635722 ], [ 742607.101373315323144, 5865008.502363599836826 ], [ 742603.554441077401862, 5864958.869589836336672 ], [ 742595.826469264226034, 5864897.329319869168103 ], [ 742591.975508773582987, 5864878.960970567539334 ], [ 742588.575577224371955, 5864869.222318512387574 ], [ 742583.023296679486521, 5864860.003942578099668 ], [ 742576.385545900440775, 5864851.849041750654578 ], [ 742535.348271581227891, 5864816.670780596323311 ], [ 742523.071390225901268, 5864808.194015149958432 ], [ 742514.016543160309084, 5864799.750420360825956 ], [ 742508.719609175459482, 5864791.879442696459591 ], [ 742506.921240078983828, 5864783.505848697386682 ], [ 742504.913704241625965, 5864768.929887058213353 ], [ 742505.553345369640738, 5864758.420402186922729 ], [ 742507.264093455974944, 5864748.464366793632507 ], [ 742512.496870996430516, 5864735.307517560198903 ], [ 742520.147013505105861, 5864722.714462356641889 ], [ 742525.373052466195077, 5864710.094643609598279 ], [ 742531.684812607360072, 5864696.680658002384007 ], [ 742534.211228401982225, 5864685.651310846209526 ], [ 742535.669112931936979, 5864673.805135709233582 ], [ 742535.782475392217748, 5864662.215000819414854 ], [ 742533.217084642034024, 5864649.789280777797103 ], [ 742529.0255999523215, 5864638.967486882582307 ], [ 742523.224814028828405, 5864627.588433769531548 ], [ 742516.593746258877218, 5864618.625992354936898 ], [ 742507.266908380785026, 5864610.718407433480024 ], [ 742497.653256420511752, 5864604.694252128712833 ], [ 742485.096357862115838, 5864597.290449409745634 ], [ 742461.562875012401491, 5864586.007448117248714 ], [ 742438.287030995241366, 5864575.533250118605793 ], [ 742402.172852927702479, 5864559.004439087584615 ], [ 742398.326480584335513, 5864556.959468655288219 ], [ 742299.269874805817381, 5864504.272183279506862 ], [ 742273.597023280453868, 5864490.615700203925371 ], [ 742247.148789845057763, 5864475.26030014641583 ], [ 742230.102314291987568, 5864463.250595599412918 ], [ 742218.874128388240933, 5864454.28633857704699 ], [ 742213.054952570702881, 5864447.64161033090204 ], [ 742208.200770333991386, 5864439.350151780992746 ], [ 742207.261993716820143, 5864439.509704143740237 ], [ 742206.321330268401653, 5864439.565903030335903 ], [ 742205.438199470285326, 5864439.525157271884382 ], [ 742203.736873558256775, 5864439.183787214569747 ], [ 742202.849304561736062, 5864438.856279868632555 ], [ 742202.068204563925974, 5864438.471607805229723 ], [ 742201.269389368710108, 5864437.970327159389853 ], [ 742200.474775925395079, 5864437.336644914001226 ], [ 742199.809641838190146, 5864436.666401289403439 ], [ 742199.217683311435394, 5864435.931386983022094 ], [ 742198.7461429691175, 5864435.196107277646661 ], [ 742198.320644548279233, 5864434.352126265875995 ], [ 742197.988402085262351, 5864433.46685977652669 ], [ 742197.755118114524521, 5864432.550552112050354 ], [ 742197.614139559562318, 5864431.542010026983917 ], [ 742197.589334485121071, 5864430.669969914481044 ], [ 742197.667489448213018, 5864429.654861086048186 ], [ 742197.847797214402817, 5864428.726631471887231 ], [ 742198.101159078767523, 5864427.893725988455117 ], [ 742198.496276803081855, 5864426.95597602520138 ], [ 742198.961361510911956, 5864426.13244005292654 ], [ 742199.467414560494944, 5864425.421376058831811 ], [ 742200.145129652461037, 5864424.662524297833443 ], [ 742200.846233837190084, 5864424.033435730263591 ], [ 742201.553433700930327, 5864423.522296084091067 ], [ 742202.436104504507966, 5864423.018712040036917 ], [ 742203.889522106968798, 5864422.455274134874344 ] ], [ [ 739239.716347658191808, 5863906.747333563864231 ], [ 739205.853736498160288, 5863933.895356927067041 ], [ 739187.999112434219569, 5863945.528668150305748 ], [ 739172.0458852306474, 5863955.921082387678325 ], [ 739106.086406849441119, 5863995.407820934429765 ], [ 739053.849618433625437, 5864026.401649969629943 ], [ 739025.260040641995147, 5864043.367820497602224 ], [ 739019.909810982644558, 5864046.923740528523922 ], [ 739016.874659614637494, 5864048.940327581018209 ], [ 738946.341678649652749, 5864088.6501141237095 ], [ 738934.298306526034139, 5864097.411603444255888 ], [ 738929.017320564948022, 5864101.141389198601246 ], [ 738910.643175570643507, 5864114.854575893841684 ], [ 738904.789950540522113, 5864118.788056708872318 ], [ 738892.352047126274556, 5864130.095283986069262 ], [ 738875.838659849367104, 5864145.98440558090806 ], [ 738863.723800980485976, 5864159.606083514168859 ], [ 738852.021775885717943, 5864173.28585363458842 ], [ 738852.2356160558993, 5864173.940059542655945 ] ], [ [ 737858.808543549734168, 5863672.695888126268983 ], [ 737876.162785838940181, 5863668.347136212512851 ] ], [ [ 738061.710942223900929, 5863628.001931821927428 ], [ 738077.617573865689337, 5863625.452555951662362 ] ], [ [ 737858.808543549734168, 5863672.695888126268983 ], [ 737858.875454170862213, 5863673.662901584059 ], [ 737858.768573202542029, 5863674.601915628649294 ], [ 737858.495213204645552, 5863675.507184925489128 ], [ 737858.06297193816863, 5863676.345316427759826 ], [ 737857.486594684887677, 5863677.093178380280733 ], [ 737856.846580268233083, 5863677.681751985102892 ], [ 737856.050705651054159, 5863678.19157661870122 ], [ 737855.111175376689062, 5863678.564566915854812 ], [ 737854.318843123153783, 5863678.730977318249643 ], [ 737853.304497437085956, 5863678.762650427408516 ], [ 737852.374707518960349, 5863678.61328871268779 ], [ 737851.364519962458871, 5863678.241886570118368 ], [ 737842.354004071909003, 5863692.622764281928539 ], [ 737833.398014020291157, 5863701.15389798860997 ], [ 737822.83892007288523, 5863709.131374717690051 ], [ 737811.745784411556087, 5863716.563380431383848 ], [ 737733.065932804369368, 5863764.261510545387864 ], [ 737601.702203673077747, 5863840.252516460604966 ], [ 737531.940288947778754, 5863882.923944118432701 ], [ 737466.767866601119749, 5863923.483151066116989 ], [ 737448.351213085697964, 5863934.810152303427458 ], [ 737384.023953817784786, 5863974.373608303256333 ], [ 737361.583333802642301, 5863987.88518862426281 ], [ 737313.713381760055199, 5864017.844500277191401 ], [ 737279.919934071600437, 5864037.70644140150398 ], [ 737233.13977107219398, 5864066.327746625989676 ], [ 737226.356386866304092, 5864072.727394659072161 ], [ 737221.458568849484436, 5864078.605357986874878 ] ], [ [ 738061.710942223900929, 5863628.001931821927428 ], [ 738063.240552291506901, 5863636.963457541540265 ], [ 737991.899683716823347, 5863650.778644155710936 ], [ 737987.378315241425298, 5863651.588944528251886 ], [ 737962.023189842002466, 5863656.131456103175879 ], [ 737947.771093812421896, 5863657.329810546711087 ], [ 737945.103660661843605, 5863657.859525205567479 ], [ 737876.693995386827737, 5863671.416053901426494 ], [ 737876.162785838940181, 5863668.347136212512851 ] ], [ [ 738890.693873786716722, 5863551.509290083311498 ], [ 738897.077595056965947, 5863570.630226275883615 ], [ 738922.853965930058621, 5863651.487060645595193 ], [ 738945.470789391780272, 5863725.840401812456548 ], [ 738941.953217749483883, 5863728.228864920325577 ], [ 738863.571341784670949, 5863774.055642874911427 ], [ 738794.670695755747147, 5863811.892150847241282 ], [ 738735.492700007394888, 5863844.97617971803993 ], [ 738647.963139955652878, 5863895.798358461819589 ], [ 738578.459479891462252, 5863935.811958698555827 ], [ 738527.621188882389106, 5863967.362591413781047 ] ], [ [ 745788.834180269157514, 5863875.147326321341097 ], [ 745780.853793974965811, 5863875.316245960071683 ] ], [ [ 738890.693873786716722, 5863551.509290083311498 ], [ 738875.211183352395892, 5863554.773199163377285 ], [ 738823.024634239845909, 5863560.975327028892934 ], [ 738799.630752752535045, 5863562.891758606769145 ], [ 738701.486067160498351, 5863570.508416722528636 ], [ 738592.038607147755101, 5863580.164329818449914 ], [ 738591.042536536930129, 5863580.254487939178944 ], [ 738468.601687606424093, 5863591.288555951789021 ], [ 738379.051289117778651, 5863600.623050426132977 ], [ 738365.051987361395732, 5863602.082274276763201 ], [ 738291.368606160627678, 5863608.596318089403212 ], [ 738218.220367826637812, 5863615.537311001680791 ], [ 738183.793089290731587, 5863618.804943647235632 ], [ 738128.685703591327183, 5863621.737636427395046 ], [ 738089.668778716702946, 5863624.12933452706784 ], [ 738089.558902316959575, 5863625.079957162961364 ], [ 738089.307295392034575, 5863625.988364176824689 ], [ 738088.953825268778019, 5863626.786569678224623 ], [ 738088.403952672728337, 5863627.639497915282845 ], [ 738087.772928168065846, 5863628.34314614161849 ], [ 738087.044347022660077, 5863628.941003179177642 ], [ 738086.298466279869899, 5863629.387330712750554 ], [ 738085.425824136007577, 5863629.746483357623219 ], [ 738084.451543381437659, 5863629.973607167601585 ], [ 738083.583346130559221, 5863630.041747284121811 ], [ 738082.574496370507404, 5863629.96290160343051 ], [ 738081.657060434226878, 5863629.74092854373157 ], [ 738080.786012726020999, 5863629.381183032877743 ], [ 738080.039156635175459, 5863628.935406029224396 ], [ 738079.258134194067679, 5863628.285534326918423 ], [ 738078.637311547528952, 5863627.57474406901747 ], [ 738078.167596314684488, 5863626.840778708457947 ], [ 738077.617573865689337, 5863625.452555951662362 ] ], [ [ 742021.388081682263874, 5862330.91036625020206 ], [ 742042.700475355726667, 5862320.480462471954525 ], [ 742074.993136929697357, 5862307.343637278303504 ], [ 742094.592965267016552, 5862299.36884281784296 ], [ 742106.732891803141683, 5862295.554453144781291 ], [ 742130.219801706494763, 5862288.17242209520191 ], [ 742157.20628624712117, 5862283.771436827257276 ], [ 742183.437205658992752, 5862281.571686724200845 ], [ 742205.979538834304549, 5862280.566393104381859 ], [ 742230.463853475521319, 5862281.791919921524823 ], [ 742258.110841472633183, 5862285.012945736758411 ], [ 742286.978005981771275, 5862288.494746271520853 ], [ 742305.094146629329771, 5862289.65428421087563 ], [ 742327.383208475774154, 5862289.628343023359776 ], [ 742347.493349145515822, 5862287.124702986329794 ], [ 742371.314662199001759, 5862280.969036317430437 ], [ 742391.960205318639055, 5862273.556835311464965 ], [ 742407.459649880533107, 5862266.582761942408979 ], [ 742426.921542080468498, 5862255.471705094911158 ], [ 742448.617143129231408, 5862240.942878181114793 ], [ 742463.93428072729148, 5862228.430455837398767 ], [ 742491.045487569645047, 5862203.095883936621249 ], [ 742541.936632102704607, 5862151.900662870146334 ], [ 742545.941708672326058, 5862148.14242853410542 ], [ 742571.034747023135424, 5862124.605318853631616 ], [ 742591.780084230587818, 5862105.147539771161973 ], [ 742706.368126897956245, 5861997.227254167199135 ], [ 742725.343365196720697, 5861979.704679794609547 ], [ 742732.761752074351534, 5861973.791622051969171 ], [ 742755.911132901906967, 5861957.452202360145748 ], [ 742780.822787371696904, 5861940.948174039833248 ], [ 742804.370327617158182, 5861926.744174857623875 ], [ 742833.657317402539775, 5861910.712211919017136 ], [ 742857.223893532762304, 5861897.811984797939658 ], [ 742947.650978648220189, 5861848.982609550468624 ], [ 743013.492587864515372, 5861814.274086487479508 ], [ 743099.15675276669208, 5861767.950475605204701 ], [ 743143.17966985271778, 5861744.145349996164441 ], [ 743254.269467030535452, 5861684.986029827967286 ], [ 743360.924374995171092, 5861627.896515795961022 ], [ 743387.088664545910433, 5861612.120890880003572 ], [ 743385.906523991376162, 5861610.187381569296122 ], [ 743404.702435265062377, 5861595.080490698106587 ] ], [ [ 738309.797482956317253, 5864012.016953939571977 ], [ 738329.204467033501714, 5864006.01758308056742 ], [ 738351.787803742685355, 5863999.521219523623586 ], [ 738354.534868692513555, 5863998.731672850437462 ], [ 738364.255802493193187, 5863996.221125524491072 ], [ 738338.38292490481399, 5864038.515829585492611 ], [ 738345.998632154194638, 5864063.495349357835948 ], [ 738376.461461165687069, 5864076.898994108662009 ], [ 738421.546448105014861, 5864077.508250676095486 ], [ 738461.14812582579907, 5864050.700961149297655 ], [ 738487.650787072954699, 5864008.357628838159144 ], [ 738479.425823243800551, 5863975.457773515954614 ], [ 738387.671499310177751, 5863990.178606355562806 ], [ 738402.865629716194235, 5863987.702671546489 ], [ 738437.71797054912895, 5863982.019614098593593 ], [ 738527.621188882389106, 5863967.362591413781047 ] ], [ [ 738309.797482956317253, 5864012.016953939571977 ], [ 738297.921446669730358, 5864017.284910698421299 ], [ 738289.253300633397885, 5864023.932202623225749 ], [ 738282.462414522888139, 5864031.141736317425966 ], [ 738245.94797152117826, 5864082.658227101899683 ], [ 738243.202546560904011, 5864086.533142050728202 ], [ 738225.756813998101279, 5864110.740409970283508 ], [ 738207.210333114373498, 5864137.867453658953309 ], [ 738205.237949077622034, 5864140.770907083526254 ], [ 738203.675198830547743, 5864143.058606832288206 ], [ 738166.60179780353792, 5864197.347978692501783 ], [ 738128.26711717993021, 5864253.481561214663088 ], [ 738123.452034725807607, 5864259.969359435141087 ], [ 738102.995869598118588, 5864290.747400993481278 ], [ 738088.544516933616251, 5864311.354728439822793 ], [ 738076.561112284543924, 5864326.863149508833885 ], [ 738064.024264152161777, 5864343.985720651224256 ], [ 738043.09418331948109, 5864367.489215278066695 ], [ 738031.837133943918161, 5864380.634327070787549 ], [ 738016.195686875493266, 5864396.323199300095439 ], [ 738009.466395004303195, 5864402.150819492526352 ], [ 737990.996193112921901, 5864416.81777061894536 ], [ 737928.598730577738024, 5864448.517557049170136 ], [ 737908.057216495275497, 5864460.164740571752191 ], [ 737804.03756772656925, 5864515.421812072396278 ], [ 737672.74397814553231, 5864583.603982576169074 ] ], [ [ 738945.470789391780272, 5863725.840401812456548 ], [ 739037.608282278873958, 5863674.762211171910167 ], [ 739120.846424209419638, 5863627.099510058760643 ], [ 739127.062516970210709, 5863623.38957048393786 ], [ 739197.315816351561807, 5863584.486739271320403 ], [ 739313.554449952440336, 5863514.520464851520956 ], [ 739353.058001944795251, 5863492.386109452694654 ], [ 739361.371984756318852, 5863487.629313470795751 ], [ 739438.088275836780667, 5863443.74866006989032 ], [ 739514.653561176033691, 5863399.662282546982169 ], [ 739550.07755566353444, 5863383.629815047606826 ], [ 739580.285380212590098, 5863373.15118286665529 ], [ 739604.64617445867043, 5863366.927738884463906 ], [ 739627.475156794418581, 5863363.278977328911424 ], [ 739649.42949398921337, 5863360.912059954367578 ], [ 739666.524284724728204, 5863360.121159847825766 ], [ 739690.580240041716024, 5863362.521072602830827 ], [ 739715.468702363432385, 5863367.951929261907935 ], [ 739742.566804835689254, 5863374.212840022519231 ], [ 739752.580259007168934, 5863376.526592106558383 ], [ 739769.90430521487724, 5863382.484345349483192 ], [ 739793.29265397367999, 5863390.529382631182671 ], [ 739824.780898726545274, 5863402.497030653990805 ], [ 739842.356267740717158, 5863407.853278655558825 ], [ 739857.957847520825453, 5863411.147738005034626 ], [ 739867.031033636536449, 5863413.063269753009081 ], [ 739882.192470094538294, 5863414.980915786698461 ], [ 739903.684181269723922, 5863416.060508003458381 ], [ 739935.807849625591189, 5863414.660446011461318 ], [ 739987.582718730671331, 5863409.553582110442221 ], [ 740060.069769377703778, 5863402.402028393931687 ], [ 740107.736450650379993, 5863394.831313332542777 ], [ 740133.417947668582201, 5863388.944265921600163 ], [ 740154.126086599659175, 5863382.25155823584646 ], [ 740177.434087332803756, 5863373.643805080093443 ], [ 740202.498425876605324, 5863361.601918576285243 ], [ 740225.662003145902418, 5863348.443510007113218 ], [ 740233.806131307268515, 5863343.349541779607534 ], [ 740246.364210309111513, 5863334.813425730913877 ], [ 740265.318285662098788, 5863320.180454625748098 ], [ 740317.934633129392751, 5863278.553838387131691 ], [ 740323.063449983135797, 5863274.41165762860328 ], [ 740366.123608191381209, 5863239.641525382176042 ], [ 740381.871762010501698, 5863228.740762886591256 ], [ 740390.100914041511714, 5863223.682502897456288 ], [ 740398.50662510690745, 5863218.519788385368884 ], [ 740403.862407271051779, 5863214.88192954659462 ], [ 740413.138177470769733, 5863209.74690165091306 ], [ 740429.318836573394947, 5863203.299053021706641 ], [ 740448.780680928030051, 5863196.708184126764536 ], [ 740467.477598611498252, 5863191.464371059089899 ], [ 740490.223612170782872, 5863187.470614766702056 ], [ 740514.601916290237568, 5863185.754650802351534 ], [ 740572.472254035295919, 5863185.828223834745586 ], [ 740632.913810014957562, 5863186.548660967499018 ], [ 740644.533432549796999, 5863186.214455848559737 ], [ 740653.904098571510985, 5863185.064519754610956 ], [ 740662.175036168075167, 5863183.497507141903043 ], [ 740696.758023671689443, 5863168.000949431210756 ], [ 740719.625366872060113, 5863156.490211322903633 ], [ 740723.969976345892064, 5863153.137425527907908 ], [ 740731.987079538288526, 5863143.575800040736794 ], [ 740753.785026051802561, 5863103.610862222500145 ], [ 740777.389895398984663, 5863060.33181160222739 ], [ 740782.798468446359038, 5863048.618001975119114 ], [ 740801.409608091460541, 5863014.559979070909321 ], [ 740823.183559684664942, 5862982.170883443206549 ], [ 740844.056035106419586, 5862953.470405355095863 ], [ 740866.219266391242854, 5862925.651662377640605 ], [ 740895.009761512628756, 5862890.857893203385174 ], [ 740917.42456657323055, 5862865.41802188474685 ], [ 740932.362992081209086, 5862851.647776225581765 ], [ 740947.42430842446629, 5862840.970966652035713 ], [ 740957.342272861162201, 5862835.65721754450351 ], [ 740964.156416192301549, 5862832.787566876038909 ], [ 740975.059001589077525, 5862829.830837158486247 ], [ 740992.347406599204987, 5862827.686038224957883 ], [ 741014.396265843883157, 5862827.597011744044721 ], [ 741049.976677650935017, 5862831.04560025036335 ], [ 741114.962753337109461, 5862838.811856523156166 ], [ 741162.310987423290499, 5862844.780203438363969 ], [ 741182.959390804520808, 5862846.225029787048697 ], [ 741202.226185888750479, 5862846.573358694091439 ], [ 741226.596220005885698, 5862845.578607458621264 ], [ 741251.293597372598015, 5862842.731733849272132 ], [ 741301.180297369835898, 5862833.794785242527723 ], [ 741318.173512183246203, 5862830.2538081407547 ], [ 741335.35536291229073, 5862825.242066778242588 ], [ 741351.777381424442865, 5862819.618823413737118 ], [ 741365.611072922009043, 5862813.614669939503074 ], [ 741380.994098737486638, 5862805.83466524258256 ], [ 741397.426050883368589, 5862795.25084528233856 ], [ 741580.089361249119975, 5862664.76831067726016 ], [ 741605.013129345490597, 5862646.588645278476179 ], [ 741615.269010629504919, 5862639.45581860281527 ], [ 741652.106478385161608, 5862613.838165176101029 ], [ 741756.276098645525053, 5862541.394722355529666 ], [ 741767.6595457138028, 5862533.299538758583367 ], [ 741799.694700405816548, 5862510.512070037424564 ], [ 741838.748548491974361, 5862481.982542137615383 ], [ 741883.726685458328575, 5862447.625853446312249 ], [ 741946.220087714260444, 5862396.044257149100304 ], [ 742007.562071853200905, 5862340.237226971425116 ] ], [ [ 738852.021775885717943, 5864173.28585363458842 ], [ 738852.2356160558993, 5864173.940059542655945 ], [ 738837.846586622763425, 5864188.347589326091111 ], [ 738875.944150044699199, 5864220.276916028000414 ], [ 738891.631504202494398, 5864236.608751450665295 ], [ 738905.232270726002753, 5864246.72357075009495 ], [ 738916.453394025797024, 5864253.037219655700028 ], [ 738928.242926535895094, 5864256.392051263712347 ], [ 738948.881970309885219, 5864261.186782016418874 ], [ 738977.582117663812824, 5864266.062660825438797 ], [ 738999.560447963536717, 5864271.409503636881709 ], [ 739013.197077850229107, 5864278.019962228834629 ], [ 739023.592572118970565, 5864286.211229303851724 ], [ 739032.102541689877398, 5864294.927491742186248 ], [ 739037.393323598778807, 5864303.06790759973228 ], [ 739040.545270723523572, 5864310.107961623929441 ], [ 739045.54300955706276, 5864320.671542852185667 ], [ 739047.343454373767599, 5864328.506968068890274 ], [ 739048.069163728621788, 5864336.599184798076749 ], [ 739048.30732500529848, 5864339.569200013764203 ], [ 739047.959395586280152, 5864347.382632873952389 ], [ 739045.491301628644578, 5864378.625406490638852 ], [ 739045.331597320153378, 5864399.159685303457081 ], [ 739045.455137406126596, 5864408.544031607918441 ], [ 739045.33833641523961, 5864422.725903641432524 ], [ 739052.835456694592722, 5864422.63969889562577 ], [ 739062.504139134427533, 5864423.007990761660039 ], [ 739099.568680080235936, 5864424.463109699077904 ], [ 739106.029171114554629, 5864423.453696363605559 ], [ 739113.850732208113186, 5864420.567619706504047 ], [ 739121.692921394249424, 5864415.795523665845394 ], [ 739129.837643289240077, 5864407.523326417431235 ], [ 739161.705917917424813, 5864365.259627772495151 ], [ 739170.962394626694731, 5864353.223481794819236 ], [ 739193.023293632431887, 5864324.068838676437736 ], [ 739203.918862939928658, 5864309.624778254888952 ], [ 739211.80054398032371, 5864300.808506648987532 ], [ 739216.679272687295452, 5864296.546041405759752 ], [ 739229.908063636161387, 5864290.482748758979142 ], [ 739247.15557902760338, 5864285.265353810042143 ], [ 739267.367756840074435, 5864279.544094061478972 ], [ 739286.779393456992693, 5864275.507238280959427 ], [ 739288.369899146491662, 5864275.17564847227186 ], [ 739310.452391847036779, 5864270.27969316765666 ], [ 739357.032761270529591, 5864260.780074485577643 ], [ 739395.248048550100066, 5864254.702356682159007 ], [ 739432.644549527671188, 5864249.962361578829587 ], [ 739473.801155786029994, 5864245.531248193234205 ], [ 739509.293016538256779, 5864243.197646676562726 ], [ 739552.577367363031954, 5864240.674034748226404 ], [ 739575.694908374454826, 5864239.560341430827975 ], [ 739612.76436745247338, 5864240.745509166270494 ], [ 739632.354827764211223, 5864243.101796056143939 ], [ 739651.666032958193682, 5864246.53364269528538 ], [ 739680.336562662501819, 5864254.371523985639215 ], [ 739731.243367514223792, 5864268.636830477043986 ], [ 739751.060190971242264, 5864275.307494116947055 ], [ 739777.034921243670397, 5864284.196130313910544 ], [ 739804.855577960726805, 5864296.341709711588919 ], [ 739826.251533505856059, 5864306.262161260470748 ], [ 739861.000218576751649, 5864324.404342480003834 ], [ 739891.53158750908915, 5864343.414711499586701 ] ] ] } },
{ "type": "Feature", "properties": { "CADRE_NO": "10.365", "DDT_URL": null, "ETC_NOM": "CarPostal", "ETC_SIGLE": "CarPostal", "ETC_URL": "https://www.postauto.ch/fr", "GO_CENTRE": 0, "HORAIR_URL": "https://www.tableaux-horaires.ch/fileadmin/fap_pdf_fields/2025/10.365.pdf", "LIGNE_NO": "365", "LIGNE_NOM": "(Moudon -) Mézières VD - Forel (Lavaux) - Savigny - Lausanne Sallaz", "LIGNE_SIGL": null, "LIGNE_TYPE": "Bus régional", "PLAN_URL": "https://prestations.vd.ch/pub/101587/api/download/2_Cartographie_et_geodonnees/2.1_Carte_des_reseaux/Carte_des_lignes_TP/topo/ligne_10.365.pdf", "SHAPE_LEN": 33411.636 }, "geometry": { "type": "MultiLineString", "coordinates": [ [ [ 738189.545567657682113, 5864601.634346948936582 ], [ 738173.382726120413281, 5864605.510406015440822 ], [ 738159.366980719380081, 5864609.679366540163755 ], [ 738147.516438322491013, 5864612.521506059914827 ], [ 738136.21502901695203, 5864614.023018109612167 ], [ 738114.991580987232737, 5864613.534087638370693 ], [ 738085.975263305590488, 5864613.233673031441867 ], [ 738053.739678999176249, 5864612.358385900035501 ], [ 738041.945780048961751, 5864609.271448911167681 ], [ 738010.951803086907603, 5864592.506593679077923 ], [ 738004.538211345323361, 5864588.936853442341089 ], [ 737998.120544769335538, 5864585.904128666035831 ], [ 737992.293812244897708, 5864577.757255739532411 ], [ 737961.774773030541837, 5864514.635552787221968 ], [ 737938.323310583713464, 5864469.64501045551151 ], [ 737928.598730577738024, 5864448.517557049170136 ], [ 737908.057216495275497, 5864460.164740571752191 ], [ 737804.03756772656925, 5864515.421812072396278 ], [ 737672.74397814553231, 5864583.603982576169074 ] ], [ [ 737858.808543549734168, 5863672.695888126268983 ], [ 737858.875454170862213, 5863673.662901584059 ], [ 737858.768573202542029, 5863674.601915628649294 ], [ 737858.495213204645552, 5863675.507184925489128 ], [ 737858.06297193816863, 5863676.345316427759826 ], [ 737857.486594684887677, 5863677.093178380280733 ], [ 737856.846580268233083, 5863677.681751985102892 ], [ 737856.050705651054159, 5863678.19157661870122 ], [ 737855.111175376689062, 5863678.564566915854812 ], [ 737854.318843123153783, 5863678.730977318249643 ], [ 737853.304497437085956, 5863678.762650427408516 ], [ 737852.374707518960349, 5863678.61328871268779 ], [ 737851.364519962458871, 5863678.241886570118368 ], [ 737850.551458063186146, 5863677.745919761247933 ], [ 737849.898808595375158, 5863677.168666214682162 ], [ 737849.268733179429546, 5863676.371896716766059 ], [ 737848.861781993531622, 5863675.602183876559138 ], [ 737848.554102007998154, 5863674.631215078756213 ], [ 737848.461586129968055, 5863673.052709762006998 ], [ 737848.615629610372707, 5863672.182584729976952 ], [ 737848.939578386954963, 5863671.295304887928069 ], [ 737849.417981533915736, 5863670.482393657788634 ], [ 737850.087372078443877, 5863669.718034883961082 ], [ 737850.768985919421539, 5863669.175008457154036 ], [ 737851.663149711093865, 5863668.699677138589323 ], [ 737852.49131419241894, 5863668.434678870253265 ], [ 737853.496525829890743, 5863668.303950760513544 ], [ 737854.438894481514581, 5863668.358848359435797 ], [ 737855.353382645873353, 5863668.585181666538119 ], [ 737856.212550693424419, 5863668.971023457124829 ], [ 737856.931418749154545, 5863669.457279598340392 ], [ 737857.65521287242882, 5863670.169158183038235 ], [ 737858.158483915613033, 5863670.883113381452858 ], [ 737858.584166844375432, 5863671.805826248601079 ], [ 737858.808543549734168, 5863672.695888126268983 ], [ 737876.162785838940181, 5863668.347136212512851 ], [ 737873.878282252349891, 5863657.909313724376261 ], [ 737970.804967077914625, 5863638.162300880998373 ], [ 737989.357659339206293, 5863636.739263834431767 ], [ 738060.969561844947748, 5863622.654789180494845 ], [ 738061.710942223900929, 5863628.001931821927428 ], [ 738077.617573865689337, 5863625.452555951662362 ], [ 738077.45553295512218, 5863624.564605548977852 ], [ 738077.429751809453592, 5863623.545634856447577 ], [ 738077.540196571266279, 5863622.680880561470985 ], [ 738077.796171115129255, 5863621.771064151078463 ], [ 738078.224875649320893, 5863620.851394273340702 ], [ 738078.750851936172694, 5863620.065163224004209 ], [ 738079.339153067790903, 5863619.425106649287045 ], [ 738080.133410993148573, 5863618.78863819129765 ], [ 738080.952011092798784, 5863618.324146011844277 ], [ 738081.834536311449483, 5863617.991291857324541 ], [ 738082.685058650095016, 5863617.808001083321869 ], [ 738083.622804112266749, 5863617.747857805341482 ], [ 738084.560502825188451, 5863617.833242940716445 ], [ 738085.545826891670004, 5863618.083568903617561 ], [ 738086.344513066462241, 5863618.426555998623371 ], [ 738087.107114540296607, 5863618.892869032919407 ], [ 738087.811873747734353, 5863619.482282754033804 ], [ 738088.479994344525039, 5863620.248862493783236 ], [ 738088.943863147171214, 5863620.987132070586085 ], [ 738089.326636667479761, 5863621.852627547457814 ], [ 738089.582003484363668, 5863622.834682405926287 ], [ 738089.668778716702946, 5863624.12933452706784 ], [ 738089.558902316959575, 5863625.079957162961364 ], [ 738089.307295392034575, 5863625.988364176824689 ], [ 738088.953825268778019, 5863626.786569678224623 ], [ 738088.403952672728337, 5863627.639497915282845 ], [ 738087.772928168065846, 5863628.34314614161849 ], [ 738087.044347022660077, 5863628.941003179177642 ], [ 738086.298466279869899, 5863629.387330712750554 ], [ 738085.425824136007577, 5863629.746483357623219 ], [ 738084.451543381437659, 5863629.973607167601585 ], [ 738083.583346130559221, 5863630.041747284121811 ], [ 738082.574496370507404, 5863629.96290160343051 ], [ 738081.657060434226878, 5863629.74092854373157 ], [ 738080.786012726020999, 5863629.381183032877743 ], [ 738080.039156635175459, 5863628.935406029224396 ], [ 738079.258134194067679, 5863628.285534326918423 ], [ 738078.637311547528952, 5863627.57474406901747 ], [ 738078.167596314684488, 5863626.840778708457947 ], [ 738077.617573865689337, 5863625.452555951662362 ] ], [ [ 738061.710942223900929, 5863628.001931821927428 ], [ 738063.240552291506901, 5863636.963457541540265 ], [ 737991.899683716823347, 5863650.778644155710936 ], [ 737987.378315241425298, 5863651.588944528251886 ], [ 737962.023189842002466, 5863656.131456103175879 ], [ 737947.771093812421896, 5863657.329810546711087 ], [ 737945.103660661843605, 5863657.859525205567479 ], [ 737876.693995386827737, 5863671.416053901426494 ], [ 737876.162785838940181, 5863668.347136212512851 ] ], [ [ 737851.364519962458871, 5863678.241886570118368 ], [ 737842.354004071909003, 5863692.622764281928539 ], [ 737833.398014020291157, 5863701.15389798860997 ], [ 737822.83892007288523, 5863709.131374717690051 ], [ 737811.745784411556087, 5863716.563380431383848 ], [ 737733.065932804369368, 5863764.261510545387864 ], [ 737601.702203673077747, 5863840.252516460604966 ], [ 737531.940288947778754, 5863882.923944118432701 ], [ 737466.767866601119749, 5863923.483151066116989 ], [ 737448.351213085697964, 5863934.810152303427458 ], [ 737384.023953817784786, 5863974.373608303256333 ], [ 737361.583333802642301, 5863987.88518862426281 ], [ 737313.713381760055199, 5864017.844500277191401 ], [ 737279.919934071600437, 5864037.70644140150398 ], [ 737233.13977107219398, 5864066.327746625989676 ], [ 737226.356386866304092, 5864072.727394659072161 ], [ 737221.458568849484436, 5864078.605357986874878 ], [ 737218.439336904441006, 5864084.773661356419325 ], [ 737216.482329874997959, 5864092.031502533704042 ], [ 737216.384353280300274, 5864101.462734866887331 ], [ 737217.088714106590487, 5864111.445219755172729 ], [ 737219.386449058772996, 5864123.059840110130608 ], [ 737251.464249969343655, 5864190.780712622217834 ], [ 737257.421660933177918, 5864204.274738907814026 ], [ 737283.75202379852999, 5864263.897879312746227 ], [ 737295.342575468006544, 5864290.140483381226659 ], [ 737304.055493480409496, 5864309.332214375957847 ], [ 737431.411772867897525, 5864571.954328184947371 ], [ 737447.511231879587285, 5864606.144868165254593 ], [ 737467.152708917390555, 5864647.857873423025012 ], [ 737469.615298843709752, 5864654.529186446219683 ], [ 737482.009619802702218, 5864652.162281137891114 ], [ 737515.196619331021793, 5864643.69244418758899 ], [ 737583.39130202436354, 5864623.378704746253788 ], [ 737614.940212112152949, 5864612.654425251297653 ], [ 737618.448711848934181, 5864611.072479015216231 ], [ 737672.74397814553231, 5864583.603982576169074 ] ], [ [ 738189.545567657682113, 5864601.634346948936582 ], [ 738213.553883835556917, 5864592.4469412881881 ], [ 738234.885248543694615, 5864582.425487173721194 ], [ 738244.85434479417745, 5864579.83304931037128 ], [ 738254.509312088484876, 5864581.551303446292877 ], [ 738262.007552440511063, 5864584.055032534524798 ], [ 738268.411501250113361, 5864588.432254972867668 ], [ 738273.979853005264886, 5864595.769960189238191 ], [ 738279.502521086134948, 5864607.41679129190743 ], [ 738288.957000689697452, 5864628.809236236847937 ], [ 738290.041681840433739, 5864631.264154647476971 ], [ 738298.410060878959484, 5864650.203163161873817 ], [ 738309.192681099753827, 5864672.957168764434755 ], [ 738322.309314579819329, 5864704.095534466207027 ], [ 738340.675005995901302, 5864747.413754128850996 ], [ 738356.652817500988021, 5864787.474866680800915 ], [ 738378.989532872568816, 5864836.766985541209579 ], [ 738389.31189887446817, 5864852.239149023778737 ], [ 738403.112366209621541, 5864869.093550324440002 ], [ 738416.132453494006768, 5864883.245782335288823 ], [ 738427.574123230180703, 5864894.416880371049047 ], [ 738439.555220738286152, 5864905.053549817763269 ], [ 738452.36241883749608, 5864914.081670340150595 ], [ 738463.830355557496659, 5864922.555978961288929 ], [ 738480.392365097184666, 5864932.161329994909465 ], [ 738497.222636530990712, 5864941.501611302606761 ], [ 738518.339418974006549, 5864952.769473600201309 ] ], [ [ 739045.33833641523961, 5864422.725903641432524 ], [ 739028.112506037927233, 5864422.924912022426724 ], [ 739007.94939652539324, 5864424.0645487671718 ], [ 739006.069206340238452, 5864423.776025542989373 ], [ 738994.213676504325122, 5864427.160618803463876 ], [ 738983.145352872321382, 5864432.167331509292126 ], [ 738974.488446083734743, 5864438.007972943596542 ], [ 738964.981020903214812, 5864448.153769012540579 ], [ 738960.330539433169179, 5864456.193885762244463 ], [ 738955.392461093026213, 5864466.117293361574411 ], [ 738953.140989279258065, 5864476.066806354559958 ], [ 738951.961686530848965, 5864486.298035988584161 ], [ 738952.142161420662887, 5864494.926235965453088 ], [ 738952.575982582871802, 5864505.17403070256114 ], [ 738955.136264243395999, 5864517.599146594293416 ], [ 738958.487922401749529, 5864531.381586693227291 ], [ 738968.922795917838812, 5864562.218786465935409 ], [ 738972.548525143647566, 5864575.733387622982264 ], [ 738974.815608573728241, 5864590.312565753236413 ], [ 738976.797997726476751, 5864606.776569234207273 ], [ 738976.635981127386913, 5864622.680099375545979 ], [ 738974.617181502631865, 5864636.135463742539287 ], [ 738972.557316240156069, 5864653.905863726511598 ], [ 738967.572463527321815, 5864668.410815387964249 ], [ 738952.359080610796809, 5864711.118268752470613 ], [ 738930.070887877023779, 5864776.348174260929227 ], [ 738920.784075042349286, 5864803.524274006485939 ], [ 738919.249957042979077, 5864807.42233366239816 ], [ 738889.778145209071226, 5864892.70286111254245 ], [ 738882.612958931247704, 5864910.421364448964596 ], [ 738874.98909265070688, 5864920.048407637514174 ], [ 738867.131290613790043, 5864926.43601029086858 ], [ 738851.956573691451922, 5864938.951859548687935 ], [ 738839.241303651127964, 5864947.177372484467924 ], [ 738827.897057661437429, 5864952.989165152423084 ], [ 738810.880454974365421, 5864961.442656316794455 ], [ 738795.772961567272432, 5864967.217216890305281 ], [ 738784.731482339673676, 5864969.800840127281845 ], [ 738763.901119369082153, 5864973.213927554897964 ], [ 738747.681818356388249, 5864974.905916017480195 ], [ 738738.823925368487835, 5864975.640138034708798 ], [ 738653.14632342918776, 5864977.908688601106405 ], [ 738637.333452460356057, 5864978.728435279801488 ], [ 738627.533857310307212, 5864979.468863440677524 ], [ 738622.498343549203128, 5864979.277303569950163 ], [ 738608.093377354322001, 5864978.766594249755144 ], [ 738588.77399090770632, 5864975.872069601900876 ], [ 738582.207553569227457, 5864974.286351106129587 ], [ 738568.93861520756036, 5864971.084388390183449 ], [ 738544.811565847485326, 5864965.44464258197695 ], [ 738518.339418974006549, 5864952.769473600201309 ] ], [ [ 739045.33833641523961, 5864422.725903641432524 ], [ 739052.835456694592722, 5864422.63969889562577 ], [ 739062.504139134427533, 5864423.007990761660039 ], [ 739099.568680080235936, 5864424.463109699077904 ], [ 739106.029171114554629, 5864423.453696363605559 ], [ 739113.850732208113186, 5864420.567619706504047 ], [ 739121.692921394249424, 5864415.795523665845394 ], [ 739129.837643289240077, 5864407.523326417431235 ], [ 739161.705917917424813, 5864365.259627772495151 ], [ 739170.962394626694731, 5864353.223481794819236 ], [ 739185.065646215691231, 5864345.208727968856692 ], [ 739193.039853635476902, 5864341.996701355092227 ], [ 739200.893060768838041, 5864340.269402015954256 ], [ 739209.153963934397325, 5864339.824112499132752 ], [ 739217.932893329416402, 5864341.082572281360626 ], [ 739226.483117238036357, 5864343.718411662615836 ], [ 739233.434087152476422, 5864347.403253195807338 ], [ 739239.842664067051373, 5864352.354573779739439 ], [ 739245.494148102705367, 5864358.999528185464442 ], [ 739249.868056776816957, 5864366.161195404827595 ], [ 739252.769150619278662, 5864372.350151360966265 ], [ 739254.610549149452709, 5864378.743681183084846 ], [ 739256.316582463332452, 5864387.895298385992646 ], [ 739258.313015091232955, 5864420.738285755738616 ], [ 739259.858374087838456, 5864449.284734803251922 ], [ 739262.075920604751445, 5864488.929984425194561 ], [ 739263.822537079453468, 5864515.232971964403987 ], [ 739264.393259021569975, 5864522.607680796645582 ], [ 739266.22033822350204, 5864546.131697311066091 ], [ 739267.971077147871256, 5864574.031520611606538 ], [ 739269.233094819355756, 5864596.625688595697284 ], [ 739268.686126711661927, 5864610.62881254311651 ], [ 739267.646163254627027, 5864619.460059816017747 ], [ 739266.076149586355314, 5864627.197218965739012 ], [ 739263.546289976220578, 5864635.874988227151334 ], [ 739260.753409848315641, 5864643.73647659085691 ], [ 739257.135867446428165, 5864653.084299038164318 ], [ 739251.858814642648213, 5864665.407595627009869 ], [ 739243.542498871218413, 5864683.277175959199667 ], [ 739236.198312688153237, 5864698.70862781163305 ], [ 739233.840737067395821, 5864703.989703604951501 ], [ 739229.541392855695449, 5864713.46596756298095 ], [ 739226.745753711205907, 5864721.736473752185702 ], [ 739225.196367593831383, 5864727.295086059719324 ], [ 739224.314814955112524, 5864733.952133837155998 ], [ 739223.978690505842678, 5864740.475037672556937 ], [ 739224.300505658728071, 5864748.642082170583308 ], [ 739225.038488523801789, 5864756.402944879606366 ], [ 739227.111934802378528, 5864765.810513673350215 ], [ 739230.500274511985481, 5864779.175884132273495 ], [ 739241.442088354029693, 5864823.220051730051637 ], [ 739250.682233385276049, 5864861.398857632651925 ], [ 739258.610135162249207, 5864895.078558306209743 ], [ 739263.481642466969788, 5864912.98878968320787 ], [ 739268.516880792332813, 5864934.351730259135365 ], [ 739271.225004294072278, 5864947.84866123367101 ], [ 739274.452564276522025, 5864964.20226394943893 ], [ 739278.402475022478029, 5864988.864071107469499 ], [ 739285.249615085194819, 5865030.697204220108688 ], [ 739285.677654250408523, 5865033.552944127470255 ], [ 739299.662838587537408, 5865121.456939923577011 ], [ 739300.745782852754928, 5865127.6904221707955 ], [ 739308.547364614554681, 5865172.573120404966176 ], [ 739309.777181328390725, 5865179.776075705885887 ], [ 739315.72551148023922, 5865211.270855634473264 ], [ 739319.053415738162585, 5865227.048098913393915 ], [ 739323.088363560847938, 5865244.069812814705074 ], [ 739329.867961021722294, 5865268.149940234608948 ], [ 739338.356072977650911, 5865296.305687983520329 ], [ 739345.921209399821237, 5865319.335767284967005 ], [ 739349.80906709341798, 5865330.699794722720981 ], [ 739353.301249846699648, 5865340.305830647237599 ], [ 739359.524804110405967, 5865353.849431627430022 ], [ 739364.753513268660754, 5865364.198092170059681 ], [ 739369.289572328445502, 5865372.170010921545327 ], [ 739375.444361696252599, 5865382.627118566073477 ], [ 739381.608377644093707, 5865391.746649486012757 ], [ 739388.093283305410296, 5865399.843274706974626 ], [ 739397.63495095167309, 5865413.275242140516639 ], [ 739409.527404695982113, 5865425.971388131380081 ], [ 739423.358047973597422, 5865440.131251737475395 ], [ 739442.068299915641546, 5865457.729500917717814 ], [ 739472.481267788913101, 5865487.155877156183124 ], [ 739494.852976504480466, 5865508.720097718760371 ], [ 739519.322847827919759, 5865532.152854213491082 ], [ 739535.889801597455516, 5865548.806386020965874 ], [ 739564.036464438773692, 5865575.128121417947114 ], [ 739592.023609125637449, 5865601.601058044470847 ], [ 739607.051463746232912, 5865615.372800947166979 ], [ 739626.249904030119069, 5865633.840604614466429 ], [ 739646.017582624335773, 5865652.989605404436588 ], [ 739669.745269514736719, 5865675.569042584858835 ], [ 739695.449322623549961, 5865700.01722274068743 ], [ 739713.860687882406637, 5865717.14800826087594 ], [ 739724.805703833582811, 5865728.199839683249593 ], [ 739730.731175616732799, 5865734.420331905595958 ], [ 739734.528131831320934, 5865738.619141287170351 ], [ 739739.456226865411736, 5865745.899390270002186 ], [ 739744.68527122749947, 5865754.702389433048666 ], [ 739754.752159631461836, 5865764.996662578545511 ], [ 739872.034051314811222, 5865889.894261442124844 ], [ 739913.463498754077591, 5866022.712195857428014 ], [ 739963.574852465535514, 5866141.060286508873105 ] ], [ [ 739952.799447279889137, 5866234.407667400315404 ], [ 739957.706554767675698, 5866260.667684772051871 ], [ 739961.295963092823513, 5866279.88325516320765 ], [ 739962.93554248905275, 5866288.829309981316328 ], [ 739961.808930782950483, 5866295.942222408950329 ], [ 739959.554986390401609, 5866300.445231667719781 ], [ 739956.919443473685533, 5866304.223786685615778 ] ], [ [ 743282.398868405260146, 5866674.169113476760685 ], [ 743251.25232529535424, 5866643.532435695640743 ], [ 743207.874000211479142, 5866601.857988105155528 ], [ 743167.619210410048254, 5866562.397688681259751 ], [ 743129.752982980338857, 5866526.112448913045228 ], [ 743095.24211833672598, 5866493.257738804444671 ], [ 743067.407450380036607, 5866470.176732576452196 ], [ 743045.795453621540219, 5866453.949113399721682 ], [ 743025.601450342568569, 5866441.13597449567169 ], [ 743009.493658508406952, 5866431.028278715908527 ], [ 742991.190544795710593, 5866422.84103371296078 ], [ 742973.118879853049293, 5866415.627005200833082 ], [ 742954.627234701649286, 5866409.969387281686068 ], [ 742936.664691374287941, 5866406.15988689661026 ], [ 742919.785995941609144, 5866403.856018845923245 ], [ 742903.102960925898515, 5866402.32266790792346 ], [ 742886.169163588783704, 5866402.399788731709123 ], [ 742869.233545387745835, 5866402.961620801128447 ], [ 742850.10436098149512, 5866404.959105215966702 ], [ 742830.236971053062007, 5866408.4021379603073 ], [ 742812.061390075250529, 5866411.863182219676673 ], [ 742791.692238871590234, 5866415.716093899682164 ], [ 742768.275550980237313, 5866418.991683484055102 ], [ 742749.984983195085078, 5866420.698756639845669 ], [ 742736.276417386252433, 5866420.833456963300705 ], [ 742719.356919188867323, 5866419.590033293701708 ], [ 742706.734057872090489, 5866418.656644145958126 ], [ 742691.980719411047176, 5866415.815659183077514 ], [ 742680.18275737890508, 5866412.734379874542356 ], [ 742657.417843888630159, 5866404.691846325993538 ], [ 742642.967215438606218, 5866398.34833144955337 ], [ 742628.798207215033472, 5866390.659550401382148 ], [ 742616.511133967316709, 5866382.989260171540082 ], [ 742605.036099407589063, 5866374.786867151036859 ], [ 742597.872680296655744, 5866368.924030123278499 ], [ 742595.703241896233521, 5866367.145616515539587 ], [ 742584.253148784977384, 5866356.247434698976576 ], [ 742572.018860408221371, 5866343.187050685286522 ], [ 742557.134078568895347, 5866326.055111512541771 ], [ 742540.149399190326221, 5866304.049118404276669 ], [ 742525.822969178203493, 5866285.034623297862709 ], [ 742505.406397295882925, 5866256.525662306696177 ], [ 742493.227774927392602, 5866237.803126632235944 ], [ 742480.521489170263521, 5866217.993821709416807 ], [ 742471.258960451814346, 5866203.344018906354904 ], [ 742450.829811583855189, 5866176.453810644336045 ], [ 742443.563059260952286, 5866169.019252970814705 ], [ 742442.04735822614748, 5866167.468549492768943 ], [ 742434.316289970069192, 5866160.921761743724346 ], [ 742418.576652740710415, 5866148.90411876514554 ], [ 742402.008300851332024, 5866139.572791987098753 ], [ 742388.625490477541462, 5866134.05039063282311 ], [ 742383.066007217974402, 5866132.465631630271673 ], [ 742375.163775739376433, 5866130.214347317814827 ], [ 742365.29659314698074, 5866128.428423437289894 ], [ 742353.224506704718806, 5866126.421308374963701 ], [ 742337.376678892178461, 5866125.457052515819669 ], [ 742323.397506876266561, 5866125.857727349735796 ], [ 742295.152480991091579, 5866128.813523458316922 ], [ 742270.132317911833525, 5866131.263919234275818 ], [ 742235.962680775905028, 5866135.239696621894836 ], [ 742234.6828114396194, 5866135.3900923775509 ], [ 742157.396953866817057, 5866144.439187112264335 ], [ 742057.033557179267518, 5866156.387508848682046 ], [ 742008.597481546225026, 5866162.64783669821918 ], [ 741967.782286072149873, 5866167.444736735895276 ], [ 741962.051168019184843, 5866168.117254790849984 ], [ 741791.991515506524593, 5866189.076832984574139 ], [ 741648.042717833304778, 5866205.981050833128393 ], [ 741605.529326486634091, 5866211.219394568353891 ], [ 741531.256055113626644, 5866220.996103825047612 ], [ 741490.3548594819149, 5866228.267571928910911 ], [ 741490.45302093657665, 5866229.198752135038376 ], [ 741490.418296244461089, 5866230.214495644904673 ], [ 741490.26902351283934, 5866231.074792079627514 ], [ 741489.963375632301904, 5866232.047076376155019 ], [ 741489.592814393225126, 5866232.833838050253689 ], [ 741488.617334900656715, 5866234.188124731183052 ] ], [ [ 741476.555939898244105, 5866229.347052160650492 ], [ 741466.670656988397241, 5866229.248537832871079 ], [ 741452.676684302161448, 5866231.267884547822177 ], [ 741420.902200915850699, 5866237.420304527506232 ], [ 741395.033695019548759, 5866244.442359729669988 ], [ 741389.771838794928044, 5866246.219711408019066 ], [ 741370.225486131268553, 5866252.822919386439025 ], [ 741350.253258196171373, 5866261.250224047340453 ], [ 741329.173742734827101, 5866272.90250994451344 ], [ 741322.821272452478297, 5866277.248482543043792 ], [ 741314.02161310671363, 5866283.267395526170731 ], [ 741286.668764298781753, 5866304.291543999686837 ], [ 741265.248377696960233, 5866323.220439410768449 ], [ 741221.316314106690697, 5866362.955381996929646 ], [ 741144.282710671541281, 5866433.903810083866119 ], [ 741099.524049118394032, 5866475.515584020875394 ], [ 741053.689763151691295, 5866517.118013232946396 ], [ 741040.163595338119194, 5866525.880187414586544 ], [ 741023.944784114253707, 5866535.155466654337943 ], [ 741010.712614708929323, 5866541.492337378673255 ], [ 740996.692455521319062, 5866545.934620425105095 ], [ 740976.213311168248765, 5866551.39087441097945 ], [ 740960.332648382871412, 5866553.658461076207459 ], [ 740950.121981761185452, 5866553.556098000146449 ], [ 740938.301721762516536, 5866552.898948712274432 ], [ 740924.076098278979771, 5866550.868162548169494 ], [ 740910.669421895872802, 5866547.768298576585948 ], [ 740893.519129109452479, 5866542.744183066301048 ], [ 740876.366185566061176, 5866537.987871054559946 ], [ 740855.385081217507832, 5866531.929501262493432 ], [ 740819.28316529490985, 5866521.506289025768638 ], [ 740723.072061098529957, 5866494.119088111445308 ], [ 740685.558427345589735, 5866482.686888843774796 ], [ 740630.086926297168247, 5866466.489682006649673 ], [ 740610.260523398057558, 5866460.359407832846045 ], [ 740590.957542353891768, 5866455.580934507772326 ], [ 740564.925740513252094, 5866451.814833540469408 ], [ 740560.34737775917165, 5866451.38586506433785 ], [ 740552.037326322635636, 5866450.606324388645589 ], [ 740537.536892429925501, 5866449.380102592520416 ], [ 740530.104825542774051, 5866449.465368140488863 ] ], [ [ 740530.104825542774051, 5866449.465368140488863 ], [ 740524.901943340781145, 5866449.525045868009329 ], [ 740514.417579982313327, 5866449.958042814396322 ], [ 740498.265839199535549, 5866452.492798232473433 ], [ 740493.442402102285996, 5866453.786393380723894 ], [ 740476.975738598150201, 5866458.206050754524767 ], [ 740464.038682700949721, 5866461.853319632820785 ], [ 740451.372774801100604, 5866465.231078466400504 ], [ 740409.852783737820573, 5866478.291189478710294 ], [ 740388.83906545874197, 5866483.201997409574687 ], [ 740371.604147314210422, 5866486.802860972471535 ], [ 740350.881908508017659, 5866489.559086808934808 ], [ 740331.51679268409498, 5866490.980932483449578 ], [ 740308.672474550548941, 5866490.750247760675848 ], [ 740286.117176050669514, 5866488.90507273003459 ], [ 740264.91322848200798, 5866485.725460468791425 ], [ 740239.17843480326701, 5866479.265306582674384 ], [ 740218.019531382364221, 5866472.039030833169818 ], [ 740198.209639108506963, 5866464.292088026180863 ], [ 740180.011433911742643, 5866454.722788950428367 ], [ 740174.68205351033248, 5866451.918964028358459 ], [ 740159.454923201585189, 5866442.870275071822107 ], [ 740140.781261632917449, 5866428.928852874785662 ], [ 740120.786981158191338, 5866412.550225168466568 ], [ 740101.86960278020706, 5866396.450340140610933 ], [ 740085.083262280328199, 5866381.720037992112339 ], [ 740074.706184632959776, 5866371.640216508880258 ], [ 740064.875198514782824, 5866360.217909534461796 ], [ 740055.216940438025631, 5866347.495926091447473 ], [ 740050.271433344809338, 5866340.155503490939736 ], [ 740040.558851958950981, 5866325.049945503473282 ], [ 740028.373561538988724, 5866305.33816468436271 ], [ 740017.310336651280522, 5866287.036734282970428 ], [ 740001.835524604073726, 5866260.839899334125221 ], [ 739985.634989647660404, 5866232.364836210384965 ], [ 739981.064722196431831, 5866222.070255361497402 ], [ 739975.011626011575572, 5866204.123972970061004 ], [ 739972.85275665007066, 5866193.142023191787302 ], [ 739972.786510978476144, 5866184.161068119108677 ] ], [ [ 741476.555939898244105, 5866229.347052160650492 ], [ 741476.644221408758312, 5866228.344943930394948 ], [ 741476.859393251826987, 5866227.424164637923241 ], [ 741477.193182116490789, 5866226.540960339829326 ], [ 741477.645429430645891, 5866225.711342316120863 ], [ 741478.204369080951437, 5866224.951206129044294 ], [ 741478.807005159091204, 5866224.321064012125134 ], [ 741479.60411078936886, 5866223.688492621295154 ], [ 741480.352898108540103, 5866223.246138320304453 ], [ 741481.905411648680456, 5866222.674955645576119 ], [ 741482.774632128654048, 5866222.52639985922724 ], [ 741483.715290027903393, 5866222.490645820274949 ], [ 741484.653228754526936, 5866222.582967455498874 ], [ 741485.640480544068851, 5866222.824263238348067 ], [ 741486.449939106358215, 5866223.142395947128534 ], [ 741487.273989041917957, 5866223.598966870456934 ], [ 741488.031636961386539, 5866224.166966146789491 ], [ 741488.702742602792569, 5866224.828724566847086 ], [ 741489.28012330387719, 5866225.576892027631402 ], [ 741489.749442549189553, 5866226.393857151269913 ], [ 741490.106448363396339, 5866227.269387596286833 ], [ 741490.3548594819149, 5866228.267571928910911 ] ] ] } },
{ "type": "Feature", "properties": { "CADRE_NO": "10.369", "DDT_URL": null, "ETC_NOM": "CarPostal", "ETC_SIGLE": "CarPostal", "ETC_URL": "https://www.postauto.ch/fr", "GO_CENTRE": 0, "HORAIR_URL": "https://www.tableaux-horaires.ch/fileadmin/fap_pdf_fields/2025/10.369.pdf", "LIGNE_NO": "-> groupe", "LIGNE_NOM": "Moudon - Mézières VD - Epalinges Croisettes - Lausanne Sallaz // (Lignes 360, 361, 362, 365)", "LIGNE_SIGL": "CarPostal", "LIGNE_TYPE": "Bus régional", "PLAN_URL": "https://prestations.vd.ch/pub/101587/api/download/2_Cartographie_et_geodonnees/2.1_Carte_des_reseaux/Carte_des_lignes_TP/topo/ligne_10.369.pdf", "SHAPE_LEN": 58920.988 }, "geometry": { "type": "MultiLineString", "coordinates": [ [ [ 743282.398868405260146, 5866674.169113476760685 ], [ 743251.25232529535424, 5866643.532435695640743 ], [ 743207.874000211479142, 5866601.857988105155528 ], [ 743167.619210410048254, 5866562.397688681259751 ], [ 743129.752982980338857, 5866526.112448913045228 ], [ 743095.24211833672598, 5866493.257738804444671 ], [ 743067.407450380036607, 5866470.176732576452196 ], [ 743045.795453621540219, 5866453.949113399721682 ], [ 743025.601450342568569, 5866441.13597449567169 ], [ 743009.493658508406952, 5866431.028278715908527 ], [ 742991.190544795710593, 5866422.84103371296078 ], [ 742973.118879853049293, 5866415.627005200833082 ], [ 742954.627234701649286, 5866409.969387281686068 ], [ 742936.664691374287941, 5866406.15988689661026 ], [ 742919.785995941609144, 5866403.856018845923245 ], [ 742903.102960925898515, 5866402.32266790792346 ], [ 742886.169163588783704, 5866402.399788731709123 ], [ 742869.233545387745835, 5866402.961620801128447 ], [ 742850.10436098149512, 5866404.959105215966702 ], [ 742830.236971053062007, 5866408.4021379603073 ], [ 742812.061390075250529, 5866411.863182219676673 ], [ 742791.692238871590234, 5866415.716093899682164 ], [ 742768.275550980237313, 5866418.991683484055102 ], [ 742749.984983195085078, 5866420.698756639845669 ], [ 742736.276417386252433, 5866420.833456963300705 ], [ 742719.356919188867323, 5866419.590033293701708 ], [ 742706.734057872090489, 5866418.656644145958126 ], [ 742691.980719411047176, 5866415.815659183077514 ], [ 742680.18275737890508, 5866412.734379874542356 ], [ 742657.417843888630159, 5866404.691846325993538 ], [ 742642.967215438606218, 5866398.34833144955337 ], [ 742628.798207215033472, 5866390.659550401382148 ], [ 742616.511133967316709, 5866382.989260171540082 ], [ 742605.036099407589063, 5866374.786867151036859 ], [ 742597.872680296655744, 5866368.924030123278499 ], [ 742595.703241896233521, 5866367.145616515539587 ], [ 742584.253148784977384, 5866356.247434698976576 ], [ 742572.018860408221371, 5866343.187050685286522 ], [ 742557.134078568895347, 5866326.055111512541771 ], [ 742540.149399190326221, 5866304.049118404276669 ], [ 742525.822969178203493, 5866285.034623297862709 ], [ 742505.406397295882925, 5866256.525662306696177 ], [ 742493.227774927392602, 5866237.803126632235944 ], [ 742480.521489170263521, 5866217.993821709416807 ], [ 742471.258960451814346, 5866203.344018906354904 ], [ 742450.829811583855189, 5866176.453810644336045 ], [ 742443.563059260952286, 5866169.019252970814705 ], [ 742442.04735822614748, 5866167.468549492768943 ], [ 742434.316289970069192, 5866160.921761743724346 ], [ 742418.576652740710415, 5866148.90411876514554 ], [ 742402.008300851332024, 5866139.572791987098753 ], [ 742388.625490477541462, 5866134.05039063282311 ], [ 742383.066007217974402, 5866132.465631630271673 ], [ 742375.163775739376433, 5866130.214347317814827 ], [ 742365.29659314698074, 5866128.428423437289894 ], [ 742353.224506704718806, 5866126.421308374963701 ], [ 742337.376678892178461, 5866125.457052515819669 ], [ 742323.397506876266561, 5866125.857727349735796 ], [ 742295.152480991091579, 5866128.813523458316922 ], [ 742270.132317911833525, 5866131.263919234275818 ], [ 742235.962680775905028, 5866135.239696621894836 ], [ 742234.6828114396194, 5866135.3900923775509 ], [ 742157.396953866817057, 5866144.439187112264335 ], [ 742057.033557179267518, 5866156.387508848682046 ], [ 742008.597481546225026, 5866162.64783669821918 ], [ 741967.782286072149873, 5866167.444736735895276 ], [ 741962.051168019184843, 5866168.117254790849984 ], [ 741791.991515506524593, 5866189.076832984574139 ], [ 741648.042717833304778, 5866205.981050833128393 ], [ 741605.529326486634091, 5866211.219394568353891 ], [ 741531.256055113626644, 5866220.996103825047612 ], [ 741490.3548594819149, 5866228.267571928910911 ], [ 741490.45302093657665, 5866229.198752135038376 ], [ 741490.418296244461089, 5866230.214495644904673 ], [ 741490.26902351283934, 5866231.074792079627514 ], [ 741489.963375632301904, 5866232.047076376155019 ], [ 741489.592814393225126, 5866232.833838050253689 ], [ 741488.617334900656715, 5866234.188124731183052 ] ], [ [ 741476.555939898244105, 5866229.347052160650492 ], [ 741466.670656988397241, 5866229.248537832871079 ], [ 741452.676684302161448, 5866231.267884547822177 ], [ 741420.902200915850699, 5866237.420304527506232 ], [ 741395.033695019548759, 5866244.442359729669988 ], [ 741389.771838794928044, 5866246.219711408019066 ], [ 741370.225486131268553, 5866252.822919386439025 ], [ 741350.253258196171373, 5866261.250224047340453 ], [ 741329.173742734827101, 5866272.90250994451344 ], [ 741322.821272452478297, 5866277.248482543043792 ], [ 741314.02161310671363, 5866283.267395526170731 ], [ 741286.668764298781753, 5866304.291543999686837 ], [ 741265.248377696960233, 5866323.220439410768449 ], [ 741221.316314106690697, 5866362.955381996929646 ], [ 741144.282710671541281, 5866433.903810083866119 ], [ 741099.524049118394032, 5866475.515584020875394 ], [ 741053.689763151691295, 5866517.118013232946396 ], [ 741040.163595338119194, 5866525.880187414586544 ], [ 741023.944784114253707, 5866535.155466654337943 ], [ 741010.712614708929323, 5866541.492337378673255 ], [ 740996.692455521319062, 5866545.934620425105095 ], [ 740976.213311168248765, 5866551.39087441097945 ], [ 740960.332648382871412, 5866553.658461076207459 ], [ 740950.121981761185452, 5866553.556098000146449 ], [ 740938.301721762516536, 5866552.898948712274432 ], [ 740924.076098278979771, 5866550.868162548169494 ], [ 740910.669421895872802, 5866547.768298576585948 ], [ 740893.519129109452479, 5866542.744183066301048 ], [ 740876.366185566061176, 5866537.987871054559946 ], [ 740855.385081217507832, 5866531.929501262493432 ], [ 740819.28316529490985, 5866521.506289025768638 ], [ 740723.072061098529957, 5866494.119088111445308 ], [ 740685.558427345589735, 5866482.686888843774796 ], [ 740630.086926297168247, 5866466.489682006649673 ], [ 740610.260523398057558, 5866460.359407832846045 ], [ 740590.957542353891768, 5866455.580934507772326 ], [ 740564.925740513252094, 5866451.814833540469408 ], [ 740560.34737775917165, 5866451.38586506433785 ], [ 740552.037326322635636, 5866450.606324388645589 ], [ 740537.536892429925501, 5866449.380102592520416 ], [ 740530.104825542774051, 5866449.465368140488863 ], [ 740524.901943340781145, 5866449.525045868009329 ], [ 740514.417579982313327, 5866449.958042814396322 ], [ 740498.265839199535549, 5866452.492798232473433 ], [ 740493.442402102285996, 5866453.786393380723894 ], [ 740476.975738598150201, 5866458.206050754524767 ], [ 740464.038682700949721, 5866461.853319632820785 ], [ 740451.372774801100604, 5866465.231078466400504 ], [ 740409.852783737820573, 5866478.291189478710294 ], [ 740388.83906545874197, 5866483.201997409574687 ], [ 740371.604147314210422, 5866486.802860972471535 ], [ 740350.881908508017659, 5866489.559086808934808 ], [ 740331.51679268409498, 5866490.980932483449578 ], [ 740308.672474550548941, 5866490.750247760675848 ], [ 740286.117176050669514, 5866488.90507273003459 ], [ 740264.91322848200798, 5866485.725460468791425 ], [ 740239.17843480326701, 5866479.265306582674384 ], [ 740218.019531382364221, 5866472.039030833169818 ], [ 740198.209639108506963, 5866464.292088026180863 ], [ 740180.011433911742643, 5866454.722788950428367 ], [ 740174.68205351033248, 5866451.918964028358459 ], [ 740159.454923201585189, 5866442.870275071822107 ], [ 740140.781261632917449, 5866428.928852874785662 ], [ 740120.786981158191338, 5866412.550225168466568 ], [ 740101.86960278020706, 5866396.450340140610933 ], [ 740085.083262280328199, 5866381.720037992112339 ], [ 740074.706184632959776, 5866371.640216508880258 ], [ 740064.875198514782824, 5866360.217909534461796 ], [ 740055.216940438025631, 5866347.495926091447473 ], [ 740050.271433344809338, 5866340.155503490939736 ], [ 740040.558851958950981, 5866325.049945503473282 ], [ 740028.373561538988724, 5866305.33816468436271 ], [ 740017.310336651280522, 5866287.036734282970428 ], [ 740001.835524604073726, 5866260.839899334125221 ], [ 739985.634989647660404, 5866232.364836210384965 ], [ 739981.064722196431831, 5866222.070255361497402 ], [ 739975.011626011575572, 5866204.123972970061004 ], [ 739972.85275665007066, 5866193.142023191787302 ], [ 739972.786510978476144, 5866184.161068119108677 ] ], [ [ 741476.555939898244105, 5866229.347052160650492 ], [ 741476.644221408758312, 5866228.344943930394948 ], [ 741476.859393251826987, 5866227.424164637923241 ], [ 741477.193182116490789, 5866226.540960339829326 ], [ 741477.645429430645891, 5866225.711342316120863 ], [ 741478.204369080951437, 5866224.951206129044294 ], [ 741478.807005159091204, 5866224.321064012125134 ], [ 741479.60411078936886, 5866223.688492621295154 ], [ 741480.352898108540103, 5866223.246138320304453 ], [ 741481.905411648680456, 5866222.674955645576119 ], [ 741482.774632128654048, 5866222.52639985922724 ], [ 741483.715290027903393, 5866222.490645820274949 ], [ 741484.653228754526936, 5866222.582967455498874 ], [ 741485.640480544068851, 5866222.824263238348067 ], [ 741486.449939106358215, 5866223.142395947128534 ], [ 741487.273989041917957, 5866223.598966870456934 ], [ 741488.031636961386539, 5866224.166966146789491 ], [ 741488.702742602792569, 5866224.828724566847086 ], [ 741489.28012330387719, 5866225.576892027631402 ], [ 741489.749442549189553, 5866226.393857151269913 ], [ 741490.106448363396339, 5866227.269387596286833 ], [ 741490.3548594819149, 5866228.267571928910911 ] ], [ [ 741641.569349829573184, 5867860.276914961636066 ], [ 741641.494661201839335, 5867859.316678184084594 ], [ 741641.507647768827155, 5867858.443216637708247 ], [ 741641.608383437851444, 5867857.502196685411036 ], [ 741641.81708446063567, 5867856.504011307843029 ], [ 741642.076403284212574, 5867855.670855676755309 ], [ 741642.437695508240722, 5867854.799402794800699 ], [ 741642.92116298538167, 5867853.901501456275582 ], [ 741643.405835020588711, 5867853.175418227910995 ], [ 741644.003773566684686, 5867852.443181646056473 ], [ 741644.719159583793953, 5867851.722305088303983 ], [ 741645.649253107141703, 5867851.010843873023987 ], [ 741646.049950064509176, 5867850.704704667441547 ], [ 741646.862951696501113, 5867850.23959596734494 ], [ 741647.723095141584054, 5867849.850667186081409 ], [ 741648.687064044177532, 5867849.529746135696769 ], [ 741649.536586608504876, 5867849.334357304498553 ], [ 741650.469588925130665, 5867849.209685795940459 ], [ 741651.413337725913152, 5867849.17248004116118 ], [ 741652.425752082024701, 5867849.236419876106083 ], [ 741653.357457791804336, 5867849.389827904291451 ], [ 741654.26796900248155, 5867849.631840022280812 ], [ 741655.08792961423751, 5867849.931190876290202 ], [ 741656.455423981882632, 5867850.633470010943711 ], [ 741657.278528285096399, 5867851.202208844944835 ], [ 741657.946396017447114, 5867851.765035971067846 ], [ 741658.657640294986777, 5867852.491364569403231 ], [ 741659.248318876256235, 5867853.228142115287483 ], [ 741659.76590461761225, 5867854.018064236268401 ], [ 741660.174836414866149, 5867854.787978143431246 ], [ 741660.537730541196652, 5867855.663721128366888 ], [ 741660.816181001486257, 5867856.566288172267377 ], [ 741661.018233350710943, 5867857.56273458711803 ], [ 741661.109764945926145, 5867858.434323410503566 ], [ 741661.11857566004619, 5867859.452144186012447 ], [ 741661.030902998405509, 5867860.393294458277524 ], [ 741660.871489512035623, 5867861.250740291550756 ], [ 741660.612846735515632, 5867862.162526909261942 ], [ 741660.270321120158769, 5867863.044359771534801 ], [ 741659.845435785595328, 5867863.88897408824414 ], [ 741659.341208226396702, 5867864.684751951135695 ], [ 741658.761977691552602, 5867865.433192471973598 ], [ 741657.612845645402558, 5867866.573449838906527 ], [ 741656.818822223576717, 5867867.174155822955072 ], [ 741656.01425351400394, 5867867.667013954371214 ], [ 741655.232546287006699, 5867868.049444445408881 ], [ 741654.351151044946164, 5867868.385747944936156 ], [ 741653.441580199054442, 5867868.635867989622056 ], [ 741652.51256984367501, 5867868.796979459933937 ], [ 741651.572841689689085, 5867868.867713115178049 ], [ 741650.692039759014733, 5867868.850217532366514 ], [ 741649.75692605227232, 5867868.747734524309635 ], [ 741648.832891649683006, 5867868.552178494632244 ], [ 741647.864963011350483, 5867868.245530872605741 ], [ 741647.062847143504769, 5867867.902676625177264 ], [ 741646.234194128657691, 5867867.454727398231626 ], [ 741645.44988337950781, 5867866.92568392958492 ], [ 741644.722875138395466, 5867866.325867025181651 ], [ 741644.054591850494035, 5867865.658202862367034 ], [ 741643.452217657119036, 5867864.930042834021151 ], [ 741642.922951079905033, 5867864.147282504476607 ], [ 741642.441245754715055, 5867863.251428418792784 ], [ 741642.102333151851781, 5867862.445809712633491 ], [ 741641.799904409796, 5867861.473115680739284 ], [ 741641.569349829573184, 5867860.276914961636066 ], [ 741629.556647861842066, 5867860.551997835747898 ], [ 741616.50533354585059, 5867860.0363230984658 ], [ 741605.085185981472023, 5867859.536859697662294 ], [ 741591.261402489966713, 5867859.496847624890506 ], [ 741580.269557134597562, 5867860.156210012733936 ], [ 741571.905208908603527, 5867861.054287421517074 ], [ 741564.508491396903992, 5867861.848422934301198 ], [ 741554.737272525555454, 5867863.67741296812892 ], [ 741550.167703882791102, 5867867.561621969565749 ], [ 741540.421895443811081, 5867875.035711419768631 ] ], [ [ 738189.545567657682113, 5864601.634346948936582 ], [ 738173.382726120413281, 5864605.510406015440822 ], [ 738159.366980719380081, 5864609.679366540163755 ], [ 738147.516438322491013, 5864612.521506059914827 ], [ 738136.21502901695203, 5864614.023018109612167 ], [ 738114.991580987232737, 5864613.534087638370693 ], [ 738085.975263305590488, 5864613.233673031441867 ], [ 738053.739678999176249, 5864612.358385900035501 ], [ 738041.945780048961751, 5864609.271448911167681 ], [ 738010.951803086907603, 5864592.506593679077923 ], [ 738004.538211345323361, 5864588.936853442341089 ], [ 737998.120544769335538, 5864585.904128666035831 ], [ 737992.293812244897708, 5864577.757255739532411 ], [ 737961.774773030541837, 5864514.635552787221968 ], [ 737938.323310583713464, 5864469.64501045551151 ], [ 737928.598730577738024, 5864448.517557049170136 ], [ 737908.057216495275497, 5864460.164740571752191 ], [ 737804.03756772656925, 5864515.421812072396278 ], [ 737672.74397814553231, 5864583.603982576169074 ] ], [ [ 737858.808543549734168, 5863672.695888126268983 ], [ 737876.162785838940181, 5863668.347136212512851 ] ], [ [ 737858.808543549734168, 5863672.695888126268983 ], [ 737858.875454170862213, 5863673.662901584059 ], [ 737858.768573202542029, 5863674.601915628649294 ], [ 737858.495213204645552, 5863675.507184925489128 ], [ 737858.06297193816863, 5863676.345316427759826 ], [ 737857.486594684887677, 5863677.093178380280733 ], [ 737856.846580268233083, 5863677.681751985102892 ], [ 737856.050705651054159, 5863678.19157661870122 ], [ 737855.111175376689062, 5863678.564566915854812 ], [ 737854.318843123153783, 5863678.730977318249643 ], [ 737853.304497437085956, 5863678.762650427408516 ], [ 737852.374707518960349, 5863678.61328871268779 ], [ 737851.364519962458871, 5863678.241886570118368 ], [ 737850.551458063186146, 5863677.745919761247933 ], [ 737849.898808595375158, 5863677.168666214682162 ], [ 737849.268733179429546, 5863676.371896716766059 ], [ 737848.861781993531622, 5863675.602183876559138 ], [ 737848.554102007998154, 5863674.631215078756213 ], [ 737848.461586129968055, 5863673.052709762006998 ], [ 737848.615629610372707, 5863672.182584729976952 ], [ 737848.939578386954963, 5863671.295304887928069 ], [ 737849.417981533915736, 5863670.482393657788634 ], [ 737850.087372078443877, 5863669.718034883961082 ], [ 737850.768985919421539, 5863669.175008457154036 ], [ 737851.663149711093865, 5863668.699677138589323 ], [ 737852.49131419241894, 5863668.434678870253265 ], [ 737853.496525829890743, 5863668.303950760513544 ], [ 737854.438894481514581, 5863668.358848359435797 ], [ 737855.353382645873353, 5863668.585181666538119 ], [ 737856.212550693424419, 5863668.971023457124829 ], [ 737856.931418749154545, 5863669.457279598340392 ], [ 737857.65521287242882, 5863670.169158183038235 ], [ 737858.158483915613033, 5863670.883113381452858 ], [ 737858.584166844375432, 5863671.805826248601079 ], [ 737858.808543549734168, 5863672.695888126268983 ] ], [ [ 738061.710942223900929, 5863628.001931821927428 ], [ 738063.240552291506901, 5863636.963457541540265 ], [ 737991.899683716823347, 5863650.778644155710936 ], [ 737987.378315241425298, 5863651.588944528251886 ], [ 737962.023189842002466, 5863656.131456103175879 ], [ 737947.771093812421896, 5863657.329810546711087 ], [ 737945.103660661843605, 5863657.859525205567479 ], [ 737876.693995386827737, 5863671.416053901426494 ], [ 737876.162785838940181, 5863668.347136212512851 ], [ 737873.878282252349891, 5863657.909313724376261 ], [ 737970.804967077914625, 5863638.162300880998373 ], [ 737989.357659339206293, 5863636.739263834431767 ], [ 738060.969561844947748, 5863622.654789180494845 ], [ 738061.710942223900929, 5863628.001931821927428 ], [ 738077.617573865689337, 5863625.452555951662362 ], [ 738077.45553295512218, 5863624.564605548977852 ], [ 738077.429751809453592, 5863623.545634856447577 ], [ 738077.540196571266279, 5863622.680880561470985 ], [ 738077.796171115129255, 5863621.771064151078463 ], [ 738078.224875649320893, 5863620.851394273340702 ], [ 738078.750851936172694, 5863620.065163224004209 ], [ 738079.339153067790903, 5863619.425106649287045 ], [ 738080.133410993148573, 5863618.78863819129765 ], [ 738080.952011092798784, 5863618.324146011844277 ], [ 738081.834536311449483, 5863617.991291857324541 ], [ 738082.685058650095016, 5863617.808001083321869 ], [ 738083.622804112266749, 5863617.747857805341482 ], [ 738084.560502825188451, 5863617.833242940716445 ], [ 738085.545826891670004, 5863618.083568903617561 ], [ 738086.344513066462241, 5863618.426555998623371 ], [ 738087.107114540296607, 5863618.892869032919407 ], [ 738087.811873747734353, 5863619.482282754033804 ], [ 738088.479994344525039, 5863620.248862493783236 ], [ 738088.943863147171214, 5863620.987132070586085 ], [ 738089.326636667479761, 5863621.852627547457814 ], [ 738089.582003484363668, 5863622.834682405926287 ], [ 738089.668778716702946, 5863624.12933452706784 ], [ 738089.558902316959575, 5863625.079957162961364 ], [ 738089.307295392034575, 5863625.988364176824689 ], [ 738088.953825268778019, 5863626.786569678224623 ], [ 738088.403952672728337, 5863627.639497915282845 ], [ 738087.772928168065846, 5863628.34314614161849 ], [ 738087.044347022660077, 5863628.941003179177642 ], [ 738086.298466279869899, 5863629.387330712750554 ], [ 738085.425824136007577, 5863629.746483357623219 ], [ 738084.451543381437659, 5863629.973607167601585 ], [ 738083.583346130559221, 5863630.041747284121811 ], [ 738082.574496370507404, 5863629.96290160343051 ], [ 738081.657060434226878, 5863629.74092854373157 ], [ 738080.786012726020999, 5863629.381183032877743 ], [ 738080.039156635175459, 5863628.935406029224396 ], [ 738079.258134194067679, 5863628.285534326918423 ], [ 738078.637311547528952, 5863627.57474406901747 ], [ 738078.167596314684488, 5863626.840778708457947 ], [ 738077.617573865689337, 5863625.452555951662362 ] ], [ [ 737851.364519962458871, 5863678.241886570118368 ], [ 737842.354004071909003, 5863692.622764281928539 ], [ 737833.398014020291157, 5863701.15389798860997 ], [ 737822.83892007288523, 5863709.131374717690051 ], [ 737811.745784411556087, 5863716.563380431383848 ], [ 737733.065932804369368, 5863764.261510545387864 ], [ 737601.702203673077747, 5863840.252516460604966 ], [ 737531.940288947778754, 5863882.923944118432701 ], [ 737466.767866601119749, 5863923.483151066116989 ], [ 737448.351213085697964, 5863934.810152303427458 ], [ 737384.023953817784786, 5863974.373608303256333 ], [ 737361.583333802642301, 5863987.88518862426281 ], [ 737313.713381760055199, 5864017.844500277191401 ], [ 737279.919934071600437, 5864037.70644140150398 ], [ 737233.13977107219398, 5864066.327746625989676 ], [ 737226.356386866304092, 5864072.727394659072161 ], [ 737221.458568849484436, 5864078.605357986874878 ], [ 737218.439336904441006, 5864084.773661356419325 ], [ 737216.482329874997959, 5864092.031502533704042 ], [ 737216.384353280300274, 5864101.462734866887331 ], [ 737217.088714106590487, 5864111.445219755172729 ], [ 737219.386449058772996, 5864123.059840110130608 ], [ 737251.464249969343655, 5864190.780712622217834 ], [ 737257.421660933177918, 5864204.274738907814026 ], [ 737283.75202379852999, 5864263.897879312746227 ], [ 737295.342575468006544, 5864290.140483381226659 ], [ 737304.055493480409496, 5864309.332214375957847 ], [ 737431.411772867897525, 5864571.954328184947371 ], [ 737447.511231879587285, 5864606.144868165254593 ], [ 737467.152708917390555, 5864647.857873423025012 ], [ 737469.615298843709752, 5864654.529186446219683 ], [ 737482.009619802702218, 5864652.162281137891114 ], [ 737515.196619331021793, 5864643.69244418758899 ], [ 737583.39130202436354, 5864623.378704746253788 ], [ 737614.940212112152949, 5864612.654425251297653 ], [ 737618.448711848934181, 5864611.072479015216231 ], [ 737672.74397814553231, 5864583.603982576169074 ] ], [ [ 738189.545567657682113, 5864601.634346948936582 ], [ 738213.553883835556917, 5864592.4469412881881 ], [ 738234.885248543694615, 5864582.425487173721194 ], [ 738244.85434479417745, 5864579.83304931037128 ], [ 738254.509312088484876, 5864581.551303446292877 ], [ 738262.007552440511063, 5864584.055032534524798 ], [ 738268.411501250113361, 5864588.432254972867668 ], [ 738273.979853005264886, 5864595.769960189238191 ], [ 738279.502521086134948, 5864607.41679129190743 ], [ 738288.957000689697452, 5864628.809236236847937 ], [ 738290.041681840433739, 5864631.264154647476971 ], [ 738298.410060878959484, 5864650.203163161873817 ], [ 738309.192681099753827, 5864672.957168764434755 ], [ 738322.309314579819329, 5864704.095534466207027 ], [ 738340.675005995901302, 5864747.413754128850996 ], [ 738356.652817500988021, 5864787.474866680800915 ], [ 738378.989532872568816, 5864836.766985541209579 ], [ 738389.31189887446817, 5864852.239149023778737 ], [ 738403.112366209621541, 5864869.093550324440002 ], [ 738416.132453494006768, 5864883.245782335288823 ], [ 738427.574123230180703, 5864894.416880371049047 ], [ 738439.555220738286152, 5864905.053549817763269 ], [ 738452.36241883749608, 5864914.081670340150595 ], [ 738463.830355557496659, 5864922.555978961288929 ], [ 738480.392365097184666, 5864932.161329994909465 ], [ 738497.222636530990712, 5864941.501611302606761 ], [ 738518.339418974006549, 5864952.769473600201309 ] ], [ [ 739045.33833641523961, 5864422.725903641432524 ], [ 739028.112506037927233, 5864422.924912022426724 ], [ 739007.94939652539324, 5864424.0645487671718 ], [ 739006.069206340238452, 5864423.776025542989373 ], [ 738994.213676504325122, 5864427.160618803463876 ], [ 738983.145352872321382, 5864432.167331509292126 ], [ 738974.488446083734743, 5864438.007972943596542 ], [ 738964.981020903214812, 5864448.153769012540579 ], [ 738960.330539433169179, 5864456.193885762244463 ], [ 738955.392461093026213, 5864466.117293361574411 ], [ 738953.140989279258065, 5864476.066806354559958 ], [ 738951.961686530848965, 5864486.298035988584161 ], [ 738952.142161420662887, 5864494.926235965453088 ], [ 738952.575982582871802, 5864505.17403070256114 ], [ 738955.136264243395999, 5864517.599146594293416 ], [ 738958.487922401749529, 5864531.381586693227291 ], [ 738968.922795917838812, 5864562.218786465935409 ], [ 738972.548525143647566, 5864575.733387622982264 ], [ 738974.815608573728241, 5864590.312565753236413 ], [ 738976.797997726476751, 5864606.776569234207273 ], [ 738976.635981127386913, 5864622.680099375545979 ], [ 738974.617181502631865, 5864636.135463742539287 ], [ 738972.557316240156069, 5864653.905863726511598 ], [ 738967.572463527321815, 5864668.410815387964249 ], [ 738952.359080610796809, 5864711.118268752470613 ], [ 738930.070887877023779, 5864776.348174260929227 ], [ 738920.784075042349286, 5864803.524274006485939 ], [ 738919.249957042979077, 5864807.42233366239816 ], [ 738889.778145209071226, 5864892.70286111254245 ], [ 738882.612958931247704, 5864910.421364448964596 ], [ 738874.98909265070688, 5864920.048407637514174 ], [ 738867.131290613790043, 5864926.43601029086858 ], [ 738851.956573691451922, 5864938.951859548687935 ], [ 738839.241303651127964, 5864947.177372484467924 ], [ 738827.897057661437429, 5864952.989165152423084 ], [ 738810.880454974365421, 5864961.442656316794455 ], [ 738795.772961567272432, 5864967.217216890305281 ], [ 738784.731482339673676, 5864969.800840127281845 ], [ 738763.901119369082153, 5864973.213927554897964 ], [ 738747.681818356388249, 5864974.905916017480195 ], [ 738738.823925368487835, 5864975.640138034708798 ], [ 738653.14632342918776, 5864977.908688601106405 ], [ 738637.333452460356057, 5864978.728435279801488 ], [ 738627.533857310307212, 5864979.468863440677524 ], [ 738622.498343549203128, 5864979.277303569950163 ], [ 738608.093377354322001, 5864978.766594249755144 ], [ 738588.77399090770632, 5864975.872069601900876 ], [ 738582.207553569227457, 5864974.286351106129587 ], [ 738568.93861520756036, 5864971.084388390183449 ], [ 738544.811565847485326, 5864965.44464258197695 ], [ 738518.339418974006549, 5864952.769473600201309 ] ], [ [ 739045.33833641523961, 5864422.725903641432524 ], [ 739052.835456694592722, 5864422.63969889562577 ], [ 739062.504139134427533, 5864423.007990761660039 ], [ 739099.568680080235936, 5864424.463109699077904 ], [ 739106.029171114554629, 5864423.453696363605559 ], [ 739113.850732208113186, 5864420.567619706504047 ], [ 739121.692921394249424, 5864415.795523665845394 ], [ 739129.837643289240077, 5864407.523326417431235 ], [ 739161.705917917424813, 5864365.259627772495151 ], [ 739170.962394626694731, 5864353.223481794819236 ], [ 739185.065646215691231, 5864345.208727968856692 ], [ 739193.039853635476902, 5864341.996701355092227 ], [ 739200.893060768838041, 5864340.269402015954256 ], [ 739209.153963934397325, 5864339.824112499132752 ], [ 739217.932893329416402, 5864341.082572281360626 ], [ 739226.483117238036357, 5864343.718411662615836 ], [ 739233.434087152476422, 5864347.403253195807338 ], [ 739239.842664067051373, 5864352.354573779739439 ], [ 739245.494148102705367, 5864358.999528185464442 ], [ 739249.868056776816957, 5864366.161195404827595 ], [ 739252.769150619278662, 5864372.350151360966265 ], [ 739254.610549149452709, 5864378.743681183084846 ], [ 739256.316582463332452, 5864387.895298385992646 ], [ 739258.313015091232955, 5864420.738285755738616 ], [ 739259.858374087838456, 5864449.284734803251922 ], [ 739262.075920604751445, 5864488.929984425194561 ], [ 739263.822537079453468, 5864515.232971964403987 ], [ 739264.393259021569975, 5864522.607680796645582 ], [ 739266.22033822350204, 5864546.131697311066091 ], [ 739267.971077147871256, 5864574.031520611606538 ], [ 739269.233094819355756, 5864596.625688595697284 ], [ 739268.686126711661927, 5864610.62881254311651 ], [ 739267.646163254627027, 5864619.460059816017747 ], [ 739266.076149586355314, 5864627.197218965739012 ], [ 739263.546289976220578, 5864635.874988227151334 ], [ 739260.753409848315641, 5864643.73647659085691 ], [ 739257.135867446428165, 5864653.084299038164318 ], [ 739251.858814642648213, 5864665.407595627009869 ], [ 739243.542498871218413, 5864683.277175959199667 ], [ 739236.198312688153237, 5864698.70862781163305 ], [ 739233.840737067395821, 5864703.989703604951501 ], [ 739229.541392855695449, 5864713.46596756298095 ], [ 739226.745753711205907, 5864721.736473752185702 ], [ 739225.196367593831383, 5864727.295086059719324 ], [ 739224.314814955112524, 5864733.952133837155998 ], [ 739223.978690505842678, 5864740.475037672556937 ], [ 739224.300505658728071, 5864748.642082170583308 ], [ 739225.038488523801789, 5864756.402944879606366 ], [ 739227.111934802378528, 5864765.810513673350215 ], [ 739230.500274511985481, 5864779.175884132273495 ], [ 739241.442088354029693, 5864823.220051730051637 ], [ 739250.682233385276049, 5864861.398857632651925 ], [ 739258.610135162249207, 5864895.078558306209743 ], [ 739263.481642466969788, 5864912.98878968320787 ], [ 739268.516880792332813, 5864934.351730259135365 ], [ 739271.225004294072278, 5864947.84866123367101 ], [ 739274.452564276522025, 5864964.20226394943893 ], [ 739278.402475022478029, 5864988.864071107469499 ], [ 739285.249615085194819, 5865030.697204220108688 ], [ 739285.677654250408523, 5865033.552944127470255 ], [ 739299.662838587537408, 5865121.456939923577011 ], [ 739300.745782852754928, 5865127.6904221707955 ] ], [ [ 739300.745782852754928, 5865127.6904221707955 ], [ 739308.547364614554681, 5865172.573120404966176 ], [ 739309.777181328390725, 5865179.776075705885887 ], [ 739315.72551148023922, 5865211.270855634473264 ], [ 739319.053415738162585, 5865227.048098913393915 ], [ 739323.088363560847938, 5865244.069812814705074 ], [ 739329.867961021722294, 5865268.149940234608948 ], [ 739338.356072977650911, 5865296.305687983520329 ], [ 739345.921209399821237, 5865319.335767284967005 ], [ 739349.80906709341798, 5865330.699794722720981 ], [ 739353.301249846699648, 5865340.305830647237599 ], [ 739359.524804110405967, 5865353.849431627430022 ], [ 739364.753513268660754, 5865364.198092170059681 ], [ 739369.289572328445502, 5865372.170010921545327 ], [ 739375.444361696252599, 5865382.627118566073477 ], [ 739381.608377644093707, 5865391.746649486012757 ], [ 739388.093283305410296, 5865399.843274706974626 ], [ 739397.63495095167309, 5865413.275242140516639 ], [ 739409.527404695982113, 5865425.971388131380081 ], [ 739423.358047973597422, 5865440.131251737475395 ], [ 739442.068299915641546, 5865457.729500917717814 ], [ 739472.481267788913101, 5865487.155877156183124 ], [ 739494.852976504480466, 5865508.720097718760371 ], [ 739519.322847827919759, 5865532.152854213491082 ], [ 739535.889801597455516, 5865548.806386020965874 ], [ 739564.036464438773692, 5865575.128121417947114 ], [ 739592.023609125637449, 5865601.601058044470847 ], [ 739607.051463746232912, 5865615.372800947166979 ], [ 739626.249904030119069, 5865633.840604614466429 ], [ 739646.017582624335773, 5865652.989605404436588 ], [ 739669.745269514736719, 5865675.569042584858835 ], [ 739695.449322623549961, 5865700.01722274068743 ], [ 739713.860687882406637, 5865717.14800826087594 ], [ 739724.805703833582811, 5865728.199839683249593 ], [ 739730.731175616732799, 5865734.420331905595958 ], [ 739734.528131831320934, 5865738.619141287170351 ], [ 739739.456226865411736, 5865745.899390270002186 ], [ 739744.68527122749947, 5865754.702389433048666 ], [ 739751.394816600019112, 5865770.069374966435134 ], [ 739872.034051314811222, 5865889.894261442124844 ] ], [ [ 739963.574852465186268, 5866140.755658211186528 ], [ 739960.528569559683092, 5866171.980057940818369 ], [ 739940.880044845747761, 5866176.854110580869019 ], [ 739952.799447279889137, 5866234.407667400315404 ], [ 739957.706554767675698, 5866260.667684772051871 ], [ 739961.295963092823513, 5866279.88325516320765 ], [ 739962.93554248905275, 5866288.829309981316328 ], [ 739961.808930782950483, 5866295.942222408950329 ], [ 739959.554986390401609, 5866300.445231667719781 ], [ 739956.919443473685533, 5866304.223786685615778 ], [ 739956.91486967401579, 5866304.389693587087095 ], [ 739959.383094151155092, 5866310.592843216843903 ], [ 739959.602035045274533, 5866320.98025812767446 ], [ 739959.768656142405234, 5866335.696511647664011 ], [ 739962.78102912614122, 5866357.025949823670089 ], [ 739966.091527751530521, 5866375.123801335692406 ], [ 739974.128234180039726, 5866404.323083749040961 ], [ 739985.562633743975312, 5866443.263855033554137 ], [ 739997.512083955574781, 5866484.098123204894364 ], [ 740014.658596180845052, 5866543.049857224337757 ], [ 740022.462459220550954, 5866568.743239863775671 ], [ 740028.502590532065369, 5866582.823553984984756 ], [ 740036.634676371118985, 5866602.588060460053384 ], [ 740046.123983955476433, 5866621.019752449356019 ], [ 740066.207979220198467, 5866655.195382503792644 ], [ 740070.964259529020637, 5866663.333368762396276 ], [ 740084.220189024810679, 5866681.26173285022378 ], [ 740103.059701017802581, 5866705.449784298427403 ], [ 740129.884058226831257, 5866737.536322600208223 ], [ 740142.623744029086083, 5866753.574254999868572 ], [ 740139.139047351432964, 5866755.636808743700385 ] ], [ [ 740142.623758664354682, 5866753.572799342684448 ], [ 740166.400483760982752, 5866781.949728980660439 ], [ 740172.634669138584286, 5866789.466535995714366 ], [ 740200.966828170232475, 5866825.502021747641265 ], [ 740214.376407351461239, 5866843.499033637344837 ], [ 740226.413054740172811, 5866864.979067733511329 ], [ 740251.527515650144778, 5866908.903331879526377 ], [ 740287.945602870546281, 5866972.065831402316689 ], [ 740303.595087905763648, 5866999.145344867371023 ], [ 740342.710663000238128, 5867062.706741676665843 ], [ 740385.059326600516215, 5867131.562539723701775 ], [ 740391.803606478846632, 5867142.526302555575967 ], [ 740407.777635150356218, 5867167.984666930511594 ], [ 740454.349798753159121, 5867241.254109867848456 ], [ 740473.953231236897409, 5867271.405160776339471 ], [ 740477.646398111246526, 5867277.085417859256268 ], [ 740497.017117636860348, 5867302.086147776804864 ], [ 740505.249354565283284, 5867311.87701600138098 ], [ 740522.256619091378525, 5867331.462773821316659 ], [ 740538.744474662235007, 5867349.156459785066545 ], [ 740545.120440388796851, 5867356.500196157954633 ], [ 740580.84325510263443, 5867385.982414583675563 ], [ 740600.603061260771938, 5867399.124369652941823 ], [ 740624.128198914695531, 5867411.766959117725492 ], [ 740644.190407020971179, 5867421.673942285589874 ], [ 740658.261385103571229, 5867426.825298301875591 ], [ 740684.4903364648344, 5867436.427344346418977 ], [ 740691.076874400954694, 5867438.837603132240474 ], [ 740722.913503409130499, 5867450.491995854303241 ], [ 740780.281088486895896, 5867467.26265172380954 ], [ 740787.779834636603482, 5867470.034341552294791 ], [ 740820.740628163330257, 5867479.298888878896832 ], [ 740861.525291912956163, 5867491.779361426830292 ], [ 740920.172390927677043, 5867509.384608251973987 ], [ 740943.706948631792329, 5867516.495502138510346 ], [ 740953.4029285433935, 5867519.425951250828803 ], [ 740975.954738233587705, 5867525.980939051136374 ], [ 740981.807352068484761, 5867528.070619633421302 ], [ 741002.981437047361396, 5867533.944918808527291 ], [ 741054.982322139665484, 5867548.757231065072119 ], [ 741120.731330946204253, 5867568.416787466965616 ], [ 741161.96244266058784, 5867580.744651014916599 ], [ 741185.227861603954807, 5867587.812943098135293 ], [ 741265.598115407396108, 5867614.772176431491971 ], [ 741280.582793634035625, 5867621.662878851406276 ], [ 741304.915388977271505, 5867634.849240250885487 ], [ 741326.280858174432069, 5867648.544635524973273 ], [ 741353.749673649552278, 5867670.390184064395726 ], [ 741373.723608677857555, 5867689.196596726775169 ], [ 741395.044783553224988, 5867711.33894238434732 ], [ 741444.309639178565703, 5867761.366482355631888 ], [ 741473.707744880230166, 5867793.931104969233274 ], [ 741481.082445697276853, 5867802.098357978276908 ], [ 741508.763347940868698, 5867833.836373180150986 ], [ 741522.318670247215778, 5867851.46647385135293 ], [ 741525.432362905354239, 5867855.518912725150585 ], [ 741540.125397289171815, 5867874.63818636815995 ], [ 741540.421895443811081, 5867875.035711419768631 ] ] ] } },
{ "type": "Feature", "properties": { "CADRE_NO": "10.054", "DDT_URL": null, "ETC_NOM": "Transports publics de la région lausannoise", "ETC_SIGLE": "TL", "ETC_URL": "https://www.t-l.ch", "GO_CENTRE": 0, "HORAIR_URL": "https://www.tableaux-horaires.ch/fileadmin/fap_pdf_fields/2025/10.054.pdf", "LIGNE_NO": "54", "LIGNE_NOM": "Renens VD - Cheseaux-sur-Lausanne - Le Mont-sur-Lausanne (- Epalinges dès le 15.09.2025)", "LIGNE_SIGL": null, "LIGNE_TYPE": "Bus régional", "PLAN_URL": "https://prestations.vd.ch/pub/101587/api/download/2_Cartographie_et_geodonnees/2.1_Carte_des_reseaux/Carte_des_lignes_TP/topo/ligne_10.054.pdf", "SHAPE_LEN": 23832.922 }, "geometry": { "type": "MultiLineString", "coordinates": [ [ [ 732354.613873416208662, 5866957.362539663910866 ], [ 732380.320622823317535, 5866941.466763095930219 ], [ 732433.071510054753162, 5866910.503605675883591 ], [ 732477.791564814513549, 5866880.088520335033536 ] ], [ [ 741525.432362905354239, 5867855.518912725150585 ], [ 741540.125397289171815, 5867874.63818636815995 ], [ 741540.421895443811081, 5867875.035711419768631 ] ], [ [ 741641.569349829573184, 5867860.276914961636066 ], [ 741641.494661201839335, 5867859.316678184084594 ], [ 741641.507647768827155, 5867858.443216637708247 ], [ 741641.608383437851444, 5867857.502196685411036 ], [ 741641.81708446063567, 5867856.504011307843029 ], [ 741642.076403284212574, 5867855.670855676755309 ], [ 741642.437695508240722, 5867854.799402794800699 ], [ 741642.92116298538167, 5867853.901501456275582 ], [ 741643.405835020588711, 5867853.175418227910995 ], [ 741644.003773566684686, 5867852.443181646056473 ], [ 741644.719159583793953, 5867851.722305088303983 ], [ 741645.649253107141703, 5867851.010843873023987 ], [ 741646.049950064509176, 5867850.704704667441547 ], [ 741646.862951696501113, 5867850.23959596734494 ], [ 741647.723095141584054, 5867849.850667186081409 ], [ 741648.687064044177532, 5867849.529746135696769 ], [ 741649.536586608504876, 5867849.334357304498553 ], [ 741650.469588925130665, 5867849.209685795940459 ], [ 741651.413337725913152, 5867849.17248004116118 ], [ 741652.425752082024701, 5867849.236419876106083 ], [ 741653.357457791804336, 5867849.389827904291451 ], [ 741654.26796900248155, 5867849.631840022280812 ], [ 741655.08792961423751, 5867849.931190876290202 ], [ 741656.455423981882632, 5867850.633470010943711 ], [ 741657.278528285096399, 5867851.202208844944835 ], [ 741657.946396017447114, 5867851.765035971067846 ], [ 741658.657640294986777, 5867852.491364569403231 ], [ 741659.248318876256235, 5867853.228142115287483 ], [ 741659.76590461761225, 5867854.018064236268401 ], [ 741660.174836414866149, 5867854.787978143431246 ], [ 741660.537730541196652, 5867855.663721128366888 ], [ 741660.816181001486257, 5867856.566288172267377 ], [ 741661.018233350710943, 5867857.56273458711803 ], [ 741661.109764945926145, 5867858.434323410503566 ], [ 741661.11857566004619, 5867859.452144186012447 ], [ 741661.030902998405509, 5867860.393294458277524 ], [ 741660.871489512035623, 5867861.250740291550756 ], [ 741660.612846735515632, 5867862.162526909261942 ], [ 741660.270321120158769, 5867863.044359771534801 ], [ 741659.845435785595328, 5867863.88897408824414 ], [ 741659.341208226396702, 5867864.684751951135695 ], [ 741658.761977691552602, 5867865.433192471973598 ], [ 741657.612845645402558, 5867866.573449838906527 ], [ 741656.818822223576717, 5867867.174155822955072 ], [ 741656.01425351400394, 5867867.667013954371214 ], [ 741655.232546287006699, 5867868.049444445408881 ], [ 741654.351151044946164, 5867868.385747944936156 ], [ 741653.441580199054442, 5867868.635867989622056 ], [ 741652.51256984367501, 5867868.796979459933937 ], [ 741651.572841689689085, 5867868.867713115178049 ], [ 741650.692039759014733, 5867868.850217532366514 ], [ 741649.75692605227232, 5867868.747734524309635 ], [ 741648.832891649683006, 5867868.552178494632244 ], [ 741647.864963011350483, 5867868.245530872605741 ], [ 741647.062847143504769, 5867867.902676625177264 ], [ 741646.234194128657691, 5867867.454727398231626 ], [ 741645.44988337950781, 5867866.92568392958492 ], [ 741644.722875138395466, 5867866.325867025181651 ], [ 741644.054591850494035, 5867865.658202862367034 ], [ 741643.452217657119036, 5867864.930042834021151 ], [ 741642.922951079905033, 5867864.147282504476607 ], [ 741642.441245754715055, 5867863.251428418792784 ], [ 741642.102333151851781, 5867862.445809712633491 ], [ 741641.799904409796, 5867861.473115680739284 ], [ 741641.569349829573184, 5867860.276914961636066 ], [ 741629.556647861842066, 5867860.551997835747898 ], [ 741616.50533354585059, 5867860.0363230984658 ], [ 741605.085185981472023, 5867859.536859697662294 ], [ 741591.261402489966713, 5867859.496847624890506 ], [ 741580.269557134597562, 5867860.156210012733936 ], [ 741571.905208908603527, 5867861.054287421517074 ], [ 741564.508491396903992, 5867861.848422934301198 ], [ 741554.737272525555454, 5867863.67741296812892 ], [ 741550.167703882791102, 5867867.561621969565749 ], [ 741540.421895443811081, 5867875.035711419768631 ] ] ] } },
{ "type": "Feature", "properties": { "CADRE_NO": "10.901", "DDT_URL": null, "ETC_NOM": "Transports publics de la région lausannoise", "ETC_SIGLE": "TL", "ETC_URL": "https://www.t-l.ch", "GO_CENTRE": 0, "HORAIR_URL": "https://www.tableaux-horaires.ch/fileadmin/fap_pdf_fields/2025/10.901.pdf", "LIGNE_NO": "N1", "LIGNE_NOM": "Lausanne St-François - Le Mont-sur-Lausanne - Grand-Mont (N1)", "LIGNE_SIGL": null, "LIGNE_TYPE": "Bus nocturne", "PLAN_URL": "https://prestations.vd.ch/pub/101587/api/download/2_Cartographie_et_geodonnees/2.1_Carte_des_reseaux/Carte_des_lignes_TP/topo/ligne_10.901.pdf", "SHAPE_LEN": 11976.905 }, "geometry": { "type": "MultiLineString", "coordinates": [ [ [ 738102.666406159871258, 5866203.699379227124155 ], [ 738073.15155447088182, 5866224.963147324509919 ], [ 738050.407271331059746, 5866241.443624157458544 ], [ 738038.55005090101622, 5866247.113112026825547 ], [ 738037.713014821172692, 5866247.512042791582644 ], [ 738027.181578355492093, 5866252.525621273554862 ], [ 738015.574866939336061, 5866257.257281891070306 ], [ 738003.991764580830932, 5866259.836154616437852 ], [ 737995.389249281259254, 5866260.016300150193274 ], [ 737982.512582855531946, 5866257.725432897917926 ], [ 737971.259017327218316, 5866254.374138738960028 ], [ 737961.095961930695921, 5866249.684682002291083 ], [ 737951.764501756988466, 5866242.30929478444159 ], [ 737942.979695982299745, 5866234.130191464908421 ], [ 737935.563624235102907, 5866223.806449605152011 ], [ 737926.557547451462597, 5866210.771684505045414 ], [ 737919.163610150106251, 5866198.022961304523051 ], [ 737913.643193937488832, 5866186.104520491324365 ], [ 737908.929539351258427, 5866174.191551139578223 ], [ 737904.773514519096352, 5866160.128473974764347 ], [ 737900.944412712939084, 5866140.676868976093829 ], [ 737896.423912121681497, 5866109.894218072295189 ], [ 737891.697495325817727, 5866072.909724484197795 ], [ 737888.914336619898677, 5866056.165103141218424 ], [ 737885.757416158216074, 5866030.778571731410921 ], [ 737880.724729773472063, 5865990.294675542972982 ], [ 737876.104269257630222, 5865969.219416472129524 ], [ 737870.685281477402896, 5865947.486685554496944 ], [ 737854.158518326585181, 5865960.363808713853359 ], [ 737836.27670946076978, 5865974.19778782967478 ], [ 737782.645102266455069, 5866014.890420422889292 ], [ 737770.166625991929322, 5866026.353856760077178 ], [ 737753.881242795614526, 5866041.823089802637696 ], [ 737739.472099124221131, 5866057.84751863591373 ], [ 737714.976406338508241, 5866087.788360976614058 ], [ 737694.51663123711478, 5866116.964752335101366 ], [ 737678.393500278238207, 5866142.67950299475342 ], [ 737668.533504343940876, 5866160.639375642873347 ], [ 737661.392676097224467, 5866175.663731534034014 ], [ 737656.404784630401991, 5866190.170437062159181 ], [ 737652.208312580827624, 5866206.304156953468919 ], [ 737630.224088526563719, 5866278.870336445048451 ], [ 737621.620949383592233, 5866305.205252561718225 ], [ 737618.520473662181757, 5866312.028038488700986 ], [ 737609.795116775436327, 5866331.233013873919845 ], [ 737597.419719969271682, 5866358.336732523515821 ], [ 737587.265782475122251, 5866378.720626343041658 ], [ 737560.969600025448017, 5866426.438521600328386 ], [ 737543.472663684631698, 5866455.105008494108915 ], [ 737527.910435135127045, 5866478.401019079610705 ], [ 737511.282905558357015, 5866501.144417427480221 ], [ 737494.132143495487981, 5866521.997166713699698 ], [ 737478.373960630735382, 5866538.549536221660674 ], [ 737466.152952425298281, 5866550.823869185522199 ], [ 737422.544932623626664, 5866588.305230374448001 ], [ 737379.869236996164545, 5866629.463397099636495 ], [ 737368.709164486848749, 5866643.098312668502331 ], [ 737358.597634418401867, 5866659.170988317579031 ], [ 737343.560374731197953, 5866683.817854500375688 ], [ 737336.945590048329905, 5866699.657763477414846 ], [ 737335.092023494536988, 5866704.873469667509198 ], [ 737331.408824984915555, 5866715.235261581838131 ], [ 737325.845350678777322, 5866733.245156324468553 ], [ 737322.467313958914019, 5866748.040188349783421 ], [ 737319.329746248782612, 5866765.532461461611092 ], [ 737313.938475184724666, 5866802.462576576508582 ], [ 737312.965039345086552, 5866809.144805206917226 ], [ 737303.764522327692248, 5866866.750265780836344 ], [ 737296.581684732460417, 5866911.433328768238425 ], [ 737292.943486053030938, 5866925.416486380621791 ], [ 737284.619714741944335, 5866950.404915874823928 ], [ 737274.415306018549018, 5866975.375215507112443 ], [ 737265.367242314503528, 5866992.539745789021254 ], [ 737256.896729367203079, 5867005.93094583787024 ], [ 737248.964416165254079, 5867019.059906085953116 ], [ 737242.152222865493968, 5867028.156220909208059 ], [ 737231.528324270388111, 5867041.797189078293741 ], [ 737216.30135822284501, 5867058.624962331727147 ], [ 737187.465985347516835, 5867087.47417358495295 ], [ 737186.696075496962294, 5867088.245009298436344 ], [ 737165.234070985694416, 5867110.132228929549456 ], [ 737152.463710746844299, 5867123.479983903467655 ], [ 737137.749572890810668, 5867142.740085518918931 ], [ 737118.943896513083018, 5867167.62074728589505 ], [ 737108.845337645732798, 5867182.344635074958205 ], [ 737099.005443556234241, 5867198.148597345687449 ], [ 737089.425517108524218, 5867214.767683216370642 ], [ 737082.011479183100164, 5867229.79052010551095 ], [ 737072.94597761973273, 5867248.569753527641296 ], [ 737066.060370574006811, 5867264.407645527273417 ], [ 737053.126891512190923, 5867293.393036525696516 ], [ 737045.419026023126207, 5867310.838432274758816 ], [ 736993.196078738663346, 5867421.656810086220503 ], [ 736980.270459364866838, 5867449.563857016153634 ], [ 736959.356940413243137, 5867496.263375150039792 ], [ 736957.958438606699929, 5867501.642944512888789 ], [ 736955.700998328393325, 5867511.596793810836971 ], [ 736954.212612297502346, 5867525.603310761973262 ], [ 736953.557701360201463, 5867536.922188814729452 ], [ 736955.008379914099351, 5867552.306308258324862 ], [ 736958.055983180413023, 5867569.595557606779039 ], [ 736962.743829197599553, 5867583.936271486803889 ], [ 736970.372298940783367, 5867599.9268494900316 ], [ 736980.9610940272687, 5867615.677672881633043 ] ], [ [ 738102.666406159871258, 5866203.699379227124155 ], [ 738109.970996479154564, 5866198.921641410328448 ], [ 738132.972372458549216, 5866183.523891004733741 ], [ 738165.968249068944715, 5866163.373262989334762 ], [ 738220.60064686939586, 5866129.698609236627817 ], [ 738243.980833624140359, 5866114.962584274820983 ], [ 738254.68652808945626, 5866108.212518502026796 ], [ 738272.241270236670971, 5866099.766002965159714 ], [ 738289.502649815287441, 5866093.743078753352165 ], [ 738305.65988077619113, 5866090.675431340001523 ], [ 738327.171918976586312, 5866089.551096878014505 ], [ 738343.005271261557937, 5866091.601181536912918 ], [ 738358.805578863830306, 5866097.156219182536006 ], [ 738368.430519522866234, 5866102.108879597857594 ], [ 738378.848233562195674, 5866108.14693303219974 ], [ 738387.659653068520129, 5866113.899095921777189 ], [ 738406.035117617226206, 5866130.265944420360029 ], [ 738414.76920770003926, 5866143.56513141375035 ], [ 738422.397622735705227, 5866159.551807544194162 ], [ 738426.248693355591968, 5866177.115380374714732 ], [ 738429.059210065286607, 5866191.436565852724016 ], [ 738431.356354000628926, 5866203.321431271731853 ], [ 738432.056607693899423, 5866213.575448461808264 ], [ 738432.179155128309503, 5866216.201372735202312 ], [ 738432.496749340207316, 5866223.015958534553647 ], [ 738432.906643909285776, 5866235.690779885277152 ], [ 738432.439663256285712, 5866281.251628151163459 ], [ 738429.055641911108978, 5866322.737130027264357 ], [ 738424.905501494882628, 5866386.863402109593153 ], [ 738422.177609150996432, 5866443.184486848302186 ], [ 738421.336773258517496, 5866472.832525202073157 ], [ 738421.157505465438589, 5866516.509436395950615 ], [ 738420.413718444760889, 5866562.878292506560683 ], [ 738420.184343228582293, 5866585.254141005687416 ], [ 738420.292474647867493, 5866600.894710149616003 ], [ 738421.746221820823848, 5866628.671516677364707 ], [ 738422.988774862140417, 5866652.419513866305351 ], [ 738424.660720315994695, 5866672.927038953639567 ], [ 738427.104803879512474, 5866696.680270608514547 ], [ 738431.156900182599202, 5866720.990255190059543 ], [ 738437.856225426308811, 5866749.098148186691105 ], [ 738458.401540407910943, 5866842.333658793009818 ], [ 738466.528197257081047, 5866888.794244437478483 ], [ 738472.343622324522585, 5866924.444945055060089 ], [ 738475.554731394979171, 5866952.249614440836012 ], [ 738477.727667362778448, 5866976.002242877148092 ], [ 738478.802154323668219, 5867002.435473212972283 ], [ 738479.027403830783442, 5867016.996291263028979 ], [ 738479.288566687959246, 5867033.717990006320179 ], [ 738478.285667535383254, 5867052.852145232260227 ], [ 738473.827907476224937, 5867094.599562899209559 ], [ 738472.953347923699766, 5867101.063317844644189 ], [ 738470.376942325732671, 5867116.40633040945977 ], [ 738466.393282021512277, 5867137.936866010539234 ] ], [ [ 738165.028790041571483, 5864843.18270358722657 ], [ 738150.733205928467214, 5864848.425936302170157 ], [ 738138.547301579616033, 5864857.465078718028963 ], [ 738114.413423568592407, 5864878.781375799328089 ], [ 738095.976760381599888, 5864894.762560674920678 ], [ 738083.760201530880295, 5864906.769127580337226 ], [ 738068.52750223421026, 5864924.671274264343083 ], [ 738053.830173488240689, 5864942.84970168210566 ], [ 737982.798406201996841, 5865029.994770625606179 ], [ 737965.925726163783111, 5865050.577081646770239 ], [ 737956.940791997127235, 5865062.077193071134388 ], [ 737946.067245650221594, 5865074.093359097838402 ], [ 737935.484257538220845, 5865083.958353791385889 ], [ 737917.84098164353054, 5865101.298507025465369 ], [ 737897.499594239052385, 5865119.419941714964807 ], [ 737894.063454856048338, 5865122.130886713042855 ], [ 737882.327289241482504, 5865131.392955739982426 ], [ 737869.883446699357592, 5865139.350785715505481 ], [ 737857.987595870741643, 5865146.506467809900641 ], [ 737815.261313379509374, 5865172.211680282838643 ], [ 737756.361087924567983, 5865203.140046605840325 ], [ 737733.685671292245388, 5865213.149994037114084 ], [ 737720.354196239379235, 5865219.506081747822464 ], [ 737711.001887218211778, 5865223.964729662053287 ], [ 737678.8861134898616, 5865237.112097623758018 ], [ 737645.159912531264126, 5865250.239699171856046 ], [ 737623.547962333075702, 5865253.918600099161267 ], [ 737592.937401861185208, 5865259.1310815513134 ], [ 737587.264891381841153, 5865260.612004248425364 ], [ 737558.176338332588784, 5865268.205505594611168 ], [ 737541.444510088535026, 5865275.039757897146046 ], [ 737515.50875281507615, 5865288.518806346692145 ], [ 737460.641115055070259, 5865318.94760168902576 ], [ 737421.17569434910547, 5865341.181831180118024 ], [ 737379.012019320973195, 5865364.466365178115666 ], [ 737339.643809823552147, 5865386.381130190566182 ], [ 737323.873675278504379, 5865395.162483849562705 ], [ 737313.320501821115613, 5865402.328746976330876 ], [ 737257.098118724883534, 5865433.554737693630159 ], [ 737220.065644410206005, 5865454.462987381033599 ], [ 737193.013128194841556, 5865471.705504152923822 ], [ 737167.580786413280293, 5865488.154150186106563 ], [ 737143.49605571734719, 5865504.347567549906671 ], [ 737130.687121085938998, 5865513.810331618413329 ], [ 737118.3080752043752, 5865522.952986378222704 ], [ 737096.768995082005858, 5865539.625677606090903 ], [ 737095.281381293782033, 5865540.776047127321362 ], [ 737053.267932717455551, 5865575.381433113478124 ], [ 737009.094093700288795, 5865610.777809840627015 ], [ 736971.687960275448859, 5865641.658377687446773 ], [ 736954.345121043385006, 5865655.495701651088893 ], [ 736925.346593399066478, 5865678.914012392982841 ], [ 736893.631354651181027, 5865705.002537203021348 ], [ 736876.752005679765716, 5865725.85357659868896 ], [ 736831.486203724169172, 5865762.853979867883027 ], [ 736813.885351938195527, 5865777.733665983192623 ], [ 736810.068874187883921, 5865780.960064471699297 ], [ 736792.182971756206825, 5865795.06088206730783 ], [ 736732.250101366778836, 5865847.003639125265181 ], [ 736716.771281751105562, 5865862.208355869166553 ], [ 736707.774088216014206, 5865874.783870092593133 ], [ 736699.558031480177306, 5865889.255607031285763 ], [ 736697.012552373227663, 5865895.122842622920871 ], [ 736693.499202266335487, 5865903.214357275515795 ], [ 736690.433922860305756, 5865913.694979433901608 ], [ 736685.354413355118595, 5865936.828988781198859 ], [ 736685.775760739808902, 5865947.886370269581676 ], [ 736687.005270874244161, 5865958.950808401219547 ], [ 736690.605502204620279, 5865974.627041297964752 ], [ 736695.02645378827583, 5865988.693209483288229 ], [ 736702.609366270480677, 5866008.723111106082797 ], [ 736711.285775972646661, 5866027.147275147028267 ], [ 736713.429974601138383, 5866030.942966911941767 ], [ 736725.535842999466695, 5866052.371375531889498 ], [ 736741.14779919560533, 5866075.721795936115086 ], [ 736751.752584640868008, 5866089.583777696825564 ], [ 736763.671462748548947, 5866106.423386660404503 ], [ 736779.334257511771284, 5866124.922543218359351 ], [ 736793.707022780319676, 5866138.28552015312016 ], [ 736812.355080767185427, 5866154.117149225436151 ], [ 736832.353710515308194, 5866169.157936246134341 ], [ 736872.636616111150943, 5866197.888626839034259 ], [ 736891.818951555062085, 5866213.9980165399611 ], [ 736903.583678080234677, 5866243.415392900817096 ] ], [ [ 738165.028790041571483, 5864843.18270358722657 ], [ 738186.471656528534368, 5864822.377051522023976 ], [ 738205.431956172338687, 5864802.141017838381231 ], [ 738217.98754310735967, 5864788.737756519578397 ], [ 738238.099182302248664, 5864766.572025174275041 ], [ 738248.432468666462228, 5864754.815234305337071 ], [ 738254.187690817168914, 5864743.824742018245161 ], [ 738257.272853475878946, 5864731.186722196638584 ], [ 738257.361435961560346, 5864722.561050196178257 ], [ 738252.654931344208308, 5864709.843985674902797 ], [ 738237.610049753449857, 5864683.539535854011774 ], [ 738218.340072613093071, 5864649.644888089969754 ], [ 738199.322123536490835, 5864617.640657726675272 ], [ 738189.545567657682113, 5864601.634346948936582 ], [ 738173.382726120413281, 5864605.510406015440822 ], [ 738159.366980719380081, 5864609.679366540163755 ], [ 738147.516438322491013, 5864612.521506059914827 ], [ 738136.21502901695203, 5864614.023018109612167 ], [ 738114.991580987232737, 5864613.534087638370693 ], [ 738085.975263305590488, 5864613.233673031441867 ], [ 738053.739678999176249, 5864612.358385900035501 ], [ 738041.945780048961751, 5864609.271448911167681 ], [ 738010.951803086907603, 5864592.506593679077923 ], [ 738004.538211345323361, 5864588.936853442341089 ], [ 737998.120544769335538, 5864585.904128666035831 ], [ 737992.293812244897708, 5864577.757255739532411 ], [ 737961.774773030541837, 5864514.635552787221968 ], [ 737938.323310583713464, 5864469.64501045551151 ], [ 737928.598730577738024, 5864448.517557049170136 ], [ 737908.057216495275497, 5864460.164740571752191 ], [ 737804.03756772656925, 5864515.421812072396278 ], [ 737672.74397814553231, 5864583.603982576169074 ] ], [ [ 737008.04378184734378, 5867647.782860989682376 ], [ 737046.245168095338158, 5867670.562635120935738 ], [ 737061.104954615584575, 5867677.157989383675158 ], [ 737078.738559384015389, 5867684.980625191703439 ], [ 737084.503839249839075, 5867689.25018155016005 ], [ 737087.687231352319941, 5867693.655773034319282 ], [ 737088.938804084667936, 5867697.233079544268548 ], [ 737089.059003614936955, 5867701.443535504862666 ], [ 737087.081269830348901, 5867705.307348266243935 ], [ 737082.366058674524538, 5867708.497506924904883 ], [ 737074.682472496991977, 5867710.608285467140377 ], [ 737058.458108687540516, 5867710.870804695412517 ], [ 737036.976586792967282, 5867682.867433690465987 ], [ 737018.396477176691405, 5867660.294650174677372 ], [ 737008.04378184734378, 5867647.782860989682376 ], [ 736980.9610940272687, 5867615.677672881633043 ] ], [ [ 738641.860344182117842, 5869955.503263521008193 ], [ 738645.895263535203412, 5869981.707902447320521 ], [ 738647.050457591190934, 5869989.978700229898095 ], [ 738655.187882981146686, 5870048.281344664283097 ], [ 738657.168108848971315, 5870062.47348668333143 ], [ 738657.861574279027991, 5870067.346301048062742 ], [ 738661.433062254684046, 5870092.457139656879008 ], [ 738664.110882689477876, 5870112.114971195347607 ], [ 738670.186026747222058, 5870156.743716803379357 ], [ 738673.207453254144639, 5870176.73436366673559 ], [ 738678.480656994390301, 5870213.474711494520307 ], [ 738684.46652448666282, 5870250.234190493822098 ], [ 738689.612372168106958, 5870281.831012737937272 ], [ 738694.92419249669183, 5870314.521948290988803 ], [ 738696.633266375865787, 5870331.535675625316799 ], [ 738702.420166984200478, 5870370.165066452696919 ], [ 738702.030319511191919, 5870382.032218421809375 ], [ 738699.262125253677368, 5870390.095547771081328 ], [ 738693.929146587615833, 5870399.67047344148159 ], [ 738694.749476043274626, 5870400.089617953635752 ], [ 738695.539775841170922, 5870400.606032996438444 ], [ 738696.328810745151713, 5870401.246229806914926 ], [ 738696.946761632221751, 5870401.864277319051325 ], [ 738697.543228972819634, 5870402.595703845843673 ], [ 738698.065053050639108, 5870403.38607553485781 ], [ 738698.497821713914163, 5870404.225049315020442 ], [ 738698.844527498120442, 5870405.103917536325753 ], [ 738699.113225376582704, 5870406.086845116689801 ], [ 738699.256851627258584, 5870406.949060847051442 ], [ 738699.321241510566324, 5870407.89347717911005 ], [ 738699.284017142374068, 5870408.836848572827876 ], [ 738699.135784136014991, 5870409.846073312684894 ], [ 738698.901390686049126, 5870410.762658149003983 ], [ 738698.571472176583484, 5870411.650588835589588 ], [ 738698.154872315586545, 5870412.496848601847887 ], [ 738697.651620848220773, 5870413.29852490965277 ], [ 738697.116142527782358, 5870413.986269704066217 ], [ 738696.41323517926503, 5870414.720354148186743 ], [ 738695.689847973757423, 5870415.327520124614239 ], [ 738694.907732464023866, 5870415.856892234645784 ], [ 738693.371393601526506, 5870416.60133817140013 ], [ 738698.075969502213411, 5870427.03686170373112 ], [ 738700.928229778539389, 5870437.314986074343324 ], [ 738701.565758389187977, 5870453.776141489855945 ], [ 738699.724224670324475, 5870476.145293798297644 ], [ 738699.555534965125844, 5870477.451426018960774 ], [ 738697.099043052061461, 5870496.350933288224041 ], [ 738694.5123050409602, 5870512.509599342010915 ], [ 738691.082764673861675, 5870532.434695160016418 ], [ 738687.94947977620177, 5870549.935005811974406 ], [ 738681.507596929674037, 5870574.954403492622077 ], [ 738677.909616476739757, 5870584.650775579735637 ], [ 738675.423886416014284, 5870591.348134556785226 ], [ 738669.914583591744304, 5870604.239228980615735 ], [ 738664.431400106288493, 5870614.431814759969711 ], [ 738659.232001097640023, 5870623.27865937538445 ], [ 738654.306614878354594, 5870631.593812983483076 ], [ 738646.950443571433425, 5870641.228261050768197 ], [ 738640.13675144687295, 5870650.058509642258286 ], [ 738633.061448088497855, 5870658.347182032652199 ], [ 738623.008284243638627, 5870668.495682599022985 ], [ 738600.977701125782914, 5870692.815999885089695 ], [ 738580.847851465339772, 5870715.536318059079349 ], [ 738573.765604612068273, 5870724.634727016091347 ], [ 738565.85950072214473, 5870735.073340851813555 ], [ 738556.814162804977968, 5870751.706232381984591 ], [ 738552.13802602677606, 5870762.178136778995395 ], [ 738547.709669283940457, 5870774.540190821513534 ], [ 738544.359618481714278, 5870786.374473810195923 ], [ 738541.555091055575758, 5870797.676952323876321 ] ], [ [ 737858.808543549734168, 5863672.695888126268983 ], [ 737858.875454170862213, 5863673.662901584059 ], [ 737858.768573202542029, 5863674.601915628649294 ], [ 737858.495213204645552, 5863675.507184925489128 ], [ 737858.06297193816863, 5863676.345316427759826 ], [ 737857.486594684887677, 5863677.093178380280733 ], [ 737856.846580268233083, 5863677.681751985102892 ], [ 737856.050705651054159, 5863678.19157661870122 ], [ 737855.111175376689062, 5863678.564566915854812 ], [ 737854.318843123153783, 5863678.730977318249643 ], [ 737853.304497437085956, 5863678.762650427408516 ], [ 737852.374707518960349, 5863678.61328871268779 ], [ 737851.364519962458871, 5863678.241886570118368 ], [ 737850.551458063186146, 5863677.745919761247933 ], [ 737849.898808595375158, 5863677.168666214682162 ], [ 737849.268733179429546, 5863676.371896716766059 ], [ 737848.861781993531622, 5863675.602183876559138 ], [ 737848.554102007998154, 5863674.631215078756213 ], [ 737848.461586129968055, 5863673.052709762006998 ], [ 737848.615629610372707, 5863672.182584729976952 ], [ 737848.939578386954963, 5863671.295304887928069 ], [ 737849.417981533915736, 5863670.482393657788634 ], [ 737850.087372078443877, 5863669.718034883961082 ], [ 737850.768985919421539, 5863669.175008457154036 ], [ 737851.663149711093865, 5863668.699677138589323 ], [ 737852.49131419241894, 5863668.434678870253265 ], [ 737853.496525829890743, 5863668.303950760513544 ], [ 737854.438894481514581, 5863668.358848359435797 ], [ 737855.353382645873353, 5863668.585181666538119 ], [ 737856.212550693424419, 5863668.971023457124829 ], [ 737856.931418749154545, 5863669.457279598340392 ], [ 737857.65521287242882, 5863670.169158183038235 ], [ 737858.158483915613033, 5863670.883113381452858 ], [ 737858.584166844375432, 5863671.805826248601079 ], [ 737858.808543549734168, 5863672.695888126268983 ], [ 737876.162785838940181, 5863668.347136212512851 ], [ 737873.878282252349891, 5863657.909313724376261 ], [ 737970.804967077914625, 5863638.162300880998373 ], [ 737989.357659339206293, 5863636.739263834431767 ], [ 738060.969561844947748, 5863622.654789180494845 ], [ 738061.710942223900929, 5863628.001931821927428 ], [ 738077.617573865689337, 5863625.452555951662362 ] ], [ [ 738061.710942223900929, 5863628.001931821927428 ], [ 738063.240552291506901, 5863636.963457541540265 ], [ 737991.899683716823347, 5863650.778644155710936 ], [ 737987.378315241425298, 5863651.588944528251886 ], [ 737962.023189842002466, 5863656.131456103175879 ], [ 737947.771093812421896, 5863657.329810546711087 ], [ 737945.103660661843605, 5863657.859525205567479 ], [ 737876.693995386827737, 5863671.416053901426494 ], [ 737876.162785838940181, 5863668.347136212512851 ] ], [ [ 738693.371393601526506, 5870416.60133817140013 ], [ 738692.509168982622214, 5870416.872101239860058 ], [ 738691.512612111517228, 5870417.075944038107991 ], [ 738690.646500783157535, 5870417.158789773471653 ], [ 738689.628860897966661, 5870417.152692144736648 ], [ 738688.764580213231966, 5870417.056417807005346 ], [ 738687.879462711163796, 5870416.868175098672509 ], [ 738686.91141561884433, 5870416.555284262634814 ], [ 738686.050096926628612, 5870416.169214109890163 ], [ 738685.295253612683155, 5870415.734721082262695 ], [ 738684.525618256884627, 5870415.18501931335777 ], [ 738683.819177213474177, 5870414.560234116390347 ], [ 738683.181692365556955, 5870413.864794029854238 ], [ 738682.615992556558922, 5870413.106010240502656 ], [ 738682.100868900306523, 5870412.228320977650583 ], [ 738681.738799762679264, 5870411.432308779098094 ], [ 738681.430001624161378, 5870410.537808638997376 ], [ 738681.207862025708891, 5870409.545164033770561 ], [ 738681.104942753445357, 5870408.677540824748576 ], [ 738681.084103793371469, 5870407.733572243712842 ], [ 738681.172881473088637, 5870406.717910801060498 ], [ 738681.353700254810974, 5870405.787668057717383 ], [ 738681.734441524022259, 5870404.614804965443909 ], [ 738682.132335118134506, 5870403.752333798445761 ], [ 738682.616820441442542, 5870402.940271344035864 ], [ 738683.177691407152452, 5870402.182881826534867 ], [ 738683.81780661502853, 5870401.484563845209777 ], [ 738684.466892403434031, 5870400.90285091008991 ], [ 738685.291759403073229, 5870400.309838372282684 ], [ 738686.046777295996435, 5870399.874855963513255 ], [ 738686.907258112565614, 5870399.49047620035708 ], [ 738687.875911628594622, 5870399.175660241395235 ], [ 738688.798329197568819, 5870398.981250592507422 ], [ 738689.735747248400003, 5870398.881661741062999 ], [ 738690.605378212872893, 5870398.8804114125669 ], [ 738691.61767880723346, 5870398.982577029615641 ], [ 738692.541914196917787, 5870399.178503377363086 ], [ 738693.929146587615833, 5870399.67047344148159 ] ], [ [ 737851.364519962458871, 5863678.241886570118368 ], [ 737842.354004071909003, 5863692.622764281928539 ], [ 737833.398014020291157, 5863701.15389798860997 ], [ 737822.83892007288523, 5863709.131374717690051 ], [ 737811.745784411556087, 5863716.563380431383848 ], [ 737733.065932804369368, 5863764.261510545387864 ], [ 737601.702203673077747, 5863840.252516460604966 ], [ 737531.940288947778754, 5863882.923944118432701 ], [ 737466.767866601119749, 5863923.483151066116989 ], [ 737448.351213085697964, 5863934.810152303427458 ], [ 737384.023953817784786, 5863974.373608303256333 ], [ 737361.583333802642301, 5863987.88518862426281 ], [ 737313.713381760055199, 5864017.844500277191401 ], [ 737279.919934071600437, 5864037.70644140150398 ], [ 737233.13977107219398, 5864066.327746625989676 ], [ 737226.356386866304092, 5864072.727394659072161 ], [ 737221.458568849484436, 5864078.605357986874878 ], [ 737218.439336904441006, 5864084.773661356419325 ], [ 737216.482329874997959, 5864092.031502533704042 ], [ 737216.384353280300274, 5864101.462734866887331 ], [ 737217.088714106590487, 5864111.445219755172729 ], [ 737219.386449058772996, 5864123.059840110130608 ], [ 737251.464249969343655, 5864190.780712622217834 ], [ 737257.421660933177918, 5864204.274738907814026 ], [ 737283.75202379852999, 5864263.897879312746227 ], [ 737295.342575468006544, 5864290.140483381226659 ], [ 737304.055493480409496, 5864309.332214375957847 ], [ 737431.411772867897525, 5864571.954328184947371 ], [ 737447.511231879587285, 5864606.144868165254593 ], [ 737467.152708917390555, 5864647.857873423025012 ], [ 737469.615298843709752, 5864654.529186446219683 ], [ 737482.009619802702218, 5864652.162281137891114 ], [ 737515.196619331021793, 5864643.69244418758899 ], [ 737583.39130202436354, 5864623.378704746253788 ], [ 737614.940212112152949, 5864612.654425251297653 ], [ 737618.448711848934181, 5864611.072479015216231 ], [ 737672.74397814553231, 5864583.603982576169074 ] ], [ [ 738890.693873786716722, 5863551.509290083311498 ], [ 738897.077595056965947, 5863570.630226275883615 ], [ 738922.853965930058621, 5863651.487060645595193 ], [ 738945.470789391780272, 5863725.840401812456548 ], [ 738941.953217749483883, 5863728.228864920325577 ], [ 738863.571341784670949, 5863774.055642874911427 ], [ 738794.670695755747147, 5863811.892150847241282 ], [ 738735.492700007394888, 5863844.97617971803993 ], [ 738647.963139955652878, 5863895.798358461819589 ], [ 738578.459479891462252, 5863935.811958698555827 ], [ 738527.621188882389106, 5863967.362591413781047 ] ], [ [ 738890.693873786716722, 5863551.509290083311498 ], [ 738875.211183352395892, 5863554.773199163377285 ], [ 738823.024634239845909, 5863560.975327028892934 ], [ 738799.630752752535045, 5863562.891758606769145 ], [ 738701.486067160498351, 5863570.508416722528636 ], [ 738592.038607147755101, 5863580.164329818449914 ], [ 738591.042536536930129, 5863580.254487939178944 ], [ 738468.601687606424093, 5863591.288555951789021 ], [ 738379.051289117778651, 5863600.623050426132977 ], [ 738365.051987361395732, 5863602.082274276763201 ], [ 738291.368606160627678, 5863608.596318089403212 ], [ 738218.220367826637812, 5863615.537311001680791 ], [ 738183.793089290731587, 5863618.804943647235632 ], [ 738128.685703591327183, 5863621.737636427395046 ], [ 738089.668778716702946, 5863624.12933452706784 ], [ 738089.558902316959575, 5863625.079957162961364 ], [ 738089.307295392034575, 5863625.988364176824689 ], [ 738088.953825268778019, 5863626.786569678224623 ], [ 738088.403952672728337, 5863627.639497915282845 ], [ 738087.772928168065846, 5863628.34314614161849 ], [ 738087.044347022660077, 5863628.941003179177642 ], [ 738086.298466279869899, 5863629.387330712750554 ], [ 738085.425824136007577, 5863629.746483357623219 ], [ 738084.451543381437659, 5863629.973607167601585 ], [ 738083.583346130559221, 5863630.041747284121811 ], [ 738082.574496370507404, 5863629.96290160343051 ], [ 738081.657060434226878, 5863629.74092854373157 ], [ 738080.786012726020999, 5863629.381183032877743 ], [ 738080.039156635175459, 5863628.935406029224396 ], [ 738079.258134194067679, 5863628.285534326918423 ], [ 738078.637311547528952, 5863627.57474406901747 ], [ 738078.167596314684488, 5863626.840778708457947 ], [ 738077.617573865689337, 5863625.452555951662362 ], [ 738077.45553295512218, 5863624.564605548977852 ], [ 738077.429751809453592, 5863623.545634856447577 ], [ 738077.540196571266279, 5863622.680880561470985 ], [ 738077.796171115129255, 5863621.771064151078463 ], [ 738078.224875649320893, 5863620.851394273340702 ], [ 738078.750851936172694, 5863620.065163224004209 ], [ 738079.339153067790903, 5863619.425106649287045 ], [ 738080.133410993148573, 5863618.78863819129765 ], [ 738080.952011092798784, 5863618.324146011844277 ], [ 738081.834536311449483, 5863617.991291857324541 ], [ 738082.685058650095016, 5863617.808001083321869 ], [ 738083.622804112266749, 5863617.747857805341482 ], [ 738084.560502825188451, 5863617.833242940716445 ], [ 738085.545826891670004, 5863618.083568903617561 ], [ 738086.344513066462241, 5863618.426555998623371 ], [ 738087.107114540296607, 5863618.892869032919407 ], [ 738087.811873747734353, 5863619.482282754033804 ], [ 738088.479994344525039, 5863620.248862493783236 ], [ 738088.943863147171214, 5863620.987132070586085 ], [ 738089.326636667479761, 5863621.852627547457814 ], [ 738089.582003484363668, 5863622.834682405926287 ], [ 738089.668778716702946, 5863624.12933452706784 ] ], [ [ 738309.797482956317253, 5864012.016953939571977 ], [ 738329.204467033501714, 5864006.01758308056742 ], [ 738351.787803742685355, 5863999.521219523623586 ], [ 738354.534868692513555, 5863998.731672850437462 ], [ 738364.255802493193187, 5863996.221125524491072 ], [ 738387.671499310177751, 5863990.178606355562806 ], [ 738402.865629716194235, 5863987.702671546489 ], [ 738437.71797054912895, 5863982.019614098593593 ], [ 738527.621188882389106, 5863967.362591413781047 ] ] ] } },
{ "type": "Feature", "properties": { "CADRE_NO": "10.021", "DDT_URL": null, "ETC_NOM": "Transports publics de la région lausannoise", "ETC_SIGLE": "TL", "ETC_URL": "https://www.t-l.ch", "GO_CENTRE": 0, "HORAIR_URL": "https://www.tableaux-horaires.ch/fileadmin/fap_pdf_fields/2025/10.021.pdf", "LIGNE_NO": "21", "LIGNE_NOM": "Paudex Verrières - Pully port - Lausanne gare - Beaulieu - Blécherette", "LIGNE_SIGL": null, "LIGNE_TYPE": "Trolleybus", "PLAN_URL": "https://prestations.vd.ch/pub/101587/api/download/2_Cartographie_et_geodonnees/2.1_Carte_des_reseaux/Carte_des_lignes_TP/topo/ligne_10.021.pdf", "SHAPE_LEN": 8859.012 }, "geometry": { "type": "MultiLineString", "coordinates": [ [ [ 737572.453752323752269, 5864875.308430971577764 ], [ 737564.024168914882466, 5864859.048611762933433 ], [ 737523.380856900475919, 5864787.457579313777387 ], [ 737513.107649326208048, 5864767.672406830824912 ], [ 737509.467880872427486, 5864760.065979438833892 ], [ 737504.165195820154622, 5864748.981099635362625 ], [ 737492.411471607396379, 5864716.239943633787334 ], [ 737479.09638788877055, 5864678.630090164020658 ] ], [ [ 737008.04378184734378, 5867647.782860989682376 ], [ 737046.245168095338158, 5867670.562635120935738 ], [ 737061.104954615584575, 5867677.157989383675158 ], [ 737078.738559384015389, 5867684.980625191703439 ], [ 737084.503839249839075, 5867689.25018155016005 ], [ 737087.687231352319941, 5867693.655773034319282 ], [ 737088.938804084667936, 5867697.233079544268548 ], [ 737089.059003614936955, 5867701.443535504862666 ], [ 737087.081269830348901, 5867705.307348266243935 ], [ 737082.366058674524538, 5867708.497506924904883 ], [ 737074.682472496991977, 5867710.608285467140377 ], [ 737058.458108687540516, 5867710.870804695412517 ], [ 737036.976586792967282, 5867682.867433690465987 ], [ 737018.396477176691405, 5867660.294650174677372 ], [ 737008.04378184734378, 5867647.782860989682376 ], [ 736980.9610940272687, 5867615.677672881633043 ] ], [ [ 738627.477551716845483, 5862391.246034557931125 ], [ 738627.97339648543857, 5862404.739799967966974 ], [ 738630.419673441909254, 5862423.807744655758142 ], [ 738633.849970398820005, 5862443.384954996407032 ], [ 738638.90198189986404, 5862465.791602693498135 ], [ 738645.427259221789427, 5862489.659837150946259 ], [ 738651.722414405434392, 5862507.382305078208447 ], [ 738659.029476228519343, 5862524.591376475989819 ], [ 738667.138706935336813, 5862538.534728236496449 ], [ 738676.977284952648915, 5862552.30235427711159 ], [ 738690.63233602012042, 5862568.03581827878952 ], [ 738701.649133138475008, 5862578.930082133971155 ], [ 738715.558144547627307, 5862588.697265643626451 ], [ 738722.572939138975926, 5862592.933944640681148 ], [ 738733.634523373562843, 5862599.592801201157272 ], [ 738743.56617797492072, 5862604.122831716202199 ], [ 738753.890073285321705, 5862607.88421483989805 ], [ 738774.352779755601659, 5862614.642562436871231 ], [ 738809.847520027542487, 5862626.038524301722646 ], [ 738816.941919356933795, 5862626.888430287130177 ], [ 738841.95746395480819, 5862638.419527908787131 ] ], [ [ 738631.576903712470084, 5862384.686502404510975 ], [ 738650.009815290686674, 5862372.435228444635868 ], [ 738677.413132640067488, 5862355.132505545392632 ], [ 738698.605876475339755, 5862343.188936064019799 ], [ 738784.655240207794122, 5862298.429255595430732 ], [ 738815.208288907422684, 5862282.843579941429198 ], [ 738834.718861062079668, 5862271.257909690029919 ], [ 738847.487928734975867, 5862262.783767151646316 ], [ 738860.554094725172035, 5862254.046387672424316 ], [ 738882.354826146620326, 5862237.619891026057303 ], [ 738934.757946152705699, 5862196.157344616949558 ], [ 738976.04212847375311, 5862161.057106516323984 ], [ 739001.239000948495232, 5862141.382727712392807 ], [ 739015.203110516420566, 5862133.59585643094033 ], [ 739035.372866961057298, 5862125.016989707015455 ], [ 739043.342942892457359, 5862122.303511548787355 ], [ 739059.812899181735702, 5862116.69280756264925 ], [ 739083.183289619279094, 5862108.574412451125681 ], [ 739098.416201313957572, 5862102.08813925459981 ], [ 739111.955251798499376, 5862094.2953418828547 ], [ 739125.825272541842423, 5862083.192803496494889 ], [ 739129.403531460557133, 5862080.329544167034328 ], [ 739145.383455943665467, 5862063.559412543661892 ], [ 739202.112274989602156, 5861999.829045355319977 ], [ 739216.952577339019626, 5861984.563412705436349 ], [ 739227.604207450873218, 5861974.8567711180076 ], [ 739249.065610844525509, 5861958.715968850068748 ], [ 739272.796208261395805, 5861946.059804755263031 ], [ 739293.234391414793208, 5861936.259609133005142 ], [ 739318.838133750949055, 5861927.66595758125186 ], [ 739352.908467312459834, 5861916.849586015567183 ], [ 739380.411135982256383, 5861910.780679689720273 ], [ 739400.976655643316917, 5861907.140606757253408 ], [ 739424.21917947451584, 5861904.681614570319653 ], [ 739446.923228549887426, 5861903.404353048652411 ], [ 739450.529311432386748, 5861903.359648909419775 ], [ 739465.667241321876645, 5861903.179363545961678 ], [ 739633.318034913623706, 5861898.527361761778593 ], [ 739729.600506758200936, 5861895.851740960031748 ], [ 739755.338837742805481, 5861895.13123367074877 ], [ 739862.448651707614772, 5861892.127676577307284 ], [ 739875.620273630716838, 5861891.76084840670228 ], [ 739944.80459013604559, 5861890.162386822514236 ], [ 740134.959005250944756, 5861885.771112983115017 ], [ 740210.548582676798105, 5861883.685365713201463 ], [ 740254.565023813047446, 5861882.46723018027842 ], [ 740264.896357896737754, 5861882.431949662975967 ], [ 740322.040996613563038, 5861880.83250270690769 ], [ 740358.67306510405615, 5861879.809900715947151 ], [ 740520.583772320300341, 5861875.725991395302117 ], [ 740572.532203796436079, 5861874.93972591497004 ], [ 740643.310704851290211, 5861873.866836533881724 ], [ 740691.718676363350824, 5861874.830975336022675 ], [ 740711.376068297075108, 5861875.645536471158266 ], [ 740765.622904861927964, 5861881.000946124084294 ], [ 740812.676621843595058, 5861886.727567738853395 ], [ 740829.438510689884424, 5861888.765541661530733 ], [ 740922.051715709269047, 5861900.421116374433041 ], [ 740964.60604251397308, 5861905.327740084379911 ], [ 741024.931754957768135, 5861912.281874010339379 ], [ 741072.043642220203765, 5861918.60860922280699 ], [ 741111.558639522409067, 5861923.757633954286575 ], [ 741114.725052885478362, 5861924.170531660318375 ], [ 741199.877374720177613, 5861933.577655046246946 ], [ 741257.482633512234315, 5861939.938455066643655 ], [ 741285.299102801131085, 5861941.723697035573423 ], [ 741309.872504441998899, 5861941.465650003403425 ], [ 741331.94987215148285, 5861940.177208693698049 ], [ 741363.09484862734098, 5861934.953191753476858 ], [ 741448.736983922193758, 5861920.71601820550859 ], [ 741484.887789080734365, 5861916.296623713336885 ], [ 741509.214150813408196, 5861915.785293058492243 ], [ 741522.749568229191937, 5861916.170376065187156 ] ], [ [ 738816.941919356933795, 5862626.888430287130177 ], [ 738809.847520027542487, 5862626.038524301722646 ] ], [ [ 737858.808543549734168, 5863672.695888126268983 ], [ 737858.875454170862213, 5863673.662901584059 ], [ 737858.768573202542029, 5863674.601915628649294 ], [ 737858.495213204645552, 5863675.507184925489128 ], [ 737858.06297193816863, 5863676.345316427759826 ], [ 737857.486594684887677, 5863677.093178380280733 ], [ 737856.846580268233083, 5863677.681751985102892 ], [ 737856.050705651054159, 5863678.19157661870122 ], [ 737855.111175376689062, 5863678.564566915854812 ], [ 737854.318843123153783, 5863678.730977318249643 ], [ 737853.304497437085956, 5863678.762650427408516 ], [ 737852.374707518960349, 5863678.61328871268779 ], [ 737851.364519962458871, 5863678.241886570118368 ], [ 737850.551458063186146, 5863677.745919761247933 ], [ 737849.898808595375158, 5863677.168666214682162 ], [ 737849.268733179429546, 5863676.371896716766059 ], [ 737848.861781993531622, 5863675.602183876559138 ], [ 737848.554102007998154, 5863674.631215078756213 ], [ 737848.461586129968055, 5863673.052709762006998 ], [ 737848.615629610372707, 5863672.182584729976952 ], [ 737848.939578386954963, 5863671.295304887928069 ], [ 737849.417981533915736, 5863670.482393657788634 ], [ 737850.087372078443877, 5863669.718034883961082 ], [ 737850.768985919421539, 5863669.175008457154036 ], [ 737851.663149711093865, 5863668.699677138589323 ], [ 737852.49131419241894, 5863668.434678870253265 ], [ 737853.496525829890743, 5863668.303950760513544 ], [ 737854.438894481514581, 5863668.358848359435797 ], [ 737855.353382645873353, 5863668.585181666538119 ], [ 737856.212550693424419, 5863668.971023457124829 ], [ 737856.931418749154545, 5863669.457279598340392 ], [ 737857.65521287242882, 5863670.169158183038235 ], [ 737858.158483915613033, 5863670.883113381452858 ], [ 737858.584166844375432, 5863671.805826248601079 ], [ 737858.808543549734168, 5863672.695888126268983 ], [ 737876.162785838940181, 5863668.347136212512851 ], [ 737873.878282252349891, 5863657.909313724376261 ], [ 737970.804967077914625, 5863638.162300880998373 ], [ 737989.357659339206293, 5863636.739263834431767 ], [ 738060.969561844947748, 5863622.654789180494845 ], [ 738061.710942223900929, 5863628.001931821927428 ], [ 738077.617573865689337, 5863625.452555951662362 ] ], [ [ 738061.710942223900929, 5863628.001931821927428 ], [ 738063.240552291506901, 5863636.963457541540265 ], [ 737991.899683716823347, 5863650.778644155710936 ], [ 737987.378315241425298, 5863651.588944528251886 ], [ 737962.023189842002466, 5863656.131456103175879 ], [ 737947.771093812421896, 5863657.329810546711087 ], [ 737945.103660661843605, 5863657.859525205567479 ], [ 737876.693995386827737, 5863671.416053901426494 ], [ 737876.162785838940181, 5863668.347136212512851 ] ], [ [ 737851.364519962458871, 5863678.241886570118368 ], [ 737842.354004071909003, 5863692.622764281928539 ], [ 737833.398014020291157, 5863701.15389798860997 ], [ 737822.83892007288523, 5863709.131374717690051 ], [ 737811.745784411556087, 5863716.563380431383848 ], [ 737733.065932804369368, 5863764.261510545387864 ], [ 737601.702203673077747, 5863840.252516460604966 ], [ 737531.940288947778754, 5863882.923944118432701 ], [ 737466.767866601119749, 5863923.483151066116989 ], [ 737448.351213085697964, 5863934.810152303427458 ], [ 737384.023953817784786, 5863974.373608303256333 ], [ 737361.583333802642301, 5863987.88518862426281 ], [ 737313.713381760055199, 5864017.844500277191401 ], [ 737279.919934071600437, 5864037.70644140150398 ], [ 737233.13977107219398, 5864066.327746625989676 ], [ 737226.356386866304092, 5864072.727394659072161 ], [ 737221.458568849484436, 5864078.605357986874878 ], [ 737218.439336904441006, 5864084.773661356419325 ], [ 737216.482329874997959, 5864092.031502533704042 ], [ 737216.384353280300274, 5864101.462734866887331 ], [ 737217.088714106590487, 5864111.445219755172729 ], [ 737219.386449058772996, 5864123.059840110130608 ], [ 737251.464249969343655, 5864190.780712622217834 ], [ 737257.421660933177918, 5864204.274738907814026 ], [ 737283.75202379852999, 5864263.897879312746227 ], [ 737295.342575468006544, 5864290.140483381226659 ], [ 737304.055493480409496, 5864309.332214375957847 ], [ 737431.411772867897525, 5864571.954328184947371 ], [ 737447.511231879587285, 5864606.144868165254593 ], [ 737467.152708917390555, 5864647.857873423025012 ], [ 737469.615298843709752, 5864654.529186446219683 ], [ 737470.463455594610423, 5864656.826016101054847 ], [ 737470.717461472726427, 5864657.515642676502466 ], [ 737472.723809683113359, 5864662.572462563402951 ], [ 737479.09638788877055, 5864678.630090164020658 ] ], [ [ 738846.267356717842631, 5862656.383803711272776 ], [ 738846.408651240053587, 5862699.119612080976367 ], [ 738844.675786837819032, 5862756.082255547866225 ], [ 738842.670975589193404, 5862783.398091819137335 ], [ 738839.999605852062814, 5862800.69424965325743 ], [ 738836.221265922533348, 5862813.746024149470031 ], [ 738830.106835660059005, 5862829.854396495968103 ], [ 738821.280231176759116, 5862848.629898329265416 ], [ 738812.094255117815919, 5862865.092394127510488 ], [ 738801.772891919594258, 5862879.808688866905868 ], [ 738795.472967034787871, 5862886.65310415904969 ], [ 738790.713213730370626, 5862891.820982608944178 ], [ 738777.425491869915277, 5862902.126752479933202 ], [ 738776.002131824847311, 5862903.158394319005311 ], [ 738736.930028060101904, 5862931.449917895719409 ], [ 738710.665556706022471, 5862952.547697898931801 ], [ 738703.021549650002271, 5862961.310761927627027 ], [ 738698.618900152738206, 5862969.565837022848427 ], [ 738696.590393224032596, 5862974.59591209422797 ], [ 738695.795396863017231, 5862981.985887505114079 ], [ 738696.25197340908926, 5862990.110513222403824 ], [ 738698.985988858854398, 5863002.771103803999722 ], [ 738704.901227195281535, 5863018.967069023288786 ], [ 738722.373104548896663, 5863065.974867777898908 ], [ 738740.758775690104812, 5863115.706232463940978 ], [ 738772.116384624852799, 5863201.889000346884131 ], [ 738793.132321012322791, 5863261.875394245609641 ], [ 738793.660939459456131, 5863263.379712071269751 ], [ 738862.093731860048138, 5863445.764038888737559 ], [ 738890.296481590834446, 5863524.472016264684498 ], [ 738892.824923254316673, 5863532.157070027664304 ], [ 738898.099860441172495, 5863549.617755575105548 ], [ 738890.693873786716722, 5863551.509290083311498 ], [ 738875.211183352395892, 5863554.773199163377285 ], [ 738823.024634239845909, 5863560.975327028892934 ], [ 738799.630752752535045, 5863562.891758606769145 ], [ 738701.486067160498351, 5863570.508416722528636 ], [ 738592.038607147755101, 5863580.164329818449914 ], [ 738591.042536536930129, 5863580.254487939178944 ], [ 738468.601687606424093, 5863591.288555951789021 ], [ 738379.051289117778651, 5863600.623050426132977 ], [ 738365.051987361395732, 5863602.082274276763201 ], [ 738291.368606160627678, 5863608.596318089403212 ], [ 738218.220367826637812, 5863615.537311001680791 ], [ 738183.793089290731587, 5863618.804943647235632 ], [ 738128.685703591327183, 5863621.737636427395046 ], [ 738089.668778716702946, 5863624.12933452706784 ], [ 738089.558902316959575, 5863625.079957162961364 ], [ 738089.307295392034575, 5863625.988364176824689 ], [ 738088.953825268778019, 5863626.786569678224623 ], [ 738088.403952672728337, 5863627.639497915282845 ], [ 738087.772928168065846, 5863628.34314614161849 ], [ 738087.044347022660077, 5863628.941003179177642 ], [ 738086.298466279869899, 5863629.387330712750554 ], [ 738085.425824136007577, 5863629.746483357623219 ], [ 738084.451543381437659, 5863629.973607167601585 ], [ 738083.583346130559221, 5863630.041747284121811 ], [ 738082.574496370507404, 5863629.96290160343051 ], [ 738081.657060434226878, 5863629.74092854373157 ], [ 738080.786012726020999, 5863629.381183032877743 ], [ 738080.039156635175459, 5863628.935406029224396 ], [ 738079.258134194067679, 5863628.285534326918423 ], [ 738078.637311547528952, 5863627.57474406901747 ], [ 738078.167596314684488, 5863626.840778708457947 ], [ 738077.617573865689337, 5863625.452555951662362 ], [ 738077.45553295512218, 5863624.564605548977852 ], [ 738077.429751809453592, 5863623.545634856447577 ], [ 738077.540196571266279, 5863622.680880561470985 ], [ 738077.796171115129255, 5863621.771064151078463 ], [ 738078.224875649320893, 5863620.851394273340702 ], [ 738078.750851936172694, 5863620.065163224004209 ], [ 738079.339153067790903, 5863619.425106649287045 ], [ 738080.133410993148573, 5863618.78863819129765 ], [ 738080.952011092798784, 5863618.324146011844277 ], [ 738081.834536311449483, 5863617.991291857324541 ], [ 738082.685058650095016, 5863617.808001083321869 ], [ 738083.622804112266749, 5863617.747857805341482 ], [ 738084.560502825188451, 5863617.833242940716445 ], [ 738085.545826891670004, 5863618.083568903617561 ], [ 738086.344513066462241, 5863618.426555998623371 ], [ 738087.107114540296607, 5863618.892869032919407 ], [ 738087.811873747734353, 5863619.482282754033804 ], [ 738088.479994344525039, 5863620.248862493783236 ], [ 738088.943863147171214, 5863620.987132070586085 ], [ 738089.326636667479761, 5863621.852627547457814 ], [ 738089.582003484363668, 5863622.834682405926287 ], [ 738089.668778716702946, 5863624.12933452706784 ] ], [ [ 737572.453752323752269, 5864875.308430971577764 ], [ 737601.377634678618051, 5864936.803333821706474 ], [ 737620.057335013989359, 5864975.27774262893945 ], [ 737643.75461676355917, 5865022.429914413951337 ], [ 737660.312547140405513, 5865058.186888466589153 ], [ 737693.424836496589705, 5865128.120419255457819 ], [ 737733.685671292245388, 5865213.149994037114084 ], [ 737720.354196239379235, 5865219.506081747822464 ], [ 737711.001887218211778, 5865223.964729662053287 ], [ 737678.8861134898616, 5865237.112097623758018 ], [ 737645.159912531264126, 5865250.239699171856046 ], [ 737623.547962333075702, 5865253.918600099161267 ], [ 737592.937401861185208, 5865259.1310815513134 ], [ 737587.264891381841153, 5865260.612004248425364 ], [ 737558.176338332588784, 5865268.205505594611168 ], [ 737541.444510088535026, 5865275.039757897146046 ], [ 737515.50875281507615, 5865288.518806346692145 ], [ 737460.641115055070259, 5865318.94760168902576 ], [ 737421.17569434910547, 5865341.181831180118024 ], [ 737379.012019320973195, 5865364.466365178115666 ], [ 737339.643809823552147, 5865386.381130190566182 ], [ 737323.873675278504379, 5865395.162483849562705 ], [ 737313.320501821115613, 5865402.328746976330876 ], [ 737257.098118724883534, 5865433.554737693630159 ], [ 737220.065644410206005, 5865454.462987381033599 ], [ 737193.013128194841556, 5865471.705504152923822 ], [ 737167.580786413280293, 5865488.154150186106563 ], [ 737143.49605571734719, 5865504.347567549906671 ], [ 737130.687121085938998, 5865513.810331618413329 ], [ 737118.3080752043752, 5865522.952986378222704 ], [ 737096.768995082005858, 5865539.625677606090903 ], [ 737095.281381293782033, 5865540.776047127321362 ], [ 737053.267932717455551, 5865575.381433113478124 ], [ 737009.094093700288795, 5865610.777809840627015 ], [ 736971.687960275448859, 5865641.658377687446773 ], [ 736954.345121043385006, 5865655.495701651088893 ], [ 736925.346593399066478, 5865678.914012392982841 ], [ 736893.631354651181027, 5865705.002537203021348 ], [ 736876.752005679765716, 5865725.85357659868896 ], [ 736831.486203724169172, 5865762.853979867883027 ], [ 736813.885351938195527, 5865777.733665983192623 ], [ 736810.068874187883921, 5865780.960064471699297 ], [ 736792.182971756206825, 5865795.06088206730783 ], [ 736732.250101366778836, 5865847.003639125265181 ], [ 736716.771281751105562, 5865862.208355869166553 ], [ 736707.774088216014206, 5865874.783870092593133 ], [ 736699.558031480177306, 5865889.255607031285763 ], [ 736697.012552373227663, 5865895.122842622920871 ], [ 736693.499202266335487, 5865903.214357275515795 ], [ 736690.433922860305756, 5865913.694979433901608 ], [ 736685.354413355118595, 5865936.828988781198859 ], [ 736685.775760739808902, 5865947.886370269581676 ], [ 736687.005270874244161, 5865958.950808401219547 ], [ 736690.605502204620279, 5865974.627041297964752 ], [ 736695.02645378827583, 5865988.693209483288229 ], [ 736702.609366270480677, 5866008.723111106082797 ], [ 736711.285775972646661, 5866027.147275147028267 ], [ 736713.429974601138383, 5866030.942966911941767 ], [ 736725.535842999466695, 5866052.371375531889498 ], [ 736741.14779919560533, 5866075.721795936115086 ], [ 736751.752584640868008, 5866089.583777696825564 ], [ 736763.671462748548947, 5866106.423386660404503 ], [ 736779.334257511771284, 5866124.922543218359351 ], [ 736793.707022780319676, 5866138.28552015312016 ], [ 736812.355080767185427, 5866154.117149225436151 ], [ 736832.353710515308194, 5866169.157936246134341 ], [ 736872.636616111150943, 5866197.888626839034259 ], [ 736891.818951555062085, 5866213.9980165399611 ] ] ] } },
{ "type": "Feature", "properties": { "CADRE_NO": "10.047", "DDT_URL": null, "ETC_NOM": "Transports publics de la région lausannoise", "ETC_SIGLE": "TL", "ETC_URL": "https://www.t-l.ch", "GO_CENTRE": 0, "HORAIR_URL": "https://www.tableaux-horaires.ch/fileadmin/fap_pdf_fields/2025/10.047.pdf", "LIGNE_NO": "47", "LIGNE_NOM": "Pully - Belmont-sur-Lausanne - Grandvaux", "LIGNE_SIGL": null, "LIGNE_TYPE": "Bus urbain", "PLAN_URL": "https://prestations.vd.ch/pub/101587/api/download/2_Cartographie_et_geodonnees/2.1_Carte_des_reseaux/Carte_des_lignes_TP/topo/ligne_10.047.pdf", "SHAPE_LEN": 10119.536 }, "geometry": { "type": "MultiLineString", "coordinates": [ [ [ 742193.608367663342506, 5864375.41663643438369 ], [ 742194.617693918989971, 5864379.152456942014396 ], [ 742201.565166186890565, 5864410.655087977647781 ], [ 742203.889522106968798, 5864422.455274134874344 ] ], [ [ 743273.355953381047584, 5864759.620083470828831 ], [ 743283.251387111842632, 5864777.953699767589569 ], [ 743295.840902703232132, 5864797.054463889449835 ], [ 743305.791356938425452, 5864809.721035023219883 ], [ 743321.5883211013861, 5864827.374348920769989 ], [ 743342.045677777961828, 5864846.057019649073482 ], [ 743371.334778979420662, 5864866.058569653891027 ], [ 743401.857143115834333, 5864882.923856636509299 ], [ 743454.009083433542401, 5864918.084236635826528 ], [ 743522.407560548279434, 5864971.030130073428154 ], [ 743536.00732009508647, 5864985.966392563655972 ], [ 743542.786674506845884, 5864996.385368468239903 ], [ 743547.313202903722413, 5865010.968486257828772 ], [ 743548.197665040963329, 5865021.085618458688259 ], [ 743545.609106437070295, 5865034.614182384684682 ], [ 743540.108840746688657, 5865044.666322614997625 ], [ 743533.160298620234244, 5865051.745313215069473 ], [ 743525.252451152424328, 5865056.599670968949795 ], [ 743510.2266101493733, 5865060.39500589761883 ], [ 743486.393192985327914, 5865060.657916501164436 ], [ 743471.156041191658005, 5865061.24753038212657 ], [ 743460.596459600958042, 5865063.196999189443886 ], [ 743454.666243389830925, 5865064.29056997038424 ], [ 743438.158292639651336, 5865069.058194479905069 ], [ 743425.865197951439768, 5865069.925297617912292 ], [ 743414.377769711427391, 5865068.35059121157974 ], [ 743413.267858035280369, 5865068.198592384345829 ], [ 743408.445691493689083, 5865067.537381066940725 ], [ 743400.890527278999798, 5865063.979251531884074 ], [ 743388.146008972427808, 5865057.974761235527694 ], [ 743373.24709287181031, 5865048.958168294280767 ], [ 743360.533874619752169, 5865042.422688974067569 ], [ 743346.790704351034947, 5865040.812807423062623 ], [ 743312.613362515694462, 5865043.681639831513166 ], [ 743293.151198371429928, 5865048.915038059465587 ], [ 743276.907055624411441, 5865052.206116107292473 ], [ 743258.226306636701338, 5865053.010645957663655 ], [ 743233.936051948112436, 5865049.814461240544915 ], [ 743210.139477506396361, 5865046.132521630264819 ], [ 743193.061226928955875, 5865044.322441101074219 ], [ 743192.223484097979963, 5865044.232749123126268 ], [ 743174.022595805115998, 5865046.273152194917202 ], [ 743160.213951047742739, 5865051.558577899821103 ], [ 743151.802970072021708, 5865057.104875323362648 ], [ 743150.420118789887056, 5865058.017071354202926 ], [ 743142.902795814326964, 5865062.973879041150212 ], [ 743127.759018437587656, 5865079.340202798135579 ], [ 743119.020070729311556, 5865093.550928955897689 ], [ 743113.447466089157388, 5865110.994788861833513 ], [ 743109.787428700132295, 5865133.634705540724099 ], [ 743104.945511858561076, 5865151.580665863119066 ], [ 743099.413029780029319, 5865164.59000226855278 ], [ 743092.929514299845323, 5865174.383501866832376 ], [ 743084.72439892264083, 5865184.409067375585437 ], [ 743074.82979381934274, 5865191.213008378632367 ], [ 743061.245902816182934, 5865198.721723081544042 ], [ 743002.155690108775161, 5865223.809062255546451 ], [ 742993.154724979423918, 5865227.631995155476034 ], [ 742979.848972266772762, 5865231.444789408706129 ], [ 742970.500269922777079, 5865232.830619771964848 ], [ 742955.281949707539752, 5865231.450172351673245 ], [ 742937.141536178183742, 5865227.083397134207189 ], [ 742935.027012745384127, 5865226.393128380179405 ], [ 742910.691270488547161, 5865218.443176559172571 ], [ 742895.012371027725749, 5865213.854455609805882 ], [ 742884.708854371099733, 5865212.273163287900388 ], [ 742874.148136223317124, 5865211.92363949585706 ], [ 742853.736799418111332, 5865213.694300031289458 ], [ 742826.210761688183993, 5865214.658614243380725 ], [ 742819.185220789513551, 5865214.976865612901747 ], [ 742805.543413066188805, 5865215.601356357336044 ], [ 742784.307746241451241, 5865216.200784884393215 ], [ 742756.72842803504318, 5865214.742328126914799 ], [ 742745.416448186384514, 5865213.319812538102269 ], [ 742722.079299268778414, 5865207.137446106411517 ], [ 742702.174871482071467, 5865198.000515274703503 ], [ 742684.480111730634235, 5865187.092034032568336 ], [ 742669.58620340609923, 5865175.23584577254951 ], [ 742654.540391348768026, 5865158.585070620290935 ], [ 742643.654905241448432, 5865144.999801877886057 ], [ 742634.128686021780595, 5865129.807897456921637 ], [ 742624.127719328505918, 5865108.413697628304362 ], [ 742617.841214004321955, 5865091.907332707196474 ], [ 742614.212289798771963, 5865078.122759260237217 ], [ 742610.148119591642171, 5865054.092883666977286 ], [ 742608.673329457873479, 5865040.058825997635722 ], [ 742607.101373315323144, 5865008.502363599836826 ], [ 742603.554441077401862, 5864958.869589836336672 ], [ 742595.826469264226034, 5864897.329319869168103 ], [ 742591.975508773582987, 5864878.960970567539334 ], [ 742588.575577224371955, 5864869.222318512387574 ], [ 742583.023296679486521, 5864860.003942578099668 ], [ 742576.385545900440775, 5864851.849041750654578 ], [ 742535.348271581227891, 5864816.670780596323311 ], [ 742523.071390225901268, 5864808.194015149958432 ], [ 742514.016543160309084, 5864799.750420360825956 ], [ 742508.719609175459482, 5864791.879442696459591 ], [ 742506.921240078983828, 5864783.505848697386682 ], [ 742504.913704241625965, 5864768.929887058213353 ], [ 742505.553345369640738, 5864758.420402186922729 ], [ 742507.264093455974944, 5864748.464366793632507 ], [ 742512.496870996430516, 5864735.307517560198903 ], [ 742520.147013505105861, 5864722.714462356641889 ], [ 742525.373052466195077, 5864710.094643609598279 ], [ 742531.684812607360072, 5864696.680658002384007 ], [ 742534.211228401982225, 5864685.651310846209526 ], [ 742535.669112931936979, 5864673.805135709233582 ], [ 742535.782475392217748, 5864662.215000819414854 ], [ 742533.217084642034024, 5864649.789280777797103 ], [ 742529.0255999523215, 5864638.967486882582307 ], [ 742523.224814028828405, 5864627.588433769531548 ], [ 742516.593746258877218, 5864618.625992354936898 ], [ 742507.266908380785026, 5864610.718407433480024 ], [ 742497.653256420511752, 5864604.694252128712833 ], [ 742485.096357862115838, 5864597.290449409745634 ], [ 742461.562875012401491, 5864586.007448117248714 ], [ 742438.287030995241366, 5864575.533250118605793 ], [ 742402.172852927702479, 5864559.004439087584615 ], [ 742398.326480584335513, 5864556.959468655288219 ], [ 742299.269874805817381, 5864504.272183279506862 ], [ 742273.597023280453868, 5864490.615700203925371 ], [ 742247.148789845057763, 5864475.26030014641583 ], [ 742230.102314291987568, 5864463.250595599412918 ], [ 742218.874128388240933, 5864454.28633857704699 ], [ 742213.054952570702881, 5864447.64161033090204 ], [ 742208.200770333991386, 5864439.350151780992746 ] ], [ [ 741592.84118398220744, 5864352.263927893713117 ], [ 741468.552841652533971, 5864001.332137857563794 ], [ 741461.241762691643089, 5863980.61741413269192 ], [ 741461.241762695368379, 5863955.028637777082622 ], [ 741500.234183834400028, 5863942.843506160192192 ], [ 741863.351105684530921, 5863946.499045534059405 ], [ 741896.250961018027738, 5863955.028637641109526 ], [ 741953.52107956551481, 5863952.59161130245775 ], [ 742170.830637119826861, 5863934.305555290542543 ], [ 742170.833351728622802, 5863930.632316555827856 ] ], [ [ 742170.833351728622802, 5863930.632316555827856 ], [ 742170.836421102052554, 5863928.39986373949796 ], [ 742173.496802467037924, 5863876.137609969824553 ], [ 742177.002467256388627, 5863820.375252342782915 ], [ 742177.634934879024513, 5863804.722312585450709 ], [ 742178.420003292383626, 5863785.348223440349102 ] ], [ [ 742177.118244553916156, 5863781.999768836423755 ], [ 742125.33143523032777, 5863772.860920153558254 ], [ 742038.817000829265453, 5863777.125716243870556 ], [ 741986.420934925088659, 5863773.470176769420505 ], [ 741938.289665085379966, 5863755.80173597112298 ], [ 741783.843121995101683, 5863667.154903628863394 ], [ 741644.32336511509493, 5863626.334712802432477 ], [ 741560.70289947418496, 5863607.904701289720833 ], [ 741512.723943777615204, 5863601.050564777106047 ], [ 741512.723943780059926, 5863582.620553231798112 ], [ 741517.597996424068697, 5863573.786332815885544 ], [ 741533.438667512265965, 5863561.905829509720206 ], [ 741574.258858395274729, 5863539.363336038775742 ], [ 741615.688305858056992, 5863512.556046498939395 ], [ 741826.49108264350798, 5863461.987750293686986 ], [ 741902.648155180271715, 5863455.895184473134577 ], [ 741992.818129065795802, 5863427.86938177421689 ], [ 741950.856419408577494, 5863364.885895865038037 ], [ 741938.849987169611268, 5863347.919579025357962 ], [ 741925.798220959259197, 5863330.312797690741718 ], [ 741917.08538270171266, 5863319.908800863660872 ], [ 741906.48677192023024, 5863309.064091203734279 ], [ 741888.588690631440841, 5863293.516446685418487 ], [ 741879.005627238890156, 5863286.050661240704358 ], [ 741864.190796812647022, 5863277.060280214063823 ], [ 741832.259183022659272, 5863258.633153744973242 ], [ 741812.433396362466738, 5863247.066713260486722 ], [ 741804.118569204234518, 5863238.981906762346625 ], [ 741786.505091726314276, 5863215.645761410705745 ], [ 741780.516682681278326, 5863205.68791458196938 ], [ 741775.781010786537081, 5863196.376988878473639 ], [ 741772.673488808330148, 5863186.124710150063038 ], [ 741769.174050452769734, 5863172.22470292635262 ], [ 741766.665140130906366, 5863156.143011257983744 ], [ 741764.667077336809598, 5863137.391755892895162 ], [ 741764.24206710269209, 5863126.073327889665961 ], [ 741763.7051297678845, 5863111.83903631195426 ], [ 741764.917919506668113, 5863087.281516755931079 ], [ 741767.815689457696863, 5863063.957341128960252 ], [ 741772.886714812018909, 5863041.628330764360726 ], [ 741780.891262024990283, 5863016.893981465138495 ], [ 741789.835839475621469, 5862995.088120765984058 ], [ 741804.640189961763099, 5862969.204867595806718 ], [ 741810.79499214864336, 5862959.779676633886993 ], [ 741820.671567846322432, 5862939.79632231220603 ], [ 741823.644884877372533, 5862933.501660272479057 ], [ 741826.391319649294019, 5862925.502201730385423 ], [ 741828.686908188275993, 5862914.091727585531771 ], [ 741829.330597770633176, 5862897.800256319344044 ], [ 741827.808755112229846, 5862880.026340279728174 ], [ 741824.125653900089674, 5862860.043905481696129 ], [ 741819.190744122839533, 5862844.181730763986707 ], [ 741812.321471527218819, 5862827.815814103931189 ], [ 741802.772489916649647, 5862812.395359698683023 ], [ 741787.913032666663639, 5862794.492095991969109 ], [ 741777.940646324306726, 5862784.356921972706914 ], [ 741753.342942608869635, 5862759.359162716194987 ], [ 741736.987173343659379, 5862745.821023826487362 ], [ 741725.42146970378235, 5862738.408584536984563 ], [ 741709.265302814892493, 5862729.489557096734643 ], [ 741689.117262589046732, 5862721.022662694565952 ], [ 741667.736004620790482, 5862711.561251616105437 ], [ 741658.574735221453011, 5862706.118171881884336 ], [ 741653.94627252058126, 5862702.732613402418792 ], [ 741648.463861035881564, 5862698.720129666849971 ], [ 741636.927127506583929, 5862688.390362105332315 ], [ 741620.63423775951378, 5862668.522930311970413 ], [ 741605.013129345490597, 5862646.588645278476179 ] ], [ [ 745788.834180269157514, 5863875.147326321341097 ], [ 745780.853793974965811, 5863875.316245960071683 ] ], [ [ 741162.310987423290499, 5862844.780203438363969 ], [ 741182.959390804520808, 5862846.225029787048697 ], [ 741202.226185888750479, 5862846.573358694091439 ], [ 741226.596220005885698, 5862845.578607458621264 ], [ 741251.293597372598015, 5862842.731733849272132 ], [ 741301.180297369835898, 5862833.794785242527723 ], [ 741318.173512183246203, 5862830.2538081407547 ], [ 741335.35536291229073, 5862825.242066778242588 ], [ 741351.777381424442865, 5862819.618823413737118 ], [ 741365.611072922009043, 5862813.614669939503074 ], [ 741380.994098737486638, 5862805.83466524258256 ], [ 741397.426050883368589, 5862795.25084528233856 ], [ 741580.089361249119975, 5862664.76831067726016 ], [ 741605.013129345490597, 5862646.588645278476179 ] ], [ [ 740765.622904861927964, 5861881.000946124084294 ], [ 740812.676621843595058, 5861886.727567738853395 ], [ 740829.438510689884424, 5861888.765541661530733 ], [ 740922.051715709269047, 5861900.421116374433041 ], [ 740964.60604251397308, 5861905.327740084379911 ], [ 741024.931754957768135, 5861912.281874010339379 ], [ 741072.043642220203765, 5861918.60860922280699 ], [ 741111.558639522409067, 5861923.757633954286575 ], [ 741114.725052885478362, 5861924.170531660318375 ], [ 741199.877374720177613, 5861933.577655046246946 ], [ 741257.482633512234315, 5861939.938455066643655 ], [ 741285.299102801131085, 5861941.723697035573423 ], [ 741309.872504441998899, 5861941.465650003403425 ], [ 741331.94987215148285, 5861940.177208693698049 ], [ 741363.09484862734098, 5861934.953191753476858 ], [ 741448.736983922193758, 5861920.71601820550859 ], [ 741484.887789080734365, 5861916.296623713336885 ], [ 741509.214150813408196, 5861915.785293058492243 ], [ 741522.749568229191937, 5861916.170376065187156 ], [ 741525.976154986419715, 5861868.589118950068951 ], [ 741529.008808812010102, 5861836.204997837543488 ], [ 741531.605150639545172, 5861824.899400971829891 ], [ 741537.103771571535617, 5861817.245636396110058 ], [ 741546.181848244625144, 5861813.257706875912845 ], [ 741561.342400352703407, 5861810.913350271061063 ], [ 741592.463028322788887, 5861808.823845139704645 ], [ 741598.268486725632101, 5861801.08144613634795 ], [ 741598.785275099682622, 5861794.287451295182109 ], [ 741597.257526191882789, 5861789.060501173138618 ], [ 741591.662754372111522, 5861783.56464767921716 ], [ 741581.957584483781829, 5861782.333171035163105 ], [ 741574.714036376448348, 5861783.849911299534142 ], [ 741564.726404658867978, 5861792.406176253221929 ], [ 741558.762780840974301, 5861797.51490536890924 ], [ 741546.181848244625144, 5861813.257706875912845 ] ] ] } }
]
}
