{
"type": "FeatureCollection",
"name": "ROUTE_station_2025",
"crs": { "type": "name", "properties": { "name": "urn:ogc:def:crs:OGC:1.3:CRS84" } },
"features": [
{ "type": "Feature", "properties": { "ALT": 441, "COMM_NOM": "Lonay", "COMM_OFS": 5638, "COOR_X": 2529264, "COOR_Y": 1153427, "ETC": "(MBC)", "GO_CENTRE": 0, "ID_STATION": "92254", "LIGNES": "(10.705) (10.735) (10.736)", "NB_LIGNES": 3, "ST_AFFICHE": 1, "ST_NOM": "Lonay, parc", "ST_TYPE": "Régional/urbain", "ST_URL": "https://prestations.vd.ch/pub/101587/api/download/2_Cartographie_et_geodonnees/2.1_Carte_des_reseaux/Fiche_des_stations/TP_STA_92254.pdf" }, "geometry": { "type": "Point", "coordinates": [ 6.516681481959913, 46.528394359822514 ] } },
{ "type": "Feature", "properties": { "ALT": 395, "COMM_NOM": "Lonay", "COMM_OFS": 5638, "COOR_X": 2529989, "COOR_Y": 1153243, "ETC": "(MBC)", "GO_CENTRE": 2, "ID_STATION": "92249", "LIGNES": "(10.702)", "NB_LIGNES": 1, "ST_AFFICHE": 1, "ST_NOM": "Lonay, Carouge", "ST_TYPE": "Urbain", "ST_URL": "https://prestations.vd.ch/pub/101587/api/download/2_Cartographie_et_geodonnees/2.1_Carte_des_reseaux/Fiche_des_stations/TP_STA_92249.pdf" }, "geometry": { "type": "Point", "coordinates": [ 6.526161253097494, 46.526812012731511 ] } },
{ "type": "Feature", "properties": { "ALT": 452, "COMM_NOM": "Bremblens", "COMM_OFS": 5622, "COOR_X": 2529113, "COOR_Y": 1155256, "ETC": "(MBC)", "GO_CENTRE": 0, "ID_STATION": "70092", "LIGNES": "(10.735) (10.736)", "NB_LIGNES": 2, "ST_AFFICHE": 1, "ST_NOM": "Bremblens, bas du village", "ST_TYPE": "Régional", "ST_URL": "https://prestations.vd.ch/pub/101587/api/download/2_Cartographie_et_geodonnees/2.1_Carte_des_reseaux/Fiche_des_stations/TP_STA_70092.pdf" }, "geometry": { "type": "Point", "coordinates": [ 6.514430757399647, 46.544825062299743 ] } },
{ "type": "Feature", "properties": { "ALT": 395, "COMM_NOM": "Denges", "COMM_OFS": 5632, "COOR_X": 2531182, "COOR_Y": 1153120, "ETC": "(MBC)", "GO_CENTRE": 2, "ID_STATION": "88872", "LIGNES": "(10.705)", "NB_LIGNES": 1, "ST_AFFICHE": 1, "ST_NOM": "Denges, Les Oches", "ST_TYPE": "Urbain", "ST_URL": "https://prestations.vd.ch/pub/101587/api/download/2_Cartographie_et_geodonnees/2.1_Carte_des_reseaux/Fiche_des_stations/TP_STA_88872.pdf" }, "geometry": { "type": "Point", "coordinates": [ 6.541725535478894, 46.525832230311231 ] } },
{ "type": "Feature", "properties": { "ALT": 425, "COMM_NOM": "Echandens", "COMM_OFS": 5633, "COOR_X": 2531135, "COOR_Y": 1153849, "ETC": "(MBC)", "GO_CENTRE": 2, "ID_STATION": "95213", "LIGNES": "(10.702) (10.705)", "NB_LIGNES": 2, "ST_AFFICHE": 1, "ST_NOM": "Echandens, collège", "ST_TYPE": "Urbain", "ST_URL": "https://prestations.vd.ch/pub/101587/api/download/2_Cartographie_et_geodonnees/2.1_Carte_des_reseaux/Fiche_des_stations/TP_STA_95213.pdf" }, "geometry": { "type": "Point", "coordinates": [ 6.540997170749714, 46.532380579626853 ] } },
{ "type": "Feature", "properties": { "ALT": 405, "COMM_NOM": "Bussigny", "COMM_OFS": 5624, "COOR_X": 2532170, "COOR_Y": 1154928, "ETC": "(MBC)", "GO_CENTRE": 2, "ID_STATION": "95215", "LIGNES": "(10.702)", "NB_LIGNES": 1, "ST_AFFICHE": 1, "ST_NOM": "Bussigny, Reculan", "ST_TYPE": "Urbain", "ST_URL": "https://prestations.vd.ch/pub/101587/api/download/2_Cartographie_et_geodonnees/2.1_Carte_des_reseaux/Fiche_des_stations/TP_STA_95215.pdf" }, "geometry": { "type": "Point", "coordinates": [ 6.554336395650309, 46.54219676240708 ] } },
{ "type": "Feature", "properties": { "ALT": 408, "COMM_NOM": "Bussigny", "COMM_OFS": 5624, "COOR_X": 2532033, "COOR_Y": 1155532, "ETC": "(TL)", "GO_CENTRE": 2, "ID_STATION": "81914", "LIGNES": "(10.035) (10.056)", "NB_LIGNES": 2, "ST_AFFICHE": 1, "ST_NOM": "Bussigny, gare", "ST_TYPE": "Régional/urbain", "ST_URL": "https://prestations.vd.ch/pub/101587/api/download/2_Cartographie_et_geodonnees/2.1_Carte_des_reseaux/Fiche_des_stations/TP_STA_81914.pdf" }, "geometry": { "type": "Point", "coordinates": [ 6.552460310409071, 46.547615948335199 ] } },
{ "type": "Feature", "properties": { "ALT": 410, "COMM_NOM": "Bussigny", "COMM_OFS": 5624, "COOR_X": 2532081, "COOR_Y": 1155116, "ETC": "(MBC)", "GO_CENTRE": 2, "ID_STATION": "95217", "LIGNES": "(10.702)", "NB_LIGNES": 1, "ST_AFFICHE": 1, "ST_NOM": "Bussigny, Vallon", "ST_TYPE": "Urbain", "ST_URL": "https://prestations.vd.ch/pub/101587/api/download/2_Cartographie_et_geodonnees/2.1_Carte_des_reseaux/Fiche_des_stations/TP_STA_95217.pdf" }, "geometry": { "type": "Point", "coordinates": [ 6.553148263982709, 46.543876924914073 ] } },
{ "type": "Feature", "properties": { "ALT": 391, "COMM_NOM": "Ecublens (VD)", "COMM_OFS": 5635, "COOR_X": 2533610, "COOR_Y": 1152670, "ETC": "(TL)", "GO_CENTRE": 2, "ID_STATION": "1213_1", "LIGNES": "(10.031) (10.905)", "NB_LIGNES": 2, "ST_AFFICHE": 1, "ST_NOM": "Ecublens VD, UNIL-Sorge", "ST_TYPE": "Urbain", "ST_URL": "https://prestations.vd.ch/pub/101587/api/download/2_Cartographie_et_geodonnees/2.1_Carte_des_reseaux/Fiche_des_stations/TP_STA_1213_1.pdf" }, "geometry": { "type": "Point", "coordinates": [ 6.573432132183624, 46.522027064917744 ] } },
{ "type": "Feature", "properties": { "ALT": 403, "COMM_NOM": "Ecublens (VD)", "COMM_OFS": 5635, "COOR_X": 2532893, "COOR_Y": 1154146, "ETC": "(TL)", "GO_CENTRE": 2, "ID_STATION": "91955", "LIGNES": "(10.033) (10.905)", "NB_LIGNES": 2, "ST_AFFICHE": 1, "ST_NOM": "Ecublens VD, place de sport", "ST_TYPE": "Urbain", "ST_URL": "https://prestations.vd.ch/pub/101587/api/download/2_Cartographie_et_geodonnees/2.1_Carte_des_reseaux/Fiche_des_stations/TP_STA_91955.pdf" }, "geometry": { "type": "Point", "coordinates": [ 6.563875445250413, 46.535233667551665 ] } },
{ "type": "Feature", "properties": { "ALT": 398, "COMM_NOM": "Chavannes-près-Renens", "COMM_OFS": 5627, "COOR_X": 2533534, "COOR_Y": 1153397, "ETC": "(TL)", "GO_CENTRE": 2, "ID_STATION": "93867", "LIGNES": "(10.031)", "NB_LIGNES": 1, "ST_AFFICHE": 1, "ST_NOM": "Chavannes-R., Plaine", "ST_TYPE": "Urbain", "ST_URL": "https://prestations.vd.ch/pub/101587/api/download/2_Cartographie_et_geodonnees/2.1_Carte_des_reseaux/Fiche_des_stations/TP_STA_93867.pdf" }, "geometry": { "type": "Point", "coordinates": [ 6.572332139184892, 46.528556702496822 ] } },
{ "type": "Feature", "properties": { "ALT": 395, "COMM_NOM": "Chavannes-près-Renens", "COMM_OFS": 5627, "COOR_X": 2533738, "COOR_Y": 1153276, "ETC": "(TL)", "GO_CENTRE": 2, "ID_STATION": "94986", "LIGNES": "(10.031) (10.905)", "NB_LIGNES": 2, "ST_AFFICHE": 1, "ST_NOM": "Chavannes-R., Berges", "ST_TYPE": "Urbain", "ST_URL": "https://prestations.vd.ch/pub/101587/api/download/2_Cartographie_et_geodonnees/2.1_Carte_des_reseaux/Fiche_des_stations/TP_STA_94986.pdf" }, "geometry": { "type": "Point", "coordinates": [ 6.575007942648662, 46.527490770961855 ] } },
{ "type": "Feature", "properties": { "ALT": 413, "COMM_NOM": "Crissier", "COMM_OFS": 5583, "COOR_X": 2533417, "COOR_Y": 1155086, "ETC": "(TL)", "GO_CENTRE": 2, "ID_STATION": "91939", "LIGNES": "(10.017) (10.036) (10.054) (10.058) (10.904)", "NB_LIGNES": 5, "ST_AFFICHE": 1, "ST_NOM": "Crissier, Zinguerie", "ST_TYPE": "Régional/urbain", "ST_URL": "https://prestations.vd.ch/pub/101587/api/download/2_Cartographie_et_geodonnees/2.1_Carte_des_reseaux/Fiche_des_stations/TP_STA_91939.pdf" }, "geometry": { "type": "Point", "coordinates": [ 6.570560286361539, 46.543736894971111 ] } },
{ "type": "Feature", "properties": { "ALT": 466, "COMM_NOM": "Crissier", "COMM_OFS": 5583, "COOR_X": 2533935, "COOR_Y": 1156167, "ETC": "(TL)", "GO_CENTRE": 2, "ID_STATION": "88843", "LIGNES": "(10.018) (10.032) (10.054) (10.058) (10.904)", "NB_LIGNES": 5, "ST_AFFICHE": 1, "ST_NOM": "Crissier, centre", "ST_TYPE": "Régional/urbain", "ST_URL": "https://prestations.vd.ch/pub/101587/api/download/2_Cartographie_et_geodonnees/2.1_Carte_des_reseaux/Fiche_des_stations/TP_STA_88843.pdf" }, "geometry": { "type": "Point", "coordinates": [ 6.577168929277233, 46.553515987526495 ] } },
{ "type": "Feature", "properties": { "ALT": 506, "COMM_NOM": "Villars-Sainte-Croix", "COMM_OFS": 5651, "COOR_X": 2533044, "COOR_Y": 1157805, "ETC": "(TL)", "GO_CENTRE": 2, "ID_STATION": "88848", "LIGNES": "(10.032) (10.904)", "NB_LIGNES": 2, "ST_AFFICHE": 1, "ST_NOM": "Villars-Ste-Croix, Le Sansy", "ST_TYPE": "Urbain", "ST_URL": "https://prestations.vd.ch/pub/101587/api/download/2_Cartographie_et_geodonnees/2.1_Carte_des_reseaux/Fiche_des_stations/TP_STA_88848.pdf" }, "geometry": { "type": "Point", "coordinates": [ 6.565305717945845, 46.56815546892684 ] } },
{ "type": "Feature", "properties": { "ALT": 416, "COMM_NOM": "Renens (VD)", "COMM_OFS": 5591, "COOR_X": 2534796, "COOR_Y": 1154098, "ETC": "(TL)", "GO_CENTRE": 2, "ID_STATION": "92221", "LIGNES": "(10.017) (10.019) (10.904)", "NB_LIGNES": 3, "ST_AFFICHE": 1, "ST_NOM": "Renens VD, Sous l'Eglise", "ST_TYPE": "Urbain", "ST_URL": "https://prestations.vd.ch/pub/101587/api/download/2_Cartographie_et_geodonnees/2.1_Carte_des_reseaux/Fiche_des_stations/TP_STA_92221.pdf" }, "geometry": { "type": "Point", "coordinates": [ 6.588679582469923, 46.534987707624822 ] } },
{ "type": "Feature", "properties": { "ALT": 431, "COMM_NOM": "Prilly", "COMM_OFS": 5589, "COOR_X": 2535799, "COOR_Y": 1153294, "ETC": "(TL)", "GO_CENTRE": 2, "ID_STATION": "92049_1", "LIGNES": "(10.032) (10.033)", "NB_LIGNES": 2, "ST_AFFICHE": 1, "ST_NOM": "Prilly, Galicien", "ST_TYPE": "Urbain", "ST_URL": "https://prestations.vd.ch/pub/101587/api/download/2_Cartographie_et_geodonnees/2.1_Carte_des_reseaux/Fiche_des_stations/TP_STA_92049_1.pdf" }, "geometry": { "type": "Point", "coordinates": [ 6.601874353793263, 46.527855193087674 ] } },
{ "type": "Feature", "properties": { "ALT": 441, "COMM_NOM": "Crissier", "COMM_OFS": 5583, "COOR_X": 2534099, "COOR_Y": 1155055, "ETC": "(TL)", "GO_CENTRE": 2, "ID_STATION": "88840", "LIGNES": "(10.032)", "NB_LIGNES": 1, "ST_AFFICHE": 1, "ST_NOM": "Crissier, Noutes", "ST_TYPE": "Urbain", "ST_URL": "https://prestations.vd.ch/pub/101587/api/download/2_Cartographie_et_geodonnees/2.1_Carte_des_reseaux/Fiche_des_stations/TP_STA_88840.pdf" }, "geometry": { "type": "Point", "coordinates": [ 6.579459661434632, 46.543528582831378 ] } },
{ "type": "Feature", "properties": { "ALT": 376, "COMM_NOM": "Lausanne", "COMM_OFS": 5586, "COOR_X": 2536228, "COOR_Y": 1151860, "ETC": "(TL)", "GO_CENTRE": 2, "ID_STATION": "95938", "LIGNES": "(10.024)", "NB_LIGNES": 1, "ST_AFFICHE": 1, "ST_NOM": "Lausanne, Vidy-Port", "ST_TYPE": "Urbain", "ST_URL": "https://prestations.vd.ch/pub/101587/api/download/2_Cartographie_et_geodonnees/2.1_Carte_des_reseaux/Fiche_des_stations/TP_STA_95938.pdf" }, "geometry": { "type": "Point", "coordinates": [ 6.607662009007549, 46.514999553503245 ] } },
{ "type": "Feature", "properties": { "ALT": 377, "COMM_NOM": "Lausanne", "COMM_OFS": 5586, "COOR_X": 2536532, "COOR_Y": 1151756, "ETC": "(TL)", "GO_CENTRE": 2, "ID_STATION": "92121", "LIGNES": "(10.002) (10.024)", "NB_LIGNES": 2, "ST_AFFICHE": 1, "ST_NOM": "Lausanne, Théâtre de Vidy", "ST_TYPE": "Urbain", "ST_URL": "https://prestations.vd.ch/pub/101587/api/download/2_Cartographie_et_geodonnees/2.1_Carte_des_reseaux/Fiche_des_stations/TP_STA_92121.pdf" }, "geometry": { "type": "Point", "coordinates": [ 6.611635679290726, 46.514089436417336 ] } },
{ "type": "Feature", "properties": { "ALT": 405, "COMM_NOM": "Lausanne", "COMM_OFS": 5586, "COOR_X": 2536613, "COOR_Y": 1152014, "ETC": "(TL)", "GO_CENTRE": 2, "ID_STATION": "91983", "LIGNES": "(10.001) (10.025)", "NB_LIGNES": 2, "ST_AFFICHE": 1, "ST_NOM": "Lausanne, Batelière", "ST_TYPE": "Urbain", "ST_URL": "https://prestations.vd.ch/pub/101587/api/download/2_Cartographie_et_geodonnees/2.1_Carte_des_reseaux/Fiche_des_stations/TP_STA_91983.pdf" }, "geometry": { "type": "Point", "coordinates": [ 6.612649006236447, 46.516422087238205 ] } },
{ "type": "Feature", "properties": { "ALT": 411, "COMM_NOM": "Lausanne", "COMM_OFS": 5586, "COOR_X": 2537101, "COOR_Y": 1151833, "ETC": "(TL)", "GO_CENTRE": 2, "ID_STATION": "92005", "LIGNES": "(10.001) (10.025)", "NB_LIGNES": 2, "ST_AFFICHE": 1, "ST_NOM": "Lausanne, Cèdres", "ST_TYPE": "Urbain", "ST_URL": "https://prestations.vd.ch/pub/101587/api/download/2_Cartographie_et_geodonnees/2.1_Carte_des_reseaux/Fiche_des_stations/TP_STA_92005.pdf" }, "geometry": { "type": "Point", "coordinates": [ 6.619041775852478, 46.514834891676699 ] } },
{ "type": "Feature", "properties": { "ALT": 492, "COMM_NOM": "Lausanne", "COMM_OFS": 5586, "COOR_X": 2537538, "COOR_Y": 1152768, "ETC": "(TL)", "GO_CENTRE": 2, "ID_STATION": "92096", "LIGNES": "(10.003) (10.006) (10.020) (10.021)", "NB_LIGNES": 4, "ST_AFFICHE": 1, "ST_NOM": "Lausanne, Pont Chauderon", "ST_TYPE": "Urbain", "ST_URL": "https://prestations.vd.ch/pub/101587/api/download/2_Cartographie_et_geodonnees/2.1_Carte_des_reseaux/Fiche_des_stations/TP_STA_92096.pdf" }, "geometry": { "type": "Point", "coordinates": [ 6.624603705755, 46.523284375938417 ] } },
{ "type": "Feature", "properties": { "ALT": 434, "COMM_NOM": "Lausanne", "COMM_OFS": 5586, "COOR_X": 2535964, "COOR_Y": 1153323, "ETC": "(TL)", "GO_CENTRE": 2, "ID_STATION": "92049_2", "LIGNES": "(10.007) (10.017) (10.018) (10.019) (10.904)", "NB_LIGNES": 5, "ST_AFFICHE": 1, "ST_NOM": "Prilly, Galicien", "ST_TYPE": "Urbain", "ST_URL": "https://prestations.vd.ch/pub/101587/api/download/2_Cartographie_et_geodonnees/2.1_Carte_des_reseaux/Fiche_des_stations/TP_STA_92049_2.pdf" }, "geometry": { "type": "Point", "coordinates": [ 6.604009248411198, 46.528126379966452 ] } },
{ "type": "Feature", "properties": { "ALT": 538, "COMM_NOM": "Prilly", "COMM_OFS": 5589, "COOR_X": 2536423, "COOR_Y": 1154670, "ETC": "(TL)", "GO_CENTRE": 2, "ID_STATION": "92176", "LIGNES": "(10.004) (10.033)", "NB_LIGNES": 2, "ST_AFFICHE": 1, "ST_NOM": "Prilly, Coudraie", "ST_TYPE": "Urbain", "ST_URL": "https://prestations.vd.ch/pub/101587/api/download/2_Cartographie_et_geodonnees/2.1_Carte_des_reseaux/Fiche_des_stations/TP_STA_92176.pdf" }, "geometry": { "type": "Point", "coordinates": [ 6.609806915547229, 46.540294809123715 ] } },
{ "type": "Feature", "properties": { "ALT": 495, "COMM_NOM": "Lausanne", "COMM_OFS": 5586, "COOR_X": 2537924, "COOR_Y": 1152378, "ETC": "(TL)", "GO_CENTRE": 2, "ID_STATION": "79253", "LIGNES": "(10.013)", "NB_LIGNES": 1, "ST_AFFICHE": 1, "ST_NOM": "Lausanne, Montbenon", "ST_TYPE": "Urbain", "ST_URL": "https://prestations.vd.ch/pub/101587/api/download/2_Cartographie_et_geodonnees/2.1_Carte_des_reseaux/Fiche_des_stations/TP_STA_79253.pdf" }, "geometry": { "type": "Point", "coordinates": [ 6.629680990577343, 46.51981755761971 ] } },
{ "type": "Feature", "properties": { "ALT": 515, "COMM_NOM": "Lausanne", "COMM_OFS": 5586, "COOR_X": 2538062, "COOR_Y": 1152897, "ETC": "(TL)", "GO_CENTRE": 2, "ID_STATION": "92125", "LIGNES": "(10.001) (10.002) (10.901)", "NB_LIGNES": 3, "ST_AFFICHE": 1, "ST_NOM": "Lausanne, Valentin", "ST_TYPE": "Urbain", "ST_URL": "https://prestations.vd.ch/pub/101587/api/download/2_Cartographie_et_geodonnees/2.1_Carte_des_reseaux/Fiche_des_stations/TP_STA_92125.pdf" }, "geometry": { "type": "Point", "coordinates": [ 6.631412223597167, 46.524495795006807 ] } },
{ "type": "Feature", "properties": { "ALT": 520, "COMM_NOM": "Lausanne", "COMM_OFS": 5586, "COOR_X": 2538561, "COOR_Y": 1152874, "ETC": "(TL)", "GO_CENTRE": 2, "ID_STATION": "10575", "LIGNES": "(10.007) (10.902) (10.903)", "NB_LIGNES": 3, "ST_AFFICHE": 1, "ST_NOM": "Lausanne, César-Roux", "ST_TYPE": "Urbain", "ST_URL": "https://prestations.vd.ch/pub/101587/api/download/2_Cartographie_et_geodonnees/2.1_Carte_des_reseaux/Fiche_des_stations/TP_STA_10575.pdf" }, "geometry": { "type": "Point", "coordinates": [ 6.637921752709159, 46.524336383063847 ] } },
{ "type": "Feature", "properties": { "ALT": 575, "COMM_NOM": "Lausanne", "COMM_OFS": 5586, "COOR_X": 2537839, "COOR_Y": 1153686, "ETC": "(TL)", "GO_CENTRE": 2, "ID_STATION": "92003", "LIGNES": "(10.001) (10.003) (10.020) (10.901)", "NB_LIGNES": 4, "ST_AFFICHE": 1, "ST_NOM": "Lausanne, casernes", "ST_TYPE": "Urbain", "ST_URL": "https://prestations.vd.ch/pub/101587/api/download/2_Cartographie_et_geodonnees/2.1_Carte_des_reseaux/Fiche_des_stations/TP_STA_92003.pdf" }, "geometry": { "type": "Point", "coordinates": [ 6.628405156089393, 46.531574495443905 ] } },
{ "type": "Feature", "properties": { "ALT": 570, "COMM_NOM": "Lausanne", "COMM_OFS": 5586, "COOR_X": 2537928, "COOR_Y": 1153595, "ETC": "(TL)", "GO_CENTRE": 2, "ID_STATION": "92085", "LIGNES": "(10.001)", "NB_LIGNES": 1, "ST_AFFICHE": 1, "ST_NOM": "Lausanne, Oiseaux", "ST_TYPE": "Urbain", "ST_URL": "https://prestations.vd.ch/pub/101587/api/download/2_Cartographie_et_geodonnees/2.1_Carte_des_reseaux/Fiche_des_stations/TP_STA_92085.pdf" }, "geometry": { "type": "Point", "coordinates": [ 6.629578126077963, 46.530764402399875 ] } },
{ "type": "Feature", "properties": { "ALT": 563, "COMM_NOM": "Lausanne", "COMM_OFS": 5586, "COOR_X": 2537957, "COOR_Y": 1153891, "ETC": "(TL)", "GO_CENTRE": 2, "ID_STATION": "92132_2", "LIGNES": "(10.003)", "NB_LIGNES": 1, "ST_AFFICHE": 1, "ST_NOM": "Lausanne, Vieux-Moulin", "ST_TYPE": "Urbain", "ST_URL": "https://prestations.vd.ch/pub/101587/api/download/2_Cartographie_et_geodonnees/2.1_Carte_des_reseaux/Fiche_des_stations/TP_STA_92132_2.pdf" }, "geometry": { "type": "Point", "coordinates": [ 6.629913097801349, 46.533426164848194 ] } },
{ "type": "Feature", "properties": { "ALT": 571, "COMM_NOM": "Lausanne", "COMM_OFS": 5586, "COOR_X": 2538098, "COOR_Y": 1153799, "ETC": "(TL)", "GO_CENTRE": 2, "ID_STATION": "92111", "LIGNES": "(10.003) (10.008) (10.018) (10.901)", "NB_LIGNES": 4, "ST_AFFICHE": 1, "ST_NOM": "Lausanne, Rouvraie", "ST_TYPE": "Urbain", "ST_URL": "https://prestations.vd.ch/pub/101587/api/download/2_Cartographie_et_geodonnees/2.1_Carte_des_reseaux/Fiche_des_stations/TP_STA_92111.pdf" }, "geometry": { "type": "Point", "coordinates": [ 6.631758514055136, 46.532609486963551 ] } },
{ "type": "Feature", "properties": { "ALT": 584, "COMM_NOM": "Lausanne", "COMM_OFS": 5586, "COOR_X": 2539378, "COOR_Y": 1153325, "ETC": "(TL)", "GO_CENTRE": 2, "ID_STATION": "92126", "LIGNES": "(10.006) (10.903)", "NB_LIGNES": 2, "ST_AFFICHE": 1, "ST_NOM": "Lausanne, Vallonnette", "ST_TYPE": "Urbain", "ST_URL": "https://prestations.vd.ch/pub/101587/api/download/2_Cartographie_et_geodonnees/2.1_Carte_des_reseaux/Fiche_des_stations/TP_STA_92126.pdf" }, "geometry": { "type": "Point", "coordinates": [ 6.648514514893172, 46.52846359952752 ] } },
{ "type": "Feature", "properties": { "ALT": 382, "COMM_NOM": "Pully", "COMM_OFS": 5590, "COOR_X": 2540641, "COOR_Y": 1150948, "ETC": "(TL)", "GO_CENTRE": 2, "ID_STATION": "92199", "LIGNES": "(10.021)", "NB_LIGNES": 1, "ST_AFFICHE": 1, "ST_NOM": "Pully, Vignes", "ST_TYPE": "Urbain", "ST_URL": "https://prestations.vd.ch/pub/101587/api/download/2_Cartographie_et_geodonnees/2.1_Carte_des_reseaux/Fiche_des_stations/TP_STA_92199.pdf" }, "geometry": { "type": "Point", "coordinates": [ 6.665269391367435, 46.507196830342025 ] } },
{ "type": "Feature", "properties": { "ALT": 539, "COMM_NOM": "Pully", "COMM_OFS": 5590, "COOR_X": 2540789, "COOR_Y": 1152271, "ETC": "(TL)", "GO_CENTRE": 2, "ID_STATION": "88450", "LIGNES": "(10.047) (10.952)", "NB_LIGNES": 2, "ST_AFFICHE": 1, "ST_NOM": "Pully, Pré Pariset", "ST_TYPE": "Urbain", "ST_URL": "https://prestations.vd.ch/pub/101587/api/download/2_Cartographie_et_geodonnees/2.1_Carte_des_reseaux/Fiche_des_stations/TP_STA_88450.pdf" }, "geometry": { "type": "Point", "coordinates": [ 6.667034043306439, 46.519108909139128 ] } },
{ "type": "Feature", "properties": { "ALT": 423, "COMM_NOM": "Lutry", "COMM_OFS": 5606, "COOR_X": 2542029, "COOR_Y": 1150938, "ETC": "(TL)", "GO_CENTRE": 2, "ID_STATION": "92158", "LIGNES": "(10.068) (10.954) (10.906)", "NB_LIGNES": 3, "ST_AFFICHE": 1, "ST_NOM": "Lutry, Orzens", "ST_TYPE": "Urbain", "ST_URL": "https://prestations.vd.ch/pub/101587/api/download/2_Cartographie_et_geodonnees/2.1_Carte_des_reseaux/Fiche_des_stations/TP_STA_92158.pdf" }, "geometry": { "type": "Point", "coordinates": [ 6.68336402455709, 46.507228758432234 ] } },
{ "type": "Feature", "properties": { "ALT": 463, "COMM_NOM": "Lutry", "COMM_OFS": 5606, "COOR_X": 2542827, "COOR_Y": 1150935, "ETC": "(TL)", "GO_CENTRE": 0, "ID_STATION": "92162", "LIGNES": "(10.069) (10.954)", "NB_LIGNES": 2, "ST_AFFICHE": 1, "ST_NOM": "Lutry, Savuit-place", "ST_TYPE": "Urbain", "ST_URL": "https://prestations.vd.ch/pub/101587/api/download/2_Cartographie_et_geodonnees/2.1_Carte_des_reseaux/Fiche_des_stations/TP_STA_92162.pdf" }, "geometry": { "type": "Point", "coordinates": [ 6.69375205109526, 46.507268868705069 ] } },
{ "type": "Feature", "properties": { "ALT": 500, "COMM_NOM": "Lutry", "COMM_OFS": 5606, "COOR_X": 2542980, "COOR_Y": 1151382, "ETC": "(TL)", "GO_CENTRE": 0, "ID_STATION": "92153", "LIGNES": "(10.069) (10.954)", "NB_LIGNES": 2, "ST_AFFICHE": 1, "ST_NOM": "Lutry, Gravesse", "ST_TYPE": "Urbain", "ST_URL": "https://prestations.vd.ch/pub/101587/api/download/2_Cartographie_et_geodonnees/2.1_Carte_des_reseaux/Fiche_des_stations/TP_STA_92153.pdf" }, "geometry": { "type": "Point", "coordinates": [ 6.695694882435582, 46.511308964376823 ] } },
{ "type": "Feature", "properties": { "ALT": 609, "COMM_NOM": "Belmont-sur-Lausanne", "COMM_OFS": 5581, "COOR_X": 2541568, "COOR_Y": 1152385, "ETC": "(TL)", "GO_CENTRE": 2, "ID_STATION": "95625", "LIGNES": "(10.049)", "NB_LIGNES": 1, "ST_AFFICHE": 1, "ST_NOM": "Belmont-sur-L., Pâquis", "ST_TYPE": "Urbain", "ST_URL": "https://prestations.vd.ch/pub/101587/api/download/2_Cartographie_et_geodonnees/2.1_Carte_des_reseaux/Fiche_des_stations/TP_STA_95625.pdf" }, "geometry": { "type": "Point", "coordinates": [ 6.677170852720112, 46.520204297288608 ] } },
{ "type": "Feature", "properties": { "ALT": 600, "COMM_NOM": "Belmont-sur-Lausanne", "COMM_OFS": 5581, "COOR_X": 2541578, "COOR_Y": 1152633, "ETC": "(TL)", "GO_CENTRE": 2, "ID_STATION": "88436", "LIGNES": "(10.047) (10.049) (10.952) (10.906)", "NB_LIGNES": 4, "ST_AFFICHE": 1, "ST_NOM": "Belmont-sur-L., Grands Champs", "ST_TYPE": "Urbain", "ST_URL": "https://prestations.vd.ch/pub/101587/api/download/2_Cartographie_et_geodonnees/2.1_Carte_des_reseaux/Fiche_des_stations/TP_STA_88436.pdf" }, "geometry": { "type": "Point", "coordinates": [ 6.677268029351173, 46.522436152392338 ] } },
{ "type": "Feature", "properties": { "ALT": 545, "COMM_NOM": "Belmont-sur-Lausanne", "COMM_OFS": 5581, "COOR_X": 2541690, "COOR_Y": 1151962, "ETC": "(TL)", "GO_CENTRE": 2, "ID_STATION": "93801", "LIGNES": "(10.952)", "NB_LIGNES": 1, "ST_AFFICHE": 1, "ST_NOM": "Belmont-sur-L., Cochène", "ST_TYPE": "Urbain", "ST_URL": "https://prestations.vd.ch/pub/101587/api/download/2_Cartographie_et_geodonnees/2.1_Carte_des_reseaux/Fiche_des_stations/TP_STA_93801.pdf" }, "geometry": { "type": "Point", "coordinates": [ 6.678812437545404, 46.516412398287564 ] } },
{ "type": "Feature", "properties": { "ALT": 741, "COMM_NOM": "Belmont-sur-Lausanne", "COMM_OFS": 5581, "COOR_X": 2542226, "COOR_Y": 1152852, "ETC": "(TL)", "GO_CENTRE": 0, "ID_STATION": "93797", "LIGNES": "(10.952)", "NB_LIGNES": 1, "ST_AFFICHE": 1, "ST_NOM": "Belmont-sur-L., Au Devin", "ST_TYPE": "Urbain", "ST_URL": "https://prestations.vd.ch/pub/101587/api/download/2_Cartographie_et_geodonnees/2.1_Carte_des_reseaux/Fiche_des_stations/TP_STA_93797.pdf" }, "geometry": { "type": "Point", "coordinates": [ 6.685685015283394, 46.524464682118555 ] } },
{ "type": "Feature", "properties": { "ALT": 632, "COMM_NOM": "Lutry", "COMM_OFS": 5606, "COOR_X": 2542550, "COOR_Y": 1152101, "ETC": "(TL)", "GO_CENTRE": 2, "ID_STATION": "79259", "LIGNES": "(10.047) (10.068) (10.069) (10.954) (10.906)", "NB_LIGNES": 5, "ST_AFFICHE": 1, "ST_NOM": "Lutry, Landar", "ST_TYPE": "Urbain", "ST_URL": "https://prestations.vd.ch/pub/101587/api/download/2_Cartographie_et_geodonnees/2.1_Carte_des_reseaux/Fiche_des_stations/TP_STA_79259.pdf" }, "geometry": { "type": "Point", "coordinates": [ 6.690004145606674, 46.51773775024725 ] } },
{ "type": "Feature", "properties": { "ALT": 568, "COMM_NOM": "Lutry", "COMM_OFS": 5606, "COOR_X": 2542581, "COOR_Y": 1151734, "ETC": "(TL)", "GO_CENTRE": 2, "ID_STATION": "92147", "LIGNES": "(10.068) (10.954)", "NB_LIGNES": 2, "ST_AFFICHE": 1, "ST_NOM": "Lutry, Brûlées", "ST_TYPE": "Urbain", "ST_URL": "https://prestations.vd.ch/pub/101587/api/download/2_Cartographie_et_geodonnees/2.1_Carte_des_reseaux/Fiche_des_stations/TP_STA_92147.pdf" }, "geometry": { "type": "Point", "coordinates": [ 6.690455224040194, 46.514440359926496 ] } },
{ "type": "Feature", "properties": { "ALT": 705, "COMM_NOM": "Lutry", "COMM_OFS": 5606, "COOR_X": 2542780, "COOR_Y": 1152467, "ETC": "(TL)", "GO_CENTRE": 0, "ID_STATION": "9476", "LIGNES": "(10.954)", "NB_LIGNES": 1, "ST_AFFICHE": 1, "ST_NOM": "Lutry, Coullènes", "ST_TYPE": "Urbain", "ST_URL": "https://prestations.vd.ch/pub/101587/api/download/2_Cartographie_et_geodonnees/2.1_Carte_des_reseaux/Fiche_des_stations/TP_STA_9476.pdf" }, "geometry": { "type": "Point", "coordinates": [ 6.692953474090675, 46.521050211447644 ] } },
{ "type": "Feature", "properties": { "ALT": 684, "COMM_NOM": "Belmont-sur-Lausanne", "COMM_OFS": 5581, "COOR_X": 2542147, "COOR_Y": 1153256, "ETC": "(TL)", "GO_CENTRE": 0, "ID_STATION": "93791", "LIGNES": "(10.952)", "NB_LIGNES": 1, "ST_AFFICHE": 1, "ST_NOM": "Belmont-sur-L., Champ Preveire", "ST_TYPE": "Urbain", "ST_URL": "https://prestations.vd.ch/pub/101587/api/download/2_Cartographie_et_geodonnees/2.1_Carte_des_reseaux/Fiche_des_stations/TP_STA_93791.pdf" }, "geometry": { "type": "Point", "coordinates": [ 6.684604790195125, 46.528091896567254 ] } },
{ "type": "Feature", "properties": { "ALT": 835, "COMM_NOM": "Epalinges", "COMM_OFS": 5584, "COOR_X": 2541582, "COOR_Y": 1156073, "ETC": "(TL)", "GO_CENTRE": 0, "ID_STATION": "93828", "LIGNES": "(10.959)", "NB_LIGNES": 1, "ST_AFFICHE": 1, "ST_NOM": "Epalinges, Vulliettaz", "ST_TYPE": "Urbain", "ST_URL": "https://prestations.vd.ch/pub/101587/api/download/2_Cartographie_et_geodonnees/2.1_Carte_des_reseaux/Fiche_des_stations/TP_STA_93828.pdf" }, "geometry": { "type": "Point", "coordinates": [ 6.676884086501259, 46.553382095042743 ] } },
{ "type": "Feature", "properties": { "ALT": 823, "COMM_NOM": "Epalinges", "COMM_OFS": 5584, "COOR_X": 2542132, "COOR_Y": 1156185, "ETC": "(TL)", "GO_CENTRE": 2, "ID_STATION": "91968", "LIGNES": "(10.045) (10.902)", "NB_LIGNES": 2, "ST_AFFICHE": 1, "ST_NOM": "Epalinges, Grand Chemin", "ST_TYPE": "Urbain", "ST_URL": "https://prestations.vd.ch/pub/101587/api/download/2_Cartographie_et_geodonnees/2.1_Carte_des_reseaux/Fiche_des_stations/TP_STA_91968.pdf" }, "geometry": { "type": "Point", "coordinates": [ 6.684042777626471, 46.554435684292173 ] } },
{ "type": "Feature", "properties": { "ALT": 839, "COMM_NOM": "Lausanne", "COMM_OFS": 5586, "COOR_X": 2542962, "COOR_Y": 1156215, "ETC": "(TL)", "GO_CENTRE": 0, "ID_STATION": "87548", "LIGNES": "(10.064) (10.902)", "NB_LIGNES": 2, "ST_AFFICHE": 1, "ST_NOM": "Lausanne, Vers-chez-les-Blanc", "ST_TYPE": "Urbain", "ST_URL": "https://prestations.vd.ch/pub/101587/api/download/2_Cartographie_et_geodonnees/2.1_Carte_des_reseaux/Fiche_des_stations/TP_STA_87548.pdf" }, "geometry": { "type": "Point", "coordinates": [ 6.694860678629383, 46.554782995149836 ] } },
{ "type": "Feature", "properties": { "ALT": 854, "COMM_NOM": "Lausanne", "COMM_OFS": 5586, "COOR_X": 2542517, "COOR_Y": 1157306, "ETC": "(TL)", "GO_CENTRE": 0, "ID_STATION": "92070", "LIGNES": "(10.045) (10.064) (10.902)", "NB_LIGNES": 3, "ST_AFFICHE": 1, "ST_NOM": "Lausanne, Mauvernay", "ST_TYPE": "Urbain", "ST_URL": "https://prestations.vd.ch/pub/101587/api/download/2_Cartographie_et_geodonnees/2.1_Carte_des_reseaux/Fiche_des_stations/TP_STA_92070.pdf" }, "geometry": { "type": "Point", "coordinates": [ 6.688922830240413, 46.564555616680252 ] } },
{ "type": "Feature", "properties": { "ALT": 634, "COMM_NOM": "Lutry", "COMM_OFS": 5606, "COOR_X": 2543356, "COOR_Y": 1152183, "ETC": "(TL)", "GO_CENTRE": 0, "ID_STATION": "88438", "LIGNES": "(10.047) (10.068) (10.069) (10.954) (10.906)", "NB_LIGNES": 5, "ST_AFFICHE": 1, "ST_NOM": "Lutry, Echerins", "ST_TYPE": "Urbain", "ST_URL": "https://prestations.vd.ch/pub/101587/api/download/2_Cartographie_et_geodonnees/2.1_Carte_des_reseaux/Fiche_des_stations/TP_STA_88438.pdf" }, "geometry": { "type": "Point", "coordinates": [ 6.700493883930179, 46.518542660586746 ] } },
{ "type": "Feature", "properties": { "ALT": 619, "COMM_NOM": "Lutry", "COMM_OFS": 5606, "COOR_X": 2543407, "COOR_Y": 1151914, "ETC": "(TL)", "GO_CENTRE": 0, "ID_STATION": "92161", "LIGNES": "(10.069) (10.954)", "NB_LIGNES": 2, "ST_AFFICHE": 1, "ST_NOM": "Lutry, Savoie", "ST_TYPE": "Urbain", "ST_URL": "https://prestations.vd.ch/pub/101587/api/download/2_Cartographie_et_geodonnees/2.1_Carte_des_reseaux/Fiche_des_stations/TP_STA_92161.pdf" }, "geometry": { "type": "Point", "coordinates": [ 6.701185388897657, 46.516130671356933 ] } },
{ "type": "Feature", "properties": { "ALT": 635, "COMM_NOM": "Lutry", "COMM_OFS": 5606, "COOR_X": 2543541, "COOR_Y": 1152029, "ETC": "(TL)", "GO_CENTRE": 0, "ID_STATION": "79260", "LIGNES": "(10.047) (10.068) (10.069) (10.954) (10.906)", "NB_LIGNES": 5, "ST_AFFICHE": 1, "ST_NOM": "Lutry, Croix/Lutry", "ST_TYPE": "Urbain", "ST_URL": "https://prestations.vd.ch/pub/101587/api/download/2_Cartographie_et_geodonnees/2.1_Carte_des_reseaux/Fiche_des_stations/TP_STA_79260.pdf" }, "geometry": { "type": "Point", "coordinates": [ 6.702917792786319, 46.517169984674752 ] } },
{ "type": "Feature", "properties": { "ALT": 436, "COMM_NOM": "Romanel-sur-Morges", "COMM_OFS": 5645, "COOR_X": 2528944, "COOR_Y": 1155980, "ETC": "(MBC)", "GO_CENTRE": 0, "ID_STATION": "81054", "LIGNES": "(10.735) (10.736)", "NB_LIGNES": 2, "ST_AFFICHE": 1, "ST_NOM": "Romanel-sur-Morges, Pra-Vuatte", "ST_TYPE": "Régional", "ST_URL": "https://prestations.vd.ch/pub/101587/api/download/2_Cartographie_et_geodonnees/2.1_Carte_des_reseaux/Fiche_des_stations/TP_STA_81054.pdf" }, "geometry": { "type": "Point", "coordinates": [ 6.512121840721402, 46.551316459906914 ] } },
{ "type": "Feature", "properties": { "ALT": 405, "COMM_NOM": "Echandens", "COMM_OFS": 5633, "COOR_X": 2531133, "COOR_Y": 1153601, "ETC": "(MBC)", "GO_CENTRE": 2, "ID_STATION": "88874", "LIGNES": "(10.702)", "NB_LIGNES": 1, "ST_AFFICHE": 1, "ST_NOM": "Echandens, poste", "ST_TYPE": "Urbain", "ST_URL": "https://prestations.vd.ch/pub/101587/api/download/2_Cartographie_et_geodonnees/2.1_Carte_des_reseaux/Fiche_des_stations/TP_STA_88874.pdf" }, "geometry": { "type": "Point", "coordinates": [ 6.541010463151739, 46.530147741405933 ] } },
{ "type": "Feature", "properties": { "ALT": 417, "COMM_NOM": "Bussigny", "COMM_OFS": 5624, "COOR_X": 2531629, "COOR_Y": 1156045, "ETC": "(TL)", "GO_CENTRE": 2, "ID_STATION": "6907", "LIGNES": "(10.035)", "NB_LIGNES": 1, "ST_AFFICHE": 1, "ST_NOM": "Bussigny, Jordil", "ST_TYPE": "Urbain", "ST_URL": "https://prestations.vd.ch/pub/101587/api/download/2_Cartographie_et_geodonnees/2.1_Carte_des_reseaux/Fiche_des_stations/TP_STA_6907.pdf" }, "geometry": { "type": "Point", "coordinates": [ 6.547117425331011, 46.552180905240235 ] } },
{ "type": "Feature", "properties": { "ALT": 415, "COMM_NOM": "Bussigny", "COMM_OFS": 5624, "COOR_X": 2531994, "COOR_Y": 1155455, "ETC": "(MBC)", "GO_CENTRE": 2, "ID_STATION": "95216", "LIGNES": "(10.702) (10.736)", "NB_LIGNES": 2, "ST_AFFICHE": 1, "ST_NOM": "Bussigny, gare sud", "ST_TYPE": "Régional/urbain", "ST_URL": "https://prestations.vd.ch/pub/101587/api/download/2_Cartographie_et_geodonnees/2.1_Carte_des_reseaux/Fiche_des_stations/TP_STA_95216.pdf" }, "geometry": { "type": "Point", "coordinates": [ 6.551955253783214, 46.546916213893709 ] } },
{ "type": "Feature", "properties": { "ALT": 412, "COMM_NOM": "Bussigny", "COMM_OFS": 5624, "COOR_X": 2532193, "COOR_Y": 1155292, "ETC": "(MBC)", "GO_CENTRE": 2, "ID_STATION": "95214", "LIGNES": "(10.702)", "NB_LIGNES": 1, "ST_AFFICHE": 1, "ST_NOM": "Bussigny, Bosquet", "ST_TYPE": "Urbain", "ST_URL": "https://prestations.vd.ch/pub/101587/api/download/2_Cartographie_et_geodonnees/2.1_Carte_des_reseaux/Fiche_des_stations/TP_STA_95214.pdf" }, "geometry": { "type": "Point", "coordinates": [ 6.554582471673279, 46.545468820475506 ] } },
{ "type": "Feature", "properties": { "ALT": 473, "COMM_NOM": "Mex (VD)", "COMM_OFS": 5489, "COOR_X": 2531905, "COOR_Y": 1157607, "ETC": "(TL)", "GO_CENTRE": 0, "ID_STATION": "94270", "LIGNES": "(10.032) (10.056)", "NB_LIGNES": 2, "ST_AFFICHE": 1, "ST_NOM": "Mex VD, Faraz", "ST_TYPE": "Régional/urbain", "ST_URL": "https://prestations.vd.ch/pub/101587/api/download/2_Cartographie_et_geodonnees/2.1_Carte_des_reseaux/Fiche_des_stations/TP_STA_94270.pdf" }, "geometry": { "type": "Point", "coordinates": [ 6.550488170872531, 46.566266220353519 ] } },
{ "type": "Feature", "properties": { "ALT": 561, "COMM_NOM": "Vufflens-la-Ville", "COMM_OFS": 5503, "COOR_X": 2531065, "COOR_Y": 1158813, "ETC": "(TL)", "GO_CENTRE": 0, "ID_STATION": "93781", "LIGNES": "(10.056) (10.058)", "NB_LIGNES": 2, "ST_AFFICHE": 1, "ST_NOM": "Vufflens-la-Ville, église", "ST_TYPE": "Régional", "ST_URL": "https://prestations.vd.ch/pub/101587/api/download/2_Cartographie_et_geodonnees/2.1_Carte_des_reseaux/Fiche_des_stations/TP_STA_93781.pdf" }, "geometry": { "type": "Point", "coordinates": [ 6.539348117914882, 46.577028576760256 ] } },
{ "type": "Feature", "properties": { "ALT": 391, "COMM_NOM": "Saint-Sulpice (VD)", "COMM_OFS": 5648, "COOR_X": 2533386, "COOR_Y": 1152060, "ETC": "(TL)", "GO_CENTRE": 2, "ID_STATION": "92227", "LIGNES": "(10.031) (10.905)", "NB_LIGNES": 2, "ST_AFFICHE": 1, "ST_NOM": "St-Sulpice VD, Pâqueret", "ST_TYPE": "Urbain", "ST_URL": "https://prestations.vd.ch/pub/101587/api/download/2_Cartographie_et_geodonnees/2.1_Carte_des_reseaux/Fiche_des_stations/TP_STA_92227.pdf" }, "geometry": { "type": "Point", "coordinates": [ 6.570599921141885, 46.51651486305844 ] } },
{ "type": "Feature", "properties": { "ALT": 393, "COMM_NOM": "Ecublens (VD)", "COMM_OFS": 5635, "COOR_X": 2533638, "COOR_Y": 1152281, "ETC": "(TL) (MBC)", "GO_CENTRE": 2, "ID_STATION": "91945", "LIGNES": "(10.001) (10.701)", "NB_LIGNES": 2, "ST_AFFICHE": 1, "ST_NOM": "Ecublens VD, Champagne", "ST_TYPE": "Urbain", "ST_URL": "https://prestations.vd.ch/pub/101587/api/download/2_Cartographie_et_geodonnees/2.1_Carte_des_reseaux/Fiche_des_stations/TP_STA_91945.pdf" }, "geometry": { "type": "Point", "coordinates": [ 6.573855003371596, 46.518534727659528 ] } },
{ "type": "Feature", "properties": { "ALT": 402, "COMM_NOM": "Ecublens (VD)", "COMM_OFS": 5635, "COOR_X": 2533074, "COOR_Y": 1154087, "ETC": "(TL)", "GO_CENTRE": 2, "ID_STATION": "91948", "LIGNES": "(10.033) (10.905)", "NB_LIGNES": 2, "ST_AFFICHE": 1, "ST_NOM": "Ecublens VD, Croset", "ST_TYPE": "Urbain", "ST_URL": "https://prestations.vd.ch/pub/101587/api/download/2_Cartographie_et_geodonnees/2.1_Carte_des_reseaux/Fiche_des_stations/TP_STA_91948.pdf" }, "geometry": { "type": "Point", "coordinates": [ 6.566233622343655, 46.534721101678898 ] } },
{ "type": "Feature", "properties": { "ALT": 405, "COMM_NOM": "Chavannes-près-Renens", "COMM_OFS": 5627, "COOR_X": 2533667, "COOR_Y": 1153866, "ETC": "(TL)", "GO_CENTRE": 2, "ID_STATION": "93868", "LIGNES": "(10.031) (10.032) (10.905)", "NB_LIGNES": 3, "ST_AFFICHE": 1, "ST_NOM": "Chavannes-R., Concorde", "ST_TYPE": "Urbain", "ST_URL": "https://prestations.vd.ch/pub/101587/api/download/2_Cartographie_et_geodonnees/2.1_Carte_des_reseaux/Fiche_des_stations/TP_STA_93868.pdf" }, "geometry": { "type": "Point", "coordinates": [ 6.573996113133647, 46.532794793125383 ] } },
{ "type": "Feature", "properties": { "ALT": 469, "COMM_NOM": "Bussigny", "COMM_OFS": 5624, "COOR_X": 2532675, "COOR_Y": 1156403, "ETC": "(TL)", "GO_CENTRE": 2, "ID_STATION": "81916", "LIGNES": "(10.035)", "NB_LIGNES": 1, "ST_AFFICHE": 1, "ST_NOM": "Bussigny, Condémine", "ST_TYPE": "Urbain", "ST_URL": "https://prestations.vd.ch/pub/101587/api/download/2_Cartographie_et_geodonnees/2.1_Carte_des_reseaux/Fiche_des_stations/TP_STA_81916.pdf" }, "geometry": { "type": "Point", "coordinates": [ 6.560697013921989, 46.55551007749326 ] } },
{ "type": "Feature", "properties": { "ALT": 460, "COMM_NOM": "Bussigny", "COMM_OFS": 5624, "COOR_X": 2532763, "COOR_Y": 1156315, "ETC": "(TL)", "GO_CENTRE": 2, "ID_STATION": "94177", "LIGNES": "(10.017) (10.035) (10.904)", "NB_LIGNES": 3, "ST_AFFICHE": 1, "ST_NOM": "Bussigny, Cocagne", "ST_TYPE": "Urbain", "ST_URL": "https://prestations.vd.ch/pub/101587/api/download/2_Cartographie_et_geodonnees/2.1_Carte_des_reseaux/Fiche_des_stations/TP_STA_94177.pdf" }, "geometry": { "type": "Point", "coordinates": [ 6.561861949706835, 46.554730918911488 ] } },
{ "type": "Feature", "properties": { "ALT": 566, "COMM_NOM": "Mex (VD)", "COMM_OFS": 5489, "COOR_X": 2533137, "COOR_Y": 1158725, "ETC": "(TL)", "GO_CENTRE": 0, "ID_STATION": "88850", "LIGNES": "(10.058) (10.904)", "NB_LIGNES": 2, "ST_AFFICHE": 1, "ST_NOM": "Mex VD, Les Esserts", "ST_TYPE": "Régional", "ST_URL": "https://prestations.vd.ch/pub/101587/api/download/2_Cartographie_et_geodonnees/2.1_Carte_des_reseaux/Fiche_des_stations/TP_STA_88850.pdf" }, "geometry": { "type": "Point", "coordinates": [ 6.566387956799241, 46.576448361900965 ] } },
{ "type": "Feature", "properties": { "ALT": 380, "COMM_NOM": "Lausanne", "COMM_OFS": 5586, "COOR_X": 2535577, "COOR_Y": 1152150, "ETC": "(TL)", "GO_CENTRE": 2, "ID_STATION": "95934", "LIGNES": "(10.024)", "NB_LIGNES": 1, "ST_AFFICHE": 1, "ST_NOM": "Lausanne, Siège du CIO", "ST_TYPE": "Urbain", "ST_URL": "https://prestations.vd.ch/pub/101587/api/download/2_Cartographie_et_geodonnees/2.1_Carte_des_reseaux/Fiche_des_stations/TP_STA_95934.pdf" }, "geometry": { "type": "Point", "coordinates": [ 6.59914031937998, 46.517542946354318 ] } },
{ "type": "Feature", "properties": { "ALT": 424, "COMM_NOM": "Prilly", "COMM_OFS": 5589, "COOR_X": 2535846, "COOR_Y": 1152968, "ETC": "(TL)", "GO_CENTRE": 2, "ID_STATION": "1209_2", "LIGNES": "(10.032) (10.033)", "NB_LIGNES": 2, "ST_AFFICHE": 1, "ST_NOM": "Lausanne, Malley", "ST_TYPE": "Urbain", "ST_URL": "https://prestations.vd.ch/pub/101587/api/download/2_Cartographie_et_geodonnees/2.1_Carte_des_reseaux/Fiche_des_stations/TP_STA_1209_2.pdf" }, "geometry": { "type": "Point", "coordinates": [ 6.602525698479814, 46.524922782967664 ] } },
{ "type": "Feature", "properties": { "ALT": 395, "COMM_NOM": "Chavannes-près-Renens", "COMM_OFS": 5627, "COOR_X": 2534310, "COOR_Y": 1153229, "ETC": "(TL)", "GO_CENTRE": 2, "ID_STATION": "95602", "LIGNES": "(10.025) (10.905)", "NB_LIGNES": 2, "ST_AFFICHE": 1, "ST_NOM": "Chavannes-R., Dorigny", "ST_TYPE": "Urbain", "ST_URL": "https://prestations.vd.ch/pub/101587/api/download/2_Cartographie_et_geodonnees/2.1_Carte_des_reseaux/Fiche_des_stations/TP_STA_95602.pdf" }, "geometry": { "type": "Point", "coordinates": [ 6.582468240487688, 46.527125768507538 ] } },
{ "type": "Feature", "properties": { "ALT": 404, "COMM_NOM": "Chavannes-près-Renens", "COMM_OFS": 5627, "COOR_X": 2534387, "COOR_Y": 1153398, "ETC": "(TL)", "GO_CENTRE": 2, "ID_STATION": "10422", "LIGNES": "(10.025)", "NB_LIGNES": 1, "ST_AFFICHE": 1, "ST_NOM": "Chavannes-R., Talluchet", "ST_TYPE": "Urbain", "ST_URL": "https://prestations.vd.ch/pub/101587/api/download/2_Cartographie_et_geodonnees/2.1_Carte_des_reseaux/Fiche_des_stations/TP_STA_10422.pdf" }, "geometry": { "type": "Point", "coordinates": [ 6.583446355314049, 46.528651935053354 ] } },
{ "type": "Feature", "properties": { "ALT": 431, "COMM_NOM": "Renens (VD)", "COMM_OFS": 5591, "COOR_X": 2534403, "COOR_Y": 1154741, "ETC": "(TL)", "GO_CENTRE": 2, "ID_STATION": "92201", "LIGNES": "(10.038) (10.904)", "NB_LIGNES": 2, "ST_AFFICHE": 1, "ST_NOM": "Renens VD, 1er Mai", "ST_TYPE": "Urbain", "ST_URL": "https://prestations.vd.ch/pub/101587/api/download/2_Cartographie_et_geodonnees/2.1_Carte_des_reseaux/Fiche_des_stations/TP_STA_92201.pdf" }, "geometry": { "type": "Point", "coordinates": [ 6.583472494777014, 46.540731451408163 ] } },
{ "type": "Feature", "properties": { "ALT": 420, "COMM_NOM": "Renens (VD)", "COMM_OFS": 5591, "COOR_X": 2534409, "COOR_Y": 1154463, "ETC": "(TL)", "GO_CENTRE": 2, "ID_STATION": "92202", "LIGNES": "(10.017) (10.019) (10.032) (10.038) (10.904)", "NB_LIGNES": 5, "ST_AFFICHE": 1, "ST_NOM": "Renens VD, Avenir", "ST_TYPE": "Urbain", "ST_URL": "https://prestations.vd.ch/pub/101587/api/download/2_Cartographie_et_geodonnees/2.1_Carte_des_reseaux/Fiche_des_stations/TP_STA_92202.pdf" }, "geometry": { "type": "Point", "coordinates": [ 6.583583930394648, 46.538237817812643 ] } },
{ "type": "Feature", "properties": { "ALT": 473, "COMM_NOM": "Renens (VD)", "COMM_OFS": 5591, "COOR_X": 2535182, "COOR_Y": 1154760, "ETC": "(TL)", "GO_CENTRE": 2, "ID_STATION": "92222", "LIGNES": "(10.018)", "NB_LIGNES": 1, "ST_AFFICHE": 1, "ST_NOM": "Renens VD, Sur-la-Croix", "ST_TYPE": "Urbain", "ST_URL": "https://prestations.vd.ch/pub/101587/api/download/2_Cartographie_et_geodonnees/2.1_Carte_des_reseaux/Fiche_des_stations/TP_STA_92222.pdf" }, "geometry": { "type": "Point", "coordinates": [ 6.59361995223115, 46.540979672234847 ] } },
{ "type": "Feature", "properties": { "ALT": 425, "COMM_NOM": "Lausanne", "COMM_OFS": 5586, "COOR_X": 2536122, "COOR_Y": 1152866, "ETC": "(TL)", "GO_CENTRE": 2, "ID_STATION": "92105", "LIGNES": "(10.016)", "NB_LIGNES": 1, "ST_AFFICHE": 1, "ST_NOM": "Lausanne, Provence nord", "ST_TYPE": "Urbain", "ST_URL": "https://prestations.vd.ch/pub/101587/api/download/2_Cartographie_et_geodonnees/2.1_Carte_des_reseaux/Fiche_des_stations/TP_STA_92105.pdf" }, "geometry": { "type": "Point", "coordinates": [ 6.606131066127789, 46.524037684089308 ] } },
{ "type": "Feature", "properties": { "ALT": 445, "COMM_NOM": "Lausanne", "COMM_OFS": 5586, "COOR_X": 2536272, "COOR_Y": 1152616, "ETC": "(TL)", "GO_CENTRE": 2, "ID_STATION": "92106", "LIGNES": "(10.016)", "NB_LIGNES": 1, "ST_AFFICHE": 1, "ST_NOM": "Lausanne, Provence sud", "ST_TYPE": "Urbain", "ST_URL": "https://prestations.vd.ch/pub/101587/api/download/2_Cartographie_et_geodonnees/2.1_Carte_des_reseaux/Fiche_des_stations/TP_STA_92106.pdf" }, "geometry": { "type": "Point", "coordinates": [ 6.608121194845615, 46.521795840120518 ] } },
{ "type": "Feature", "properties": { "ALT": 460, "COMM_NOM": "Lausanne", "COMM_OFS": 5586, "COOR_X": 2536851, "COOR_Y": 1152799, "ETC": "(TL)", "GO_CENTRE": 2, "ID_STATION": "92036", "LIGNES": "(10.017)", "NB_LIGNES": 1, "ST_AFFICHE": 1, "ST_NOM": "Lausanne, Ecole des Métiers", "ST_TYPE": "Urbain", "ST_URL": "https://prestations.vd.ch/pub/101587/api/download/2_Cartographie_et_geodonnees/2.1_Carte_des_reseaux/Fiche_des_stations/TP_STA_92036.pdf" }, "geometry": { "type": "Point", "coordinates": [ 6.615645167279683, 46.523501670693918 ] } },
{ "type": "Feature", "properties": { "ALT": 425, "COMM_NOM": "Lausanne", "COMM_OFS": 5586, "COOR_X": 2537098, "COOR_Y": 1152050, "ETC": "(TL)", "GO_CENTRE": 2, "ID_STATION": "92046", "LIGNES": "(10.006)", "NB_LIGNES": 1, "ST_AFFICHE": 1, "ST_NOM": "Lausanne, Fontenay", "ST_TYPE": "Urbain", "ST_URL": "https://prestations.vd.ch/pub/101587/api/download/2_Cartographie_et_geodonnees/2.1_Carte_des_reseaux/Fiche_des_stations/TP_STA_92046.pdf" }, "geometry": { "type": "Point", "coordinates": [ 6.618964400941676, 46.516787393570787 ] } },
{ "type": "Feature", "properties": { "ALT": 491, "COMM_NOM": "Lausanne", "COMM_OFS": 5586, "COOR_X": 2537389, "COOR_Y": 1152824, "ETC": "(TL)", "GO_CENTRE": 2, "ID_STATION": "92001_1", "LIGNES": "(10.007) (10.018) (10.019) (10.904)", "NB_LIGNES": 4, "ST_AFFICHE": 1, "ST_NOM": "Lausanne, Boston", "ST_TYPE": "Urbain", "ST_URL": "https://prestations.vd.ch/pub/101587/api/download/2_Cartographie_et_geodonnees/2.1_Carte_des_reseaux/Fiche_des_stations/TP_STA_92001_1.pdf" }, "geometry": { "type": "Point", "coordinates": [ 6.622651176747763, 46.523775956146025 ] } },
{ "type": "Feature", "properties": { "ALT": 409, "COMM_NOM": "Lausanne", "COMM_OFS": 5586, "COOR_X": 2537611, "COOR_Y": 1151574, "ETC": "(TL)", "GO_CENTRE": 2, "ID_STATION": "92024", "LIGNES": "(10.001)", "NB_LIGNES": 1, "ST_AFFICHE": 1, "ST_NOM": "Lausanne, Cour", "ST_TYPE": "Urbain", "ST_URL": "https://prestations.vd.ch/pub/101587/api/download/2_Cartographie_et_geodonnees/2.1_Carte_des_reseaux/Fiche_des_stations/TP_STA_92024.pdf" }, "geometry": { "type": "Point", "coordinates": [ 6.625721022891007, 46.512557692256202 ] } },
{ "type": "Feature", "properties": { "ALT": 513, "COMM_NOM": "Lausanne", "COMM_OFS": 5586, "COOR_X": 2537626, "COOR_Y": 1152952, "ETC": "(TL)", "GO_CENTRE": 2, "ID_STATION": "92120", "LIGNES": "(10.003) (10.004) (10.020) (10.021)", "NB_LIGNES": 4, "ST_AFFICHE": 1, "ST_NOM": "Lausanne, St-Roch", "ST_TYPE": "Urbain", "ST_URL": "https://prestations.vd.ch/pub/101587/api/download/2_Cartographie_et_geodonnees/2.1_Carte_des_reseaux/Fiche_des_stations/TP_STA_92120.pdf" }, "geometry": { "type": "Point", "coordinates": [ 6.625726070345255, 46.524948044748804 ] } },
{ "type": "Feature", "properties": { "ALT": 532, "COMM_NOM": "Lausanne", "COMM_OFS": 5586, "COOR_X": 2537639, "COOR_Y": 1153216, "ETC": "(TL)", "GO_CENTRE": 2, "ID_STATION": "92060_1", "LIGNES": "(10.002) (10.021) (10.901)", "NB_LIGNES": 3, "ST_AFFICHE": 1, "ST_NOM": "Lausanne, Beaulieu-Jomini", "ST_TYPE": "Urbain", "ST_URL": "https://prestations.vd.ch/pub/101587/api/download/2_Cartographie_et_geodonnees/2.1_Carte_des_reseaux/Fiche_des_stations/TP_STA_92060_1.pdf" }, "geometry": { "type": "Point", "coordinates": [ 6.625859121205871, 46.527329451111605 ] } },
{ "type": "Feature", "properties": { "ALT": 534, "COMM_NOM": "Lausanne", "COMM_OFS": 5586, "COOR_X": 2536691, "COOR_Y": 1154036, "ETC": "(TL)", "GO_CENTRE": 2, "ID_STATION": "91993", "LIGNES": "(10.004)", "NB_LIGNES": 1, "ST_AFFICHE": 1, "ST_NOM": "Lausanne, Béthanie", "ST_TYPE": "Urbain", "ST_URL": "https://prestations.vd.ch/pub/101587/api/download/2_Cartographie_et_geodonnees/2.1_Carte_des_reseaux/Fiche_des_stations/TP_STA_91993.pdf" }, "geometry": { "type": "Point", "coordinates": [ 6.613389156329783, 46.534610519808446 ] } },
{ "type": "Feature", "properties": { "ALT": 536, "COMM_NOM": "Lausanne", "COMM_OFS": 5586, "COOR_X": 2537110, "COOR_Y": 1153577, "ETC": "(TL)", "GO_CENTRE": 2, "ID_STATION": "91992", "LIGNES": "(10.002) (10.021) (10.901)", "NB_LIGNES": 3, "ST_AFFICHE": 1, "ST_NOM": "Lausanne, Bergières", "ST_TYPE": "Urbain", "ST_URL": "https://prestations.vd.ch/pub/101587/api/download/2_Cartographie_et_geodonnees/2.1_Carte_des_reseaux/Fiche_des_stations/TP_STA_91992.pdf" }, "geometry": { "type": "Point", "coordinates": [ 6.618911734598037, 46.530525420032873 ] } },
{ "type": "Feature", "properties": { "ALT": 606, "COMM_NOM": "Lausanne", "COMM_OFS": 5586, "COOR_X": 2537116, "COOR_Y": 1154256, "ETC": "(TL)", "GO_CENTRE": 2, "ID_STATION": "92056", "LIGNES": "(10.021) (10.901)", "NB_LIGNES": 2, "ST_AFFICHE": 1, "ST_NOM": "Lausanne, Grattapaille", "ST_TYPE": "Urbain", "ST_URL": "https://prestations.vd.ch/pub/101587/api/download/2_Cartographie_et_geodonnees/2.1_Carte_des_reseaux/Fiche_des_stations/TP_STA_92056.pdf" }, "geometry": { "type": "Point", "coordinates": [ 6.618896166147724, 46.536628279664065 ] } },
{ "type": "Feature", "properties": { "ALT": 601, "COMM_NOM": "Lausanne", "COMM_OFS": 5586, "COOR_X": 2537476, "COOR_Y": 1154210, "ETC": "(TL)", "GO_CENTRE": 2, "ID_STATION": "92088", "LIGNES": "(10.001) (10.020) (10.901)", "NB_LIGNES": 3, "ST_AFFICHE": 1, "ST_NOM": "Lausanne, Parc Vélodrome", "ST_TYPE": "Urbain", "ST_URL": "https://prestations.vd.ch/pub/101587/api/download/2_Cartographie_et_geodonnees/2.1_Carte_des_reseaux/Fiche_des_stations/TP_STA_92088.pdf" }, "geometry": { "type": "Point", "coordinates": [ 6.623593826688123, 46.536254963876502 ] } },
{ "type": "Feature", "properties": { "ALT": 398, "COMM_NOM": "Lausanne", "COMM_OFS": 5586, "COOR_X": 2538621, "COOR_Y": 1151050, "ETC": "(TL)", "GO_CENTRE": 2, "ID_STATION": "92029", "LIGNES": "(10.021)", "NB_LIGNES": 1, "ST_AFFICHE": 1, "ST_NOM": "Lausanne, Denantou", "ST_TYPE": "Urbain", "ST_URL": "https://prestations.vd.ch/pub/101587/api/download/2_Cartographie_et_geodonnees/2.1_Carte_des_reseaux/Fiche_des_stations/TP_STA_92029.pdf" }, "geometry": { "type": "Point", "coordinates": [ 6.638939292895952, 46.507929717878973 ] } },
{ "type": "Feature", "properties": { "ALT": 382, "COMM_NOM": "Pully", "COMM_OFS": 5590, "COOR_X": 2538900, "COOR_Y": 1150896, "ETC": "(TL)", "GO_CENTRE": 2, "ID_STATION": "92197", "LIGNES": "(10.021)", "NB_LIGNES": 1, "ST_AFFICHE": 1, "ST_NOM": "Pully, Tour Haldimand", "ST_TYPE": "Urbain", "ST_URL": "https://prestations.vd.ch/pub/101587/api/download/2_Cartographie_et_geodonnees/2.1_Carte_des_reseaux/Fiche_des_stations/TP_STA_92197.pdf" }, "geometry": { "type": "Point", "coordinates": [ 6.642597123174864, 46.506576047539646 ] } },
{ "type": "Feature", "properties": { "ALT": 448, "COMM_NOM": "Lausanne", "COMM_OFS": 5586, "COOR_X": 2537903, "COOR_Y": 1152108, "ETC": "(CarPostal)", "GO_CENTRE": 2, "ID_STATION": "92050_2", "LIGNES": "(10.362) (10.365) (10.369)", "NB_LIGNES": 3, "ST_AFFICHE": 1, "ST_NOM": "Lausanne, gare", "ST_TYPE": "Régional", "ST_URL": "https://prestations.vd.ch/pub/101587/api/download/2_Cartographie_et_geodonnees/2.1_Carte_des_reseaux/Fiche_des_stations/TP_STA_92050_2.pdf" }, "geometry": { "type": "Point", "coordinates": [ 6.62945342730893, 46.517383997262293 ] } },
{ "type": "Feature", "properties": { "ALT": 504, "COMM_NOM": "Lausanne", "COMM_OFS": 5586, "COOR_X": 2538049, "COOR_Y": 1152759, "ETC": "(TL) (CarPostal)", "GO_CENTRE": 2, "ID_STATION": "90442_2", "LIGNES": "(10.001) (10.002) (10.362) (10.365) (10.369)", "NB_LIGNES": 5, "ST_AFFICHE": 1, "ST_NOM": "Lausanne, Riponne-M. Béjart", "ST_TYPE": "Régional/urbain", "ST_URL": "https://prestations.vd.ch/pub/101587/api/download/2_Cartographie_et_geodonnees/2.1_Carte_des_reseaux/Fiche_des_stations/TP_STA_90442_2.pdf" }, "geometry": { "type": "Point", "coordinates": [ 6.631269513606708, 46.523256496644272 ] } },
{ "type": "Feature", "properties": { "ALT": 516, "COMM_NOM": "Lausanne", "COMM_OFS": 5586, "COOR_X": 2538306, "COOR_Y": 1153073, "ETC": "(TL)", "GO_CENTRE": 2, "ID_STATION": "4176_4", "LIGNES": "(10.008) (10.018) (10.060)", "NB_LIGNES": 3, "ST_AFFICHE": 1, "ST_NOM": "Lausanne, Tunnel", "ST_TYPE": "Régional/urbain", "ST_URL": "https://prestations.vd.ch/pub/101587/api/download/2_Cartographie_et_geodonnees/2.1_Carte_des_reseaux/Fiche_des_stations/TP_STA_4176_4.pdf" }, "geometry": { "type": "Point", "coordinates": [ 6.634565418955911, 46.526098679724306 ] } },
{ "type": "Feature", "properties": { "ALT": 461, "COMM_NOM": "Lausanne", "COMM_OFS": 5586, "COOR_X": 2538319, "COOR_Y": 1152055, "ETC": "(TL)", "GO_CENTRE": 2, "ID_STATION": "92072", "LIGNES": "(10.001) (10.002) (10.021) (10.901) (10.902) (10.903) (10.904)", "NB_LIGNES": 7, "ST_AFFICHE": 1, "ST_NOM": "Lausanne, Mirabeau", "ST_TYPE": "Urbain", "ST_URL": "https://prestations.vd.ch/pub/101587/api/download/2_Cartographie_et_geodonnees/2.1_Carte_des_reseaux/Fiche_des_stations/TP_STA_92072.pdf" }, "geometry": { "type": "Point", "coordinates": [ 6.63487622237717, 46.516943024093571 ] } },
{ "type": "Feature", "properties": { "ALT": 564, "COMM_NOM": "Lausanne", "COMM_OFS": 5586, "COOR_X": 2539221, "COOR_Y": 1152570, "ETC": "(TL)", "GO_CENTRE": 2, "ID_STATION": "88431", "LIGNES": "(10.006) (10.007) (10.903) (10.906)", "NB_LIGNES": 4, "ST_AFFICHE": 1, "ST_NOM": "Lausanne, Béthusy", "ST_TYPE": "Urbain", "ST_URL": "https://prestations.vd.ch/pub/101587/api/download/2_Cartographie_et_geodonnees/2.1_Carte_des_reseaux/Fiche_des_stations/TP_STA_88431.pdf" }, "geometry": { "type": "Point", "coordinates": [ 6.646558714288425, 46.521660421824613 ] } },
{ "type": "Feature", "properties": { "ALT": 520, "COMM_NOM": "Lausanne", "COMM_OFS": 5586, "COOR_X": 2539375, "COOR_Y": 1152066, "ETC": "(TL)", "GO_CENTRE": 2, "ID_STATION": "92045", "LIGNES": "(10.013)", "NB_LIGNES": 1, "ST_AFFICHE": 1, "ST_NOM": "Lausanne, Floreyres", "ST_TYPE": "Urbain", "ST_URL": "https://prestations.vd.ch/pub/101587/api/download/2_Cartographie_et_geodonnees/2.1_Carte_des_reseaux/Fiche_des_stations/TP_STA_92045.pdf" }, "geometry": { "type": "Point", "coordinates": [ 6.648634831001107, 46.517141857490813 ] } },
{ "type": "Feature", "properties": { "ALT": 535, "COMM_NOM": "Lausanne", "COMM_OFS": 5586, "COOR_X": 2539468, "COOR_Y": 1152170, "ETC": "(TL)", "GO_CENTRE": 2, "ID_STATION": "92129", "LIGNES": "(10.013)", "NB_LIGNES": 1, "ST_AFFICHE": 1, "ST_NOM": "Lausanne, Verdeil", "ST_TYPE": "Urbain", "ST_URL": "https://prestations.vd.ch/pub/101587/api/download/2_Cartographie_et_geodonnees/2.1_Carte_des_reseaux/Fiche_des_stations/TP_STA_92129.pdf" }, "geometry": { "type": "Point", "coordinates": [ 6.649833872611271, 46.518088247749539 ] } },
{ "type": "Feature", "properties": { "ALT": 536, "COMM_NOM": "Lausanne", "COMM_OFS": 5586, "COOR_X": 2538107, "COOR_Y": 1153484, "ETC": "(TL)", "GO_CENTRE": 2, "ID_STATION": "92053", "LIGNES": "(10.008) (10.016) (10.018)", "NB_LIGNES": 3, "ST_AFFICHE": 1, "ST_NOM": "Lausanne, Grande-Borde", "ST_TYPE": "Urbain", "ST_URL": "https://prestations.vd.ch/pub/101587/api/download/2_Cartographie_et_geodonnees/2.1_Carte_des_reseaux/Fiche_des_stations/TP_STA_92053.pdf" }, "geometry": { "type": "Point", "coordinates": [ 6.631927282928748, 46.529776519471653 ] } },
{ "type": "Feature", "properties": { "ALT": 627, "COMM_NOM": "Lausanne", "COMM_OFS": 5586, "COOR_X": 2538289, "COOR_Y": 1154744, "ETC": "(TL)", "GO_CENTRE": 2, "ID_STATION": "92089", "LIGNES": "(10.018)", "NB_LIGNES": 1, "ST_AFFICHE": 1, "ST_NOM": "Lausanne, Pavement", "ST_TYPE": "Urbain", "ST_URL": "https://prestations.vd.ch/pub/101587/api/download/2_Cartographie_et_geodonnees/2.1_Carte_des_reseaux/Fiche_des_stations/TP_STA_92089.pdf" }, "geometry": { "type": "Point", "coordinates": [ 6.634120855561625, 46.541127094616122 ] } },
{ "type": "Feature", "properties": { "ALT": 648, "COMM_NOM": "Lausanne", "COMM_OFS": 5586, "COOR_X": 2538452, "COOR_Y": 1154807, "ETC": "(TL)", "GO_CENTRE": 2, "ID_STATION": "92092", "LIGNES": "(10.018)", "NB_LIGNES": 1, "ST_AFFICHE": 1, "ST_NOM": "Lausanne, Piécettes", "ST_TYPE": "Urbain", "ST_URL": "https://prestations.vd.ch/pub/101587/api/download/2_Cartographie_et_geodonnees/2.1_Carte_des_reseaux/Fiche_des_stations/TP_STA_92092.pdf" }, "geometry": { "type": "Point", "coordinates": [ 6.63624513745161, 46.541708976054736 ] } },
{ "type": "Feature", "properties": { "ALT": 616, "COMM_NOM": "Lausanne", "COMM_OFS": 5586, "COOR_X": 2538543, "COOR_Y": 1153778, "ETC": "(TL)", "GO_CENTRE": 2, "ID_STATION": "92067", "LIGNES": "(10.016)", "NB_LIGNES": 1, "ST_AFFICHE": 1, "ST_NOM": "Lausanne, Lisière", "ST_TYPE": "Urbain", "ST_URL": "https://prestations.vd.ch/pub/101587/api/download/2_Cartographie_et_geodonnees/2.1_Carte_des_reseaux/Fiche_des_stations/TP_STA_92067.pdf" }, "geometry": { "type": "Point", "coordinates": [ 6.637561924181436, 46.532461573038816 ] } },
{ "type": "Feature", "properties": { "ALT": 638, "COMM_NOM": "Lausanne", "COMM_OFS": 5586, "COOR_X": 2538762, "COOR_Y": 1153786, "ETC": "(TL)", "GO_CENTRE": 2, "ID_STATION": "92115", "LIGNES": "(10.016)", "NB_LIGNES": 1, "ST_AFFICHE": 1, "ST_NOM": "Lausanne, Signal", "ST_TYPE": "Urbain", "ST_URL": "https://prestations.vd.ch/pub/101587/api/download/2_Cartographie_et_geodonnees/2.1_Carte_des_reseaux/Fiche_des_stations/TP_STA_92115.pdf" }, "geometry": { "type": "Point", "coordinates": [ 6.640418505077021, 46.532554140959704 ] } },
{ "type": "Feature", "properties": { "ALT": 635, "COMM_NOM": "Lausanne", "COMM_OFS": 5586, "COOR_X": 2538823, "COOR_Y": 1154638, "ETC": "(TL)", "GO_CENTRE": 2, "ID_STATION": "92137", "LIGNES": "(10.016)", "NB_LIGNES": 1, "ST_AFFICHE": 1, "ST_NOM": "Lausanne, Cascades", "ST_TYPE": "Urbain", "ST_URL": "https://prestations.vd.ch/pub/101587/api/download/2_Cartographie_et_geodonnees/2.1_Carte_des_reseaux/Fiche_des_stations/TP_STA_92137.pdf" }, "geometry": { "type": "Point", "coordinates": [ 6.641105456660336, 46.540225736686033 ] } },
{ "type": "Feature", "properties": { "ALT": 616, "COMM_NOM": "Lausanne", "COMM_OFS": 5586, "COOR_X": 2539293, "COOR_Y": 1153826, "ETC": "(TL) (CarPostal)", "GO_CENTRE": 2, "ID_STATION": "79238_1", "LIGNES": "(10.006) (10.041) (10.042) (10.902) (10.903) (10.360) (10.365) (10.369)", "NB_LIGNES": 8, "ST_AFFICHE": 1, "ST_NOM": "Lausanne, Sallaz", "ST_TYPE": "Régional/urbain", "ST_URL": "https://prestations.vd.ch/pub/101587/api/download/2_Cartographie_et_geodonnees/2.1_Carte_des_reseaux/Fiche_des_stations/TP_STA_79238_1.pdf" }, "geometry": { "type": "Point", "coordinates": [ 6.647335529363827, 46.532963116562442 ] } },
{ "type": "Feature", "properties": { "ALT": 696, "COMM_NOM": "Le Mont-sur-Lausanne", "COMM_OFS": 5587, "COOR_X": 2538220, "COOR_Y": 1157193, "ETC": "(TL)", "GO_CENTRE": 2, "ID_STATION": "4177_2", "LIGNES": "(10.008) (10.054) (10.901)", "NB_LIGNES": 3, "ST_AFFICHE": 1, "ST_NOM": "Le Mont-sur-L., Grand-Mont", "ST_TYPE": "Régional/urbain", "ST_URL": "https://prestations.vd.ch/pub/101587/api/download/2_Cartographie_et_geodonnees/2.1_Carte_des_reseaux/Fiche_des_stations/TP_STA_4177_2.pdf" }, "geometry": { "type": "Point", "coordinates": [ 6.632891822678022, 46.56315049326988 ] } },
{ "type": "Feature", "properties": { "ALT": 705, "COMM_NOM": "Le Mont-sur-Lausanne", "COMM_OFS": 5587, "COOR_X": 2538319, "COOR_Y": 1157539, "ETC": "(TL)", "GO_CENTRE": 2, "ID_STATION": "92141", "LIGNES": "(10.054) (10.060)", "NB_LIGNES": 2, "ST_AFFICHE": 1, "ST_NOM": "Le Mont-sur-L., Etavez", "ST_TYPE": "Régional", "ST_URL": "https://prestations.vd.ch/pub/101587/api/download/2_Cartographie_et_geodonnees/2.1_Carte_des_reseaux/Fiche_des_stations/TP_STA_92141.pdf" }, "geometry": { "type": "Point", "coordinates": [ 6.634138130256015, 46.566278461133052 ] } },
{ "type": "Feature", "properties": { "ALT": 393, "COMM_NOM": "Paudex", "COMM_OFS": 5588, "COOR_X": 2541232, "COOR_Y": 1150878, "ETC": "(TL)", "GO_CENTRE": 2, "ID_STATION": "92169", "LIGNES": "(10.009) (10.906)", "NB_LIGNES": 2, "ST_AFFICHE": 1, "ST_NOM": "Paudex, village", "ST_TYPE": "Urbain", "ST_URL": "https://prestations.vd.ch/pub/101587/api/download/2_Cartographie_et_geodonnees/2.1_Carte_des_reseaux/Fiche_des_stations/TP_STA_92169.pdf" }, "geometry": { "type": "Point", "coordinates": [ 6.672988279138872, 46.506621507288706 ] } },
{ "type": "Feature", "properties": { "ALT": 568, "COMM_NOM": "Pully", "COMM_OFS": 5590, "COOR_X": 2540395, "COOR_Y": 1152566, "ETC": "(TL)", "GO_CENTRE": 2, "ID_STATION": "88434", "LIGNES": "(10.007) (10.048) (10.906)", "NB_LIGNES": 3, "ST_AFFICHE": 1, "ST_NOM": "Pully, Rosiaz", "ST_TYPE": "Urbain", "ST_URL": "https://prestations.vd.ch/pub/101587/api/download/2_Cartographie_et_geodonnees/2.1_Carte_des_reseaux/Fiche_des_stations/TP_STA_88434.pdf" }, "geometry": { "type": "Point", "coordinates": [ 6.661856691237558, 46.521726658935279 ] } },
{ "type": "Feature", "properties": { "ALT": 449, "COMM_NOM": "Pully", "COMM_OFS": 5590, "COOR_X": 2540789, "COOR_Y": 1151459, "ETC": "(TL)", "GO_CENTRE": 2, "ID_STATION": "93850", "LIGNES": "(10.049)", "NB_LIGNES": 1, "ST_AFFICHE": 1, "ST_NOM": "Pully, Caudoz", "ST_TYPE": "Urbain", "ST_URL": "https://prestations.vd.ch/pub/101587/api/download/2_Cartographie_et_geodonnees/2.1_Carte_des_reseaux/Fiche_des_stations/TP_STA_93850.pdf" }, "geometry": { "type": "Point", "coordinates": [ 6.667133394078704, 46.511812107188547 ] } },
{ "type": "Feature", "properties": { "ALT": 586, "COMM_NOM": "Pully", "COMM_OFS": 5590, "COOR_X": 2541245, "COOR_Y": 1153149, "ETC": "(TL)", "GO_CENTRE": 0, "ID_STATION": "88435", "LIGNES": "(10.047) (10.952) (10.906)", "NB_LIGNES": 3, "ST_AFFICHE": 1, "ST_NOM": "Pully, Chenaulaz", "ST_TYPE": "Urbain", "ST_URL": "https://prestations.vd.ch/pub/101587/api/download/2_Cartographie_et_geodonnees/2.1_Carte_des_reseaux/Fiche_des_stations/TP_STA_88435.pdf" }, "geometry": { "type": "Point", "coordinates": [ 6.672858274082996, 46.527047412153983 ] } },
{ "type": "Feature", "properties": { "ALT": 692, "COMM_NOM": "Lausanne", "COMM_OFS": 5586, "COOR_X": 2540796, "COOR_Y": 1154323, "ETC": "(TL)", "GO_CENTRE": 2, "ID_STATION": "92101", "LIGNES": "(10.006) (10.041) (10.903) (10.959)", "NB_LIGNES": 4, "ST_AFFICHE": 1, "ST_NOM": "Lausanne, Praz-Séchaud", "ST_TYPE": "Urbain", "ST_URL": "https://prestations.vd.ch/pub/101587/api/download/2_Cartographie_et_geodonnees/2.1_Carte_des_reseaux/Fiche_des_stations/TP_STA_92101.pdf" }, "geometry": { "type": "Point", "coordinates": [ 6.666862390835393, 46.537568670690497 ] } },
{ "type": "Feature", "properties": { "ALT": 798, "COMM_NOM": "Epalinges", "COMM_OFS": 5584, "COOR_X": 2540708, "COOR_Y": 1156151, "ETC": "(TL)", "GO_CENTRE": 0, "ID_STATION": "91969", "LIGNES": "(10.044) (10.046)", "NB_LIGNES": 2, "ST_AFFICHE": 1, "ST_NOM": "Epalinges, Polny", "ST_TYPE": "Urbain", "ST_URL": "https://prestations.vd.ch/pub/101587/api/download/2_Cartographie_et_geodonnees/2.1_Carte_des_reseaux/Fiche_des_stations/TP_STA_91969.pdf" }, "geometry": { "type": "Point", "coordinates": [ 6.665484406009542, 46.554003468231294 ] } },
{ "type": "Feature", "properties": { "ALT": 387, "COMM_NOM": "Lutry", "COMM_OFS": 5606, "COOR_X": 2542107, "COOR_Y": 1150661, "ETC": "(TL)", "GO_CENTRE": 2, "ID_STATION": "92163", "LIGNES": "(10.954)", "NB_LIGNES": 1, "ST_AFFICHE": 1, "ST_NOM": "Lutry, Taillepied", "ST_TYPE": "Urbain", "ST_URL": "https://prestations.vd.ch/pub/101587/api/download/2_Cartographie_et_geodonnees/2.1_Carte_des_reseaux/Fiche_des_stations/TP_STA_92163.pdf" }, "geometry": { "type": "Point", "coordinates": [ 6.684409250442987, 46.5047427012545 ] } },
{ "type": "Feature", "properties": { "ALT": 379, "COMM_NOM": "Lutry", "COMM_OFS": 5606, "COOR_X": 2542539, "COOR_Y": 1150268, "ETC": "(TL)", "GO_CENTRE": 2, "ID_STATION": "92160", "LIGNES": "(10.009) (10.954)", "NB_LIGNES": 2, "ST_AFFICHE": 1, "ST_NOM": "Lutry, Rive", "ST_TYPE": "Urbain", "ST_URL": "https://prestations.vd.ch/pub/101587/api/download/2_Cartographie_et_geodonnees/2.1_Carte_des_reseaux/Fiche_des_stations/TP_STA_92160.pdf" }, "geometry": { "type": "Point", "coordinates": [ 6.690091348885966, 46.50124384602691 ] } },
{ "type": "Feature", "properties": { "ALT": 447, "COMM_NOM": "Belmont-sur-Lausanne", "COMM_OFS": 5581, "COOR_X": 2541287, "COOR_Y": 1151712, "ETC": "(TL)", "GO_CENTRE": 2, "ID_STATION": "93795", "LIGNES": "(10.049)", "NB_LIGNES": 1, "ST_AFFICHE": 1, "ST_NOM": "Belmont-sur-L., Chaffeises", "ST_TYPE": "Urbain", "ST_URL": "https://prestations.vd.ch/pub/101587/api/download/2_Cartographie_et_geodonnees/2.1_Carte_des_reseaux/Fiche_des_stations/TP_STA_93795.pdf" }, "geometry": { "type": "Point", "coordinates": [ 6.673589226732284, 46.51412538408028 ] } },
{ "type": "Feature", "properties": { "ALT": 500, "COMM_NOM": "Lutry", "COMM_OFS": 5606, "COOR_X": 2541636, "COOR_Y": 1151562, "ETC": "(TL)", "GO_CENTRE": 2, "ID_STATION": "91976", "LIGNES": "(10.068) (10.954) (10.906)", "NB_LIGNES": 3, "ST_AFFICHE": 1, "ST_NOM": "La Conversion, gare", "ST_TYPE": "Urbain", "ST_URL": "https://prestations.vd.ch/pub/101587/api/download/2_Cartographie_et_geodonnees/2.1_Carte_des_reseaux/Fiche_des_stations/TP_STA_91976.pdf" }, "geometry": { "type": "Point", "coordinates": [ 6.678160449340568, 46.512811696714287 ] } },
{ "type": "Feature", "properties": { "ALT": 522, "COMM_NOM": "Lutry", "COMM_OFS": 5606, "COOR_X": 2542212, "COOR_Y": 1151547, "ETC": "(TL)", "GO_CENTRE": 2, "ID_STATION": "92157", "LIGNES": "(10.068) (10.954)", "NB_LIGNES": 2, "ST_AFFICHE": 1, "ST_NOM": "Lutry, Marionnettes", "ST_TYPE": "Urbain", "ST_URL": "https://prestations.vd.ch/pub/101587/api/download/2_Cartographie_et_geodonnees/2.1_Carte_des_reseaux/Fiche_des_stations/TP_STA_92157.pdf" }, "geometry": { "type": "Point", "coordinates": [ 6.685659653567775, 46.512722374604209 ] } },
{ "type": "Feature", "properties": { "ALT": 680, "COMM_NOM": "Lutry", "COMM_OFS": 5606, "COOR_X": 2542801, "COOR_Y": 1152232, "ETC": "(TL)", "GO_CENTRE": 2, "ID_STATION": "9477", "LIGNES": "(10.954)", "NB_LIGNES": 1, "ST_AFFICHE": 1, "ST_NOM": "Lutry, Crêt-Ministre", "ST_TYPE": "Urbain", "ST_URL": "https://prestations.vd.ch/pub/101587/api/download/2_Cartographie_et_geodonnees/2.1_Carte_des_reseaux/Fiche_des_stations/TP_STA_9477.pdf" }, "geometry": { "type": "Point", "coordinates": [ 6.693261172165702, 46.518933980102744 ] } },
{ "type": "Feature", "properties": { "ALT": 834, "COMM_NOM": "Epalinges", "COMM_OFS": 5584, "COOR_X": 2541415, "COOR_Y": 1156470, "ETC": "(TL)", "GO_CENTRE": 0, "ID_STATION": "93824", "LIGNES": "(10.959)", "NB_LIGNES": 1, "ST_AFFICHE": 1, "ST_NOM": "Epalinges, Praz-Buchilly", "ST_TYPE": "Urbain", "ST_URL": "https://prestations.vd.ch/pub/101587/api/download/2_Cartographie_et_geodonnees/2.1_Carte_des_reseaux/Fiche_des_stations/TP_STA_93824.pdf" }, "geometry": { "type": "Point", "coordinates": [ 6.674656083177062, 46.556938536982479 ] } },
{ "type": "Feature", "properties": { "ALT": 567, "COMM_NOM": "Lutry", "COMM_OFS": 5606, "COOR_X": 2543327, "COOR_Y": 1151458, "ETC": "(TL)", "GO_CENTRE": 0, "ID_STATION": "9297", "LIGNES": "(10.954)", "NB_LIGNES": 1, "ST_AFFICHE": 1, "ST_NOM": "Lutry, Bras-de-Fer", "ST_TYPE": "Urbain", "ST_URL": "https://prestations.vd.ch/pub/101587/api/download/2_Cartographie_et_geodonnees/2.1_Carte_des_reseaux/Fiche_des_stations/TP_STA_9297.pdf" }, "geometry": { "type": "Point", "coordinates": [ 6.700202974248683, 46.512017308060379 ] } },
{ "type": "Feature", "properties": { "ALT": 730, "COMM_NOM": "Lutry", "COMM_OFS": 5606, "COOR_X": 2543376, "COOR_Y": 1152803, "ETC": "(TL)", "GO_CENTRE": 0, "ID_STATION": "4827", "LIGNES": "(10.954)", "NB_LIGNES": 1, "ST_AFFICHE": 1, "ST_NOM": "Lutry, Echerins/Collège", "ST_TYPE": "Urbain", "ST_URL": "https://prestations.vd.ch/pub/101587/api/download/2_Cartographie_et_geodonnees/2.1_Carte_des_reseaux/Fiche_des_stations/TP_STA_4827.pdf" }, "geometry": { "type": "Point", "coordinates": [ 6.700681482701293, 46.524121220038346 ] } },
{ "type": "Feature", "properties": { "ALT": 797, "COMM_NOM": "Pully", "COMM_OFS": 5590, "COOR_X": 2543107, "COOR_Y": 1154482, "ETC": "(CarPostal) (TL)", "GO_CENTRE": 0, "ID_STATION": "92194", "LIGNES": "(10.360) (10.365) (10.952)", "NB_LIGNES": 3, "ST_AFFICHE": 1, "ST_NOM": "Pully, Ravessoud", "ST_TYPE": "Régional/urbain", "ST_URL": "https://prestations.vd.ch/pub/101587/api/download/2_Cartographie_et_geodonnees/2.1_Carte_des_reseaux/Fiche_des_stations/TP_STA_92194.pdf" }, "geometry": { "type": "Point", "coordinates": [ 6.696967404027653, 46.539200674914163 ] } },
{ "type": "Feature", "properties": { "ALT": 874, "COMM_NOM": "Lausanne", "COMM_OFS": 5586, "COOR_X": 2543087, "COOR_Y": 1156818, "ETC": "(TL)", "GO_CENTRE": 0, "ID_STATION": "92100", "LIGNES": "(10.064) (10.902)", "NB_LIGNES": 2, "ST_AFFICHE": 1, "ST_NOM": "Lausanne, Praz-Collet", "ST_TYPE": "Urbain", "ST_URL": "https://prestations.vd.ch/pub/101587/api/download/2_Cartographie_et_geodonnees/2.1_Carte_des_reseaux/Fiche_des_stations/TP_STA_92100.pdf" }, "geometry": { "type": "Point", "coordinates": [ 6.696416244739474, 46.560215526489635 ] } },
{ "type": "Feature", "properties": { "ALT": 850, "COMM_NOM": "Lausanne", "COMM_OFS": 5586, "COOR_X": 2544039, "COOR_Y": 1158008, "ETC": "(CarPostal)", "GO_CENTRE": 0, "ID_STATION": "92117", "LIGNES": "(10.360) (10.362)", "NB_LIGNES": 2, "ST_AFFICHE": 1, "ST_NOM": "Lausanne, Ste-Catherine", "ST_TYPE": "Régional", "ST_URL": "https://prestations.vd.ch/pub/101587/api/download/2_Cartographie_et_geodonnees/2.1_Carte_des_reseaux/Fiche_des_stations/TP_STA_92117.pdf" }, "geometry": { "type": "Point", "coordinates": [ 6.7086842031553, 46.571000200368886 ] } },
{ "type": "Feature", "properties": { "ALT": 384, "COMM_NOM": "Préverenges", "COMM_OFS": 5643, "COOR_X": 2529324, "COOR_Y": 1152250, "ETC": "(MBC)", "GO_CENTRE": 2, "ID_STATION": "92279", "LIGNES": "(10.701)", "NB_LIGNES": 1, "ST_AFFICHE": 1, "ST_NOM": "Préverenges, Taudaz", "ST_TYPE": "Urbain", "ST_URL": "https://prestations.vd.ch/pub/101587/api/download/2_Cartographie_et_geodonnees/2.1_Carte_des_reseaux/Fiche_des_stations/TP_STA_92279.pdf" }, "geometry": { "type": "Point", "coordinates": [ 6.517641694693912, 46.517810807403791 ] } },
{ "type": "Feature", "properties": { "ALT": 394, "COMM_NOM": "Saint-Sulpice (VD)", "COMM_OFS": 5648, "COOR_X": 2532061, "COOR_Y": 1151404, "ETC": "(TL)", "GO_CENTRE": 2, "ID_STATION": "88155", "LIGNES": "(10.031) (10.905)", "NB_LIGNES": 2, "ST_AFFICHE": 1, "ST_NOM": "St-Sulpice VD, Chantres", "ST_TYPE": "Urbain", "ST_URL": "https://prestations.vd.ch/pub/101587/api/download/2_Cartographie_et_geodonnees/2.1_Carte_des_reseaux/Fiche_des_stations/TP_STA_88155.pdf" }, "geometry": { "type": "Point", "coordinates": [ 6.553434845348971, 46.510479488313209 ] } },
{ "type": "Feature", "properties": { "ALT": 402, "COMM_NOM": "Denges", "COMM_OFS": 5632, "COOR_X": 2531092, "COOR_Y": 1152817, "ETC": "(MBC)", "GO_CENTRE": 2, "ID_STATION": "92242", "LIGNES": "(10.705)", "NB_LIGNES": 1, "ST_AFFICHE": 1, "ST_NOM": "Denges, village", "ST_TYPE": "Urbain", "ST_URL": "https://prestations.vd.ch/pub/101587/api/download/2_Cartographie_et_geodonnees/2.1_Carte_des_reseaux/Fiche_des_stations/TP_STA_92242.pdf" }, "geometry": { "type": "Point", "coordinates": [ 6.540592800853722, 46.523090102396282 ] } },
{ "type": "Feature", "properties": { "ALT": 393, "COMM_NOM": "Saint-Sulpice (VD)", "COMM_OFS": 5648, "COOR_X": 2531515, "COOR_Y": 1151675, "ETC": "(TL)", "GO_CENTRE": 2, "ID_STATION": "79231", "LIGNES": "(10.031) (10.905)", "NB_LIGNES": 2, "ST_AFFICHE": 1, "ST_NOM": "St-Sulpice VD, Venoge sud", "ST_TYPE": "Urbain", "ST_URL": "https://prestations.vd.ch/pub/101587/api/download/2_Cartographie_et_geodonnees/2.1_Carte_des_reseaux/Fiche_des_stations/TP_STA_79231.pdf" }, "geometry": { "type": "Point", "coordinates": [ 6.546272170023033, 46.512865336183211 ] } },
{ "type": "Feature", "properties": { "ALT": 400, "COMM_NOM": "Saint-Sulpice (VD)", "COMM_OFS": 5648, "COOR_X": 2531819, "COOR_Y": 1151778, "ETC": "(MBC)", "GO_CENTRE": 2, "ID_STATION": "10526", "LIGNES": "(10.701)", "NB_LIGNES": 1, "ST_AFFICHE": 1, "ST_NOM": "St-Sulpice VD, En Champagny", "ST_TYPE": "Urbain", "ST_URL": "https://prestations.vd.ch/pub/101587/api/download/2_Cartographie_et_geodonnees/2.1_Carte_des_reseaux/Fiche_des_stations/TP_STA_10526.pdf" }, "geometry": { "type": "Point", "coordinates": [ 6.550224622305135, 46.513822957259535 ] } },
{ "type": "Feature", "properties": { "ALT": 430, "COMM_NOM": "Echandens", "COMM_OFS": 5633, "COOR_X": 2531227, "COOR_Y": 1154315, "ETC": "(MBC)", "GO_CENTRE": 2, "ID_STATION": "92243", "LIGNES": "(10.702) (10.705)", "NB_LIGNES": 2, "ST_AFFICHE": 1, "ST_NOM": "Echandens, Riaz", "ST_TYPE": "Urbain", "ST_URL": "https://prestations.vd.ch/pub/101587/api/download/2_Cartographie_et_geodonnees/2.1_Carte_des_reseaux/Fiche_des_stations/TP_STA_92243.pdf" }, "geometry": { "type": "Point", "coordinates": [ 6.542137320765259, 46.53658183201842 ] } },
{ "type": "Feature", "properties": { "ALT": 413, "COMM_NOM": "Ecublens (VD)", "COMM_OFS": 5635, "COOR_X": 2532352, "COOR_Y": 1152937, "ETC": "(TL) (MBC)", "GO_CENTRE": 2, "ID_STATION": "91949", "LIGNES": "(10.033) (10.905) (10.705)", "NB_LIGNES": 3, "ST_AFFICHE": 1, "ST_NOM": "Ecublens VD, En Enjalin", "ST_TYPE": "Urbain", "ST_URL": "https://prestations.vd.ch/pub/101587/api/download/2_Cartographie_et_geodonnees/2.1_Carte_des_reseaux/Fiche_des_stations/TP_STA_91949.pdf" }, "geometry": { "type": "Point", "coordinates": [ 6.557003261423555, 46.524298013804646 ] } },
{ "type": "Feature", "properties": { "ALT": 394, "COMM_NOM": "Saint-Sulpice (VD)", "COMM_OFS": 5648, "COOR_X": 2532862, "COOR_Y": 1152075, "ETC": "(TL) (MBC)", "GO_CENTRE": 2, "ID_STATION": "95223", "LIGNES": "(10.001) (10.701)", "NB_LIGNES": 2, "ST_AFFICHE": 1, "ST_NOM": "St-Sulpice VD, Parc Scient.", "ST_TYPE": "Urbain", "ST_URL": "https://prestations.vd.ch/pub/101587/api/download/2_Cartographie_et_geodonnees/2.1_Carte_des_reseaux/Fiche_des_stations/TP_STA_95223.pdf" }, "geometry": { "type": "Point", "coordinates": [ 6.563775135914374, 46.516597126672202 ] } },
{ "type": "Feature", "properties": { "ALT": 396, "COMM_NOM": "Ecublens (VD)", "COMM_OFS": 5635, "COOR_X": 2533222, "COOR_Y": 1152481, "ETC": "(MBC)", "GO_CENTRE": 2, "ID_STATION": "79234", "LIGNES": "(10.705)", "NB_LIGNES": 1, "ST_AFFICHE": 1, "ST_NOM": "Ecublens VD, EPFL Piccard", "ST_TYPE": "Urbain", "ST_URL": "https://prestations.vd.ch/pub/101587/api/download/2_Cartographie_et_geodonnees/2.1_Carte_des_reseaux/Fiche_des_stations/TP_STA_79234.pdf" }, "geometry": { "type": "Point", "coordinates": [ 6.568405724036442, 46.520285101088739 ] } },
{ "type": "Feature", "properties": { "ALT": 398, "COMM_NOM": "Saint-Sulpice (VD)", "COMM_OFS": 5648, "COOR_X": 2533326, "COOR_Y": 1152157, "ETC": "(MBC) (TL)", "GO_CENTRE": 2, "ID_STATION": "11813", "LIGNES": "(10.701) (10.001) (10.031) (10.905)", "NB_LIGNES": 4, "ST_AFFICHE": 1, "ST_NOM": "Ecublens VD, Campus des médias", "ST_TYPE": "Urbain", "ST_URL": "https://prestations.vd.ch/pub/101587/api/download/2_Cartographie_et_geodonnees/2.1_Carte_des_reseaux/Fiche_des_stations/TP_STA_11813.pdf" }, "geometry": { "type": "Point", "coordinates": [ 6.569797695108254, 46.517380683047229 ] } },
{ "type": "Feature", "properties": { "ALT": 415, "COMM_NOM": "Ecublens (VD)", "COMM_OFS": 5635, "COOR_X": 2533418, "COOR_Y": 1154655, "ETC": "(TL)", "GO_CENTRE": 2, "ID_STATION": "91958", "LIGNES": "(10.033) (10.905)", "NB_LIGNES": 2, "ST_AFFICHE": 1, "ST_NOM": "Ecublens VD, Suchet-Forêt", "ST_TYPE": "Urbain", "ST_URL": "https://prestations.vd.ch/pub/101587/api/download/2_Cartographie_et_geodonnees/2.1_Carte_des_reseaux/Fiche_des_stations/TP_STA_91958.pdf" }, "geometry": { "type": "Point", "coordinates": [ 6.570634780609799, 46.539866379457457 ] } },
{ "type": "Feature", "properties": { "ALT": 448, "COMM_NOM": "Bussigny", "COMM_OFS": 5624, "COOR_X": 2532707, "COOR_Y": 1156096, "ETC": "(TL)", "GO_CENTRE": 2, "ID_STATION": "81924", "LIGNES": "(10.035)", "NB_LIGNES": 1, "ST_AFFICHE": 1, "ST_NOM": "Bussigny, Sullens", "ST_TYPE": "Urbain", "ST_URL": "https://prestations.vd.ch/pub/101587/api/download/2_Cartographie_et_geodonnees/2.1_Carte_des_reseaux/Fiche_des_stations/TP_STA_81924.pdf" }, "geometry": { "type": "Point", "coordinates": [ 6.561160418658512, 46.552749017681819 ] } },
{ "type": "Feature", "properties": { "ALT": 434, "COMM_NOM": "Crissier", "COMM_OFS": 5583, "COOR_X": 2533428, "COOR_Y": 1155946, "ETC": "(TL)", "GO_CENTRE": 2, "ID_STATION": "93817", "LIGNES": "(10.036) (10.904)", "NB_LIGNES": 2, "ST_AFFICHE": 1, "ST_NOM": "Crissier, Feleire", "ST_TYPE": "Urbain", "ST_URL": "https://prestations.vd.ch/pub/101587/api/download/2_Cartographie_et_geodonnees/2.1_Carte_des_reseaux/Fiche_des_stations/TP_STA_93817.pdf" }, "geometry": { "type": "Point", "coordinates": [ 6.570589208253852, 46.551475478954643 ] } },
{ "type": "Feature", "properties": { "ALT": 505, "COMM_NOM": "Villars-Sainte-Croix", "COMM_OFS": 5651, "COOR_X": 2532580, "COOR_Y": 1157564, "ETC": "(TL)", "GO_CENTRE": 2, "ID_STATION": "83748", "LIGNES": "(10.032)", "NB_LIGNES": 1, "ST_AFFICHE": 1, "ST_NOM": "Villars-Ste-Croix, En Coulaye", "ST_TYPE": "Urbain", "ST_URL": "https://prestations.vd.ch/pub/101587/api/download/2_Cartographie_et_geodonnees/2.1_Carte_des_reseaux/Fiche_des_stations/TP_STA_83748.pdf" }, "geometry": { "type": "Point", "coordinates": [ 6.559285935848579, 46.565943567330336 ] } },
{ "type": "Feature", "properties": { "ALT": 378, "COMM_NOM": "Ecublens (VD)", "COMM_OFS": 5635, "COOR_X": 2534326, "COOR_Y": 1152503, "ETC": "(TL) (MBC)", "GO_CENTRE": 2, "ID_STATION": "91950", "LIGNES": "(10.001) (10.701)", "NB_LIGNES": 2, "ST_AFFICHE": 1, "ST_NOM": "Ecublens VD, allée de Dorigny", "ST_TYPE": "Urbain", "ST_URL": "https://prestations.vd.ch/pub/101587/api/download/2_Cartographie_et_geodonnees/2.1_Carte_des_reseaux/Fiche_des_stations/TP_STA_91950.pdf" }, "geometry": { "type": "Point", "coordinates": [ 6.582788771113329, 46.520597235357336 ] } },
{ "type": "Feature", "properties": { "ALT": 392, "COMM_NOM": "Lausanne", "COMM_OFS": 5586, "COOR_X": 2535296, "COOR_Y": 1152703, "ETC": "(TL)", "GO_CENTRE": 2, "ID_STATION": "92114", "LIGNES": "(10.001) (10.025) (10.905)", "NB_LIGNES": 3, "ST_AFFICHE": 1, "ST_NOM": "Lausanne, Sablons", "ST_TYPE": "Urbain", "ST_URL": "https://prestations.vd.ch/pub/101587/api/download/2_Cartographie_et_geodonnees/2.1_Carte_des_reseaux/Fiche_des_stations/TP_STA_92114.pdf" }, "geometry": { "type": "Point", "coordinates": [ 6.595397713209117, 46.522486885523044 ] } },
{ "type": "Feature", "properties": { "ALT": 424, "COMM_NOM": "Renens (VD)", "COMM_OFS": 5591, "COOR_X": 2535745, "COOR_Y": 1152878, "ETC": "(TL)", "GO_CENTRE": 2, "ID_STATION": "1209_1", "LIGNES": "(10.032) (10.033) (10.905)", "NB_LIGNES": 3, "ST_AFFICHE": 1, "ST_NOM": "Lausanne, Malley", "ST_TYPE": "Urbain", "ST_URL": "https://prestations.vd.ch/pub/101587/api/download/2_Cartographie_et_geodonnees/2.1_Carte_des_reseaux/Fiche_des_stations/TP_STA_1209_1.pdf" }, "geometry": { "type": "Point", "coordinates": [ 6.601224113803806, 46.524108571217539 ] } },
{ "type": "Feature", "properties": { "ALT": 414, "COMM_NOM": "Renens (VD)", "COMM_OFS": 5591, "COOR_X": 2534584, "COOR_Y": 1153739, "ETC": "(TL)", "GO_CENTRE": 2, "ID_STATION": "92218", "LIGNES": "(10.032) (10.033) (10.905)", "NB_LIGNES": 3, "ST_AFFICHE": 1, "ST_NOM": "Renens VD, Caudray", "ST_TYPE": "Urbain", "ST_URL": "https://prestations.vd.ch/pub/101587/api/download/2_Cartographie_et_geodonnees/2.1_Carte_des_reseaux/Fiche_des_stations/TP_STA_92218.pdf" }, "geometry": { "type": "Point", "coordinates": [ 6.585970591173123, 46.531742669182044 ] } },
{ "type": "Feature", "properties": { "ALT": 438, "COMM_NOM": "Renens (VD)", "COMM_OFS": 5591, "COOR_X": 2534802, "COOR_Y": 1154609, "ETC": "(TL)", "GO_CENTRE": 2, "ID_STATION": "92205", "LIGNES": "(10.038) (10.904)", "NB_LIGNES": 2, "ST_AFFICHE": 1, "ST_NOM": "Renens VD, Borjod", "ST_TYPE": "Urbain", "ST_URL": "https://prestations.vd.ch/pub/101587/api/download/2_Cartographie_et_geodonnees/2.1_Carte_des_reseaux/Fiche_des_stations/TP_STA_92205.pdf" }, "geometry": { "type": "Point", "coordinates": [ 6.588693682711097, 46.539589986379873 ] } },
{ "type": "Feature", "properties": { "ALT": 461, "COMM_NOM": "Renens (VD)", "COMM_OFS": 5591, "COOR_X": 2535519, "COOR_Y": 1154143, "ETC": "(TL)", "GO_CENTRE": 2, "ID_STATION": "92207", "LIGNES": "(10.018) (10.904)", "NB_LIGNES": 2, "ST_AFFICHE": 1, "ST_NOM": "Renens VD, Broye", "ST_TYPE": "Urbain", "ST_URL": "https://prestations.vd.ch/pub/101587/api/download/2_Cartographie_et_geodonnees/2.1_Carte_des_reseaux/Fiche_des_stations/TP_STA_92207.pdf" }, "geometry": { "type": "Point", "coordinates": [ 6.59810304763801, 46.535465530304791 ] } },
{ "type": "Feature", "properties": { "ALT": 475, "COMM_NOM": "Prilly", "COMM_OFS": 5589, "COOR_X": 2535587, "COOR_Y": 1154529, "ETC": "(TL)", "GO_CENTRE": 2, "ID_STATION": "92178", "LIGNES": "(10.009) (10.038) (10.904)", "NB_LIGNES": 3, "ST_AFFICHE": 1, "ST_NOM": "Prilly, église", "ST_TYPE": "Urbain", "ST_URL": "https://prestations.vd.ch/pub/101587/api/download/2_Cartographie_et_geodonnees/2.1_Carte_des_reseaux/Fiche_des_stations/TP_STA_92178.pdf" }, "geometry": { "type": "Point", "coordinates": [ 6.598933006018576, 46.538939917806438 ] } },
{ "type": "Feature", "properties": { "ALT": 388, "COMM_NOM": "Lausanne", "COMM_OFS": 5586, "COOR_X": 2536017, "COOR_Y": 1152138, "ETC": "(TL)", "GO_CENTRE": 2, "ID_STATION": "92068", "LIGNES": "(10.001) (10.006)", "NB_LIGNES": 2, "ST_AFFICHE": 1, "ST_NOM": "Lausanne, Maladière", "ST_TYPE": "Urbain", "ST_URL": "https://prestations.vd.ch/pub/101587/api/download/2_Cartographie_et_geodonnees/2.1_Carte_des_reseaux/Fiche_des_stations/TP_STA_92068.pdf" }, "geometry": { "type": "Point", "coordinates": [ 6.60486462087464, 46.517472217591248 ] } },
{ "type": "Feature", "properties": { "ALT": 417, "COMM_NOM": "Lausanne", "COMM_OFS": 5586, "COOR_X": 2536802, "COOR_Y": 1152066, "ETC": "(TL)", "GO_CENTRE": 2, "ID_STATION": "92075", "LIGNES": "(10.006)", "NB_LIGNES": 1, "ST_AFFICHE": 1, "ST_NOM": "Lausanne, Mont d'Or", "ST_TYPE": "Urbain", "ST_URL": "https://prestations.vd.ch/pub/101587/api/download/2_Cartographie_et_geodonnees/2.1_Carte_des_reseaux/Fiche_des_stations/TP_STA_92075.pdf" }, "geometry": { "type": "Point", "coordinates": [ 6.615106570374147, 46.516904909796928 ] } },
{ "type": "Feature", "properties": { "ALT": 410, "COMM_NOM": "Lausanne", "COMM_OFS": 5586, "COOR_X": 2536894, "COOR_Y": 1151914, "ETC": "(TL)", "GO_CENTRE": 2, "ID_STATION": "92110", "LIGNES": "(10.001) (10.025)", "NB_LIGNES": 2, "ST_AFFICHE": 1, "ST_NOM": "Lausanne, Riant-Cour", "ST_TYPE": "Urbain", "ST_URL": "https://prestations.vd.ch/pub/101587/api/download/2_Cartographie_et_geodonnees/2.1_Carte_des_reseaux/Fiche_des_stations/TP_STA_92110.pdf" }, "geometry": { "type": "Point", "coordinates": [ 6.616329413959347, 46.515547219729299 ] } },
{ "type": "Feature", "properties": { "ALT": 457, "COMM_NOM": "Lausanne", "COMM_OFS": 5586, "COOR_X": 2536962, "COOR_Y": 1152512, "ETC": "(TL)", "GO_CENTRE": 2, "ID_STATION": "91990", "LIGNES": "(10.016) (10.905)", "NB_LIGNES": 2, "ST_AFFICHE": 1, "ST_NOM": "Lausanne, Belvédère", "ST_TYPE": "Urbain", "ST_URL": "https://prestations.vd.ch/pub/101587/api/download/2_Cartographie_et_geodonnees/2.1_Carte_des_reseaux/Fiche_des_stations/TP_STA_91990.pdf" }, "geometry": { "type": "Point", "coordinates": [ 6.617130719762762, 46.520929488060169 ] } },
{ "type": "Feature", "properties": { "ALT": 497, "COMM_NOM": "Lausanne", "COMM_OFS": 5586, "COOR_X": 2537020, "COOR_Y": 1153215, "ETC": "(TL)", "GO_CENTRE": 2, "ID_STATION": "92119", "LIGNES": "(10.009)", "NB_LIGNES": 1, "ST_AFFICHE": 1, "ST_NOM": "Lausanne, St-Paul", "ST_TYPE": "Urbain", "ST_URL": "https://prestations.vd.ch/pub/101587/api/download/2_Cartographie_et_geodonnees/2.1_Carte_des_reseaux/Fiche_des_stations/TP_STA_92119.pdf" }, "geometry": { "type": "Point", "coordinates": [ 6.617788112004233, 46.527257401768566 ] } },
{ "type": "Feature", "properties": { "ALT": 511, "COMM_NOM": "Lausanne", "COMM_OFS": 5586, "COOR_X": 2537356, "COOR_Y": 1153012, "ETC": "(TL)", "GO_CENTRE": 2, "ID_STATION": "92035_2", "LIGNES": "(10.004)", "NB_LIGNES": 1, "ST_AFFICHE": 1, "ST_NOM": "Lausanne, Ecole Commerce", "ST_TYPE": "Urbain", "ST_URL": "https://prestations.vd.ch/pub/101587/api/download/2_Cartographie_et_geodonnees/2.1_Carte_des_reseaux/Fiche_des_stations/TP_STA_92035_2.pdf" }, "geometry": { "type": "Point", "coordinates": [ 6.622199799570422, 46.525464683678365 ] } },
{ "type": "Feature", "properties": { "ALT": 535, "COMM_NOM": "Lausanne", "COMM_OFS": 5586, "COOR_X": 2536606, "COOR_Y": 1154258, "ETC": "(TL)", "GO_CENTRE": 2, "ID_STATION": "92107", "LIGNES": "(10.004)", "NB_LIGNES": 1, "ST_AFFICHE": 1, "ST_NOM": "Lausanne, Rapille", "ST_TYPE": "Urbain", "ST_URL": "https://prestations.vd.ch/pub/101587/api/download/2_Cartographie_et_geodonnees/2.1_Carte_des_reseaux/Fiche_des_stations/TP_STA_92107.pdf" }, "geometry": { "type": "Point", "coordinates": [ 6.612255665130612, 46.536599061744298 ] } },
{ "type": "Feature", "properties": { "ALT": 415, "COMM_NOM": "Lausanne", "COMM_OFS": 5586, "COOR_X": 2538339, "COOR_Y": 1151233, "ETC": "(TL)", "GO_CENTRE": 2, "ID_STATION": "92084", "LIGNES": "(10.021) (10.025)", "NB_LIGNES": 2, "ST_AFFICHE": 1, "ST_NOM": "Lausanne, Musée Olympique", "ST_TYPE": "Urbain", "ST_URL": "https://prestations.vd.ch/pub/101587/api/download/2_Cartographie_et_geodonnees/2.1_Carte_des_reseaux/Fiche_des_stations/TP_STA_92084.pdf" }, "geometry": { "type": "Point", "coordinates": [ 6.635240348659086, 46.509551927105562 ] } },
{ "type": "Feature", "properties": { "ALT": 375, "COMM_NOM": "Lausanne", "COMM_OFS": 5586, "COOR_X": 2538783, "COOR_Y": 1150750, "ETC": "(TL)", "GO_CENTRE": 2, "ID_STATION": "95936", "LIGNES": "(10.024)", "NB_LIGNES": 1, "ST_AFFICHE": 1, "ST_NOM": "Lausanne, Tour Haldimand-Lac", "ST_TYPE": "Urbain", "ST_URL": "https://prestations.vd.ch/pub/101587/api/download/2_Cartographie_et_geodonnees/2.1_Carte_des_reseaux/Fiche_des_stations/TP_STA_95936.pdf" }, "geometry": { "type": "Point", "coordinates": [ 6.641089985794602, 46.505248658858072 ] } },
{ "type": "Feature", "properties": { "ALT": 500, "COMM_NOM": "Lausanne", "COMM_OFS": 5586, "COOR_X": 2537747, "COOR_Y": 1152824, "ETC": "(TL)", "GO_CENTRE": 2, "ID_STATION": "92011", "LIGNES": "(10.004) (10.019)", "NB_LIGNES": 2, "ST_AFFICHE": 1, "ST_NOM": "Lausanne, Chauderon-Ale", "ST_TYPE": "Urbain", "ST_URL": "https://prestations.vd.ch/pub/101587/api/download/2_Cartographie_et_geodonnees/2.1_Carte_des_reseaux/Fiche_des_stations/TP_STA_92011.pdf" }, "geometry": { "type": "Point", "coordinates": [ 6.627314619058155, 46.523814853642349 ] } },
{ "type": "Feature", "properties": { "ALT": 494, "COMM_NOM": "Lausanne", "COMM_OFS": 5586, "COOR_X": 2537869, "COOR_Y": 1152656, "ETC": "(TL)", "GO_CENTRE": 2, "ID_STATION": "91988_1", "LIGNES": "(10.001) (10.002) (10.004) (10.006) (10.007) (10.008) (10.009) (10.016) (10.018)", "NB_LIGNES": 9, "ST_AFFICHE": 1, "ST_NOM": "Lausanne, Bel-Air", "ST_TYPE": "Urbain", "ST_URL": "https://prestations.vd.ch/pub/101587/api/download/2_Cartographie_et_geodonnees/2.1_Carte_des_reseaux/Fiche_des_stations/TP_STA_91988_1.pdf" }, "geometry": { "type": "Point", "coordinates": [ 6.628925388285793, 46.522310081341814 ] } },
{ "type": "Feature", "properties": { "ALT": 416, "COMM_NOM": "Lausanne", "COMM_OFS": 5586, "COOR_X": 2537923, "COOR_Y": 1151550, "ETC": "(TL)", "GO_CENTRE": 2, "ID_STATION": "92026", "LIGNES": "(10.002)", "NB_LIGNES": 1, "ST_AFFICHE": 1, "ST_NOM": "Lausanne, Croix d'Ouchy", "ST_TYPE": "Urbain", "ST_URL": "https://prestations.vd.ch/pub/101587/api/download/2_Cartographie_et_geodonnees/2.1_Carte_des_reseaux/Fiche_des_stations/TP_STA_92026.pdf" }, "geometry": { "type": "Point", "coordinates": [ 6.62978550410372, 46.512364294233883 ] } },
{ "type": "Feature", "properties": { "ALT": 432, "COMM_NOM": "Lausanne", "COMM_OFS": 5586, "COOR_X": 2538080, "COOR_Y": 1151784, "ETC": "(TL)", "GO_CENTRE": 2, "ID_STATION": "92079", "LIGNES": "(10.002)", "NB_LIGNES": 1, "ST_AFFICHE": 1, "ST_NOM": "Lausanne, Mont-Fleuri", "ST_TYPE": "Urbain", "ST_URL": "https://prestations.vd.ch/pub/101587/api/download/2_Cartographie_et_geodonnees/2.1_Carte_des_reseaux/Fiche_des_stations/TP_STA_92079.pdf" }, "geometry": { "type": "Point", "coordinates": [ 6.631796305453689, 46.514483500460592 ] } },
{ "type": "Feature", "properties": { "ALT": 503, "COMM_NOM": "Lausanne", "COMM_OFS": 5586, "COOR_X": 2538119, "COOR_Y": 1152779, "ETC": "(TL)", "GO_CENTRE": 2, "ID_STATION": "90442_1", "LIGNES": "(10.007) (10.008) (10.016) (10.018) (10.060) (10.901) (10.902) (10.903)", "NB_LIGNES": 8, "ST_AFFICHE": 1, "ST_NOM": "Lausanne, Riponne-M. Béjart", "ST_TYPE": "Régional/urbain", "ST_URL": "https://prestations.vd.ch/pub/101587/api/download/2_Cartographie_et_geodonnees/2.1_Carte_des_reseaux/Fiche_des_stations/TP_STA_90442_1.pdf" }, "geometry": { "type": "Point", "coordinates": [ 6.63217227252873, 46.523439636571204 ] } },
{ "type": "Feature", "properties": { "ALT": 464, "COMM_NOM": "Lausanne", "COMM_OFS": 5586, "COOR_X": 2538456, "COOR_Y": 1151834, "ETC": "(TL)", "GO_CENTRE": 2, "ID_STATION": "91979", "LIGNES": "(10.008) (10.021)", "NB_LIGNES": 2, "ST_AFFICHE": 1, "ST_NOM": "Lausanne, Alpes", "ST_TYPE": "Urbain", "ST_URL": "https://prestations.vd.ch/pub/101587/api/download/2_Cartographie_et_geodonnees/2.1_Carte_des_reseaux/Fiche_des_stations/TP_STA_91979.pdf" }, "geometry": { "type": "Point", "coordinates": [ 6.636691638694614, 46.514974883941711 ] } },
{ "type": "Feature", "properties": { "ALT": 514, "COMM_NOM": "Lausanne", "COMM_OFS": 5586, "COOR_X": 2538493, "COOR_Y": 1152471, "ETC": "(TL)", "GO_CENTRE": 2, "ID_STATION": "89523_2", "LIGNES": "(10.006) (10.906)", "NB_LIGNES": 2, "ST_AFFICHE": 1, "ST_NOM": "Lausanne, Bessières", "ST_TYPE": "Urbain", "ST_URL": "https://prestations.vd.ch/pub/101587/api/download/2_Cartographie_et_geodonnees/2.1_Carte_des_reseaux/Fiche_des_stations/TP_STA_89523_2.pdf" }, "geometry": { "type": "Point", "coordinates": [ 6.637093313778152, 46.520701932335946 ] } },
{ "type": "Feature", "properties": { "ALT": 581, "COMM_NOM": "Lausanne", "COMM_OFS": 5586, "COOR_X": 2538819, "COOR_Y": 1153113, "ETC": "(TL)", "GO_CENTRE": 2, "ID_STATION": "92017_1", "LIGNES": "(10.902)", "NB_LIGNES": 1, "ST_AFFICHE": 1, "ST_NOM": "Lausanne, CHUV", "ST_TYPE": "Régional", "ST_URL": "https://prestations.vd.ch/pub/101587/api/download/2_Cartographie_et_geodonnees/2.1_Carte_des_reseaux/Fiche_des_stations/TP_STA_92017_1.pdf" }, "geometry": { "type": "Point", "coordinates": [ 6.641251594976975, 46.526507925078299 ] } },
{ "type": "Feature", "properties": { "ALT": 508, "COMM_NOM": "Lausanne", "COMM_OFS": 5586, "COOR_X": 2539073, "COOR_Y": 1152105, "ETC": "(TL)", "GO_CENTRE": 2, "ID_STATION": "92009", "LIGNES": "(10.013)", "NB_LIGNES": 1, "ST_AFFICHE": 1, "ST_NOM": "Lausanne, Chandolin", "ST_TYPE": "Urbain", "ST_URL": "https://prestations.vd.ch/pub/101587/api/download/2_Cartographie_et_geodonnees/2.1_Carte_des_reseaux/Fiche_des_stations/TP_STA_92009.pdf" }, "geometry": { "type": "Point", "coordinates": [ 6.644694057002957, 46.517466116455047 ] } },
{ "type": "Feature", "properties": { "ALT": 471, "COMM_NOM": "Lausanne", "COMM_OFS": 5586, "COOR_X": 2539346, "COOR_Y": 1151856, "ETC": "(TL)", "GO_CENTRE": 2, "ID_STATION": "10574", "LIGNES": "(10.004)", "NB_LIGNES": 1, "ST_AFFICHE": 1, "ST_NOM": "Lausanne, Eugène-Rambert", "ST_TYPE": "Urbain", "ST_URL": "https://prestations.vd.ch/pub/101587/api/download/2_Cartographie_et_geodonnees/2.1_Carte_des_reseaux/Fiche_des_stations/TP_STA_10574.pdf" }, "geometry": { "type": "Point", "coordinates": [ 6.648285197270049, 46.51525047442869 ] } },
{ "type": "Feature", "properties": { "ALT": 561, "COMM_NOM": "Lausanne", "COMM_OFS": 5586, "COOR_X": 2539462, "COOR_Y": 1152880, "ETC": "(TL)", "GO_CENTRE": 2, "ID_STATION": "92042", "LIGNES": "(10.007) (10.906)", "NB_LIGNES": 2, "ST_AFFICHE": 1, "ST_NOM": "Lausanne, Fauconnières", "ST_TYPE": "Urbain", "ST_URL": "https://prestations.vd.ch/pub/101587/api/download/2_Cartographie_et_geodonnees/2.1_Carte_des_reseaux/Fiche_des_stations/TP_STA_92042.pdf" }, "geometry": { "type": "Point", "coordinates": [ 6.649655623497329, 46.524469574407078 ] } },
{ "type": "Feature", "properties": { "ALT": 644, "COMM_NOM": "Lausanne", "COMM_OFS": 5586, "COOR_X": 2539048, "COOR_Y": 1154694, "ETC": "(TL)", "GO_CENTRE": 2, "ID_STATION": "92066", "LIGNES": "(10.016)", "NB_LIGNES": 1, "ST_AFFICHE": 1, "ST_NOM": "Lausanne, Libellules", "ST_TYPE": "Urbain", "ST_URL": "https://prestations.vd.ch/pub/101587/api/download/2_Cartographie_et_geodonnees/2.1_Carte_des_reseaux/Fiche_des_stations/TP_STA_92066.pdf" }, "geometry": { "type": "Point", "coordinates": [ 6.644028849946729, 46.540750050142179 ] } },
{ "type": "Feature", "properties": { "ALT": 652, "COMM_NOM": "Lausanne", "COMM_OFS": 5586, "COOR_X": 2539223, "COOR_Y": 1154505, "ETC": "(TL)", "GO_CENTRE": 2, "ID_STATION": "91997", "LIGNES": "(10.041) (10.903)", "NB_LIGNES": 2, "ST_AFFICHE": 1, "ST_NOM": "Lausanne, Boissonnet", "ST_TYPE": "Urbain", "ST_URL": "https://prestations.vd.ch/pub/101587/api/download/2_Cartographie_et_geodonnees/2.1_Carte_des_reseaux/Fiche_des_stations/TP_STA_91997.pdf" }, "geometry": { "type": "Point", "coordinates": [ 6.646327767525312, 46.539065366513974 ] } },
{ "type": "Feature", "properties": { "ALT": 699, "COMM_NOM": "Le Mont-sur-Lausanne", "COMM_OFS": 5587, "COOR_X": 2538278, "COOR_Y": 1158560, "ETC": "(TL)", "GO_CENTRE": 0, "ID_STATION": "92139", "LIGNES": "(10.054) (10.060)", "NB_LIGNES": 2, "ST_AFFICHE": 1, "ST_NOM": "Le Mont-sur-L., Budron", "ST_TYPE": "Régional", "ST_URL": "https://prestations.vd.ch/pub/101587/api/download/2_Cartographie_et_geodonnees/2.1_Carte_des_reseaux/Fiche_des_stations/TP_STA_92139.pdf" }, "geometry": { "type": "Point", "coordinates": [ 6.633469667857629, 46.575451520510342 ] } },
{ "type": "Feature", "properties": { "ALT": 429, "COMM_NOM": "Pully", "COMM_OFS": 5590, "COOR_X": 2540390, "COOR_Y": 1151392, "ETC": "(TL)", "GO_CENTRE": 2, "ID_STATION": "88446", "LIGNES": "(10.009) (10.047) (10.049) (10.952) (10.906)", "NB_LIGNES": 5, "ST_AFFICHE": 1, "ST_NOM": "Pully, Clergère", "ST_TYPE": "Urbain", "ST_URL": "https://prestations.vd.ch/pub/101587/api/download/2_Cartographie_et_geodonnees/2.1_Carte_des_reseaux/Fiche_des_stations/TP_STA_88446.pdf" }, "geometry": { "type": "Point", "coordinates": [ 6.661951167579544, 46.511171123974208 ] } },
{ "type": "Feature", "properties": { "ALT": 394, "COMM_NOM": "Pully", "COMM_OFS": 5590, "COOR_X": 2540998, "COOR_Y": 1151081, "ETC": "(TL)", "GO_CENTRE": 2, "ID_STATION": "92189", "LIGNES": "(10.009) (10.906)", "NB_LIGNES": 2, "ST_AFFICHE": 1, "ST_NOM": "Pully, Moulins", "ST_TYPE": "Urbain", "ST_URL": "https://prestations.vd.ch/pub/101587/api/download/2_Cartographie_et_geodonnees/2.1_Carte_des_reseaux/Fiche_des_stations/TP_STA_92189.pdf" }, "geometry": { "type": "Point", "coordinates": [ 6.669910544833667, 46.50842923006811 ] } },
{ "type": "Feature", "properties": { "ALT": 461, "COMM_NOM": "Pully", "COMM_OFS": 5590, "COOR_X": 2539807, "COOR_Y": 1151712, "ETC": "(TL)", "GO_CENTRE": 2, "ID_STATION": "92190", "LIGNES": "(10.009) (10.048) (10.906)", "NB_LIGNES": 3, "ST_AFFICHE": 1, "ST_NOM": "Pully, Perraudettaz", "ST_TYPE": "Urbain", "ST_URL": "https://prestations.vd.ch/pub/101587/api/download/2_Cartographie_et_geodonnees/2.1_Carte_des_reseaux/Fiche_des_stations/TP_STA_92190.pdf" }, "geometry": { "type": "Point", "coordinates": [ 6.654304468582886, 46.513996500943065 ] } },
{ "type": "Feature", "properties": { "ALT": 568, "COMM_NOM": "Lausanne", "COMM_OFS": 5586, "COOR_X": 2539882, "COOR_Y": 1152738, "ETC": "(TL)", "GO_CENTRE": 2, "ID_STATION": "88432", "LIGNES": "(10.007) (10.906)", "NB_LIGNES": 2, "ST_AFFICHE": 1, "ST_NOM": "Lausanne, Chailly-Village", "ST_TYPE": "Urbain", "ST_URL": "https://prestations.vd.ch/pub/101587/api/download/2_Cartographie_et_geodonnees/2.1_Carte_des_reseaux/Fiche_des_stations/TP_STA_88432.pdf" }, "geometry": { "type": "Point", "coordinates": [ 6.655156693824572, 46.523234569255422 ] } },
{ "type": "Feature", "properties": { "ALT": 445, "COMM_NOM": "Pully", "COMM_OFS": 5590, "COOR_X": 2540086, "COOR_Y": 1151531, "ETC": "(TL)", "GO_CENTRE": 2, "ID_STATION": "92188", "LIGNES": "(10.009) (10.048) (10.906)", "NB_LIGNES": 3, "ST_AFFICHE": 1, "ST_NOM": "Pully, Montillier", "ST_TYPE": "Urbain", "ST_URL": "https://prestations.vd.ch/pub/101587/api/download/2_Cartographie_et_geodonnees/2.1_Carte_des_reseaux/Fiche_des_stations/TP_STA_92188.pdf" }, "geometry": { "type": "Point", "coordinates": [ 6.657974332762496, 46.51239638572811 ] } },
{ "type": "Feature", "properties": { "ALT": 567, "COMM_NOM": "Lausanne", "COMM_OFS": 5586, "COOR_X": 2540138, "COOR_Y": 1152642, "ETC": "(TL)", "GO_CENTRE": 2, "ID_STATION": "92023", "LIGNES": "(10.007) (10.906)", "NB_LIGNES": 2, "ST_AFFICHE": 1, "ST_NOM": "Lausanne, Coudrette", "ST_TYPE": "Urbain", "ST_URL": "https://prestations.vd.ch/pub/101587/api/download/2_Cartographie_et_geodonnees/2.1_Carte_des_reseaux/Fiche_des_stations/TP_STA_92023.pdf" }, "geometry": { "type": "Point", "coordinates": [ 6.658505572507234, 46.52239264268168 ] } },
{ "type": "Feature", "properties": { "ALT": 550, "COMM_NOM": "Pully", "COMM_OFS": 5590, "COOR_X": 2540324, "COOR_Y": 1152370, "ETC": "(TL)", "GO_CENTRE": 2, "ID_STATION": "92185", "LIGNES": "(10.048)", "NB_LIGNES": 1, "ST_AFFICHE": 1, "ST_NOM": "Pully, Margerol", "ST_TYPE": "Urbain", "ST_URL": "https://prestations.vd.ch/pub/101587/api/download/2_Cartographie_et_geodonnees/2.1_Carte_des_reseaux/Fiche_des_stations/TP_STA_92185.pdf" }, "geometry": { "type": "Point", "coordinates": [ 6.660954907975544, 46.519963688212421 ] } },
{ "type": "Feature", "properties": { "ALT": 691, "COMM_NOM": "Lausanne", "COMM_OFS": 5586, "COOR_X": 2540090, "COOR_Y": 1154777, "ETC": "(TL)", "GO_CENTRE": 2, "ID_STATION": "92128_1", "LIGNES": "(10.902)", "NB_LIGNES": 1, "ST_AFFICHE": 1, "ST_NOM": "Lausanne, Vennes", "ST_TYPE": "Régional", "ST_URL": "https://prestations.vd.ch/pub/101587/api/download/2_Cartographie_et_geodonnees/2.1_Carte_des_reseaux/Fiche_des_stations/TP_STA_92128_1.pdf" }, "geometry": { "type": "Point", "coordinates": [ 6.657600803324264, 46.541590932641 ] } },
{ "type": "Feature", "properties": { "ALT": 388, "COMM_NOM": "Paudex", "COMM_OFS": 5588, "COOR_X": 2541415, "COOR_Y": 1150778, "ETC": "(TL)", "GO_CENTRE": 2, "ID_STATION": "92167", "LIGNES": "(10.009) (10.906)", "NB_LIGNES": 2, "ST_AFFICHE": 1, "ST_NOM": "Paudex, Marronnier", "ST_TYPE": "Urbain", "ST_URL": "https://prestations.vd.ch/pub/101587/api/download/2_Cartographie_et_geodonnees/2.1_Carte_des_reseaux/Fiche_des_stations/TP_STA_92167.pdf" }, "geometry": { "type": "Point", "coordinates": [ 6.675373301146399, 46.505738826967345 ] } },
{ "type": "Feature", "properties": { "ALT": 487, "COMM_NOM": "Lutry", "COMM_OFS": 5606, "COOR_X": 2541699, "COOR_Y": 1151347, "ETC": "(TL)", "GO_CENTRE": 2, "ID_STATION": "92151", "LIGNES": "(10.068) (10.954) (10.906)", "NB_LIGNES": 3, "ST_AFFICHE": 1, "ST_NOM": "Lutry, Colline", "ST_TYPE": "Urbain", "ST_URL": "https://prestations.vd.ch/pub/101587/api/download/2_Cartographie_et_geodonnees/2.1_Carte_des_reseaux/Fiche_des_stations/TP_STA_92151.pdf" }, "geometry": { "type": "Point", "coordinates": [ 6.679008433694924, 46.510883341815884 ] } },
{ "type": "Feature", "properties": { "ALT": 376, "COMM_NOM": "Lutry", "COMM_OFS": 5606, "COOR_X": 2541843, "COOR_Y": 1150592, "ETC": "(TL)", "GO_CENTRE": 2, "ID_STATION": "92150", "LIGNES": "(10.009) (10.954) (10.906)", "NB_LIGNES": 3, "ST_AFFICHE": 1, "ST_NOM": "Lutry, Grand-Pont", "ST_TYPE": "Urbain", "ST_URL": "https://prestations.vd.ch/pub/101587/api/download/2_Cartographie_et_geodonnees/2.1_Carte_des_reseaux/Fiche_des_stations/TP_STA_92150.pdf" }, "geometry": { "type": "Point", "coordinates": [ 6.680975885389407, 46.504098233386387 ] } },
{ "type": "Feature", "properties": { "ALT": 383, "COMM_NOM": "Lutry", "COMM_OFS": 5606, "COOR_X": 2542231, "COOR_Y": 1150554, "ETC": "(TL)", "GO_CENTRE": 2, "ID_STATION": "92164", "LIGNES": "(10.009) (10.068) (10.954)", "NB_LIGNES": 3, "ST_AFFICHE": 1, "ST_NOM": "Lutry, Voisinand", "ST_TYPE": "Urbain", "ST_URL": "https://prestations.vd.ch/pub/101587/api/download/2_Cartographie_et_geodonnees/2.1_Carte_des_reseaux/Fiche_des_stations/TP_STA_92164.pdf" }, "geometry": { "type": "Point", "coordinates": [ 6.686041522579857, 46.503795037865665 ] } },
{ "type": "Feature", "properties": { "ALT": 389, "COMM_NOM": "Lutry", "COMM_OFS": 5606, "COOR_X": 2542296, "COOR_Y": 1150649, "ETC": "(TL)", "GO_CENTRE": 2, "ID_STATION": "92154", "LIGNES": "(10.068) (10.069) (10.954) (10.906)", "NB_LIGNES": 4, "ST_AFFICHE": 1, "ST_NOM": "Lutry, Les Champs", "ST_TYPE": "Urbain", "ST_URL": "https://prestations.vd.ch/pub/101587/api/download/2_Cartographie_et_geodonnees/2.1_Carte_des_reseaux/Fiche_des_stations/TP_STA_92154.pdf" }, "geometry": { "type": "Point", "coordinates": [ 6.686876911609154, 46.504650846896801 ] } },
{ "type": "Feature", "properties": { "ALT": 390, "COMM_NOM": "Lutry", "COMM_OFS": 5606, "COOR_X": 2542381, "COOR_Y": 1150571, "ETC": "(TL)", "GO_CENTRE": 2, "ID_STATION": "93858", "LIGNES": "(10.954)", "NB_LIGNES": 1, "ST_AFFICHE": 1, "ST_NOM": "Lutry, Culturaz", "ST_TYPE": "Urbain", "ST_URL": "https://prestations.vd.ch/pub/101587/api/download/2_Cartographie_et_geodonnees/2.1_Carte_des_reseaux/Fiche_des_stations/TP_STA_93858.pdf" }, "geometry": { "type": "Point", "coordinates": [ 6.687987803572882, 46.503960204874673 ] } },
{ "type": "Feature", "properties": { "ALT": 585, "COMM_NOM": "Belmont-sur-Lausanne", "COMM_OFS": 5581, "COOR_X": 2541538, "COOR_Y": 1152060, "ETC": "(TL)", "GO_CENTRE": 2, "ID_STATION": "93799", "LIGNES": "(10.952)", "NB_LIGNES": 1, "ST_AFFICHE": 1, "ST_NOM": "Belmont-sur-L., Chapons", "ST_TYPE": "Urbain", "ST_URL": "https://prestations.vd.ch/pub/101587/api/download/2_Cartographie_et_geodonnees/2.1_Carte_des_reseaux/Fiche_des_stations/TP_STA_93799.pdf" }, "geometry": { "type": "Point", "coordinates": [ 6.676819452612046, 46.51728064054511 ] } },
{ "type": "Feature", "properties": { "ALT": 509, "COMM_NOM": "Belmont-sur-Lausanne", "COMM_OFS": 5581, "COOR_X": 2541558, "COOR_Y": 1151825, "ETC": "(TL)", "GO_CENTRE": 2, "ID_STATION": "93805", "LIGNES": "(10.952)", "NB_LIGNES": 1, "ST_AFFICHE": 1, "ST_NOM": "Belmont-sur-L., Rueyres", "ST_TYPE": "Urbain", "ST_URL": "https://prestations.vd.ch/pub/101587/api/download/2_Cartographie_et_geodonnees/2.1_Carte_des_reseaux/Fiche_des_stations/TP_STA_93805.pdf" }, "geometry": { "type": "Point", "coordinates": [ 6.677109837288381, 46.515168524388343 ] } },
{ "type": "Feature", "properties": { "ALT": 525, "COMM_NOM": "Lutry", "COMM_OFS": 5606, "COOR_X": 2541796, "COOR_Y": 1151645, "ETC": "(TL)", "GO_CENTRE": 2, "ID_STATION": "92149", "LIGNES": "(10.068) (10.954) (10.906)", "NB_LIGNES": 3, "ST_AFFICHE": 1, "ST_NOM": "Lutry, Corsy-Dessous", "ST_TYPE": "Urbain", "ST_URL": "https://prestations.vd.ch/pub/101587/api/download/2_Cartographie_et_geodonnees/2.1_Carte_des_reseaux/Fiche_des_stations/TP_STA_92149.pdf" }, "geometry": { "type": "Point", "coordinates": [ 6.680227199944258, 46.513572142650339 ] } },
{ "type": "Feature", "properties": { "ALT": 580, "COMM_NOM": "Lutry", "COMM_OFS": 5606, "COOR_X": 2541888, "COOR_Y": 1152073, "ETC": "(TL)", "GO_CENTRE": 2, "ID_STATION": "93863", "LIGNES": "(10.954)", "NB_LIGNES": 1, "ST_AFFICHE": 1, "ST_NOM": "Lutry, Péraulaz", "ST_TYPE": "Urbain", "ST_URL": "https://prestations.vd.ch/pub/101587/api/download/2_Cartographie_et_geodonnees/2.1_Carte_des_reseaux/Fiche_des_stations/TP_STA_93863.pdf" }, "geometry": { "type": "Point", "coordinates": [ 6.681378393326586, 46.517428116702028 ] } },
{ "type": "Feature", "properties": { "ALT": 766, "COMM_NOM": "Belmont-sur-Lausanne", "COMM_OFS": 5581, "COOR_X": 2542427, "COOR_Y": 1153066, "ETC": "(TL)", "GO_CENTRE": 0, "ID_STATION": "93794", "LIGNES": "(10.952)", "NB_LIGNES": 1, "ST_AFFICHE": 1, "ST_NOM": "Belmont-sur-L., Signal", "ST_TYPE": "Urbain", "ST_URL": "https://prestations.vd.ch/pub/101587/api/download/2_Cartographie_et_geodonnees/2.1_Carte_des_reseaux/Fiche_des_stations/TP_STA_93794.pdf" }, "geometry": { "type": "Point", "coordinates": [ 6.688277715070415, 46.526407007367347 ] } },
{ "type": "Feature", "properties": { "ALT": 754, "COMM_NOM": "Belmont-sur-Lausanne", "COMM_OFS": 5581, "COOR_X": 2542649, "COOR_Y": 1152890, "ETC": "(TL)", "GO_CENTRE": 0, "ID_STATION": "93803", "LIGNES": "(10.952)", "NB_LIGNES": 1, "ST_AFFICHE": 1, "ST_NOM": "Belmont-sur-L., Pertuis", "ST_TYPE": "Urbain", "ST_URL": "https://prestations.vd.ch/pub/101587/api/download/2_Cartographie_et_geodonnees/2.1_Carte_des_reseaux/Fiche_des_stations/TP_STA_93803.pdf" }, "geometry": { "type": "Point", "coordinates": [ 6.691192811711163, 46.52484295419422 ] } },
{ "type": "Feature", "properties": { "ALT": 790, "COMM_NOM": "Belmont-sur-Lausanne", "COMM_OFS": 5581, "COOR_X": 2542935, "COOR_Y": 1153741, "ETC": "(TL)", "GO_CENTRE": 0, "ID_STATION": "93807", "LIGNES": "(10.952)", "NB_LIGNES": 1, "ST_AFFICHE": 1, "ST_NOM": "Belmont-sur-L., Bas-Monts", "ST_TYPE": "Urbain", "ST_URL": "https://prestations.vd.ch/pub/101587/api/download/2_Cartographie_et_geodonnees/2.1_Carte_des_reseaux/Fiche_des_stations/TP_STA_93807.pdf" }, "geometry": { "type": "Point", "coordinates": [ 6.694814629754814, 46.532522357067329 ] } },
{ "type": "Feature", "properties": { "ALT": 786, "COMM_NOM": "Epalinges", "COMM_OFS": 5584, "COOR_X": 2541398, "COOR_Y": 1155548, "ETC": "(TL)", "GO_CENTRE": 2, "ID_STATION": "93821", "LIGNES": "(10.045) (10.902)", "NB_LIGNES": 2, "ST_AFFICHE": 1, "ST_NOM": "Epalinges, Giziaux", "ST_TYPE": "Urbain", "ST_URL": "https://prestations.vd.ch/pub/101587/api/download/2_Cartographie_et_geodonnees/2.1_Carte_des_reseaux/Fiche_des_stations/TP_STA_93821.pdf" }, "geometry": { "type": "Point", "coordinates": [ 6.674549942836859, 46.548645963875231 ] } },
{ "type": "Feature", "properties": { "ALT": 864, "COMM_NOM": "Lausanne", "COMM_OFS": 5586, "COOR_X": 2542863, "COOR_Y": 1157346, "ETC": "(TL)", "GO_CENTRE": 0, "ID_STATION": "9491", "LIGNES": "(10.064) (10.902)", "NB_LIGNES": 2, "ST_AFFICHE": 1, "ST_NOM": "Lausanne, Chalet-à-Gobet/Jorat", "ST_TYPE": "Urbain", "ST_URL": "https://prestations.vd.ch/pub/101587/api/download/2_Cartographie_et_geodonnees/2.1_Carte_des_reseaux/Fiche_des_stations/TP_STA_9491.pdf" }, "geometry": { "type": "Point", "coordinates": [ 6.693428677470987, 46.56494721919622 ] } },
{ "type": "Feature", "properties": { "ALT": 387, "COMM_NOM": "Lonay", "COMM_OFS": 5638, "COOR_X": 2529449, "COOR_Y": 1152890, "ETC": "(MBC)", "GO_CENTRE": 2, "ID_STATION": "11344", "LIGNES": "(10.702) (10.705)", "NB_LIGNES": 2, "ST_AFFICHE": 1, "ST_NOM": "Lonay-Préverenges, gare nord", "ST_TYPE": "Urbain", "ST_URL": "https://prestations.vd.ch/pub/101587/api/download/2_Cartographie_et_geodonnees/2.1_Carte_des_reseaux/Fiche_des_stations/TP_STA_11344.pdf" }, "geometry": { "type": "Point", "coordinates": [ 6.519172746716468, 46.523575355091104 ] } },
{ "type": "Feature", "properties": { "ALT": 382, "COMM_NOM": "Lonay", "COMM_OFS": 5638, "COOR_X": 2529597, "COOR_Y": 1152838, "ETC": "(MBC)", "GO_CENTRE": 2, "ID_STATION": "95218", "LIGNES": "(10.705)", "NB_LIGNES": 1, "ST_AFFICHE": 1, "ST_NOM": "Lonay-Préverenges, gare sud", "ST_TYPE": "Urbain", "ST_URL": "https://prestations.vd.ch/pub/101587/api/download/2_Cartographie_et_geodonnees/2.1_Carte_des_reseaux/Fiche_des_stations/TP_STA_95218.pdf" }, "geometry": { "type": "Point", "coordinates": [ 6.521103814448994, 46.523130183067416 ] } },
{ "type": "Feature", "properties": { "ALT": 395, "COMM_NOM": "Saint-Sulpice (VD)", "COMM_OFS": 5648, "COOR_X": 2531525, "COOR_Y": 1151737, "ETC": "(MBC)", "GO_CENTRE": 2, "ID_STATION": "10525", "LIGNES": "(10.701)", "NB_LIGNES": 1, "ST_AFFICHE": 1, "ST_NOM": "St-Sulpice VD, Castolin", "ST_TYPE": "Urbain", "ST_URL": "https://prestations.vd.ch/pub/101587/api/download/2_Cartographie_et_geodonnees/2.1_Carte_des_reseaux/Fiche_des_stations/TP_STA_10525.pdf" }, "geometry": { "type": "Point", "coordinates": [ 6.546396651523168, 46.513426768781692 ] } },
{ "type": "Feature", "properties": { "ALT": 398, "COMM_NOM": "Ecublens (VD)", "COMM_OFS": 5635, "COOR_X": 2531834, "COOR_Y": 1152086, "ETC": "(TL)", "GO_CENTRE": 2, "ID_STATION": "91959", "LIGNES": "(10.033) (10.905)", "NB_LIGNES": 2, "ST_AFFICHE": 1, "ST_NOM": "Ecublens VD, Champs-Courbes", "ST_TYPE": "Urbain", "ST_URL": "https://prestations.vd.ch/pub/101587/api/download/2_Cartographie_et_geodonnees/2.1_Carte_des_reseaux/Fiche_des_stations/TP_STA_91959.pdf" }, "geometry": { "type": "Point", "coordinates": [ 6.55037087018566, 46.516594908132035 ] } },
{ "type": "Feature", "properties": { "ALT": 403, "COMM_NOM": "Ecublens (VD)", "COMM_OFS": 5635, "COOR_X": 2532157, "COOR_Y": 1152729, "ETC": "(TL)", "GO_CENTRE": 2, "ID_STATION": "91956", "LIGNES": "(10.033) (10.905)", "NB_LIGNES": 2, "ST_AFFICHE": 1, "ST_NOM": "Ecublens VD, Renges", "ST_TYPE": "Urbain", "ST_URL": "https://prestations.vd.ch/pub/101587/api/download/2_Cartographie_et_geodonnees/2.1_Carte_des_reseaux/Fiche_des_stations/TP_STA_91956.pdf" }, "geometry": { "type": "Point", "coordinates": [ 6.554492031432393, 46.52240721507097 ] } },
{ "type": "Feature", "properties": { "ALT": 430, "COMM_NOM": "Ecublens (VD)", "COMM_OFS": 5635, "COOR_X": 2532495, "COOR_Y": 1152859, "ETC": "(MBC)", "GO_CENTRE": 2, "ID_STATION": "91952", "LIGNES": "(10.705)", "NB_LIGNES": 1, "ST_AFFICHE": 1, "ST_NOM": "Ecublens VD, Ormet", "ST_TYPE": "Urbain", "ST_URL": "https://prestations.vd.ch/pub/101587/api/download/2_Cartographie_et_geodonnees/2.1_Carte_des_reseaux/Fiche_des_stations/TP_STA_91952.pdf" }, "geometry": { "type": "Point", "coordinates": [ 6.558865949222477, 46.523611680020316 ] } },
{ "type": "Feature", "properties": { "ALT": 385, "COMM_NOM": "Saint-Sulpice (VD)", "COMM_OFS": 5648, "COOR_X": 2532920, "COOR_Y": 1151923, "ETC": "(TL)", "GO_CENTRE": 2, "ID_STATION": "92226", "LIGNES": "(10.031) (10.905)", "NB_LIGNES": 2, "ST_AFFICHE": 1, "ST_NOM": "St-Sulpice VD, Russel", "ST_TYPE": "Urbain", "ST_URL": "https://prestations.vd.ch/pub/101587/api/download/2_Cartographie_et_geodonnees/2.1_Carte_des_reseaux/Fiche_des_stations/TP_STA_92226.pdf" }, "geometry": { "type": "Point", "coordinates": [ 6.564543413835039, 46.515236963770811 ] } },
{ "type": "Feature", "properties": { "ALT": 418, "COMM_NOM": "Ecublens (VD)", "COMM_OFS": 5635, "COOR_X": 2532665, "COOR_Y": 1153494, "ETC": "(TL) (MBC)", "GO_CENTRE": 2, "ID_STATION": "91961", "LIGNES": "(10.033) (10.905) (10.705)", "NB_LIGNES": 3, "ST_AFFICHE": 1, "ST_NOM": "Ecublens VD, Villars", "ST_TYPE": "Urbain", "ST_URL": "https://prestations.vd.ch/pub/101587/api/download/2_Cartographie_et_geodonnees/2.1_Carte_des_reseaux/Fiche_des_stations/TP_STA_91961.pdf" }, "geometry": { "type": "Point", "coordinates": [ 6.560996221074767, 46.52934427677063 ] } },
{ "type": "Feature", "properties": { "ALT": 409, "COMM_NOM": "Chavannes-près-Renens", "COMM_OFS": 5627, "COOR_X": 2533599, "COOR_Y": 1154014, "ETC": "(TL)", "GO_CENTRE": 2, "ID_STATION": "91933", "LIGNES": "(10.031) (10.032) (10.905)", "NB_LIGNES": 3, "ST_AFFICHE": 1, "ST_NOM": "Chavannes-R., Planta", "ST_TYPE": "Urbain", "ST_URL": "https://prestations.vd.ch/pub/101587/api/download/2_Cartographie_et_geodonnees/2.1_Carte_des_reseaux/Fiche_des_stations/TP_STA_91933.pdf" }, "geometry": { "type": "Point", "coordinates": [ 6.573090876569476, 46.534113131894713 ] } },
{ "type": "Feature", "properties": { "ALT": 422, "COMM_NOM": "Renens (VD)", "COMM_OFS": 5591, "COOR_X": 2534093, "COOR_Y": 1154598, "ETC": "(TL)", "GO_CENTRE": 2, "ID_STATION": "88839", "LIGNES": "(10.017) (10.019) (10.032) (10.038) (10.904)", "NB_LIGNES": 5, "ST_AFFICHE": 1, "ST_NOM": "Renens VD, 14 Avril", "ST_TYPE": "Urbain", "ST_URL": "https://prestations.vd.ch/pub/101587/api/download/2_Cartographie_et_geodonnees/2.1_Carte_des_reseaux/Fiche_des_stations/TP_STA_88839.pdf" }, "geometry": { "type": "Point", "coordinates": [ 6.57944811626083, 46.539419260358279 ] } },
{ "type": "Feature", "properties": { "ALT": 463, "COMM_NOM": "Bussigny", "COMM_OFS": 5624, "COOR_X": 2532566, "COOR_Y": 1156184, "ETC": "(TL)", "GO_CENTRE": 2, "ID_STATION": "81922", "LIGNES": "(10.035)", "NB_LIGNES": 1, "ST_AFFICHE": 1, "ST_NOM": "Bussigny, Riettaz", "ST_TYPE": "Urbain", "ST_URL": "https://prestations.vd.ch/pub/101587/api/download/2_Cartographie_et_geodonnees/2.1_Carte_des_reseaux/Fiche_des_stations/TP_STA_81922.pdf" }, "geometry": { "type": "Point", "coordinates": [ 6.559312689834623, 46.553529260423588 ] } },
{ "type": "Feature", "properties": { "ALT": 461, "COMM_NOM": "Crissier", "COMM_OFS": 5583, "COOR_X": 2533686, "COOR_Y": 1156398, "ETC": "(TL)", "GO_CENTRE": 2, "ID_STATION": "88845", "LIGNES": "(10.018) (10.032) (10.054) (10.058) (10.904)", "NB_LIGNES": 5, "ST_AFFICHE": 1, "ST_NOM": "Crissier, Timonet", "ST_TYPE": "Régional/urbain", "ST_URL": "https://prestations.vd.ch/pub/101587/api/download/2_Cartographie_et_geodonnees/2.1_Carte_des_reseaux/Fiche_des_stations/TP_STA_88845.pdf" }, "geometry": { "type": "Point", "coordinates": [ 6.573887543493979, 46.555572419866785 ] } },
{ "type": "Feature", "properties": { "ALT": 450, "COMM_NOM": "Crissier", "COMM_OFS": 5583, "COOR_X": 2533914, "COOR_Y": 1155823, "ETC": "(TL)", "GO_CENTRE": 2, "ID_STATION": "95148", "LIGNES": "(10.054) (10.058)", "NB_LIGNES": 2, "ST_AFFICHE": 1, "ST_NOM": "Crissier, Chisaz", "ST_TYPE": "Régional", "ST_URL": "https://prestations.vd.ch/pub/101587/api/download/2_Cartographie_et_geodonnees/2.1_Carte_des_reseaux/Fiche_des_stations/TP_STA_95148.pdf" }, "geometry": { "type": "Point", "coordinates": [ 6.576941281985346, 46.550419860947081 ] } },
{ "type": "Feature", "properties": { "ALT": 509, "COMM_NOM": "Villars-Sainte-Croix", "COMM_OFS": 5651, "COOR_X": 2532754, "COOR_Y": 1157791, "ETC": "(TL)", "GO_CENTRE": 2, "ID_STATION": "88847", "LIGNES": "(10.032) (10.904)", "NB_LIGNES": 2, "ST_AFFICHE": 1, "ST_NOM": "Villars-Ste-Croix, village", "ST_TYPE": "Urbain", "ST_URL": "https://prestations.vd.ch/pub/101587/api/download/2_Cartographie_et_geodonnees/2.1_Carte_des_reseaux/Fiche_des_stations/TP_STA_88847.pdf" }, "geometry": { "type": "Point", "coordinates": [ 6.561527699317691, 46.568003255181857 ] } },
{ "type": "Feature", "properties": { "ALT": 377, "COMM_NOM": "Lausanne", "COMM_OFS": 5586, "COOR_X": 2534559, "COOR_Y": 1152552, "ETC": "(TL)", "GO_CENTRE": 2, "ID_STATION": "95937", "LIGNES": "(10.024)", "NB_LIGNES": 1, "ST_AFFICHE": 1, "ST_NOM": "Lausanne, sports UNIL-EPFL", "ST_TYPE": "Urbain", "ST_URL": "https://prestations.vd.ch/pub/101587/api/download/2_Cartographie_et_geodonnees/2.1_Carte_des_reseaux/Fiche_des_stations/TP_STA_95937.pdf" }, "geometry": { "type": "Point", "coordinates": [ 6.585812091211684, 46.521060066509861 ] } },
{ "type": "Feature", "properties": { "ALT": 387, "COMM_NOM": "Lausanne", "COMM_OFS": 5586, "COOR_X": 2534859, "COOR_Y": 1152773, "ETC": "(MBC) (TL)", "GO_CENTRE": 2, "ID_STATION": "1210_1", "LIGNES": "(10.701) (10.001) (10.024) (10.905)", "NB_LIGNES": 4, "ST_AFFICHE": 1, "ST_NOM": "Lausanne, Bourdonnette", "ST_TYPE": "Urbain", "ST_URL": "https://prestations.vd.ch/pub/101587/api/download/2_Cartographie_et_geodonnees/2.1_Carte_des_reseaux/Fiche_des_stations/TP_STA_1210_1.pdf" }, "geometry": { "type": "Point", "coordinates": [ 6.589692077411899, 46.523075097952301 ] } },
{ "type": "Feature", "properties": { "ALT": 387, "COMM_NOM": "Lausanne", "COMM_OFS": 5586, "COOR_X": 2535628, "COOR_Y": 1152366, "ETC": "(TL)", "GO_CENTRE": 2, "ID_STATION": "91995", "LIGNES": "(10.001) (10.025) (10.905)", "NB_LIGNES": 3, "ST_AFFICHE": 1, "ST_NOM": "Lausanne, Bois de Vaux", "ST_TYPE": "Urbain", "ST_URL": "https://prestations.vd.ch/pub/101587/api/download/2_Cartographie_et_geodonnees/2.1_Carte_des_reseaux/Fiche_des_stations/TP_STA_91995.pdf" }, "geometry": { "type": "Point", "coordinates": [ 6.599773234695063, 46.519488342549337 ] } },
{ "type": "Feature", "properties": { "ALT": 426, "COMM_NOM": "Crissier", "COMM_OFS": 5583, "COOR_X": 2534110, "COOR_Y": 1154748, "ETC": "(TL)", "GO_CENTRE": 2, "ID_STATION": "10421", "LIGNES": "(10.032) (10.038) (10.904)", "NB_LIGNES": 3, "ST_AFFICHE": 1, "ST_NOM": "Crissier, Chicorée", "ST_TYPE": "Urbain", "ST_URL": "https://prestations.vd.ch/pub/101587/api/download/2_Cartographie_et_geodonnees/2.1_Carte_des_reseaux/Fiche_des_stations/TP_STA_10421.pdf" }, "geometry": { "type": "Point", "coordinates": [ 6.579651554147052, 46.540768681815457 ] } },
{ "type": "Feature", "properties": { "ALT": 438, "COMM_NOM": "Renens (VD)", "COMM_OFS": 5591, "COOR_X": 2535582, "COOR_Y": 1153516, "ETC": "(TL)", "GO_CENTRE": 2, "ID_STATION": "92217", "LIGNES": "(10.017) (10.018) (10.019) (10.904)", "NB_LIGNES": 4, "ST_AFFICHE": 1, "ST_NOM": "Renens VD, Perrelet", "ST_TYPE": "Urbain", "ST_URL": "https://prestations.vd.ch/pub/101587/api/download/2_Cartographie_et_geodonnees/2.1_Carte_des_reseaux/Fiche_des_stations/TP_STA_92217.pdf" }, "geometry": { "type": "Point", "coordinates": [ 6.599007784582239, 46.529831135527765 ] } },
{ "type": "Feature", "properties": { "ALT": 375, "COMM_NOM": "Lausanne", "COMM_OFS": 5586, "COOR_X": 2537621, "COOR_Y": 1150975, "ETC": "(TL)", "GO_CENTRE": 2, "ID_STATION": "92086_1", "LIGNES": "(10.002) (10.024)", "NB_LIGNES": 2, "ST_AFFICHE": 1, "ST_NOM": "Lausanne, Ouchy-Olympique", "ST_TYPE": "Urbain", "ST_URL": "https://prestations.vd.ch/pub/101587/api/download/2_Cartographie_et_geodonnees/2.1_Carte_des_reseaux/Fiche_des_stations/TP_STA_92086_1.pdf" }, "geometry": { "type": "Point", "coordinates": [ 6.62592919174804, 46.507162943671986 ] } },
{ "type": "Feature", "properties": { "ALT": 407, "COMM_NOM": "Lausanne", "COMM_OFS": 5586, "COOR_X": 2536302, "COOR_Y": 1152226, "ETC": "(TL)", "GO_CENTRE": 2, "ID_STATION": "92080", "LIGNES": "(10.001) (10.006) (10.905)", "NB_LIGNES": 3, "ST_AFFICHE": 1, "ST_NOM": "Lausanne, Montoie", "ST_TYPE": "Urbain", "ST_URL": "https://prestations.vd.ch/pub/101587/api/download/2_Cartographie_et_geodonnees/2.1_Carte_des_reseaux/Fiche_des_stations/TP_STA_92080.pdf" }, "geometry": { "type": "Point", "coordinates": [ 6.608576870788577, 46.51829727930852 ] } },
{ "type": "Feature", "properties": { "ALT": 408, "COMM_NOM": "Lausanne", "COMM_OFS": 5586, "COOR_X": 2536565, "COOR_Y": 1152086, "ETC": "(TL)", "GO_CENTRE": 2, "ID_STATION": "92044_2", "LIGNES": "(10.006)", "NB_LIGNES": 1, "ST_AFFICHE": 1, "ST_NOM": "Lausanne, Figuiers", "ST_TYPE": "Urbain", "ST_URL": "https://prestations.vd.ch/pub/101587/api/download/2_Cartographie_et_geodonnees/2.1_Carte_des_reseaux/Fiche_des_stations/TP_STA_92044_2.pdf" }, "geometry": { "type": "Point", "coordinates": [ 6.612017270265681, 46.517062254102534 ] } },
{ "type": "Feature", "properties": { "ALT": 483, "COMM_NOM": "Lausanne", "COMM_OFS": 5586, "COOR_X": 2537404, "COOR_Y": 1152493, "ETC": "(TL)", "GO_CENTRE": 2, "ID_STATION": "92004", "LIGNES": "(10.003) (10.006) (10.020) (10.021) (10.901) (10.902) (10.903) (10.904) (10.906)", "NB_LIGNES": 9, "ST_AFFICHE": 1, "ST_NOM": "Lausanne, Cécil", "ST_TYPE": "Urbain", "ST_URL": "https://prestations.vd.ch/pub/101587/api/download/2_Cartographie_et_geodonnees/2.1_Carte_des_reseaux/Fiche_des_stations/TP_STA_92004.pdf" }, "geometry": { "type": "Point", "coordinates": [ 6.622896115116641, 46.520800381775501 ] } },
{ "type": "Feature", "properties": { "ALT": 430, "COMM_NOM": "Lausanne", "COMM_OFS": 5586, "COOR_X": 2537623, "COOR_Y": 1151970, "ETC": "(TL)", "GO_CENTRE": 2, "ID_STATION": "92040", "LIGNES": "(10.001)", "NB_LIGNES": 1, "ST_AFFICHE": 1, "ST_NOM": "Lausanne, Epinettes", "ST_TYPE": "Urbain", "ST_URL": "https://prestations.vd.ch/pub/101587/api/download/2_Cartographie_et_geodonnees/2.1_Carte_des_reseaux/Fiche_des_stations/TP_STA_92040.pdf" }, "geometry": { "type": "Point", "coordinates": [ 6.625818771695868, 46.516114977484094 ] } },
{ "type": "Feature", "properties": { "ALT": 575, "COMM_NOM": "Lausanne", "COMM_OFS": 5586, "COOR_X": 2536943, "COOR_Y": 1154040, "ETC": "(TL)", "GO_CENTRE": 2, "ID_STATION": "92094", "LIGNES": "(10.002)", "NB_LIGNES": 1, "ST_AFFICHE": 1, "ST_NOM": "Lausanne, Pierrefleur", "ST_TYPE": "Urbain", "ST_URL": "https://prestations.vd.ch/pub/101587/api/download/2_Cartographie_et_geodonnees/2.1_Carte_des_reseaux/Fiche_des_stations/TP_STA_92094.pdf" }, "geometry": { "type": "Point", "coordinates": [ 6.616670563052463, 46.534677328880527 ] } },
{ "type": "Feature", "properties": { "ALT": 593, "COMM_NOM": "Lausanne", "COMM_OFS": 5586, "COOR_X": 2537252, "COOR_Y": 1154089, "ETC": "(TL)", "GO_CENTRE": 2, "ID_STATION": "91987", "LIGNES": "(10.021) (10.901)", "NB_LIGNES": 2, "ST_AFFICHE": 1, "ST_NOM": "Lausanne, Beau-Site", "ST_TYPE": "Urbain", "ST_URL": "https://prestations.vd.ch/pub/101587/api/download/2_Cartographie_et_geodonnees/2.1_Carte_des_reseaux/Fiche_des_stations/TP_STA_91987.pdf" }, "geometry": { "type": "Point", "coordinates": [ 6.620697658067472, 46.535145662130979 ] } },
{ "type": "Feature", "properties": { "ALT": 384, "COMM_NOM": "Lausanne", "COMM_OFS": 5586, "COOR_X": 2537744, "COOR_Y": 1151107, "ETC": "(TL)", "GO_CENTRE": 2, "ID_STATION": "91986", "LIGNES": "(10.002)", "NB_LIGNES": 1, "ST_AFFICHE": 1, "ST_NOM": "Lausanne, Beau-Rivage", "ST_TYPE": "Urbain", "ST_URL": "https://prestations.vd.ch/pub/101587/api/download/2_Cartographie_et_geodonnees/2.1_Carte_des_reseaux/Fiche_des_stations/TP_STA_91986.pdf" }, "geometry": { "type": "Point", "coordinates": [ 6.62751821563034, 46.508367047372509 ] } },
{ "type": "Feature", "properties": { "ALT": 402, "COMM_NOM": "Lausanne", "COMM_OFS": 5586, "COOR_X": 2537818, "COOR_Y": 1151318, "ETC": "(TL)", "GO_CENTRE": 2, "ID_STATION": "92061_1", "LIGNES": "(10.002)", "NB_LIGNES": 1, "ST_AFFICHE": 1, "ST_NOM": "Lausanne, Jordils", "ST_TYPE": "Urbain", "ST_URL": "https://prestations.vd.ch/pub/101587/api/download/2_Cartographie_et_geodonnees/2.1_Carte_des_reseaux/Fiche_des_stations/TP_STA_92061_1.pdf" }, "geometry": { "type": "Point", "coordinates": [ 6.628448212627052, 46.510267901257187 ] } },
{ "type": "Feature", "properties": { "ALT": 381, "COMM_NOM": "Pully", "COMM_OFS": 5590, "COOR_X": 2539240, "COOR_Y": 1150884, "ETC": "(TL)", "GO_CENTRE": 2, "ID_STATION": "92170", "LIGNES": "(10.021)", "NB_LIGNES": 1, "ST_AFFICHE": 1, "ST_NOM": "Pully, Bourdonnière", "ST_TYPE": "Urbain", "ST_URL": "https://prestations.vd.ch/pub/101587/api/download/2_Cartographie_et_geodonnees/2.1_Carte_des_reseaux/Fiche_des_stations/TP_STA_92170.pdf" }, "geometry": { "type": "Point", "coordinates": [ 6.647037273549823, 46.5064944508335 ] } },
{ "type": "Feature", "properties": { "ALT": 523, "COMM_NOM": "Lausanne", "COMM_OFS": 5586, "COOR_X": 2537850, "COOR_Y": 1153119, "ETC": "(TL)", "GO_CENTRE": 2, "ID_STATION": "92135", "LIGNES": "(10.002) (10.901)", "NB_LIGNES": 2, "ST_AFFICHE": 1, "ST_NOM": "Lausanne, Vinet", "ST_TYPE": "Urbain", "ST_URL": "https://prestations.vd.ch/pub/101587/api/download/2_Cartographie_et_geodonnees/2.1_Carte_des_reseaux/Fiche_des_stations/TP_STA_92135.pdf" }, "geometry": { "type": "Point", "coordinates": [ 6.628615152625572, 46.526473563919325 ] } },
{ "type": "Feature", "properties": { "ALT": 494, "COMM_NOM": "Lausanne", "COMM_OFS": 5586, "COOR_X": 2537869, "COOR_Y": 1152656, "ETC": "(TL)", "GO_CENTRE": 2, "ID_STATION": "91988_2", "LIGNES": "(10.901) (10.902) (10.903) (10.905) (10.906)", "NB_LIGNES": 5, "ST_AFFICHE": 1, "ST_NOM": "Lausanne, Bel-Air", "ST_TYPE": "Régional", "ST_URL": "https://prestations.vd.ch/pub/101587/api/download/2_Cartographie_et_geodonnees/2.1_Carte_des_reseaux/Fiche_des_stations/TP_STA_91988_2.pdf" }, "geometry": { "type": "Point", "coordinates": [ 6.628925388285793, 46.522310081341814 ] } },
{ "type": "Feature", "properties": { "ALT": 494, "COMM_NOM": "Lausanne", "COMM_OFS": 5586, "COOR_X": 2538216, "COOR_Y": 1152332, "ETC": "(TL)", "GO_CENTRE": 2, "ID_STATION": "79254_2", "LIGNES": "(10.001) (10.002) (10.004) (10.006) (10.008) (10.009) (10.013)", "NB_LIGNES": 7, "ST_AFFICHE": 1, "ST_NOM": "Lausanne, St-François", "ST_TYPE": "Urbain", "ST_URL": "https://prestations.vd.ch/pub/101587/api/download/2_Cartographie_et_geodonnees/2.1_Carte_des_reseaux/Fiche_des_stations/TP_STA_79254_2.pdf" }, "geometry": { "type": "Point", "coordinates": [ 6.633498884098874, 46.519426563626773 ] } },
{ "type": "Feature", "properties": { "ALT": 502, "COMM_NOM": "Lausanne", "COMM_OFS": 5586, "COOR_X": 2538794, "COOR_Y": 1152260, "ETC": "(TL)", "GO_CENTRE": 2, "ID_STATION": "92074", "LIGNES": "(10.013)", "NB_LIGNES": 1, "ST_AFFICHE": 1, "ST_NOM": "Lausanne, Mon Repos", "ST_TYPE": "Urbain", "ST_URL": "https://prestations.vd.ch/pub/101587/api/download/2_Cartographie_et_geodonnees/2.1_Carte_des_reseaux/Fiche_des_stations/TP_STA_92074.pdf" }, "geometry": { "type": "Point", "coordinates": [ 6.64103870846608, 46.518835852996517 ] } },
{ "type": "Feature", "properties": { "ALT": 575, "COMM_NOM": "Lausanne", "COMM_OFS": 5586, "COOR_X": 2539372, "COOR_Y": 1153071, "ETC": "(TL)", "GO_CENTRE": 2, "ID_STATION": "92136", "LIGNES": "(10.006) (10.903)", "NB_LIGNES": 2, "ST_AFFICHE": 1, "ST_NOM": "Lausanne, Virgile-Rossel", "ST_TYPE": "Urbain", "ST_URL": "https://prestations.vd.ch/pub/101587/api/download/2_Cartographie_et_geodonnees/2.1_Carte_des_reseaux/Fiche_des_stations/TP_STA_92136.pdf" }, "geometry": { "type": "Point", "coordinates": [ 6.648461348056012, 46.526179589891392 ] } },
{ "type": "Feature", "properties": { "ALT": 592, "COMM_NOM": "Le Mont-sur-Lausanne", "COMM_OFS": 5587, "COOR_X": 2537727, "COOR_Y": 1154904, "ETC": "(TL)", "GO_CENTRE": 2, "ID_STATION": "95005", "LIGNES": "(10.003)", "NB_LIGNES": 1, "ST_AFFICHE": 1, "ST_NOM": "Le Mont-sur-L., Maillefer", "ST_TYPE": "Urbain", "ST_URL": "https://prestations.vd.ch/pub/101587/api/download/2_Cartographie_et_geodonnees/2.1_Carte_des_reseaux/Fiche_des_stations/TP_STA_95005.pdf" }, "geometry": { "type": "Point", "coordinates": [ 6.626775373691521, 46.542515135996283 ] } },
{ "type": "Feature", "properties": { "ALT": 556, "COMM_NOM": "Lausanne", "COMM_OFS": 5586, "COOR_X": 2538027, "COOR_Y": 1153289, "ETC": "(TL)", "GO_CENTRE": 2, "ID_STATION": "92034", "LIGNES": "(10.001)", "NB_LIGNES": 1, "ST_AFFICHE": 1, "ST_NOM": "Lausanne, Druey-Collège", "ST_TYPE": "Urbain", "ST_URL": "https://prestations.vd.ch/pub/101587/api/download/2_Cartographie_et_geodonnees/2.1_Carte_des_reseaux/Fiche_des_stations/TP_STA_92034.pdf" }, "geometry": { "type": "Point", "coordinates": [ 6.630901427901566, 46.528020744035082 ] } },
{ "type": "Feature", "properties": { "ALT": 573, "COMM_NOM": "Lausanne", "COMM_OFS": 5586, "COOR_X": 2538393, "COOR_Y": 1153262, "ETC": "(TL)", "GO_CENTRE": 2, "ID_STATION": "92091", "LIGNES": "(10.016)", "NB_LIGNES": 1, "ST_AFFICHE": 1, "ST_NOM": "Lausanne, Petit Château", "ST_TYPE": "Urbain", "ST_URL": "https://prestations.vd.ch/pub/101587/api/download/2_Cartographie_et_geodonnees/2.1_Carte_des_reseaux/Fiche_des_stations/TP_STA_92091.pdf" }, "geometry": { "type": "Point", "coordinates": [ 6.635683015551701, 46.527813823977148 ] } },
{ "type": "Feature", "properties": { "ALT": 660, "COMM_NOM": "Lausanne", "COMM_OFS": 5586, "COOR_X": 2538633, "COOR_Y": 1154917, "ETC": "(TL)", "GO_CENTRE": 2, "ID_STATION": "92019", "LIGNES": "(10.018)", "NB_LIGNES": 1, "ST_AFFICHE": 1, "ST_NOM": "Lausanne, Clochatte", "ST_TYPE": "Urbain", "ST_URL": "https://prestations.vd.ch/pub/101587/api/download/2_Cartographie_et_geodonnees/2.1_Carte_des_reseaux/Fiche_des_stations/TP_STA_92019.pdf" }, "geometry": { "type": "Point", "coordinates": [ 6.638587371002441, 46.542718983243937 ] } },
{ "type": "Feature", "properties": { "ALT": 666, "COMM_NOM": "Lausanne", "COMM_OFS": 5586, "COOR_X": 2539350, "COOR_Y": 1154727, "ETC": "(TL)", "GO_CENTRE": 2, "ID_STATION": "91977", "LIGNES": "(10.041) (10.903)", "NB_LIGNES": 2, "ST_AFFICHE": 1, "ST_NOM": "Lausanne, Abeilles", "ST_TYPE": "Urbain", "ST_URL": "https://prestations.vd.ch/pub/101587/api/download/2_Cartographie_et_geodonnees/2.1_Carte_des_reseaux/Fiche_des_stations/TP_STA_91977.pdf" }, "geometry": { "type": "Point", "coordinates": [ 6.64795724750167, 46.541073279025746 ] } },
{ "type": "Feature", "properties": { "ALT": 603, "COMM_NOM": "Lausanne", "COMM_OFS": 5586, "COOR_X": 2539377, "COOR_Y": 1153679, "ETC": "(TL)", "GO_CENTRE": 2, "ID_STATION": "92131", "LIGNES": "(10.006) (10.903)", "NB_LIGNES": 2, "ST_AFFICHE": 1, "ST_NOM": "Lausanne, Victor-Ruffy", "ST_TYPE": "Urbain", "ST_URL": "https://prestations.vd.ch/pub/101587/api/download/2_Cartographie_et_geodonnees/2.1_Carte_des_reseaux/Fiche_des_stations/TP_STA_92131.pdf" }, "geometry": { "type": "Point", "coordinates": [ 6.648443612238919, 46.531646862878638 ] } },
{ "type": "Feature", "properties": { "ALT": 705, "COMM_NOM": "Le Mont-sur-Lausanne", "COMM_OFS": 5587, "COOR_X": 2538312, "COOR_Y": 1158067, "ETC": "(TL)", "GO_CENTRE": 0, "ID_STATION": "92142", "LIGNES": "(10.054) (10.060)", "NB_LIGNES": 2, "ST_AFFICHE": 1, "ST_NOM": "Le Mont-sur-L., Fougères", "ST_TYPE": "Régional", "ST_URL": "https://prestations.vd.ch/pub/101587/api/download/2_Cartographie_et_geodonnees/2.1_Carte_des_reseaux/Fiche_des_stations/TP_STA_92142.pdf" }, "geometry": { "type": "Point", "coordinates": [ 6.633980612863854, 46.571023112787707 ] } },
{ "type": "Feature", "properties": { "ALT": 423, "COMM_NOM": "Pully", "COMM_OFS": 5590, "COOR_X": 2540170, "COOR_Y": 1151301, "ETC": "(TL)", "GO_CENTRE": 2, "ID_STATION": "88445", "LIGNES": "(10.008) (10.025) (10.047) (10.048) (10.952)", "NB_LIGNES": 5, "ST_AFFICHE": 1, "ST_NOM": "Pully, gare", "ST_TYPE": "Urbain", "ST_URL": "https://prestations.vd.ch/pub/101587/api/download/2_Cartographie_et_geodonnees/2.1_Carte_des_reseaux/Fiche_des_stations/TP_STA_88445.pdf" }, "geometry": { "type": "Point", "coordinates": [ 6.65909785492203, 46.510330838991557 ] } },
{ "type": "Feature", "properties": { "ALT": 380, "COMM_NOM": "Pully", "COMM_OFS": 5590, "COOR_X": 2540329, "COOR_Y": 1150891, "ETC": "(TL)", "GO_CENTRE": 2, "ID_STATION": "88439_1", "LIGNES": "(10.021)", "NB_LIGNES": 1, "ST_AFFICHE": 1, "ST_NOM": "Pully, port", "ST_TYPE": "Urbain", "ST_URL": "https://prestations.vd.ch/pub/101587/api/download/2_Cartographie_et_geodonnees/2.1_Carte_des_reseaux/Fiche_des_stations/TP_STA_88439_1.pdf" }, "geometry": { "type": "Point", "coordinates": [ 6.661212194465383, 46.506655254240755 ] } },
{ "type": "Feature", "properties": { "ALT": 473, "COMM_NOM": "Pully", "COMM_OFS": 5590, "COOR_X": 2539983, "COOR_Y": 1151822, "ETC": "(TL)", "GO_CENTRE": 2, "ID_STATION": "92196", "LIGNES": "(10.048)", "NB_LIGNES": 1, "ST_AFFICHE": 1, "ST_NOM": "Pully, Roses", "ST_TYPE": "Urbain", "ST_URL": "https://prestations.vd.ch/pub/101587/api/download/2_Cartographie_et_geodonnees/2.1_Carte_des_reseaux/Fiche_des_stations/TP_STA_92196.pdf" }, "geometry": { "type": "Point", "coordinates": [ 6.656592306816457, 46.515003564106145 ] } },
{ "type": "Feature", "properties": { "ALT": 586, "COMM_NOM": "Pully", "COMM_OFS": 5590, "COOR_X": 2540717, "COOR_Y": 1152707, "ETC": "(TL)", "GO_CENTRE": 2, "ID_STATION": "92177", "LIGNES": "(10.048)", "NB_LIGNES": 1, "ST_AFFICHE": 1, "ST_NOM": "Pully, Daillettes", "ST_TYPE": "Urbain", "ST_URL": "https://prestations.vd.ch/pub/101587/api/download/2_Cartographie_et_geodonnees/2.1_Carte_des_reseaux/Fiche_des_stations/TP_STA_92177.pdf" }, "geometry": { "type": "Point", "coordinates": [ 6.666043241475673, 46.523028512252637 ] } },
{ "type": "Feature", "properties": { "ALT": 450, "COMM_NOM": "Pully", "COMM_OFS": 5590, "COOR_X": 2541013, "COOR_Y": 1151453, "ETC": "(TL)", "GO_CENTRE": 2, "ID_STATION": "95191", "LIGNES": "(10.049)", "NB_LIGNES": 1, "ST_AFFICHE": 1, "ST_NOM": "Pully,Centre Sportif Rochettaz", "ST_TYPE": "Urbain", "ST_URL": "https://prestations.vd.ch/pub/101587/api/download/2_Cartographie_et_geodonnees/2.1_Carte_des_reseaux/Fiche_des_stations/TP_STA_95191.pdf" }, "geometry": { "type": "Point", "coordinates": [ 6.670051806872589, 46.511778314302937 ] } },
{ "type": "Feature", "properties": { "ALT": 597, "COMM_NOM": "Lausanne", "COMM_OFS": 5586, "COOR_X": 2539518, "COOR_Y": 1153703, "ETC": "(TL)", "GO_CENTRE": 2, "ID_STATION": "92008", "LIGNES": "(10.042)", "NB_LIGNES": 1, "ST_AFFICHE": 1, "ST_NOM": "Lausanne, Champ-Rond", "ST_TYPE": "Urbain", "ST_URL": "https://prestations.vd.ch/pub/101587/api/download/2_Cartographie_et_geodonnees/2.1_Carte_des_reseaux/Fiche_des_stations/TP_STA_92008.pdf" }, "geometry": { "type": "Point", "coordinates": [ 6.650278863049066, 46.531881382008407 ] } },
{ "type": "Feature", "properties": { "ALT": 606, "COMM_NOM": "Lausanne", "COMM_OFS": 5586, "COOR_X": 2539915, "COOR_Y": 1153370, "ETC": "(TL)", "GO_CENTRE": 2, "ID_STATION": "92112", "LIGNES": "(10.042)", "NB_LIGNES": 1, "ST_AFFICHE": 1, "ST_NOM": "Lausanne, Rozavère", "ST_TYPE": "Urbain", "ST_URL": "https://prestations.vd.ch/pub/101587/api/download/2_Cartographie_et_geodonnees/2.1_Carte_des_reseaux/Fiche_des_stations/TP_STA_92112.pdf" }, "geometry": { "type": "Point", "coordinates": [ 6.655507210087365, 46.528918892499632 ] } },
{ "type": "Feature", "properties": { "ALT": 715, "COMM_NOM": "Epalinges", "COMM_OFS": 5584, "COOR_X": 2540168, "COOR_Y": 1155119, "ETC": "(TL)", "GO_CENTRE": 2, "ID_STATION": "11383", "LIGNES": "(10.044)", "NB_LIGNES": 1, "ST_AFFICHE": 1, "ST_NOM": "Epalinges, Vaugueny", "ST_TYPE": "Urbain", "ST_URL": "https://prestations.vd.ch/pub/101587/api/download/2_Cartographie_et_geodonnees/2.1_Carte_des_reseaux/Fiche_des_stations/TP_STA_11383.pdf" }, "geometry": { "type": "Point", "coordinates": [ 6.658567733725834, 46.544679112343424 ] } },
{ "type": "Feature", "properties": { "ALT": 768, "COMM_NOM": "Epalinges", "COMM_OFS": 5584, "COOR_X": 2540439, "COOR_Y": 1155837, "ETC": "(TL)", "GO_CENTRE": 0, "ID_STATION": "93822", "LIGNES": "(10.044)", "NB_LIGNES": 1, "ST_AFFICHE": 1, "ST_NOM": "Epalinges, Montéclard", "ST_TYPE": "Urbain", "ST_URL": "https://prestations.vd.ch/pub/101587/api/download/2_Cartographie_et_geodonnees/2.1_Carte_des_reseaux/Fiche_des_stations/TP_STA_93822.pdf" }, "geometry": { "type": "Point", "coordinates": [ 6.662009246406434, 46.551155747285172 ] } },
{ "type": "Feature", "properties": { "ALT": 796, "COMM_NOM": "Epalinges", "COMM_OFS": 5584, "COOR_X": 2541166, "COOR_Y": 1155782, "ETC": "(TL)", "GO_CENTRE": 0, "ID_STATION": "91967", "LIGNES": "(10.046)", "NB_LIGNES": 1, "ST_AFFICHE": 1, "ST_NOM": "Epalinges, En Praz Bin", "ST_TYPE": "Urbain", "ST_URL": "https://prestations.vd.ch/pub/101587/api/download/2_Cartographie_et_geodonnees/2.1_Carte_des_reseaux/Fiche_des_stations/TP_STA_91967.pdf" }, "geometry": { "type": "Point", "coordinates": [ 6.671492380842622, 46.550727923246185 ] } },
{ "type": "Feature", "properties": { "ALT": 761, "COMM_NOM": "Epalinges", "COMM_OFS": 5584, "COOR_X": 2541248, "COOR_Y": 1155018, "ETC": "(TL)", "GO_CENTRE": 2, "ID_STATION": "91970", "LIGNES": "(10.064) (10.902)", "NB_LIGNES": 2, "ST_AFFICHE": 1, "ST_NOM": "Epalinges, Pré-d'Yverdon", "ST_TYPE": "Urbain", "ST_URL": "https://prestations.vd.ch/pub/101587/api/download/2_Cartographie_et_geodonnees/2.1_Carte_des_reseaux/Fiche_des_stations/TP_STA_91970.pdf" }, "geometry": { "type": "Point", "coordinates": [ 6.672660450307045, 46.543867272024393 ] } },
{ "type": "Feature", "properties": { "ALT": 791, "COMM_NOM": "Le Mont-sur-Lausanne", "COMM_OFS": 5587, "COOR_X": 2539597, "COOR_Y": 1157436, "ETC": "(TL)", "GO_CENTRE": 0, "ID_STATION": "11584", "LIGNES": "(10.054)", "NB_LIGNES": 1, "ST_AFFICHE": 1, "ST_NOM": "Le Mont-sur-L., Planches", "ST_TYPE": "Régional", "ST_URL": "https://prestations.vd.ch/pub/101587/api/download/2_Cartographie_et_geodonnees/2.1_Carte_des_reseaux/Fiche_des_stations/TP_STA_11584.pdf" }, "geometry": { "type": "Point", "coordinates": [ 6.650824932437153, 46.565468000897297 ] } },
{ "type": "Feature", "properties": { "ALT": 374, "COMM_NOM": "Lutry", "COMM_OFS": 5606, "COOR_X": 2542069, "COOR_Y": 1150342, "ETC": "(TL)", "GO_CENTRE": 2, "ID_STATION": "92156", "LIGNES": "(10.069) (10.954)", "NB_LIGNES": 2, "ST_AFFICHE": 1, "ST_NOM": "Lutry, port", "ST_TYPE": "Urbain", "ST_URL": "https://prestations.vd.ch/pub/101587/api/download/2_Cartographie_et_geodonnees/2.1_Carte_des_reseaux/Fiche_des_stations/TP_STA_92156.pdf" }, "geometry": { "type": "Point", "coordinates": [ 6.683948062561322, 46.501875020255994 ] } },
{ "type": "Feature", "properties": { "ALT": 588, "COMM_NOM": "Belmont-sur-Lausanne", "COMM_OFS": 5581, "COOR_X": 2541505, "COOR_Y": 1152430, "ETC": "(TL)", "GO_CENTRE": 2, "ID_STATION": "95190", "LIGNES": "(10.049)", "NB_LIGNES": 1, "ST_AFFICHE": 1, "ST_NOM": "Belmont-sur-L., Malavaux", "ST_TYPE": "Urbain", "ST_URL": "https://prestations.vd.ch/pub/101587/api/download/2_Cartographie_et_geodonnees/2.1_Carte_des_reseaux/Fiche_des_stations/TP_STA_95190.pdf" }, "geometry": { "type": "Point", "coordinates": [ 6.676346622998904, 46.520606128348753 ] } },
{ "type": "Feature", "properties": { "ALT": 669, "COMM_NOM": "Lutry", "COMM_OFS": 5606, "COOR_X": 2542607, "COOR_Y": 1152235, "ETC": "(TL)", "GO_CENTRE": 2, "ID_STATION": "9478", "LIGNES": "(10.954)", "NB_LIGNES": 1, "ST_AFFICHE": 1, "ST_NOM": "Lutry, Poses-Franches", "ST_TYPE": "Urbain", "ST_URL": "https://prestations.vd.ch/pub/101587/api/download/2_Cartographie_et_geodonnees/2.1_Carte_des_reseaux/Fiche_des_stations/TP_STA_9478.pdf" }, "geometry": { "type": "Point", "coordinates": [ 6.690728481458403, 46.518944890404242 ] } },
{ "type": "Feature", "properties": { "ALT": 796, "COMM_NOM": "Epalinges", "COMM_OFS": 5584, "COOR_X": 2541398, "COOR_Y": 1155331, "ETC": "(TL)", "GO_CENTRE": 0, "ID_STATION": "93827", "LIGNES": "(10.959)", "NB_LIGNES": 1, "ST_AFFICHE": 1, "ST_NOM": "Epalinges, Sylvana", "ST_TYPE": "Urbain", "ST_URL": "https://prestations.vd.ch/pub/101587/api/download/2_Cartographie_et_geodonnees/2.1_Carte_des_reseaux/Fiche_des_stations/TP_STA_93827.pdf" }, "geometry": { "type": "Point", "coordinates": [ 6.674579331179503, 46.546691561550425 ] } },
{ "type": "Feature", "properties": { "ALT": 845, "COMM_NOM": "Lausanne", "COMM_OFS": 5586, "COOR_X": 2541928, "COOR_Y": 1156598, "ETC": "(TL)", "GO_CENTRE": 0, "ID_STATION": "87549", "LIGNES": "(10.045) (10.054) (10.064) (10.902)", "NB_LIGNES": 4, "ST_AFFICHE": 1, "ST_NOM": "Lausanne, Vulliette", "ST_TYPE": "Régional/urbain", "ST_URL": "https://prestations.vd.ch/pub/101587/api/download/2_Cartographie_et_geodonnees/2.1_Carte_des_reseaux/Fiche_des_stations/TP_STA_87549.pdf" }, "geometry": { "type": "Point", "coordinates": [ 6.681330243272549, 46.558138752404389 ] } },
{ "type": "Feature", "properties": { "ALT": 638, "COMM_NOM": "Lutry", "COMM_OFS": 5606, "COOR_X": 2543941, "COOR_Y": 1151107, "ETC": "(TL)", "GO_CENTRE": 0, "ID_STATION": "88452", "LIGNES": "(10.047) (10.906) (10.954)", "NB_LIGNES": 3, "ST_AFFICHE": 1, "ST_NOM": "Lutry, Jordillon", "ST_TYPE": "Urbain", "ST_URL": "https://prestations.vd.ch/pub/101587/api/download/2_Cartographie_et_geodonnees/2.1_Carte_des_reseaux/Fiche_des_stations/TP_STA_88452.pdf" }, "geometry": { "type": "Point", "coordinates": [ 6.708252165684644, 46.508913582969292 ] } },
{ "type": "Feature", "properties": { "ALT": 638, "COMM_NOM": "Bourg-en-Lavaux", "COMM_OFS": 5613, "COOR_X": 2544163, "COOR_Y": 1150718, "ETC": "(TL)", "GO_CENTRE": 0, "ID_STATION": "88453", "LIGNES": "(10.047) (10.906)", "NB_LIGNES": 2, "ST_AFFICHE": 1, "ST_NOM": "Aran, Pra Forny", "ST_TYPE": "Urbain", "ST_URL": "https://prestations.vd.ch/pub/101587/api/download/2_Cartographie_et_geodonnees/2.1_Carte_des_reseaux/Fiche_des_stations/TP_STA_88453.pdf" }, "geometry": { "type": "Point", "coordinates": [ 6.711188524950869, 46.505436146498198 ] } },
{ "type": "Feature", "properties": { "ALT": 637, "COMM_NOM": "Lutry", "COMM_OFS": 5606, "COOR_X": 2543634, "COOR_Y": 1151449, "ETC": "(TL)", "GO_CENTRE": 0, "ID_STATION": "88451", "LIGNES": "(10.047) (10.906) (10.954)", "NB_LIGNES": 3, "ST_AFFICHE": 1, "ST_NOM": "Lutry, Sapelle", "ST_TYPE": "Urbain", "ST_URL": "https://prestations.vd.ch/pub/101587/api/download/2_Cartographie_et_geodonnees/2.1_Carte_des_reseaux/Fiche_des_stations/TP_STA_88451.pdf" }, "geometry": { "type": "Point", "coordinates": [ 6.70420593948687, 46.511962580009964 ] } },
{ "type": "Feature", "properties": { "ALT": 376, "COMM_NOM": "Morges", "COMM_OFS": 5642, "COOR_X": 2528922, "COOR_Y": 1152187, "ETC": "(MBC)", "GO_CENTRE": 2, "ID_STATION": "92259", "LIGNES": "(10.701)", "NB_LIGNES": 1, "ST_AFFICHE": 1, "ST_NOM": "Morges, Bief", "ST_TYPE": "Urbain", "ST_URL": "https://prestations.vd.ch/pub/101587/api/download/2_Cartographie_et_geodonnees/2.1_Carte_des_reseaux/Fiche_des_stations/TP_STA_92259.pdf" }, "geometry": { "type": "Point", "coordinates": [ 6.512418808207049, 46.517200698024304 ] } },
{ "type": "Feature", "properties": { "ALT": 386, "COMM_NOM": "Lonay", "COMM_OFS": 5638, "COOR_X": 2528963, "COOR_Y": 1152725, "ETC": "(MBC)", "GO_CENTRE": 2, "ID_STATION": "92251", "LIGNES": "(10.702)", "NB_LIGNES": 1, "ST_AFFICHE": 1, "ST_NOM": "Lonay, Grassiaz", "ST_TYPE": "Urbain", "ST_URL": "https://prestations.vd.ch/pub/101587/api/download/2_Cartographie_et_geodonnees/2.1_Carte_des_reseaux/Fiche_des_stations/TP_STA_92251.pdf" }, "geometry": { "type": "Point", "coordinates": [ 6.512865602184578, 46.522044073036291 ] } },
{ "type": "Feature", "properties": { "ALT": 408, "COMM_NOM": "Lonay", "COMM_OFS": 5638, "COOR_X": 2529508, "COOR_Y": 1153105, "ETC": "(MBC)", "GO_CENTRE": 2, "ID_STATION": "95219", "LIGNES": "(10.705)", "NB_LIGNES": 1, "ST_AFFICHE": 1, "ST_NOM": "Lonay, Pressoirs", "ST_TYPE": "Urbain", "ST_URL": "https://prestations.vd.ch/pub/101587/api/download/2_Cartographie_et_geodonnees/2.1_Carte_des_reseaux/Fiche_des_stations/TP_STA_95219.pdf" }, "geometry": { "type": "Point", "coordinates": [ 6.519903121354478, 46.525516870523575 ] } },
{ "type": "Feature", "properties": { "ALT": 402, "COMM_NOM": "Préverenges", "COMM_OFS": 5643, "COOR_X": 2529986, "COOR_Y": 1152192, "ETC": "(MBC)", "GO_CENTRE": 2, "ID_STATION": "79230", "LIGNES": "(10.701) (10.705)", "NB_LIGNES": 2, "ST_AFFICHE": 1, "ST_NOM": "Préverenges, village", "ST_TYPE": "Urbain", "ST_URL": "https://prestations.vd.ch/pub/101587/api/download/2_Cartographie_et_geodonnees/2.1_Carte_des_reseaux/Fiche_des_stations/TP_STA_79230.pdf" }, "geometry": { "type": "Point", "coordinates": [ 6.526271913814024, 46.517358138039697 ] } },
{ "type": "Feature", "properties": { "ALT": 400, "COMM_NOM": "Echandens", "COMM_OFS": 5633, "COOR_X": 2531581, "COOR_Y": 1154298, "ETC": "(MBC)", "GO_CENTRE": 2, "ID_STATION": "92244", "LIGNES": "(10.702) (10.705)", "NB_LIGNES": 2, "ST_AFFICHE": 1, "ST_NOM": "Echandens, Chocolatière", "ST_TYPE": "Urbain", "ST_URL": "https://prestations.vd.ch/pub/101587/api/download/2_Cartographie_et_geodonnees/2.1_Carte_des_reseaux/Fiche_des_stations/TP_STA_92244.pdf" }, "geometry": { "type": "Point", "coordinates": [ 6.546741892903005, 46.536469936373464 ] } },
{ "type": "Feature", "properties": { "ALT": 409, "COMM_NOM": "Ecublens (VD)", "COMM_OFS": 5635, "COOR_X": 2532272, "COOR_Y": 1153750, "ETC": "(MBC)", "GO_CENTRE": 2, "ID_STATION": "92248", "LIGNES": "(10.705)", "NB_LIGNES": 1, "ST_AFFICHE": 1, "ST_NOM": "Ecublens VD, Larges Pièces", "ST_TYPE": "Urbain", "ST_URL": "https://prestations.vd.ch/pub/101587/api/download/2_Cartographie_et_geodonnees/2.1_Carte_des_reseaux/Fiche_des_stations/TP_STA_92248.pdf" }, "geometry": { "type": "Point", "coordinates": [ 6.555836851226237, 46.531610160915861 ] } },
{ "type": "Feature", "properties": { "ALT": 440, "COMM_NOM": "Bussigny", "COMM_OFS": 5624, "COOR_X": 2531817, "COOR_Y": 1156110, "ETC": "(TL)", "GO_CENTRE": 2, "ID_STATION": "6905", "LIGNES": "(10.035)", "NB_LIGNES": 1, "ST_AFFICHE": 1, "ST_NOM": "Bussigny, Tatironne", "ST_TYPE": "Urbain", "ST_URL": "https://prestations.vd.ch/pub/101587/api/download/2_Cartographie_et_geodonnees/2.1_Carte_des_reseaux/Fiche_des_stations/TP_STA_6905.pdf" }, "geometry": { "type": "Point", "coordinates": [ 6.549552670125355, 46.552789765565549 ] } },
{ "type": "Feature", "properties": { "ALT": 394, "COMM_NOM": "Saint-Sulpice (VD)", "COMM_OFS": 5648, "COOR_X": 2532418, "COOR_Y": 1151354, "ETC": "(TL)", "GO_CENTRE": 2, "ID_STATION": "88158", "LIGNES": "(10.031) (10.905)", "NB_LIGNES": 2, "ST_AFFICHE": 1, "ST_NOM": "St-Sulpice VD, centre", "ST_TYPE": "Urbain", "ST_URL": "https://prestations.vd.ch/pub/101587/api/download/2_Cartographie_et_geodonnees/2.1_Carte_des_reseaux/Fiche_des_stations/TP_STA_88158.pdf" }, "geometry": { "type": "Point", "coordinates": [ 6.558088510092117, 46.510067205137204 ] } },
{ "type": "Feature", "properties": { "ALT": 395, "COMM_NOM": "Ecublens (VD)", "COMM_OFS": 5635, "COOR_X": 2533099, "COOR_Y": 1152679, "ETC": "(MBC)", "GO_CENTRE": 2, "ID_STATION": "79233", "LIGNES": "(10.705)", "NB_LIGNES": 1, "ST_AFFICHE": 1, "ST_NOM": "Ecublens VD, EPFL (bus)", "ST_TYPE": "Urbain", "ST_URL": "https://prestations.vd.ch/pub/101587/api/download/2_Cartographie_et_geodonnees/2.1_Carte_des_reseaux/Fiche_des_stations/TP_STA_79233.pdf" }, "geometry": { "type": "Point", "coordinates": [ 6.566766916434135, 46.522058039897082 ] } },
{ "type": "Feature", "properties": { "ALT": 396, "COMM_NOM": "Ecublens (VD)", "COMM_OFS": 5635, "COOR_X": 2533488, "COOR_Y": 1152503, "ETC": "(MBC) (TL)", "GO_CENTRE": 2, "ID_STATION": "91944", "LIGNES": "(10.705) (10.031) (10.905)", "NB_LIGNES": 3, "ST_AFFICHE": 1, "ST_NOM": "Ecublens VD, Argand", "ST_TYPE": "Urbain", "ST_URL": "https://prestations.vd.ch/pub/101587/api/download/2_Cartographie_et_geodonnees/2.1_Carte_des_reseaux/Fiche_des_stations/TP_STA_91944.pdf" }, "geometry": { "type": "Point", "coordinates": [ 6.571869523989619, 46.520511440089471 ] } },
{ "type": "Feature", "properties": { "ALT": 416, "COMM_NOM": "Chavannes-près-Renens", "COMM_OFS": 5627, "COOR_X": 2533870, "COOR_Y": 1154251, "ETC": "(TL)", "GO_CENTRE": 2, "ID_STATION": "93869", "LIGNES": "(10.025) (10.031) (10.032) (10.905)", "NB_LIGNES": 4, "ST_AFFICHE": 1, "ST_NOM": "Chavannes-R., Glycines", "ST_TYPE": "Urbain", "ST_URL": "https://prestations.vd.ch/pub/101587/api/download/2_Cartographie_et_geodonnees/2.1_Carte_des_reseaux/Fiche_des_stations/TP_STA_93869.pdf" }, "geometry": { "type": "Point", "coordinates": [ 6.576590144392505, 46.536269369977951 ] } },
{ "type": "Feature", "properties": { "ALT": 451, "COMM_NOM": "Crissier", "COMM_OFS": 5583, "COOR_X": 2533353, "COOR_Y": 1156171, "ETC": "(TL)", "GO_CENTRE": 2, "ID_STATION": "91936", "LIGNES": "(10.036)", "NB_LIGNES": 1, "ST_AFFICHE": 1, "ST_NOM": "Crissier, Closalet", "ST_TYPE": "Urbain", "ST_URL": "https://prestations.vd.ch/pub/101587/api/download/2_Cartographie_et_geodonnees/2.1_Carte_des_reseaux/Fiche_des_stations/TP_STA_91936.pdf" }, "geometry": { "type": "Point", "coordinates": [ 6.569568479867041, 46.553491989167135 ] } },
{ "type": "Feature", "properties": { "ALT": 479, "COMM_NOM": "Villars-Sainte-Croix", "COMM_OFS": 5651, "COOR_X": 2533054, "COOR_Y": 1157023, "ETC": "(TL)", "GO_CENTRE": 2, "ID_STATION": "88846", "LIGNES": "(10.017) (10.032) (10.058) (10.904)", "NB_LIGNES": 4, "ST_AFFICHE": 1, "ST_NOM": "Villars-Ste-Croix, Croix-Péage", "ST_TYPE": "Régional/urbain", "ST_URL": "https://prestations.vd.ch/pub/101587/api/download/2_Cartographie_et_geodonnees/2.1_Carte_des_reseaux/Fiche_des_stations/TP_STA_88846.pdf" }, "geometry": { "type": "Point", "coordinates": [ 6.565549615361187, 46.561130883939057 ] } },
{ "type": "Feature", "properties": { "ALT": 483, "COMM_NOM": "Villars-Sainte-Croix", "COMM_OFS": 5651, "COOR_X": 2533109, "COOR_Y": 1157180, "ETC": "(TL)", "GO_CENTRE": 2, "ID_STATION": "95978", "LIGNES": "(10.032) (10.904)", "NB_LIGNES": 2, "ST_AFFICHE": 1, "ST_NOM": "Villars-Ste-Croix, Colice", "ST_TYPE": "Urbain", "ST_URL": "https://prestations.vd.ch/pub/101587/api/download/2_Cartographie_et_geodonnees/2.1_Carte_des_reseaux/Fiche_des_stations/TP_STA_95978.pdf" }, "geometry": { "type": "Point", "coordinates": [ 6.566248033024761, 46.562546136358257 ] } },
{ "type": "Feature", "properties": { "ALT": 431, "COMM_NOM": "Renens (VD)", "COMM_OFS": 5591, "COOR_X": 2535391, "COOR_Y": 1153045, "ETC": "(TL)", "GO_CENTRE": 2, "ID_STATION": "92215", "LIGNES": "(10.032) (10.033) (10.905)", "NB_LIGNES": 3, "ST_AFFICHE": 1, "ST_NOM": "Renens VD, Longemalle", "ST_TYPE": "Urbain", "ST_URL": "https://prestations.vd.ch/pub/101587/api/download/2_Cartographie_et_geodonnees/2.1_Carte_des_reseaux/Fiche_des_stations/TP_STA_92215.pdf" }, "geometry": { "type": "Point", "coordinates": [ 6.59659028224543, 46.525571704804648 ] } },
{ "type": "Feature", "properties": { "ALT": 427, "COMM_NOM": "Renens (VD)", "COMM_OFS": 5591, "COOR_X": 2534215, "COOR_Y": 1154773, "ETC": "(TL)", "GO_CENTRE": 2, "ID_STATION": "92214", "LIGNES": "(10.038) (10.904)", "NB_LIGNES": 2, "ST_AFFICHE": 1, "ST_NOM": "Renens VD, Industrie", "ST_TYPE": "Urbain", "ST_URL": "https://prestations.vd.ch/pub/101587/api/download/2_Cartographie_et_geodonnees/2.1_Carte_des_reseaux/Fiche_des_stations/TP_STA_92214.pdf" }, "geometry": { "type": "Point", "coordinates": [ 6.581009629829185, 46.541005538038917 ] } },
{ "type": "Feature", "properties": { "ALT": 409, "COMM_NOM": "Renens (VD)", "COMM_OFS": 5591, "COOR_X": 2534432, "COOR_Y": 1153809, "ETC": "(TL)", "GO_CENTRE": 2, "ID_STATION": "92209", "LIGNES": "(10.025) (10.032) (10.033) (10.905)", "NB_LIGNES": 4, "ST_AFFICHE": 1, "ST_NOM": "Renens VD, Censuy", "ST_TYPE": "Urbain", "ST_URL": "https://prestations.vd.ch/pub/101587/api/download/2_Cartographie_et_geodonnees/2.1_Carte_des_reseaux/Fiche_des_stations/TP_STA_92209.pdf" }, "geometry": { "type": "Point", "coordinates": [ 6.583985419873996, 46.532356276283608 ] } },
{ "type": "Feature", "properties": { "ALT": 418, "COMM_NOM": "Renens (VD)", "COMM_OFS": 5591, "COOR_X": 2534521, "COOR_Y": 1153596, "ETC": "(TL)", "GO_CENTRE": 2, "ID_STATION": "95534", "LIGNES": "(10.025)", "NB_LIGNES": 1, "ST_AFFICHE": 1, "ST_NOM": "Renens VD, piscine", "ST_TYPE": "Urbain", "ST_URL": "https://prestations.vd.ch/pub/101587/api/download/2_Cartographie_et_geodonnees/2.1_Carte_des_reseaux/Fiche_des_stations/TP_STA_95534.pdf" }, "geometry": { "type": "Point", "coordinates": [ 6.585166023844385, 46.530443534942584 ] } },
{ "type": "Feature", "properties": { "ALT": 418, "COMM_NOM": "Renens (VD)", "COMM_OFS": 5591, "COOR_X": 2534613, "COOR_Y": 1154285, "ETC": "(TL)", "GO_CENTRE": 2, "ID_STATION": "92213", "LIGNES": "(10.017) (10.019) (10.904)", "NB_LIGNES": 3, "ST_AFFICHE": 1, "ST_NOM": "Renens VD, Hôtel-de-Ville", "ST_TYPE": "Urbain", "ST_URL": "https://prestations.vd.ch/pub/101587/api/download/2_Cartographie_et_geodonnees/2.1_Carte_des_reseaux/Fiche_des_stations/TP_STA_92213.pdf" }, "geometry": { "type": "Point", "coordinates": [ 6.586266738128775, 46.536657049078812 ] } },
{ "type": "Feature", "properties": { "ALT": 435, "COMM_NOM": "Renens (VD)", "COMM_OFS": 5591, "COOR_X": 2534623, "COOR_Y": 1154683, "ETC": "(TL)", "GO_CENTRE": 2, "ID_STATION": "92220", "LIGNES": "(10.038) (10.904)", "NB_LIGNES": 2, "ST_AFFICHE": 1, "ST_NOM": "Renens VD, Saugiaz", "ST_TYPE": "Urbain", "ST_URL": "https://prestations.vd.ch/pub/101587/api/download/2_Cartographie_et_geodonnees/2.1_Carte_des_reseaux/Fiche_des_stations/TP_STA_92220.pdf" }, "geometry": { "type": "Point", "coordinates": [ 6.586344175627999, 46.540234471783016 ] } },
{ "type": "Feature", "properties": { "ALT": 419, "COMM_NOM": "Renens (VD)", "COMM_OFS": 5591, "COOR_X": 2534895, "COOR_Y": 1153435, "ETC": "(TL)", "GO_CENTRE": 2, "ID_STATION": "92210", "LIGNES": "(10.032) (10.033) (10.905)", "NB_LIGNES": 3, "ST_AFFICHE": 1, "ST_NOM": "Renens VD, Chêne", "ST_TYPE": "Urbain", "ST_URL": "https://prestations.vd.ch/pub/101587/api/download/2_Cartographie_et_geodonnees/2.1_Carte_des_reseaux/Fiche_des_stations/TP_STA_92210.pdf" }, "geometry": { "type": "Point", "coordinates": [ 6.590073036304354, 46.529032573202755 ] } },
{ "type": "Feature", "properties": { "ALT": 426, "COMM_NOM": "Renens (VD)", "COMM_OFS": 5591, "COOR_X": 2535060, "COOR_Y": 1153838, "ETC": "(TL)", "GO_CENTRE": 2, "ID_STATION": "92223", "LIGNES": "(10.017) (10.019) (10.904)", "NB_LIGNES": 3, "ST_AFFICHE": 1, "ST_NOM": "Renens VD, village", "ST_TYPE": "Urbain", "ST_URL": "https://prestations.vd.ch/pub/101587/api/download/2_Cartographie_et_geodonnees/2.1_Carte_des_reseaux/Fiche_des_stations/TP_STA_92223.pdf" }, "geometry": { "type": "Point", "coordinates": [ 6.592162783226091, 46.532674500503255 ] } },
{ "type": "Feature", "properties": { "ALT": 457, "COMM_NOM": "Renens (VD)", "COMM_OFS": 5591, "COOR_X": 2534466, "COOR_Y": 1155357, "ETC": "(TL)", "GO_CENTRE": 2, "ID_STATION": "92204", "LIGNES": "(10.018) (10.904)", "NB_LIGNES": 2, "ST_AFFICHE": 1, "ST_NOM": "Renens VD, Bois-Genoud", "ST_TYPE": "Urbain", "ST_URL": "https://prestations.vd.ch/pub/101587/api/download/2_Cartographie_et_geodonnees/2.1_Carte_des_reseaux/Fiche_des_stations/TP_STA_92204.pdf" }, "geometry": { "type": "Point", "coordinates": [ 6.584206368715329, 46.546283494568591 ] } },
{ "type": "Feature", "properties": { "ALT": 446, "COMM_NOM": "Lausanne", "COMM_OFS": 5586, "COOR_X": 2536173, "COOR_Y": 1153201, "ETC": "(TL)", "GO_CENTRE": 2, "ID_STATION": "92103", "LIGNES": "(10.007) (10.017) (10.018) (10.019) (10.904)", "NB_LIGNES": 5, "ST_AFFICHE": 1, "ST_NOM": "Lausanne, Prélaz-les-Roses", "ST_TYPE": "Urbain", "ST_URL": "https://prestations.vd.ch/pub/101587/api/download/2_Cartographie_et_geodonnees/2.1_Carte_des_reseaux/Fiche_des_stations/TP_STA_92103.pdf" }, "geometry": { "type": "Point", "coordinates": [ 6.606760316200066, 46.527052909152566 ] } },
{ "type": "Feature", "properties": { "ALT": 459, "COMM_NOM": "Lausanne", "COMM_OFS": 5586, "COOR_X": 2536629, "COOR_Y": 1153112, "ETC": "(TL)", "GO_CENTRE": 2, "ID_STATION": "92102", "LIGNES": "(10.007) (10.018) (10.019) (10.904)", "NB_LIGNES": 4, "ST_AFFICHE": 1, "ST_NOM": "Lausanne, Prélaz", "ST_TYPE": "Urbain", "ST_URL": "https://prestations.vd.ch/pub/101587/api/download/2_Cartographie_et_geodonnees/2.1_Carte_des_reseaux/Fiche_des_stations/TP_STA_92102.pdf" }, "geometry": { "type": "Point", "coordinates": [ 6.612715808626169, 46.526299202104376 ] } },
{ "type": "Feature", "properties": { "ALT": 468, "COMM_NOM": "Lausanne", "COMM_OFS": 5586, "COOR_X": 2537074, "COOR_Y": 1152792, "ETC": "(TL)", "GO_CENTRE": 2, "ID_STATION": "92041", "LIGNES": "(10.017)", "NB_LIGNES": 1, "ST_AFFICHE": 1, "ST_NOM": "Lausanne, EPSIC", "ST_TYPE": "Urbain", "ST_URL": "https://prestations.vd.ch/pub/101587/api/download/2_Cartographie_et_geodonnees/2.1_Carte_des_reseaux/Fiche_des_stations/TP_STA_92041.pdf" }, "geometry": { "type": "Point", "coordinates": [ 6.618552682218695, 46.52345628898383 ] } },
{ "type": "Feature", "properties": { "ALT": 512, "COMM_NOM": "Lausanne", "COMM_OFS": 5586, "COOR_X": 2537132, "COOR_Y": 1153223, "ETC": "(TL)", "GO_CENTRE": 2, "ID_STATION": "91980", "LIGNES": "(10.004)", "NB_LIGNES": 1, "ST_AFFICHE": 1, "ST_NOM": "Lausanne, Aubépines", "ST_TYPE": "Urbain", "ST_URL": "https://prestations.vd.ch/pub/101587/api/download/2_Cartographie_et_geodonnees/2.1_Carte_des_reseaux/Fiche_des_stations/TP_STA_91980.pdf" }, "geometry": { "type": "Point", "coordinates": [ 6.619245733763517, 46.527337639725054 ] } },
{ "type": "Feature", "properties": { "ALT": 409, "COMM_NOM": "Lausanne", "COMM_OFS": 5586, "COOR_X": 2537450, "COOR_Y": 1151571, "ETC": "(TL)", "GO_CENTRE": 2, "ID_STATION": "91985", "LIGNES": "(10.001) (10.025)", "NB_LIGNES": 2, "ST_AFFICHE": 1, "ST_NOM": "Lausanne, jardin botanique", "ST_TYPE": "Urbain", "ST_URL": "https://prestations.vd.ch/pub/101587/api/download/2_Cartographie_et_geodonnees/2.1_Carte_des_reseaux/Fiche_des_stations/TP_STA_91985.pdf" }, "geometry": { "type": "Point", "coordinates": [ 6.623618652402468, 46.512510570176431 ] } },
{ "type": "Feature", "properties": { "ALT": 493, "COMM_NOM": "Lausanne", "COMM_OFS": 5586, "COOR_X": 2537554, "COOR_Y": 1152801, "ETC": "(CarPostal) (TL)", "GO_CENTRE": 2, "ID_STATION": "92010_2", "LIGNES": "(10.362) (10.365) (10.369) (10.901) (10.902) (10.903) (10.904) (10.905) (10.906)", "NB_LIGNES": 9, "ST_AFFICHE": 1, "ST_NOM": "Lausanne, Chauderon", "ST_TYPE": "Régional", "ST_URL": "https://prestations.vd.ch/pub/101587/api/download/2_Cartographie_et_geodonnees/2.1_Carte_des_reseaux/Fiche_des_stations/TP_STA_92010_2.pdf" }, "geometry": { "type": "Point", "coordinates": [ 6.624802269966949, 46.523583435962237 ] } },
{ "type": "Feature", "properties": { "ALT": 485, "COMM_NOM": "Prilly", "COMM_OFS": 5589, "COOR_X": 2536131, "COOR_Y": 1154146, "ETC": "(TL)", "GO_CENTRE": 2, "ID_STATION": "92173_2", "LIGNES": "(10.033)", "NB_LIGNES": 1, "ST_AFFICHE": 1, "ST_NOM": "Prilly, centre", "ST_TYPE": "Urbain", "ST_URL": "https://prestations.vd.ch/pub/101587/api/download/2_Cartographie_et_geodonnees/2.1_Carte_des_reseaux/Fiche_des_stations/TP_STA_92173_2.pdf" }, "geometry": { "type": "Point", "coordinates": [ 6.60607490098373, 46.535548488470788 ] } },
{ "type": "Feature", "properties": { "ALT": 491, "COMM_NOM": "Lausanne", "COMM_OFS": 5586, "COOR_X": 2536513, "COOR_Y": 1153687, "ETC": "(TL)", "GO_CENTRE": 2, "ID_STATION": "92124", "LIGNES": "(10.009)", "NB_LIGNES": 1, "ST_AFFICHE": 1, "ST_NOM": "Lausanne, Valency", "ST_TYPE": "Urbain", "ST_URL": "https://prestations.vd.ch/pub/101587/api/download/2_Cartographie_et_geodonnees/2.1_Carte_des_reseaux/Fiche_des_stations/TP_STA_92124.pdf" }, "geometry": { "type": "Point", "coordinates": [ 6.611119873619705, 46.531459501869534 ] } },
{ "type": "Feature", "properties": { "ALT": 577, "COMM_NOM": "Lausanne", "COMM_OFS": 5586, "COOR_X": 2536849, "COOR_Y": 1154195, "ETC": "(TL)", "GO_CENTRE": 2, "ID_STATION": "92087", "LIGNES": "(10.002)", "NB_LIGNES": 1, "ST_AFFICHE": 1, "ST_NOM": "Lausanne, Parc Rivier", "ST_TYPE": "Urbain", "ST_URL": "https://prestations.vd.ch/pub/101587/api/download/2_Cartographie_et_geodonnees/2.1_Carte_des_reseaux/Fiche_des_stations/TP_STA_92087.pdf" }, "geometry": { "type": "Point", "coordinates": [ 6.615424941606561, 46.536062225358094 ] } },
{ "type": "Feature", "properties": { "ALT": 608, "COMM_NOM": "Lausanne", "COMM_OFS": 5586, "COOR_X": 2536990, "COOR_Y": 1154560, "ETC": "(TL)", "GO_CENTRE": 2, "ID_STATION": "92000", "LIGNES": "(10.021) (10.901)", "NB_LIGNES": 2, "ST_AFFICHE": 1, "ST_NOM": "Lausanne, Bossons", "ST_TYPE": "Urbain", "ST_URL": "https://prestations.vd.ch/pub/101587/api/download/2_Cartographie_et_geodonnees/2.1_Carte_des_reseaux/Fiche_des_stations/TP_STA_92000.pdf" }, "geometry": { "type": "Point", "coordinates": [ 6.617219440912736, 46.539358656956914 ] } },
{ "type": "Feature", "properties": { "ALT": 602, "COMM_NOM": "Lausanne", "COMM_OFS": 5586, "COOR_X": 2537294, "COOR_Y": 1154880, "ETC": "(TL)", "GO_CENTRE": 2, "ID_STATION": "91994", "LIGNES": "(10.001) (10.020) (10.021) (10.901)", "NB_LIGNES": 4, "ST_AFFICHE": 1, "ST_NOM": "Lausanne, Blécherette", "ST_TYPE": "Urbain", "ST_URL": "https://prestations.vd.ch/pub/101587/api/download/2_Cartographie_et_geodonnees/2.1_Carte_des_reseaux/Fiche_des_stations/TP_STA_91994.pdf" }, "geometry": { "type": "Point", "coordinates": [ 6.62113255924363, 46.542262816441557 ] } },
{ "type": "Feature", "properties": { "ALT": 538, "COMM_NOM": "Lausanne", "COMM_OFS": 5586, "COOR_X": 2537303, "COOR_Y": 1153412, "ETC": "(TL)", "GO_CENTRE": 2, "ID_STATION": "92104", "LIGNES": "(10.002) (10.021) (10.901)", "NB_LIGNES": 3, "ST_AFFICHE": 1, "ST_NOM": "Lausanne, Presbytère", "ST_TYPE": "Urbain", "ST_URL": "https://prestations.vd.ch/pub/101587/api/download/2_Cartographie_et_geodonnees/2.1_Carte_des_reseaux/Fiche_des_stations/TP_STA_92104.pdf" }, "geometry": { "type": "Point", "coordinates": [ 6.621452934633983, 46.529053863803284 ] } },
{ "type": "Feature", "properties": { "ALT": 526, "COMM_NOM": "Lausanne", "COMM_OFS": 5586, "COOR_X": 2537332, "COOR_Y": 1153226, "ETC": "(TL)", "GO_CENTRE": 2, "ID_STATION": "92035_1", "LIGNES": "(10.004)", "NB_LIGNES": 1, "ST_AFFICHE": 1, "ST_NOM": "Lausanne, Ecole Commerce", "ST_TYPE": "Urbain", "ST_URL": "https://prestations.vd.ch/pub/101587/api/download/2_Cartographie_et_geodonnees/2.1_Carte_des_reseaux/Fiche_des_stations/TP_STA_92035_1.pdf" }, "geometry": { "type": "Point", "coordinates": [ 6.621861245217779, 46.527385205247718 ] } },
{ "type": "Feature", "properties": { "ALT": 419, "COMM_NOM": "Lausanne", "COMM_OFS": 5586, "COOR_X": 2538117, "COOR_Y": 1151377, "ETC": "(TL)", "GO_CENTRE": 2, "ID_STATION": "92039", "LIGNES": "(10.025)", "NB_LIGNES": 1, "ST_AFFICHE": 1, "ST_NOM": "Lausanne, Elysée", "ST_TYPE": "Urbain", "ST_URL": "https://prestations.vd.ch/pub/101587/api/download/2_Cartographie_et_geodonnees/2.1_Carte_des_reseaux/Fiche_des_stations/TP_STA_92039.pdf" }, "geometry": { "type": "Point", "coordinates": [ 6.632335482132139, 46.51082627207947 ] } },
{ "type": "Feature", "properties": { "ALT": 424, "COMM_NOM": "Lausanne", "COMM_OFS": 5586, "COOR_X": 2538483, "COOR_Y": 1151397, "ETC": "(TL)", "GO_CENTRE": 2, "ID_STATION": "92077", "LIGNES": "(10.008) (10.021) (10.025)", "NB_LIGNES": 3, "ST_AFFICHE": 1, "ST_NOM": "Lausanne, Montchoisi", "ST_TYPE": "Urbain", "ST_URL": "https://prestations.vd.ch/pub/101587/api/download/2_Cartographie_et_geodonnees/2.1_Carte_des_reseaux/Fiche_des_stations/TP_STA_92077.pdf" }, "geometry": { "type": "Point", "coordinates": [ 6.637096057632454, 46.511039063633291 ] } },
{ "type": "Feature", "properties": { "ALT": 420, "COMM_NOM": "Pully", "COMM_OFS": 5590, "COOR_X": 2538765, "COOR_Y": 1151281, "ETC": "(TL)", "GO_CENTRE": 2, "ID_STATION": "92186", "LIGNES": "(10.008) (10.025)", "NB_LIGNES": 2, "ST_AFFICHE": 1, "ST_NOM": "Pully, Métairie", "ST_TYPE": "Urbain", "ST_URL": "https://prestations.vd.ch/pub/101587/api/download/2_Cartographie_et_geodonnees/2.1_Carte_des_reseaux/Fiche_des_stations/TP_STA_92186.pdf" }, "geometry": { "type": "Point", "coordinates": [ 6.640788831352099, 46.510026117139198 ] } },
{ "type": "Feature", "properties": { "ALT": 414, "COMM_NOM": "Pully", "COMM_OFS": 5590, "COOR_X": 2539325, "COOR_Y": 1151220, "ETC": "(TL)", "GO_CENTRE": 2, "ID_STATION": "92172", "LIGNES": "(10.008) (10.025)", "NB_LIGNES": 2, "ST_AFFICHE": 1, "ST_NOM": "Pully, C. F. Ramuz", "ST_TYPE": "Urbain", "ST_URL": "https://prestations.vd.ch/pub/101587/api/download/2_Cartographie_et_geodonnees/2.1_Carte_des_reseaux/Fiche_des_stations/TP_STA_92172.pdf" }, "geometry": { "type": "Point", "coordinates": [ 6.648096345127794, 46.509528338484451 ] } },
{ "type": "Feature", "properties": { "ALT": 520, "COMM_NOM": "Lausanne", "COMM_OFS": 5586, "COOR_X": 2538203, "COOR_Y": 1153217, "ETC": "(TL)", "GO_CENTRE": 2, "ID_STATION": "92071", "LIGNES": "(10.008) (10.016) (10.018)", "NB_LIGNES": 3, "ST_AFFICHE": 1, "ST_NOM": "Lausanne, Mémise", "ST_TYPE": "Urbain", "ST_URL": "https://prestations.vd.ch/pub/101587/api/download/2_Cartographie_et_geodonnees/2.1_Carte_des_reseaux/Fiche_des_stations/TP_STA_92071.pdf" }, "geometry": { "type": "Point", "coordinates": [ 6.633208069751825, 46.52738609645715 ] } },
{ "type": "Feature", "properties": { "ALT": 516, "COMM_NOM": "Lausanne", "COMM_OFS": 5586, "COOR_X": 2538323, "COOR_Y": 1153013, "ETC": "(TL)", "GO_CENTRE": 2, "ID_STATION": "4176_1", "LIGNES": "(10.007) (10.902) (10.903)", "NB_LIGNES": 3, "ST_AFFICHE": 1, "ST_NOM": "Lausanne, Tunnel", "ST_TYPE": "Urbain", "ST_URL": "https://prestations.vd.ch/pub/101587/api/download/2_Cartographie_et_geodonnees/2.1_Carte_des_reseaux/Fiche_des_stations/TP_STA_4176_1.pdf" }, "geometry": { "type": "Point", "coordinates": [ 6.63479685624108, 46.525559790823721 ] } },
{ "type": "Feature", "properties": { "ALT": 441, "COMM_NOM": "Lausanne", "COMM_OFS": 5586, "COOR_X": 2538442, "COOR_Y": 1151588, "ETC": "(TL)", "GO_CENTRE": 2, "ID_STATION": "92062", "LIGNES": "(10.008) (10.021)", "NB_LIGNES": 2, "ST_AFFICHE": 1, "ST_NOM": "Lausanne, Jurigoz", "ST_TYPE": "Urbain", "ST_URL": "https://prestations.vd.ch/pub/101587/api/download/2_Cartographie_et_geodonnees/2.1_Carte_des_reseaux/Fiche_des_stations/TP_STA_92062.pdf" }, "geometry": { "type": "Point", "coordinates": [ 6.636537742557344, 46.512757289180996 ] } },
{ "type": "Feature", "properties": { "ALT": 506, "COMM_NOM": "Lausanne", "COMM_OFS": 5586, "COOR_X": 2538526, "COOR_Y": 1152326, "ETC": "(TL)", "GO_CENTRE": 2, "ID_STATION": "91991", "LIGNES": "(10.013)", "NB_LIGNES": 1, "ST_AFFICHE": 1, "ST_NOM": "Lausanne, Benj. Constant", "ST_TYPE": "Urbain", "ST_URL": "https://prestations.vd.ch/pub/101587/api/download/2_Cartographie_et_geodonnees/2.1_Carte_des_reseaux/Fiche_des_stations/TP_STA_91991.pdf" }, "geometry": { "type": "Point", "coordinates": [ 6.637530875054268, 46.519403975538182 ] } },
{ "type": "Feature", "properties": { "ALT": 487, "COMM_NOM": "Lausanne", "COMM_OFS": 5586, "COOR_X": 2538849, "COOR_Y": 1151986, "ETC": "(TL)", "GO_CENTRE": 2, "ID_STATION": "92038", "LIGNES": "(10.004) (10.009) (10.906)", "NB_LIGNES": 3, "ST_AFFICHE": 1, "ST_NOM": "Lausanne, Eglantine", "ST_TYPE": "Urbain", "ST_URL": "https://prestations.vd.ch/pub/101587/api/download/2_Cartographie_et_geodonnees/2.1_Carte_des_reseaux/Fiche_des_stations/TP_STA_92038.pdf" }, "geometry": { "type": "Point", "coordinates": [ 6.641796209282264, 46.5163704610652 ] } },
{ "type": "Feature", "properties": { "ALT": 513, "COMM_NOM": "Lausanne", "COMM_OFS": 5586, "COOR_X": 2539264, "COOR_Y": 1152032, "ETC": "(TL)", "GO_CENTRE": 2, "ID_STATION": "92083", "LIGNES": "(10.013)", "NB_LIGNES": 1, "ST_AFFICHE": 1, "ST_NOM": "Lausanne, Mousquines", "ST_TYPE": "Urbain", "ST_URL": "https://prestations.vd.ch/pub/101587/api/download/2_Cartographie_et_geodonnees/2.1_Carte_des_reseaux/Fiche_des_stations/TP_STA_92083.pdf" }, "geometry": { "type": "Point", "coordinates": [ 6.647189007163086, 46.516825588885659 ] } },
{ "type": "Feature", "properties": { "ALT": 566, "COMM_NOM": "Lausanne", "COMM_OFS": 5586, "COOR_X": 2537730, "COOR_Y": 1153530, "ETC": "(TL)", "GO_CENTRE": 2, "ID_STATION": "92076", "LIGNES": "(10.003) (10.020)", "NB_LIGNES": 2, "ST_AFFICHE": 1, "ST_NOM": "Lausanne, Mont-Blanc", "ST_TYPE": "Urbain", "ST_URL": "https://prestations.vd.ch/pub/101587/api/download/2_Cartographie_et_geodonnees/2.1_Carte_des_reseaux/Fiche_des_stations/TP_STA_92076.pdf" }, "geometry": { "type": "Point", "coordinates": [ 6.627002056306573, 46.530157238083824 ] } },
{ "type": "Feature", "properties": { "ALT": 560, "COMM_NOM": "Lausanne", "COMM_OFS": 5586, "COOR_X": 2537834, "COOR_Y": 1153461, "ETC": "(TL)", "GO_CENTRE": 2, "ID_STATION": "92033", "LIGNES": "(10.001)", "NB_LIGNES": 1, "ST_AFFICHE": 1, "ST_NOM": "Lausanne, Druey", "ST_TYPE": "Urbain", "ST_URL": "https://prestations.vd.ch/pub/101587/api/download/2_Cartographie_et_geodonnees/2.1_Carte_des_reseaux/Fiche_des_stations/TP_STA_92033.pdf" }, "geometry": { "type": "Point", "coordinates": [ 6.628366633815719, 46.529548133004269 ] } },
{ "type": "Feature", "properties": { "ALT": 557, "COMM_NOM": "Lausanne", "COMM_OFS": 5586, "COOR_X": 2537925, "COOR_Y": 1153789, "ETC": "(TL)", "GO_CENTRE": 2, "ID_STATION": "92132_1", "LIGNES": "(10.008) (10.016) (10.018) (10.901)", "NB_LIGNES": 4, "ST_AFFICHE": 1, "ST_NOM": "Lausanne, Vieux-Moulin", "ST_TYPE": "Urbain", "ST_URL": "https://prestations.vd.ch/pub/101587/api/download/2_Cartographie_et_geodonnees/2.1_Carte_des_reseaux/Fiche_des_stations/TP_STA_92132_1.pdf" }, "geometry": { "type": "Point", "coordinates": [ 6.62950487003675, 46.532503118127089 ] } },
{ "type": "Feature", "properties": { "ALT": 596, "COMM_NOM": "Lausanne", "COMM_OFS": 5586, "COOR_X": 2538070, "COOR_Y": 1154750, "ETC": "(TL)", "GO_CENTRE": 2, "ID_STATION": "95004", "LIGNES": "(10.003)", "NB_LIGNES": 1, "ST_AFFICHE": 1, "ST_NOM": "Lausanne, Entre-Bois", "ST_TYPE": "Urbain", "ST_URL": "https://prestations.vd.ch/pub/101587/api/download/2_Cartographie_et_geodonnees/2.1_Carte_des_reseaux/Fiche_des_stations/TP_STA_95004.pdf" }, "geometry": { "type": "Point", "coordinates": [ 6.631274847671961, 46.541160994453463 ] } },
{ "type": "Feature", "properties": { "ALT": 552, "COMM_NOM": "Lausanne", "COMM_OFS": 5586, "COOR_X": 2538261, "COOR_Y": 1153255, "ETC": "(TL)", "GO_CENTRE": 2, "ID_STATION": "92138", "LIGNES": "(10.016)", "NB_LIGNES": 1, "ST_AFFICHE": 1, "ST_NOM": "Lausanne, Vulliemin", "ST_TYPE": "Urbain", "ST_URL": "https://prestations.vd.ch/pub/101587/api/download/2_Cartographie_et_geodonnees/2.1_Carte_des_reseaux/Fiche_des_stations/TP_STA_92138.pdf" }, "geometry": { "type": "Point", "coordinates": [ 6.633965967650831, 46.527734575427296 ] } },
{ "type": "Feature", "properties": { "ALT": 612, "COMM_NOM": "Lausanne", "COMM_OFS": 5586, "COOR_X": 2538316, "COOR_Y": 1154465, "ETC": "(TL)", "GO_CENTRE": 2, "ID_STATION": "87357_2", "LIGNES": "(10.018)", "NB_LIGNES": 1, "ST_AFFICHE": 1, "ST_NOM": "Lausanne, Bellevaux", "ST_TYPE": "Urbain", "ST_URL": "https://prestations.vd.ch/pub/101587/api/download/2_Cartographie_et_geodonnees/2.1_Carte_des_reseaux/Fiche_des_stations/TP_STA_87357_2.pdf" }, "geometry": { "type": "Point", "coordinates": [ 6.634516812824064, 46.538623138426018 ] } },
{ "type": "Feature", "properties": { "ALT": 586, "COMM_NOM": "Lausanne", "COMM_OFS": 5586, "COOR_X": 2538443, "COOR_Y": 1153498, "ETC": "(TL)", "GO_CENTRE": 2, "ID_STATION": "92059", "LIGNES": "(10.016)", "NB_LIGNES": 1, "ST_AFFICHE": 1, "ST_NOM": "Lausanne, Hermitage", "ST_TYPE": "Urbain", "ST_URL": "https://prestations.vd.ch/pub/101587/api/download/2_Cartographie_et_geodonnees/2.1_Carte_des_reseaux/Fiche_des_stations/TP_STA_92059.pdf" }, "geometry": { "type": "Point", "coordinates": [ 6.636293019345005, 46.529937037278685 ] } },
{ "type": "Feature", "properties": { "ALT": 662, "COMM_NOM": "Lausanne", "COMM_OFS": 5586, "COOR_X": 2538666, "COOR_Y": 1154373, "ETC": "(TL)", "GO_CENTRE": 2, "ID_STATION": "92063", "LIGNES": "(10.016)", "NB_LIGNES": 1, "ST_AFFICHE": 1, "ST_NOM": "Lausanne, Lac Sauvabelin", "ST_TYPE": "Urbain", "ST_URL": "https://prestations.vd.ch/pub/101587/api/download/2_Cartographie_et_geodonnees/2.1_Carte_des_reseaux/Fiche_des_stations/TP_STA_92063.pdf" }, "geometry": { "type": "Point", "coordinates": [ 6.639092271806419, 46.537827812556365 ] } },
{ "type": "Feature", "properties": { "ALT": 677, "COMM_NOM": "Lausanne", "COMM_OFS": 5586, "COOR_X": 2539293, "COOR_Y": 1154976, "ETC": "(TL)", "GO_CENTRE": 2, "ID_STATION": "92018", "LIGNES": "(10.041) (10.903)", "NB_LIGNES": 2, "ST_AFFICHE": 1, "ST_NOM": "Lausanne, Cigale", "ST_TYPE": "Urbain", "ST_URL": "https://prestations.vd.ch/pub/101587/api/download/2_Cartographie_et_geodonnees/2.1_Carte_des_reseaux/Fiche_des_stations/TP_STA_92018.pdf" }, "geometry": { "type": "Point", "coordinates": [ 6.647182876866212, 46.543313456806381 ] } },
{ "type": "Feature", "properties": { "ALT": 640, "COMM_NOM": "Lausanne", "COMM_OFS": 5586, "COOR_X": 2539408, "COOR_Y": 1154225, "ETC": "(TL)", "GO_CENTRE": 2, "ID_STATION": "92099", "LIGNES": "(10.041) (10.903)", "NB_LIGNES": 2, "ST_AFFICHE": 1, "ST_NOM": "Lausanne, Praz-Berthoud", "ST_TYPE": "Urbain", "ST_URL": "https://prestations.vd.ch/pub/101587/api/download/2_Cartographie_et_geodonnees/2.1_Carte_des_reseaux/Fiche_des_stations/TP_STA_92099.pdf" }, "geometry": { "type": "Point", "coordinates": [ 6.648783009944474, 46.536568635506704 ] } },
{ "type": "Feature", "properties": { "ALT": 685, "COMM_NOM": "Le Mont-sur-Lausanne", "COMM_OFS": 5587, "COOR_X": 2538305, "COOR_Y": 1156124, "ETC": "(TL)", "GO_CENTRE": 2, "ID_STATION": "87853", "LIGNES": "(10.008) (10.901)", "NB_LIGNES": 2, "ST_AFFICHE": 1, "ST_NOM": "Le Mont-sur-L., Petit-Mont", "ST_TYPE": "Urbain", "ST_URL": "https://prestations.vd.ch/pub/101587/api/download/2_Cartographie_et_geodonnees/2.1_Carte_des_reseaux/Fiche_des_stations/TP_STA_87853.pdf" }, "geometry": { "type": "Point", "coordinates": [ 6.634151854197601, 46.553542581506321 ] } },
{ "type": "Feature", "properties": { "ALT": 702, "COMM_NOM": "Le Mont-sur-Lausanne", "COMM_OFS": 5587, "COOR_X": 2538442, "COOR_Y": 1156791, "ETC": "(TL)", "GO_CENTRE": 2, "ID_STATION": "79235", "LIGNES": "(10.008) (10.901)", "NB_LIGNES": 2, "ST_AFFICHE": 1, "ST_NOM": "Le Mont-sur-L., Coppoz", "ST_TYPE": "Urbain", "ST_URL": "https://prestations.vd.ch/pub/101587/api/download/2_Cartographie_et_geodonnees/2.1_Carte_des_reseaux/Fiche_des_stations/TP_STA_79235.pdf" }, "geometry": { "type": "Point", "coordinates": [ 6.63585101122725, 46.559562473823974 ] } },
{ "type": "Feature", "properties": { "ALT": 410, "COMM_NOM": "Pully", "COMM_OFS": 5590, "COOR_X": 2539726, "COOR_Y": 1151258, "ETC": "(TL)", "GO_CENTRE": 2, "ID_STATION": "92182", "LIGNES": "(10.008) (10.025)", "NB_LIGNES": 2, "ST_AFFICHE": 1, "ST_NOM": "Pully, Joliette", "ST_TYPE": "Urbain", "ST_URL": "https://prestations.vd.ch/pub/101587/api/download/2_Cartographie_et_geodonnees/2.1_Carte_des_reseaux/Fiche_des_stations/TP_STA_92182.pdf" }, "geometry": { "type": "Point", "coordinates": [ 6.653314434667879, 46.50990618831468 ] } },
{ "type": "Feature", "properties": { "ALT": 398, "COMM_NOM": "Pully", "COMM_OFS": 5590, "COOR_X": 2539794, "COOR_Y": 1151140, "ETC": "(TL)", "GO_CENTRE": 2, "ID_STATION": "88442", "LIGNES": "(10.047)", "NB_LIGNES": 1, "ST_AFFICHE": 1, "ST_NOM": "Pully, Osches", "ST_TYPE": "Urbain", "ST_URL": "https://prestations.vd.ch/pub/101587/api/download/2_Cartographie_et_geodonnees/2.1_Carte_des_reseaux/Fiche_des_stations/TP_STA_88442.pdf" }, "geometry": { "type": "Point", "coordinates": [ 6.654216314766033, 46.508846343132674 ] } },
{ "type": "Feature", "properties": { "ALT": 374, "COMM_NOM": "Pully", "COMM_OFS": 5590, "COOR_X": 2540357, "COOR_Y": 1150805, "ETC": "(TL)", "GO_CENTRE": 2, "ID_STATION": "88439_2", "LIGNES": "(10.047)", "NB_LIGNES": 1, "ST_AFFICHE": 1, "ST_NOM": "Pully, port", "ST_TYPE": "Urbain", "ST_URL": "https://prestations.vd.ch/pub/101587/api/download/2_Cartographie_et_geodonnees/2.1_Carte_des_reseaux/Fiche_des_stations/TP_STA_88439_2.pdf" }, "geometry": { "type": "Point", "coordinates": [ 6.661589279061439, 46.505890016937222 ] } },
{ "type": "Feature", "properties": { "ALT": 562, "COMM_NOM": "Lausanne", "COMM_OFS": 5586, "COOR_X": 2539631, "COOR_Y": 1153098, "ETC": "(TL)", "GO_CENTRE": 2, "ID_STATION": "79255", "LIGNES": "(10.007) (10.042) (10.906)", "NB_LIGNES": 3, "ST_AFFICHE": 1, "ST_NOM": "Lausanne, Pont-de-Chailly", "ST_TYPE": "Urbain", "ST_URL": "https://prestations.vd.ch/pub/101587/api/download/2_Cartographie_et_geodonnees/2.1_Carte_des_reseaux/Fiche_des_stations/TP_STA_79255.pdf" }, "geometry": { "type": "Point", "coordinates": [ 6.651833635283919, 46.526452478953097 ] } },
{ "type": "Feature", "properties": { "ALT": 507, "COMM_NOM": "Pully", "COMM_OFS": 5590, "COOR_X": 2539983, "COOR_Y": 1152140, "ETC": "(TL)", "GO_CENTRE": 2, "ID_STATION": "92183", "LIGNES": "(10.048)", "NB_LIGNES": 1, "ST_AFFICHE": 1, "ST_NOM": "Pully, Les Liaudes", "ST_TYPE": "Urbain", "ST_URL": "https://prestations.vd.ch/pub/101587/api/download/2_Cartographie_et_geodonnees/2.1_Carte_des_reseaux/Fiche_des_stations/TP_STA_92183.pdf" }, "geometry": { "type": "Point", "coordinates": [ 6.656545215839342, 46.517860411665268 ] } },
{ "type": "Feature", "properties": { "ALT": 465, "COMM_NOM": "Pully", "COMM_OFS": 5590, "COOR_X": 2540503, "COOR_Y": 1151720, "ETC": "(TL)", "GO_CENTRE": 2, "ID_STATION": "88447", "LIGNES": "(10.047) (10.952)", "NB_LIGNES": 2, "ST_AFFICHE": 1, "ST_NOM": "Pully, Rochettaz", "ST_TYPE": "Urbain", "ST_URL": "https://prestations.vd.ch/pub/101587/api/download/2_Cartographie_et_geodonnees/2.1_Carte_des_reseaux/Fiche_des_stations/TP_STA_88447.pdf" }, "geometry": { "type": "Point", "coordinates": [ 6.663381558493109, 46.514135372777019 ] } },
{ "type": "Feature", "properties": { "ALT": 522, "COMM_NOM": "Belmont-sur-Lausanne", "COMM_OFS": 5581, "COOR_X": 2541214, "COOR_Y": 1152498, "ETC": "(TL)", "GO_CENTRE": 0, "ID_STATION": "93798", "LIGNES": "(10.049)", "NB_LIGNES": 1, "ST_AFFICHE": 1, "ST_NOM": "Belmont-sur-L., Burenoz", "ST_TYPE": "Urbain", "ST_URL": "https://prestations.vd.ch/pub/101587/api/download/2_Cartographie_et_geodonnees/2.1_Carte_des_reseaux/Fiche_des_stations/TP_STA_93798.pdf" }, "geometry": { "type": "Point", "coordinates": [ 6.67253673416373, 46.521192758387002 ] } },
{ "type": "Feature", "properties": { "ALT": 632, "COMM_NOM": "Lausanne", "COMM_OFS": 5586, "COOR_X": 2539900, "COOR_Y": 1154067, "ETC": "(TL)", "GO_CENTRE": 2, "ID_STATION": "92127", "LIGNES": "(10.006) (10.041) (10.903)", "NB_LIGNES": 3, "ST_AFFICHE": 1, "ST_NOM": "Lausanne, Valmont", "ST_TYPE": "Urbain", "ST_URL": "https://prestations.vd.ch/pub/101587/api/download/2_Cartographie_et_geodonnees/2.1_Carte_des_reseaux/Fiche_des_stations/TP_STA_92127.pdf" }, "geometry": { "type": "Point", "coordinates": [ 6.655217144372618, 46.535186242225912 ] } },
{ "type": "Feature", "properties": { "ALT": 650, "COMM_NOM": "Lausanne", "COMM_OFS": 5586, "COOR_X": 2540336, "COOR_Y": 1153854, "ETC": "(TL) (CarPostal)", "GO_CENTRE": 2, "ID_STATION": "79245", "LIGNES": "(10.006) (10.041) (10.042) (10.903) (10.360) (10.365)", "NB_LIGNES": 6, "ST_AFFICHE": 1, "ST_NOM": "Lausanne, Foyer", "ST_TYPE": "Régional/urbain", "ST_URL": "https://prestations.vd.ch/pub/101587/api/download/2_Cartographie_et_geodonnees/2.1_Carte_des_reseaux/Fiche_des_stations/TP_STA_79245.pdf" }, "geometry": { "type": "Point", "coordinates": [ 6.660921187974804, 46.533309703208957 ] } },
{ "type": "Feature", "properties": { "ALT": 718, "COMM_NOM": "Epalinges", "COMM_OFS": 5584, "COOR_X": 2540407, "COOR_Y": 1154944, "ETC": "(CarPostal)", "GO_CENTRE": 2, "ID_STATION": "79239_1", "LIGNES": "(10.435) (10.360) (10.361) (10.362) (10.369)", "NB_LIGNES": 5, "ST_AFFICHE": 1, "ST_NOM": "Epalinges, Croisettes", "ST_TYPE": "Régional", "ST_URL": "https://prestations.vd.ch/pub/101587/api/download/2_Cartographie_et_geodonnees/2.1_Carte_des_reseaux/Fiche_des_stations/TP_STA_79239_1.pdf" }, "geometry": { "type": "Point", "coordinates": [ 6.661709638257124, 46.543125864647799 ] } },
{ "type": "Feature", "properties": { "ALT": 674, "COMM_NOM": "Lausanne", "COMM_OFS": 5586, "COOR_X": 2540848, "COOR_Y": 1153785, "ETC": "(CarPostal)", "GO_CENTRE": 2, "ID_STATION": "79246", "LIGNES": "(10.360) (10.365)", "NB_LIGNES": 2, "ST_AFFICHE": 1, "ST_NOM": "Lausanne, Rovéréaz", "ST_TYPE": "Régional", "ST_URL": "https://prestations.vd.ch/pub/101587/api/download/2_Cartographie_et_geodonnees/2.1_Carte_des_reseaux/Fiche_des_stations/TP_STA_79246.pdf" }, "geometry": { "type": "Point", "coordinates": [ 6.667607599859552, 46.53273572646237 ] } },
{ "type": "Feature", "properties": { "ALT": 724, "COMM_NOM": "Epalinges", "COMM_OFS": 5584, "COOR_X": 2540208, "COOR_Y": 1155565, "ETC": "(TL)", "GO_CENTRE": 2, "ID_STATION": "93820", "LIGNES": "(10.044)", "NB_LIGNES": 1, "ST_AFFICHE": 1, "ST_NOM": "Epalinges, Florimont", "ST_TYPE": "Urbain", "ST_URL": "https://prestations.vd.ch/pub/101587/api/download/2_Cartographie_et_geodonnees/2.1_Carte_des_reseaux/Fiche_des_stations/TP_STA_93820.pdf" }, "geometry": { "type": "Point", "coordinates": [ 6.659032465918443, 46.548688095402937 ] } },
{ "type": "Feature", "properties": { "ALT": 802, "COMM_NOM": "Epalinges", "COMM_OFS": 5584, "COOR_X": 2540703, "COOR_Y": 1156241, "ETC": "(TL)", "GO_CENTRE": 0, "ID_STATION": "93819", "LIGNES": "(10.044)", "NB_LIGNES": 1, "ST_AFFICHE": 1, "ST_NOM": "Epalinges, Bois-de-Ban", "ST_TYPE": "Urbain", "ST_URL": "https://prestations.vd.ch/pub/101587/api/download/2_Cartographie_et_geodonnees/2.1_Carte_des_reseaux/Fiche_des_stations/TP_STA_93819.pdf" }, "geometry": { "type": "Point", "coordinates": [ 6.665403515224644, 46.554816211593256 ] } },
{ "type": "Feature", "properties": { "ALT": 800, "COMM_NOM": "Epalinges", "COMM_OFS": 5584, "COOR_X": 2540934, "COOR_Y": 1155977, "ETC": "(TL)", "GO_CENTRE": 0, "ID_STATION": "91963", "LIGNES": "(10.044) (10.046)", "NB_LIGNES": 2, "ST_AFFICHE": 1, "ST_NOM": "Epalinges, Biolleyre", "ST_TYPE": "Urbain", "ST_URL": "https://prestations.vd.ch/pub/101587/api/download/2_Cartographie_et_geodonnees/2.1_Carte_des_reseaux/Fiche_des_stations/TP_STA_91963.pdf" }, "geometry": { "type": "Point", "coordinates": [ 6.668446125826923, 46.552457540341599 ] } },
{ "type": "Feature", "properties": { "ALT": 427, "COMM_NOM": "Lutry", "COMM_OFS": 5606, "COOR_X": 2541782, "COOR_Y": 1150897, "ETC": "(TL)", "GO_CENTRE": 2, "ID_STATION": "93859", "LIGNES": "(10.954)", "NB_LIGNES": 1, "ST_AFFICHE": 1, "ST_NOM": "Lutry, Fénix", "ST_TYPE": "Urbain", "ST_URL": "https://prestations.vd.ch/pub/101587/api/download/2_Cartographie_et_geodonnees/2.1_Carte_des_reseaux/Fiche_des_stations/TP_STA_93859.pdf" }, "geometry": { "type": "Point", "coordinates": [ 6.680145621271185, 46.50684055537377 ] } },
{ "type": "Feature", "properties": { "ALT": 454, "COMM_NOM": "Lutry", "COMM_OFS": 5606, "COOR_X": 2541910, "COOR_Y": 1151180, "ETC": "(TL)", "GO_CENTRE": 2, "ID_STATION": "92145", "LIGNES": "(10.068) (10.954) (10.906)", "NB_LIGNES": 3, "ST_AFFICHE": 1, "ST_NOM": "Lutry, avenue William", "ST_TYPE": "Urbain", "ST_URL": "https://prestations.vd.ch/pub/101587/api/download/2_Cartographie_et_geodonnees/2.1_Carte_des_reseaux/Fiche_des_stations/TP_STA_92145.pdf" }, "geometry": { "type": "Point", "coordinates": [ 6.681776586797359, 46.509400619435816 ] } },
{ "type": "Feature", "properties": { "ALT": 483, "COMM_NOM": "Lutry", "COMM_OFS": 5606, "COOR_X": 2542682, "COOR_Y": 1151341, "ETC": "(TL)", "GO_CENTRE": 0, "ID_STATION": "93860", "LIGNES": "(10.954)", "NB_LIGNES": 1, "ST_AFFICHE": 1, "ST_NOM": "Lutry, Flon-de-Vaux", "ST_TYPE": "Urbain", "ST_URL": "https://prestations.vd.ch/pub/101587/api/download/2_Cartographie_et_geodonnees/2.1_Carte_des_reseaux/Fiche_des_stations/TP_STA_93860.pdf" }, "geometry": { "type": "Point", "coordinates": [ 6.691815407488561, 46.51091223679331 ] } },
{ "type": "Feature", "properties": { "ALT": 560, "COMM_NOM": "Belmont-sur-Lausanne", "COMM_OFS": 5581, "COOR_X": 2541385, "COOR_Y": 1152519, "ETC": "(TL)", "GO_CENTRE": 2, "ID_STATION": "93806", "LIGNES": "(10.049)", "NB_LIGNES": 1, "ST_AFFICHE": 1, "ST_NOM": "Belmont-sur-L., Rouvène", "ST_TYPE": "Urbain", "ST_URL": "https://prestations.vd.ch/pub/101587/api/download/2_Cartographie_et_geodonnees/2.1_Carte_des_reseaux/Fiche_des_stations/TP_STA_93806.pdf" }, "geometry": { "type": "Point", "coordinates": [ 6.674772694132034, 46.521396249848358 ] } },
{ "type": "Feature", "properties": { "ALT": 643, "COMM_NOM": "Belmont-sur-Lausanne", "COMM_OFS": 5581, "COOR_X": 2541826, "COOR_Y": 1152603, "ETC": "(TL)", "GO_CENTRE": 2, "ID_STATION": "93792", "LIGNES": "(10.952)", "NB_LIGNES": 1, "ST_AFFICHE": 1, "ST_NOM": "Belmont-sur-L., Courtillet", "ST_TYPE": "Urbain", "ST_URL": "https://prestations.vd.ch/pub/101587/api/download/2_Cartographie_et_geodonnees/2.1_Carte_des_reseaux/Fiche_des_stations/TP_STA_93792.pdf" }, "geometry": { "type": "Point", "coordinates": [ 6.680503651925827, 46.522190164402865 ] } },
{ "type": "Feature", "properties": { "ALT": 536, "COMM_NOM": "Lutry", "COMM_OFS": 5606, "COOR_X": 2542508, "COOR_Y": 1151593, "ETC": "(TL)", "GO_CENTRE": 2, "ID_STATION": "92159", "LIGNES": "(10.068) (10.954)", "NB_LIGNES": 2, "ST_AFFICHE": 1, "ST_NOM": "Lutry, Ponfilet", "ST_TYPE": "Urbain", "ST_URL": "https://prestations.vd.ch/pub/101587/api/download/2_Cartographie_et_geodonnees/2.1_Carte_des_reseaux/Fiche_des_stations/TP_STA_92159.pdf" }, "geometry": { "type": "Point", "coordinates": [ 6.68951960827988, 46.513164019086048 ] } },
{ "type": "Feature", "properties": { "ALT": 850, "COMM_NOM": "Lausanne", "COMM_OFS": 5586, "COOR_X": 2542023, "COOR_Y": 1157009, "ETC": "(TL)", "GO_CENTRE": 0, "ID_STATION": "92037", "LIGNES": "(10.045) (10.064) (10.902)", "NB_LIGNES": 3, "ST_AFFICHE": 1, "ST_NOM": "Lausanne, Cojonnex/EHL", "ST_TYPE": "Urbain", "ST_URL": "https://prestations.vd.ch/pub/101587/api/download/2_Cartographie_et_geodonnees/2.1_Carte_des_reseaux/Fiche_des_stations/TP_STA_92037.pdf" }, "geometry": { "type": "Point", "coordinates": [ 6.682521309178222, 46.561837823180774 ] } },
{ "type": "Feature", "properties": { "ALT": 854, "COMM_NOM": "Lausanne", "COMM_OFS": 5586, "COOR_X": 2542396, "COOR_Y": 1157116, "ETC": "(TL) (CarPostal)", "GO_CENTRE": 0, "ID_STATION": "92130", "LIGNES": "(10.064) (10.360) (10.361) (10.362) (10.435)", "NB_LIGNES": 5, "ST_AFFICHE": 1, "ST_NOM": "Lausanne, Vert-Bois/EHL", "ST_TYPE": "Régional/urbain", "ST_URL": "https://prestations.vd.ch/pub/101587/api/download/2_Cartographie_et_geodonnees/2.1_Carte_des_reseaux/Fiche_des_stations/TP_STA_92130.pdf" }, "geometry": { "type": "Point", "coordinates": [ 6.687368818723589, 46.562837760101687 ] } },
{ "type": "Feature", "properties": { "ALT": 722, "COMM_NOM": "Lutry", "COMM_OFS": 5606, "COOR_X": 2543575, "COOR_Y": 1152618, "ETC": "(TL)", "GO_CENTRE": 0, "ID_STATION": "4836", "LIGNES": "(10.954)", "NB_LIGNES": 1, "ST_AFFICHE": 1, "ST_NOM": "Lutry, Les Hugonnet", "ST_TYPE": "Urbain", "ST_URL": "https://prestations.vd.ch/pub/101587/api/download/2_Cartographie_et_geodonnees/2.1_Carte_des_reseaux/Fiche_des_stations/TP_STA_4836.pdf" }, "geometry": { "type": "Point", "coordinates": [ 6.703295894010037, 46.522475126254285 ] } },
{ "type": "Feature", "properties": { "ALT": 386, "COMM_NOM": "Lonay", "COMM_OFS": 5638, "COOR_X": 2529165, "COOR_Y": 1152807, "ETC": "(MBC)", "GO_CENTRE": 2, "ID_STATION": "92253", "LIGNES": "(10.702)", "NB_LIGNES": 1, "ST_AFFICHE": 1, "ST_NOM": "Lonay, Levant", "ST_TYPE": "Urbain", "ST_URL": "https://prestations.vd.ch/pub/101587/api/download/2_Cartographie_et_geodonnees/2.1_Carte_des_reseaux/Fiche_des_stations/TP_STA_92253.pdf" }, "geometry": { "type": "Point", "coordinates": [ 6.515487408915367, 46.522801605043902 ] } },
{ "type": "Feature", "properties": { "ALT": 397, "COMM_NOM": "Lonay", "COMM_OFS": 5638, "COOR_X": 2530254, "COOR_Y": 1153380, "ETC": "(MBC)", "GO_CENTRE": 2, "ID_STATION": "92255", "LIGNES": "(10.702)", "NB_LIGNES": 1, "ST_AFFICHE": 1, "ST_NOM": "Lonay, Vozy", "ST_TYPE": "Urbain", "ST_URL": "https://prestations.vd.ch/pub/101587/api/download/2_Cartographie_et_geodonnees/2.1_Carte_des_reseaux/Fiche_des_stations/TP_STA_92255.pdf" }, "geometry": { "type": "Point", "coordinates": [ 6.529590475344993, 46.528070730649397 ] } },
{ "type": "Feature", "properties": { "ALT": 395, "COMM_NOM": "Denges", "COMM_OFS": 5632, "COOR_X": 2530771, "COOR_Y": 1151944, "ETC": "(MBC)", "GO_CENTRE": 2, "ID_STATION": "92240", "LIGNES": "(10.701) (10.705)", "NB_LIGNES": 2, "ST_AFFICHE": 1, "ST_NOM": "Denges, Pierraz-Mur", "ST_TYPE": "Urbain", "ST_URL": "https://prestations.vd.ch/pub/101587/api/download/2_Cartographie_et_geodonnees/2.1_Carte_des_reseaux/Fiche_des_stations/TP_STA_92240.pdf" }, "geometry": { "type": "Point", "coordinates": [ 6.536536781562302, 46.515205109790458 ] } },
{ "type": "Feature", "properties": { "ALT": 408, "COMM_NOM": "Bussigny", "COMM_OFS": 5624, "COOR_X": 2531553, "COOR_Y": 1155915, "ETC": "(TL)", "GO_CENTRE": 2, "ID_STATION": "5529", "LIGNES": "(10.035)", "NB_LIGNES": 1, "ST_AFFICHE": 1, "ST_NOM": "Bussigny, St-Germain", "ST_TYPE": "Urbain", "ST_URL": "https://prestations.vd.ch/pub/101587/api/download/2_Cartographie_et_geodonnees/2.1_Carte_des_reseaux/Fiche_des_stations/TP_STA_5529.pdf" }, "geometry": { "type": "Point", "coordinates": [ 6.546139185590305, 46.551010103761648 ] } },
{ "type": "Feature", "properties": { "ALT": 396, "COMM_NOM": "Ecublens (VD)", "COMM_OFS": 5635, "COOR_X": 2532849, "COOR_Y": 1152241, "ETC": "(TL)", "GO_CENTRE": 2, "ID_STATION": "10727", "LIGNES": "(10.001)", "NB_LIGNES": 1, "ST_AFFICHE": 1, "ST_NOM": "Ecublens VD, EPFL/Colladon", "ST_TYPE": "Urbain", "ST_URL": "https://prestations.vd.ch/pub/101587/api/download/2_Cartographie_et_geodonnees/2.1_Carte_des_reseaux/Fiche_des_stations/TP_STA_10727.pdf" }, "geometry": { "type": "Point", "coordinates": [ 6.563579995545518, 46.518092673009399 ] } },
{ "type": "Feature", "properties": { "ALT": 401, "COMM_NOM": "Chavannes-près-Renens", "COMM_OFS": 5627, "COOR_X": 2534070, "COOR_Y": 1153127, "ETC": "(TL)", "GO_CENTRE": 2, "ID_STATION": "94987", "LIGNES": "(10.031) (10.905)", "NB_LIGNES": 2, "ST_AFFICHE": 1, "ST_NOM": "Chavannes-R., Mouline", "ST_TYPE": "Urbain", "ST_URL": "https://prestations.vd.ch/pub/101587/api/download/2_Cartographie_et_geodonnees/2.1_Carte_des_reseaux/Fiche_des_stations/TP_STA_94987.pdf" }, "geometry": { "type": "Point", "coordinates": [ 6.579353474001076, 46.526185875762472 ] } },
{ "type": "Feature", "properties": { "ALT": 415, "COMM_NOM": "Ecublens (VD)", "COMM_OFS": 5635, "COOR_X": 2532619, "COOR_Y": 1153340, "ETC": "(MBC)", "GO_CENTRE": 2, "ID_STATION": "91946", "LIGNES": "(10.705)", "NB_LIGNES": 1, "ST_AFFICHE": 1, "ST_NOM": "Ecublens VD, Cocarde", "ST_TYPE": "Urbain", "ST_URL": "https://prestations.vd.ch/pub/101587/api/download/2_Cartographie_et_geodonnees/2.1_Carte_des_reseaux/Fiche_des_stations/TP_STA_91946.pdf" }, "geometry": { "type": "Point", "coordinates": [ 6.560413925281511, 46.527952590328809 ] } },
{ "type": "Feature", "properties": { "ALT": 400, "COMM_NOM": "Ecublens (VD)", "COMM_OFS": 5635, "COOR_X": 2533044, "COOR_Y": 1153463, "ETC": "(TL)", "GO_CENTRE": 2, "ID_STATION": "88873", "LIGNES": "(10.033) (10.905)", "NB_LIGNES": 2, "ST_AFFICHE": 1, "ST_NOM": "Ecublens VD, Pontet", "ST_TYPE": "Urbain", "ST_URL": "https://prestations.vd.ch/pub/101587/api/download/2_Cartographie_et_geodonnees/2.1_Carte_des_reseaux/Fiche_des_stations/TP_STA_88873.pdf" }, "geometry": { "type": "Point", "coordinates": [ 6.565934208277891, 46.529104354172432 ] } },
{ "type": "Feature", "properties": { "ALT": 417, "COMM_NOM": "Ecublens (VD)", "COMM_OFS": 5635, "COOR_X": 2533763, "COOR_Y": 1154498, "ETC": "(TL)", "GO_CENTRE": 2, "ID_STATION": "10721", "LIGNES": "(10.033) (10.905)", "NB_LIGNES": 2, "ST_AFFICHE": 1, "ST_NOM": "Ecublens VD, Epenex/Pont-Bleu", "ST_TYPE": "Urbain", "ST_URL": "https://prestations.vd.ch/pub/101587/api/download/2_Cartographie_et_geodonnees/2.1_Carte_des_reseaux/Fiche_des_stations/TP_STA_10721.pdf" }, "geometry": { "type": "Point", "coordinates": [ 6.575158018432309, 46.53848589022936 ] } },
{ "type": "Feature", "properties": { "ALT": 416, "COMM_NOM": "Renens (VD)", "COMM_OFS": 5591, "COOR_X": 2534089, "COOR_Y": 1154275, "ETC": "(TL)", "GO_CENTRE": 2, "ID_STATION": "88983", "LIGNES": "(10.025) (10.031) (10.032) (10.033) (10.905)", "NB_LIGNES": 5, "ST_AFFICHE": 1, "ST_NOM": "Renens VD, gare sud", "ST_TYPE": "Urbain", "ST_URL": "https://prestations.vd.ch/pub/101587/api/download/2_Cartographie_et_geodonnees/2.1_Carte_des_reseaux/Fiche_des_stations/TP_STA_88983.pdf" }, "geometry": { "type": "Point", "coordinates": [ 6.579441711675142, 46.536511031828702 ] } },
{ "type": "Feature", "properties": { "ALT": 416, "COMM_NOM": "Crissier", "COMM_OFS": 5583, "COOR_X": 2533226, "COOR_Y": 1155262, "ETC": "(TL)", "GO_CENTRE": 2, "ID_STATION": "91935", "LIGNES": "(10.017) (10.904)", "NB_LIGNES": 2, "ST_AFFICHE": 1, "ST_NOM": "Crissier, Arc-en-Ciel", "ST_TYPE": "Urbain", "ST_URL": "https://prestations.vd.ch/pub/101587/api/download/2_Cartographie_et_geodonnees/2.1_Carte_des_reseaux/Fiche_des_stations/TP_STA_91935.pdf" }, "geometry": { "type": "Point", "coordinates": [ 6.568051745793301, 46.545302874004364 ] } },
{ "type": "Feature", "properties": { "ALT": 547, "COMM_NOM": "Mex (VD)", "COMM_OFS": 5489, "COOR_X": 2532842, "COOR_Y": 1158638, "ETC": "(TL)", "GO_CENTRE": 0, "ID_STATION": "88851", "LIGNES": "(10.058) (10.904)", "NB_LIGNES": 2, "ST_AFFICHE": 1, "ST_NOM": "Mex VD, Trésy", "ST_TYPE": "Régional", "ST_URL": "https://prestations.vd.ch/pub/101587/api/download/2_Cartographie_et_geodonnees/2.1_Carte_des_reseaux/Fiche_des_stations/TP_STA_88851.pdf" }, "geometry": { "type": "Point", "coordinates": [ 6.562546935692263, 46.575636474891631 ] } },
{ "type": "Feature", "properties": { "ALT": 440, "COMM_NOM": "Prilly", "COMM_OFS": 5589, "COOR_X": 2535725, "COOR_Y": 1153567, "ETC": "(TL)", "GO_CENTRE": 2, "ID_STATION": "92179", "LIGNES": "(10.033) (10.904)", "NB_LIGNES": 2, "ST_AFFICHE": 1, "ST_NOM": "Prilly, Flumeaux", "ST_TYPE": "Urbain", "ST_URL": "https://prestations.vd.ch/pub/101587/api/download/2_Cartographie_et_geodonnees/2.1_Carte_des_reseaux/Fiche_des_stations/TP_STA_92179.pdf" }, "geometry": { "type": "Point", "coordinates": [ 6.600871360492272, 46.530306752623467 ] } },
{ "type": "Feature", "properties": { "ALT": 433, "COMM_NOM": "Prilly", "COMM_OFS": 5589, "COOR_X": 2535788, "COOR_Y": 1153349, "ETC": "(TL)", "GO_CENTRE": 2, "ID_STATION": "10543", "LIGNES": "(10.007)", "NB_LIGNES": 1, "ST_AFFICHE": 1, "ST_NOM": "Prilly, Galicien/aréna", "ST_TYPE": "Urbain", "ST_URL": "https://prestations.vd.ch/pub/101587/api/download/2_Cartographie_et_geodonnees/2.1_Carte_des_reseaux/Fiche_des_stations/TP_STA_10543.pdf" }, "geometry": { "type": "Point", "coordinates": [ 6.601720198914994, 46.528350173586496 ] } },
{ "type": "Feature", "properties": { "ALT": 481, "COMM_NOM": "Prilly", "COMM_OFS": 5589, "COOR_X": 2535844, "COOR_Y": 1154310, "ETC": "(TL)", "GO_CENTRE": 2, "ID_STATION": "92192", "LIGNES": "(10.009) (10.904)", "NB_LIGNES": 2, "ST_AFFICHE": 1, "ST_NOM": "Prilly, Perréaz", "ST_TYPE": "Urbain", "ST_URL": "https://prestations.vd.ch/pub/101587/api/download/2_Cartographie_et_geodonnees/2.1_Carte_des_reseaux/Fiche_des_stations/TP_STA_92192.pdf" }, "geometry": { "type": "Point", "coordinates": [ 6.602310090224501, 46.537000411901346 ] } },
{ "type": "Feature", "properties": { "ALT": 375, "COMM_NOM": "Lausanne", "COMM_OFS": 5586, "COOR_X": 2537180, "COOR_Y": 1151267, "ETC": "(TL)", "GO_CENTRE": 2, "ID_STATION": "92090", "LIGNES": "(10.002) (10.024)", "NB_LIGNES": 2, "ST_AFFICHE": 1, "ST_NOM": "Lausanne, Pêcheurs", "ST_TYPE": "Urbain", "ST_URL": "https://prestations.vd.ch/pub/101587/api/download/2_Cartographie_et_geodonnees/2.1_Carte_des_reseaux/Fiche_des_stations/TP_STA_92090.pdf" }, "geometry": { "type": "Point", "coordinates": [ 6.620136383523424, 46.509752049833722 ] } },
{ "type": "Feature", "properties": { "ALT": 445, "COMM_NOM": "Lausanne", "COMM_OFS": 5586, "COOR_X": 2536419, "COOR_Y": 1152562, "ETC": "(TL)", "GO_CENTRE": 2, "ID_STATION": "92021", "LIGNES": "(10.016)", "NB_LIGNES": 1, "ST_AFFICHE": 1, "ST_NOM": "Lausanne, Cottages", "ST_TYPE": "Urbain", "ST_URL": "https://prestations.vd.ch/pub/101587/api/download/2_Cartographie_et_geodonnees/2.1_Carte_des_reseaux/Fiche_des_stations/TP_STA_92021.pdf" }, "geometry": { "type": "Point", "coordinates": [ 6.610052073285018, 46.521331645242441 ] } },
{ "type": "Feature", "properties": { "ALT": 445, "COMM_NOM": "Lausanne", "COMM_OFS": 5586, "COOR_X": 2536612, "COOR_Y": 1152503, "ETC": "(TL)", "GO_CENTRE": 2, "ID_STATION": "1207_1", "LIGNES": "(10.016) (10.905)", "NB_LIGNES": 2, "ST_AFFICHE": 1, "ST_NOM": "Lausanne, Montelly", "ST_TYPE": "Urbain", "ST_URL": "https://prestations.vd.ch/pub/101587/api/download/2_Cartographie_et_geodonnees/2.1_Carte_des_reseaux/Fiche_des_stations/TP_STA_1207_1.pdf" }, "geometry": { "type": "Point", "coordinates": [ 6.612570630140369, 46.520818720508444 ] } },
{ "type": "Feature", "properties": { "ALT": 480, "COMM_NOM": "Lausanne", "COMM_OFS": 5586, "COOR_X": 2537304, "COOR_Y": 1152538, "ETC": "(TL)", "GO_CENTRE": 2, "ID_STATION": "92122", "LIGNES": "(10.016) (10.017) (10.905)", "NB_LIGNES": 3, "ST_AFFICHE": 1, "ST_NOM": "Lausanne, Tivoli", "ST_TYPE": "Urbain", "ST_URL": "https://prestations.vd.ch/pub/101587/api/download/2_Cartographie_et_geodonnees/2.1_Carte_des_reseaux/Fiche_des_stations/TP_STA_92122.pdf" }, "geometry": { "type": "Point", "coordinates": [ 6.621585728666989, 46.52119392241282 ] } },
{ "type": "Feature", "properties": { "ALT": 480, "COMM_NOM": "Lausanne", "COMM_OFS": 5586, "COOR_X": 2537490, "COOR_Y": 1152569, "ETC": "(TL)", "GO_CENTRE": 2, "ID_STATION": "92133", "LIGNES": "(10.017)", "NB_LIGNES": 1, "ST_AFFICHE": 1, "ST_NOM": "Lausanne, Vigie", "ST_TYPE": "Urbain", "ST_URL": "https://prestations.vd.ch/pub/101587/api/download/2_Cartographie_et_geodonnees/2.1_Carte_des_reseaux/Fiche_des_stations/TP_STA_92133.pdf" }, "geometry": { "type": "Point", "coordinates": [ 6.62400019549991, 46.521494626900562 ] } },
{ "type": "Feature", "properties": { "ALT": 479, "COMM_NOM": "Lausanne", "COMM_OFS": 5586, "COOR_X": 2537516, "COOR_Y": 1152726, "ETC": "(TL)", "GO_CENTRE": 2, "ID_STATION": "92098", "LIGNES": "(10.017)", "NB_LIGNES": 1, "ST_AFFICHE": 1, "ST_NOM": "Lausanne, Port-Franc", "ST_TYPE": "Urbain", "ST_URL": "https://prestations.vd.ch/pub/101587/api/download/2_Cartographie_et_geodonnees/2.1_Carte_des_reseaux/Fiche_des_stations/TP_STA_92098.pdf" }, "geometry": { "type": "Point", "coordinates": [ 6.624320504769933, 46.522910265467473 ] } },
{ "type": "Feature", "properties": { "ALT": 499, "COMM_NOM": "Lausanne", "COMM_OFS": 5586, "COOR_X": 2536707, "COOR_Y": 1153485, "ETC": "(TL)", "GO_CENTRE": 2, "ID_STATION": "92078", "LIGNES": "(10.009)", "NB_LIGNES": 1, "ST_AFFICHE": 1, "ST_NOM": "Lausanne, Montétan", "ST_TYPE": "Urbain", "ST_URL": "https://prestations.vd.ch/pub/101587/api/download/2_Cartographie_et_geodonnees/2.1_Carte_des_reseaux/Fiche_des_stations/TP_STA_92078.pdf" }, "geometry": { "type": "Point", "coordinates": [ 6.61367328215576, 46.529661909559266 ] } },
{ "type": "Feature", "properties": { "ALT": 571, "COMM_NOM": "Lausanne", "COMM_OFS": 5586, "COOR_X": 2537185, "COOR_Y": 1153893, "ETC": "(TL)", "GO_CENTRE": 2, "ID_STATION": "91998", "LIGNES": "(10.002) (10.021) (10.901)", "NB_LIGNES": 3, "ST_AFFICHE": 1, "ST_NOM": "Lausanne, Boisy", "ST_TYPE": "Urbain", "ST_URL": "https://prestations.vd.ch/pub/101587/api/download/2_Cartographie_et_geodonnees/2.1_Carte_des_reseaux/Fiche_des_stations/TP_STA_91998.pdf" }, "geometry": { "type": "Point", "coordinates": [ 6.619846094548674, 46.533376485989152 ] } },
{ "type": "Feature", "properties": { "ALT": 375, "COMM_NOM": "Lausanne", "COMM_OFS": 5586, "COOR_X": 2538197, "COOR_Y": 1150977, "ETC": "(TL)", "GO_CENTRE": 2, "ID_STATION": "95933", "LIGNES": "(10.024)", "NB_LIGNES": 1, "ST_AFFICHE": 1, "ST_NOM": "Lausanne, Parc Musée Olympique", "ST_TYPE": "Urbain", "ST_URL": "https://prestations.vd.ch/pub/101587/api/download/2_Cartographie_et_geodonnees/2.1_Carte_des_reseaux/Fiche_des_stations/TP_STA_95933.pdf" }, "geometry": { "type": "Point", "coordinates": [ 6.633426300812839, 46.507240915359688 ] } },
{ "type": "Feature", "properties": { "ALT": 448, "COMM_NOM": "Lausanne", "COMM_OFS": 5586, "COOR_X": 2537903, "COOR_Y": 1152108, "ETC": "(TL)", "GO_CENTRE": 2, "ID_STATION": "92050_1", "LIGNES": "(10.001) (10.003) (10.020) (10.021) (10.060) (10.901) (10.902) (10.903) (10.904) (10.906)", "NB_LIGNES": 10, "ST_AFFICHE": 1, "ST_NOM": "Lausanne, gare", "ST_TYPE": "Régional/urbain", "ST_URL": "https://prestations.vd.ch/pub/101587/api/download/2_Cartographie_et_geodonnees/2.1_Carte_des_reseaux/Fiche_des_stations/TP_STA_92050_1.pdf" }, "geometry": { "type": "Point", "coordinates": [ 6.62945342730893, 46.517383997262293 ] } },
{ "type": "Feature", "properties": { "ALT": null, "COMM_NOM": null, "COMM_OFS": null, "COOR_X": 2537977, "COOR_Y": 1152517, "ETC": null, "GO_CENTRE": 2, "ID_STATION": "91818_1", "LIGNES": null, "NB_LIGNES": null, "ST_AFFICHE": null, "ST_NOM": null, "ST_TYPE": null, "ST_URL": null }, "geometry": { "type": "Point", "coordinates": [ 6.630353144986944, 46.521067657965865 ] } },
{ "type": "Feature", "properties": { "ALT": 444, "COMM_NOM": "Lausanne", "COMM_OFS": 5586, "COOR_X": 2538177, "COOR_Y": 1151893, "ETC": "(TL)", "GO_CENTRE": 2, "ID_STATION": "92020", "LIGNES": "(10.002)", "NB_LIGNES": 1, "ST_AFFICHE": 1, "ST_NOM": "Lausanne, Closelet", "ST_TYPE": "Urbain", "ST_URL": "https://prestations.vd.ch/pub/101587/api/download/2_Cartographie_et_geodonnees/2.1_Carte_des_reseaux/Fiche_des_stations/TP_STA_92020.pdf" }, "geometry": { "type": "Point", "coordinates": [ 6.633048691238234, 46.515471409106631 ] } },
{ "type": "Feature", "properties": { "ALT": 480, "COMM_NOM": "Lausanne", "COMM_OFS": 5586, "COOR_X": 2538564, "COOR_Y": 1152152, "ETC": "(TL)", "GO_CENTRE": 2, "ID_STATION": "92051", "LIGNES": "(10.001) (10.002) (10.004) (10.008) (10.009) (10.901) (10.902) (10.903) (10.904) (10.906)", "NB_LIGNES": 10, "ST_AFFICHE": 1, "ST_NOM": "Lausanne, Georgette", "ST_TYPE": "Urbain", "ST_URL": "https://prestations.vd.ch/pub/101587/api/download/2_Cartographie_et_geodonnees/2.1_Carte_des_reseaux/Fiche_des_stations/TP_STA_92051.pdf" }, "geometry": { "type": "Point", "coordinates": [ 6.638060105410061, 46.517842989303361 ] } },
{ "type": "Feature", "properties": { "ALT": 535, "COMM_NOM": "Lausanne", "COMM_OFS": 5586, "COOR_X": 2538803, "COOR_Y": 1152527, "ETC": "(TL)", "GO_CENTRE": 2, "ID_STATION": "79237_1", "LIGNES": "(10.006) (10.007) (10.903) (10.906)", "NB_LIGNES": 4, "ST_AFFICHE": 1, "ST_NOM": "Lausanne, Ours", "ST_TYPE": "Urbain", "ST_URL": "https://prestations.vd.ch/pub/101587/api/download/2_Cartographie_et_geodonnees/2.1_Carte_des_reseaux/Fiche_des_stations/TP_STA_79237_1.pdf" }, "geometry": { "type": "Point", "coordinates": [ 6.641126132766393, 46.521240684243281 ] } },
{ "type": "Feature", "properties": { "ALT": 441, "COMM_NOM": "Lausanne", "COMM_OFS": 5586, "COOR_X": 2539172, "COOR_Y": 1151696, "ETC": "(TL)", "GO_CENTRE": 2, "ID_STATION": "92043", "LIGNES": "(10.004)", "NB_LIGNES": 1, "ST_AFFICHE": 1, "ST_NOM": "Lausanne, Faverges", "ST_TYPE": "Urbain", "ST_URL": "https://prestations.vd.ch/pub/101587/api/download/2_Cartographie_et_geodonnees/2.1_Carte_des_reseaux/Fiche_des_stations/TP_STA_92043.pdf" }, "geometry": { "type": "Point", "coordinates": [ 6.646038401693183, 46.513791198711758 ] } },
{ "type": "Feature", "properties": { "ALT": 533, "COMM_NOM": "Lausanne", "COMM_OFS": 5586, "COOR_X": 2537694, "COOR_Y": 1153244, "ETC": "(TL)", "GO_CENTRE": 2, "ID_STATION": "92060_2", "LIGNES": "(10.003) (10.020)", "NB_LIGNES": 2, "ST_AFFICHE": 1, "ST_NOM": "Lausanne, Beaulieu-Jomini", "ST_TYPE": "Urbain", "ST_URL": "https://prestations.vd.ch/pub/101587/api/download/2_Cartographie_et_geodonnees/2.1_Carte_des_reseaux/Fiche_des_stations/TP_STA_92060_2.pdf" }, "geometry": { "type": "Point", "coordinates": [ 6.626575835938071, 46.527581660545458 ] } },
{ "type": "Feature", "properties": { "ALT": 616, "COMM_NOM": "Lausanne", "COMM_OFS": 5586, "COOR_X": 2538219, "COOR_Y": 1154770, "ETC": "(TL)", "GO_CENTRE": 2, "ID_STATION": "92055", "LIGNES": "(10.008) (10.901)", "NB_LIGNES": 2, "ST_AFFICHE": 1, "ST_NOM": "Lausanne, Grangette", "ST_TYPE": "Urbain", "ST_URL": "https://prestations.vd.ch/pub/101587/api/download/2_Cartographie_et_geodonnees/2.1_Carte_des_reseaux/Fiche_des_stations/TP_STA_92055.pdf" }, "geometry": { "type": "Point", "coordinates": [ 6.633209579078243, 46.541355212173052 ] } },
{ "type": "Feature", "properties": { "ALT": 597, "COMM_NOM": "Lausanne", "COMM_OFS": 5586, "COOR_X": 2538224, "COOR_Y": 1154150, "ETC": "(TL)", "GO_CENTRE": 2, "ID_STATION": "92047", "LIGNES": "(10.003) (10.008) (10.018) (10.901)", "NB_LIGNES": 4, "ST_AFFICHE": 1, "ST_NOM": "Lausanne, Forêt", "ST_TYPE": "Urbain", "ST_URL": "https://prestations.vd.ch/pub/101587/api/download/2_Cartographie_et_geodonnees/2.1_Carte_des_reseaux/Fiche_des_stations/TP_STA_92047.pdf" }, "geometry": { "type": "Point", "coordinates": [ 6.633355407572882, 46.535784065164009 ] } },
{ "type": "Feature", "properties": { "ALT": 607, "COMM_NOM": "Lausanne", "COMM_OFS": 5586, "COOR_X": 2538258, "COOR_Y": 1154500, "ETC": "(TL)", "GO_CENTRE": 2, "ID_STATION": "87357_1", "LIGNES": "(10.003) (10.008) (10.018) (10.060) (10.901)", "NB_LIGNES": 5, "ST_AFFICHE": 1, "ST_NOM": "Lausanne, Bellevaux", "ST_TYPE": "Régional/urbain", "ST_URL": "https://prestations.vd.ch/pub/101587/api/download/2_Cartographie_et_geodonnees/2.1_Carte_des_reseaux/Fiche_des_stations/TP_STA_87357_1.pdf" }, "geometry": { "type": "Point", "coordinates": [ 6.633756478938574, 46.538930991168606 ] } },
{ "type": "Feature", "properties": { "ALT": 613, "COMM_NOM": "Le Mont-sur-Lausanne", "COMM_OFS": 5587, "COOR_X": 2537950, "COOR_Y": 1155198, "ETC": "(TL)", "GO_CENTRE": 2, "ID_STATION": "11245", "LIGNES": "(10.003)", "NB_LIGNES": 1, "ST_AFFICHE": 1, "ST_NOM": "Le Mont-sur-L., Rionzi/collège", "ST_TYPE": "Urbain", "ST_URL": "https://prestations.vd.ch/pub/101587/api/download/2_Cartographie_et_geodonnees/2.1_Carte_des_reseaux/Fiche_des_stations/TP_STA_11245.pdf" }, "geometry": { "type": "Point", "coordinates": [ 6.62964639755218, 46.545185978882131 ] } },
{ "type": "Feature", "properties": { "ALT": 663, "COMM_NOM": "Le Mont-sur-Lausanne", "COMM_OFS": 5587, "COOR_X": 2538107, "COOR_Y": 1155728, "ETC": "(TL)", "GO_CENTRE": 2, "ID_STATION": "92140", "LIGNES": "(10.008) (10.901)", "NB_LIGNES": 2, "ST_AFFICHE": 1, "ST_NOM": "Le Mont-sur-L., Côtes", "ST_TYPE": "Urbain", "ST_URL": "https://prestations.vd.ch/pub/101587/api/download/2_Cartographie_et_geodonnees/2.1_Carte_des_reseaux/Fiche_des_stations/TP_STA_92140.pdf" }, "geometry": { "type": "Point", "coordinates": [ 6.631617625276385, 46.549966928532378 ] } },
{ "type": "Feature", "properties": { "ALT": 380, "COMM_NOM": "Pully", "COMM_OFS": 5590, "COOR_X": 2540045, "COOR_Y": 1150899, "ETC": "(TL)", "GO_CENTRE": 2, "ID_STATION": "88440", "LIGNES": "(10.021) (10.047)", "NB_LIGNES": 2, "ST_AFFICHE": 1, "ST_NOM": "Pully, Somais", "ST_TYPE": "Urbain", "ST_URL": "https://prestations.vd.ch/pub/101587/api/download/2_Cartographie_et_geodonnees/2.1_Carte_des_reseaux/Fiche_des_stations/TP_STA_88440.pdf" }, "geometry": { "type": "Point", "coordinates": [ 6.657518403505285, 46.506702165002608 ] } },
{ "type": "Feature", "properties": { "ALT": 598, "COMM_NOM": "Pully", "COMM_OFS": 5590, "COOR_X": 2540485, "COOR_Y": 1152813, "ETC": "(TL)", "GO_CENTRE": 2, "ID_STATION": "92171", "LIGNES": "(10.048) (10.952)", "NB_LIGNES": 2, "ST_AFFICHE": 1, "ST_NOM": "Pully, Bruyère", "ST_TYPE": "Urbain", "ST_URL": "https://prestations.vd.ch/pub/101587/api/download/2_Cartographie_et_geodonnees/2.1_Carte_des_reseaux/Fiche_des_stations/TP_STA_92171.pdf" }, "geometry": { "type": "Point", "coordinates": [ 6.663006747125459, 46.523958187140302 ] } },
{ "type": "Feature", "properties": { "ALT": 501, "COMM_NOM": "Pully", "COMM_OFS": 5590, "COOR_X": 2540684, "COOR_Y": 1151954, "ETC": "(TL)", "GO_CENTRE": 2, "ID_STATION": "88448", "LIGNES": "(10.047) (10.952)", "NB_LIGNES": 2, "ST_AFFICHE": 1, "ST_NOM": "Pully, Boverattes", "ST_TYPE": "Urbain", "ST_URL": "https://prestations.vd.ch/pub/101587/api/download/2_Cartographie_et_geodonnees/2.1_Carte_des_reseaux/Fiche_des_stations/TP_STA_88448.pdf" }, "geometry": { "type": "Point", "coordinates": [ 6.665706525674535, 46.516255144001406 ] } },
{ "type": "Feature", "properties": { "ALT": 574, "COMM_NOM": "Pully", "COMM_OFS": 5590, "COOR_X": 2540808, "COOR_Y": 1152576, "ETC": "(TL)", "GO_CENTRE": 2, "ID_STATION": "79256", "LIGNES": "(10.007) (10.047) (10.048) (10.952) (10.906)", "NB_LIGNES": 5, "ST_AFFICHE": 1, "ST_NOM": "Pully, Val-Vert", "ST_TYPE": "Urbain", "ST_URL": "https://prestations.vd.ch/pub/101587/api/download/2_Cartographie_et_geodonnees/2.1_Carte_des_reseaux/Fiche_des_stations/TP_STA_79256.pdf" }, "geometry": { "type": "Point", "coordinates": [ 6.667238621724903, 46.521858238534548 ] } },
{ "type": "Feature", "properties": { "ALT": 678, "COMM_NOM": "Lausanne", "COMM_OFS": 5586, "COOR_X": 2540533, "COOR_Y": 1154076, "ETC": "(TL)", "GO_CENTRE": 2, "ID_STATION": "92002", "LIGNES": "(10.006) (10.041) (10.903)", "NB_LIGNES": 3, "ST_AFFICHE": 1, "ST_NOM": "Lausanne, Boveresses", "ST_TYPE": "Urbain", "ST_URL": "https://prestations.vd.ch/pub/101587/api/download/2_Cartographie_et_geodonnees/2.1_Carte_des_reseaux/Fiche_des_stations/TP_STA_92002.pdf" }, "geometry": { "type": "Point", "coordinates": [ 6.663469027297203, 46.535328602855472 ] } },
{ "type": "Feature", "properties": { "ALT": 720, "COMM_NOM": "Epalinges", "COMM_OFS": 5584, "COOR_X": 2539845, "COOR_Y": 1155169, "ETC": "(TL)", "GO_CENTRE": 2, "ID_STATION": "91964", "LIGNES": "(10.045) (10.046)", "NB_LIGNES": 2, "ST_AFFICHE": 1, "ST_NOM": "Epalinges, Bois-Murat", "ST_TYPE": "Urbain", "ST_URL": "https://prestations.vd.ch/pub/101587/api/download/2_Cartographie_et_geodonnees/2.1_Carte_des_reseaux/Fiche_des_stations/TP_STA_91964.pdf" }, "geometry": { "type": "Point", "coordinates": [ 6.654353440846025, 46.545098960403237 ] } },
{ "type": "Feature", "properties": { "ALT": 847, "COMM_NOM": "Lausanne", "COMM_OFS": 5586, "COOR_X": 2541081, "COOR_Y": 1158366, "ETC": "(TL)", "GO_CENTRE": 0, "ID_STATION": "11583", "LIGNES": "(10.054)", "NB_LIGNES": 1, "ST_AFFICHE": 1, "ST_NOM": "Lausanne, Chalet des Enfants", "ST_TYPE": "Régional", "ST_URL": "https://prestations.vd.ch/pub/101587/api/download/2_Cartographie_et_geodonnees/2.1_Carte_des_reseaux/Fiche_des_stations/TP_STA_11583.pdf" }, "geometry": { "type": "Point", "coordinates": [ 6.67006043115917, 46.573967530944337 ] } },
{ "type": "Feature", "properties": { "ALT": 458, "COMM_NOM": "Lutry", "COMM_OFS": 5606, "COOR_X": 2542307, "COOR_Y": 1151202, "ETC": "(TL)", "GO_CENTRE": 2, "ID_STATION": "93862", "LIGNES": "(10.954)", "NB_LIGNES": 1, "ST_AFFICHE": 1, "ST_NOM": "Lutry, Mourat", "ST_TYPE": "Urbain", "ST_URL": "https://prestations.vd.ch/pub/101587/api/download/2_Cartographie_et_geodonnees/2.1_Carte_des_reseaux/Fiche_des_stations/TP_STA_93862.pdf" }, "geometry": { "type": "Point", "coordinates": [ 6.686947029951744, 46.509629627384449 ] } },
{ "type": "Feature", "properties": { "ALT": 400, "COMM_NOM": "Lutry", "COMM_OFS": 5606, "COOR_X": 2542415, "COOR_Y": 1150686, "ETC": "(TL)", "GO_CENTRE": 2, "ID_STATION": "93861_2", "LIGNES": "(10.069)", "NB_LIGNES": 1, "ST_AFFICHE": 1, "ST_NOM": "Lutry, gare", "ST_TYPE": "Urbain", "ST_URL": "https://prestations.vd.ch/pub/101587/api/download/2_Cartographie_et_geodonnees/2.1_Carte_des_reseaux/Fiche_des_stations/TP_STA_93861_2.pdf" }, "geometry": { "type": "Point", "coordinates": [ 6.688413472144842, 46.504994145415232 ] } },
{ "type": "Feature", "properties": { "ALT": 679, "COMM_NOM": "Belmont-sur-Lausanne", "COMM_OFS": 5581, "COOR_X": 2542004, "COOR_Y": 1152579, "ETC": "(TL)", "GO_CENTRE": 0, "ID_STATION": "93808", "LIGNES": "(10.952)", "NB_LIGNES": 1, "ST_AFFICHE": 1, "ST_NOM": "Belmont-sur-L., Chatruffe", "ST_TYPE": "Urbain", "ST_URL": "https://prestations.vd.ch/pub/101587/api/download/2_Cartographie_et_geodonnees/2.1_Carte_des_reseaux/Fiche_des_stations/TP_STA_93808.pdf" }, "geometry": { "type": "Point", "coordinates": [ 6.682826261735864, 46.521989758909619 ] } },
{ "type": "Feature", "properties": { "ALT": 726, "COMM_NOM": "Pully", "COMM_OFS": 5590, "COOR_X": 2542138, "COOR_Y": 1153953, "ETC": "(CarPostal) (TL)", "GO_CENTRE": 0, "ID_STATION": "79248", "LIGNES": "(10.360) (10.365) (10.952)", "NB_LIGNES": 3, "ST_AFFICHE": 1, "ST_NOM": "Pully, Trois-Chasseurs", "ST_TYPE": "Régional/urbain", "ST_URL": "https://prestations.vd.ch/pub/101587/api/download/2_Cartographie_et_geodonnees/2.1_Carte_des_reseaux/Fiche_des_stations/TP_STA_79248.pdf" }, "geometry": { "type": "Point", "coordinates": [ 6.684401600019003, 46.534357815289248 ] } },
{ "type": "Feature", "properties": { "ALT": 743, "COMM_NOM": "Belmont-sur-Lausanne", "COMM_OFS": 5581, "COOR_X": 2542486, "COOR_Y": 1153462, "ETC": "(TL)", "GO_CENTRE": 0, "ID_STATION": "93789", "LIGNES": "(10.952)", "NB_LIGNES": 1, "ST_AFFICHE": 1, "ST_NOM": "Belmont-sur-L., Chaffiause", "ST_TYPE": "Urbain", "ST_URL": "https://prestations.vd.ch/pub/101587/api/download/2_Cartographie_et_geodonnees/2.1_Carte_des_reseaux/Fiche_des_stations/TP_STA_93789.pdf" }, "geometry": { "type": "Point", "coordinates": [ 6.688997219834055, 46.529974183220709 ] } },
{ "type": "Feature", "properties": { "ALT": 791, "COMM_NOM": "Epalinges", "COMM_OFS": 5584, "COOR_X": 2541306, "COOR_Y": 1155619, "ETC": "(TL)", "GO_CENTRE": 2, "ID_STATION": "91965", "LIGNES": "(10.045) (10.046)", "NB_LIGNES": 2, "ST_AFFICHE": 1, "ST_NOM": "Epalinges, Girarde", "ST_TYPE": "Urbain", "ST_URL": "https://prestations.vd.ch/pub/101587/api/download/2_Cartographie_et_geodonnees/2.1_Carte_des_reseaux/Fiche_des_stations/TP_STA_91965.pdf" }, "geometry": { "type": "Point", "coordinates": [ 6.673343718164101, 46.549270859343821 ] } },
{ "type": "Feature", "properties": { "ALT": 405, "COMM_NOM": "Aclens", "COMM_OFS": 5621, "COOR_X": 2529958, "COOR_Y": 1157540, "ETC": "(MBC)", "GO_CENTRE": 0, "ID_STATION": "83891", "LIGNES": "(10.736)", "NB_LIGNES": 1, "ST_AFFICHE": 1, "ST_NOM": "Vufflens-Aclens, zone industr.", "ST_TYPE": "Régional", "ST_URL": "https://prestations.vd.ch/pub/101587/api/download/2_Cartographie_et_geodonnees/2.1_Carte_des_reseaux/Fiche_des_stations/TP_STA_83891.pdf" }, "geometry": { "type": "Point", "coordinates": [ 6.52510072503541, 46.565459585742239 ] } },
{ "type": "Feature", "properties": { "ALT": 409, "COMM_NOM": "Vufflens-la-Ville", "COMM_OFS": 5503, "COOR_X": 2530452, "COOR_Y": 1158837, "ETC": "(TL)", "GO_CENTRE": 0, "ID_STATION": "93782", "LIGNES": "(10.056)", "NB_LIGNES": 1, "ST_AFFICHE": 1, "ST_NOM": "Vufflens-la-Ville, gare", "ST_TYPE": "Régional", "ST_URL": "https://prestations.vd.ch/pub/101587/api/download/2_Cartographie_et_geodonnees/2.1_Carte_des_reseaux/Fiche_des_stations/TP_STA_93782.pdf" }, "geometry": { "type": "Point", "coordinates": [ 6.531340715068461, 46.577174034790978 ] } },
{ "type": "Feature", "properties": { "ALT": 390, "COMM_NOM": "Denges", "COMM_OFS": 5632, "COOR_X": 2531210, "COOR_Y": 1152356, "ETC": "(MBC)", "GO_CENTRE": 2, "ID_STATION": "92239", "LIGNES": "(10.705)", "NB_LIGNES": 1, "ST_AFFICHE": 1, "ST_NOM": "Denges, La Pale", "ST_TYPE": "Urbain", "ST_URL": "https://prestations.vd.ch/pub/101587/api/download/2_Cartographie_et_geodonnees/2.1_Carte_des_reseaux/Fiche_des_stations/TP_STA_92239.pdf" }, "geometry": { "type": "Point", "coordinates": [ 6.542202374154602, 46.518958394576416 ] } },
{ "type": "Feature", "properties": { "ALT": 398, "COMM_NOM": "Ecublens (VD)", "COMM_OFS": 5635, "COOR_X": 2531985, "COOR_Y": 1152290, "ETC": "(TL)", "GO_CENTRE": 2, "ID_STATION": "94890", "LIGNES": "(10.033) (10.905)", "NB_LIGNES": 2, "ST_AFFICHE": 1, "ST_NOM": "Ecublens VD, Montaney", "ST_TYPE": "Urbain", "ST_URL": "https://prestations.vd.ch/pub/101587/api/download/2_Cartographie_et_geodonnees/2.1_Carte_des_reseaux/Fiche_des_stations/TP_STA_94890.pdf" }, "geometry": { "type": "Point", "coordinates": [ 6.552305861567529, 46.518444938722389 ] } },
{ "type": "Feature", "properties": { "ALT": 405, "COMM_NOM": "Saint-Sulpice (VD)", "COMM_OFS": 5648, "COOR_X": 2532291, "COOR_Y": 1151768, "ETC": "(MBC)", "GO_CENTRE": 2, "ID_STATION": "10527", "LIGNES": "(10.701)", "NB_LIGNES": 1, "ST_AFFICHE": 1, "ST_NOM": "St-Sulpice VD, Ochettaz-Ormet", "ST_TYPE": "Urbain", "ST_URL": "https://prestations.vd.ch/pub/101587/api/download/2_Cartographie_et_geodonnees/2.1_Carte_des_reseaux/Fiche_des_stations/TP_STA_10527.pdf" }, "geometry": { "type": "Point", "coordinates": [ 6.556378791136226, 46.513781952377023 ] } },
{ "type": "Feature", "properties": { "ALT": 428, "COMM_NOM": "Echandens", "COMM_OFS": 5633, "COOR_X": 2531138, "COOR_Y": 1154090, "ETC": "(MBC)", "GO_CENTRE": 2, "ID_STATION": "88875", "LIGNES": "(10.702) (10.705)", "NB_LIGNES": 2, "ST_AFFICHE": 1, "ST_NOM": "Echandens, centre", "ST_TYPE": "Urbain", "ST_URL": "https://prestations.vd.ch/pub/101587/api/download/2_Cartographie_et_geodonnees/2.1_Carte_des_reseaux/Fiche_des_stations/TP_STA_88875.pdf" }, "geometry": { "type": "Point", "coordinates": [ 6.54100288403141, 46.534549811980739 ] } },
{ "type": "Feature", "properties": { "ALT": 440, "COMM_NOM": "Bussigny", "COMM_OFS": 5624, "COOR_X": 2531963, "COOR_Y": 1156054, "ETC": "(TL)", "GO_CENTRE": 2, "ID_STATION": "81917", "LIGNES": "(10.056)", "NB_LIGNES": 1, "ST_AFFICHE": 1, "ST_NOM": "Bussigny, Dallaz", "ST_TYPE": "Régional", "ST_URL": "https://prestations.vd.ch/pub/101587/api/download/2_Cartographie_et_geodonnees/2.1_Carte_des_reseaux/Fiche_des_stations/TP_STA_81917.pdf" }, "geometry": { "type": "Point", "coordinates": [ 6.551467677992302, 46.552299100148069 ] } },
{ "type": "Feature", "properties": { "ALT": 483, "COMM_NOM": "Mex (VD)", "COMM_OFS": 5489, "COOR_X": 2532199, "COOR_Y": 1158918, "ETC": "(TL)", "GO_CENTRE": 0, "ID_STATION": "88853", "LIGNES": "(10.058) (10.904)", "NB_LIGNES": 2, "ST_AFFICHE": 1, "ST_NOM": "Mex VD, village", "ST_TYPE": "Régional", "ST_URL": "https://prestations.vd.ch/pub/101587/api/download/2_Cartographie_et_geodonnees/2.1_Carte_des_reseaux/Fiche_des_stations/TP_STA_88853.pdf" }, "geometry": { "type": "Point", "coordinates": [ 6.554117559050787, 46.578086530901992 ] } },
{ "type": "Feature", "properties": { "ALT": 394, "COMM_NOM": "Saint-Sulpice (VD)", "COMM_OFS": 5648, "COOR_X": 2532528, "COOR_Y": 1151713, "ETC": "(TL)", "GO_CENTRE": 2, "ID_STATION": "88157", "LIGNES": "(10.031) (10.905)", "NB_LIGNES": 2, "ST_AFFICHE": 1, "ST_NOM": "St-Sulpice VD, Bochet", "ST_TYPE": "Urbain", "ST_URL": "https://prestations.vd.ch/pub/101587/api/download/2_Cartographie_et_geodonnees/2.1_Carte_des_reseaux/Fiche_des_stations/TP_STA_88157.pdf" }, "geometry": { "type": "Point", "coordinates": [ 6.559471602918252, 46.513308386214234 ] } },
{ "type": "Feature", "properties": { "ALT": 427, "COMM_NOM": "Ecublens (VD)", "COMM_OFS": 5635, "COOR_X": 2532624, "COOR_Y": 1152942, "ETC": "(MBC)", "GO_CENTRE": 2, "ID_STATION": "91947", "LIGNES": "(10.705)", "NB_LIGNES": 1, "ST_AFFICHE": 1, "ST_NOM": "Ecublens VD, Coquerellaz", "ST_TYPE": "Urbain", "ST_URL": "https://prestations.vd.ch/pub/101587/api/download/2_Cartographie_et_geodonnees/2.1_Carte_des_reseaux/Fiche_des_stations/TP_STA_91947.pdf" }, "geometry": { "type": "Point", "coordinates": [ 6.560538931844612, 46.524377646051768 ] } },
{ "type": "Feature", "properties": { "ALT": 389, "COMM_NOM": "Ecublens (VD)", "COMM_OFS": 5635, "COOR_X": 2533902, "COOR_Y": 1152383, "ETC": "(TL) (MBC)", "GO_CENTRE": 2, "ID_STATION": "96053", "LIGNES": "(10.001) (10.701)", "NB_LIGNES": 2, "ST_AFFICHE": 1, "ST_NOM": "Ecublens VD, Blévallaire", "ST_TYPE": "Urbain", "ST_URL": "https://prestations.vd.ch/pub/101587/api/download/2_Cartographie_et_geodonnees/2.1_Carte_des_reseaux/Fiche_des_stations/TP_STA_96053.pdf" }, "geometry": { "type": "Point", "coordinates": [ 6.577278142974208, 46.519471827632032 ] } },
{ "type": "Feature", "properties": { "ALT": 400, "COMM_NOM": "Ecublens (VD)", "COMM_OFS": 5635, "COOR_X": 2532934, "COOR_Y": 1153703, "ETC": "(TL)", "GO_CENTRE": 2, "ID_STATION": "91960", "LIGNES": "(10.033) (10.905)", "NB_LIGNES": 2, "ST_AFFICHE": 1, "ST_NOM": "Ecublens VD, Veilloud", "ST_TYPE": "Urbain", "ST_URL": "https://prestations.vd.ch/pub/101587/api/download/2_Cartographie_et_geodonnees/2.1_Carte_des_reseaux/Fiche_des_stations/TP_STA_91960.pdf" }, "geometry": { "type": "Point", "coordinates": [ 6.564466563521942, 46.531254599315616 ] } },
{ "type": "Feature", "properties": { "ALT": 415, "COMM_NOM": "Crissier", "COMM_OFS": 5583, "COOR_X": 2533618, "COOR_Y": 1154889, "ETC": "(TL)", "GO_CENTRE": 2, "ID_STATION": "93815", "LIGNES": "(10.017) (10.036) (10.054) (10.058) (10.904)", "NB_LIGNES": 5, "ST_AFFICHE": 1, "ST_NOM": "Crissier, Jura", "ST_TYPE": "Régional/urbain", "ST_URL": "https://prestations.vd.ch/pub/101587/api/download/2_Cartographie_et_geodonnees/2.1_Carte_des_reseaux/Fiche_des_stations/TP_STA_93815.pdf" }, "geometry": { "type": "Point", "coordinates": [ 6.573213075497861, 46.541988377336551 ] } },
{ "type": "Feature", "properties": { "ALT": 409, "COMM_NOM": "Chavannes-près-Renens", "COMM_OFS": 5627, "COOR_X": 2534059, "COOR_Y": 1153948, "ETC": "(TL)", "GO_CENTRE": 2, "ID_STATION": "93866", "LIGNES": "(10.032) (10.905)", "NB_LIGNES": 2, "ST_AFFICHE": 1, "ST_NOM": "Chavannes-R., Préfaully", "ST_TYPE": "Urbain", "ST_URL": "https://prestations.vd.ch/pub/101587/api/download/2_Cartographie_et_geodonnees/2.1_Carte_des_reseaux/Fiche_des_stations/TP_STA_93866.pdf" }, "geometry": { "type": "Point", "coordinates": [ 6.579093112007146, 46.533567528435228 ] } },
{ "type": "Feature", "properties": { "ALT": 464, "COMM_NOM": "Bussigny", "COMM_OFS": 5624, "COOR_X": 2532412, "COOR_Y": 1156195, "ETC": "(TL)", "GO_CENTRE": 2, "ID_STATION": "81921", "LIGNES": "(10.035)", "NB_LIGNES": 1, "ST_AFFICHE": 1, "ST_NOM": "Bussigny, Vieux-Four", "ST_TYPE": "Urbain", "ST_URL": "https://prestations.vd.ch/pub/101587/api/download/2_Cartographie_et_geodonnees/2.1_Carte_des_reseaux/Fiche_des_stations/TP_STA_81921.pdf" }, "geometry": { "type": "Point", "coordinates": [ 6.557307464315143, 46.553610266300851 ] } },
{ "type": "Feature", "properties": { "ALT": 437, "COMM_NOM": "Crissier", "COMM_OFS": 5583, "COOR_X": 2533643, "COOR_Y": 1155603, "ETC": "(TL)", "GO_CENTRE": 2, "ID_STATION": "95516", "LIGNES": "(10.036)", "NB_LIGNES": 1, "ST_AFFICHE": 1, "ST_NOM": "Crissier, Mongevon", "ST_TYPE": "Urbain", "ST_URL": "https://prestations.vd.ch/pub/101587/api/download/2_Cartographie_et_geodonnees/2.1_Carte_des_reseaux/Fiche_des_stations/TP_STA_95516.pdf" }, "geometry": { "type": "Point", "coordinates": [ 6.573432715415215, 46.548409281918097 ] } },
{ "type": "Feature", "properties": { "ALT": 429, "COMM_NOM": "Crissier", "COMM_OFS": 5583, "COOR_X": 2533752, "COOR_Y": 1155435, "ETC": "(TL)", "GO_CENTRE": 2, "ID_STATION": "93816", "LIGNES": "(10.036) (10.054) (10.058)", "NB_LIGNES": 3, "ST_AFFICHE": 1, "ST_NOM": "Crissier, Marcolet", "ST_TYPE": "Régional/urbain", "ST_URL": "https://prestations.vd.ch/pub/101587/api/download/2_Cartographie_et_geodonnees/2.1_Carte_des_reseaux/Fiche_des_stations/TP_STA_93816.pdf" }, "geometry": { "type": "Point", "coordinates": [ 6.574886912055262, 46.546915330619186 ] } },
{ "type": "Feature", "properties": { "ALT": 456, "COMM_NOM": "Crissier", "COMM_OFS": 5583, "COOR_X": 2534084, "COOR_Y": 1155824, "ETC": "(TL)", "GO_CENTRE": 2, "ID_STATION": "88842", "LIGNES": "(10.018) (10.032) (10.904)", "NB_LIGNES": 3, "ST_AFFICHE": 1, "ST_NOM": "Crissier, Bré", "ST_TYPE": "Urbain", "ST_URL": "https://prestations.vd.ch/pub/101587/api/download/2_Cartographie_et_geodonnees/2.1_Carte_des_reseaux/Fiche_des_stations/TP_STA_88842.pdf" }, "geometry": { "type": "Point", "coordinates": [ 6.579152368919465, 46.550443632108177 ] } },
{ "type": "Feature", "properties": { "ALT": 449, "COMM_NOM": "Crissier", "COMM_OFS": 5583, "COOR_X": 2534093, "COOR_Y": 1155411, "ETC": "(TL)", "GO_CENTRE": 2, "ID_STATION": "88841", "LIGNES": "(10.032)", "NB_LIGNES": 1, "ST_AFFICHE": 1, "ST_NOM": "Crissier, scierie", "ST_TYPE": "Urbain", "ST_URL": "https://prestations.vd.ch/pub/101587/api/download/2_Cartographie_et_geodonnees/2.1_Carte_des_reseaux/Fiche_des_stations/TP_STA_88841.pdf" }, "geometry": { "type": "Point", "coordinates": [ 6.579330245762649, 46.54673269037476 ] } },
{ "type": "Feature", "properties": { "ALT": 418, "COMM_NOM": "Renens (VD)", "COMM_OFS": 5591, "COOR_X": 2534107, "COOR_Y": 1154383, "ETC": "(TL)", "GO_CENTRE": 2, "ID_STATION": "88838", "LIGNES": "(10.036) (10.054) (10.058)", "NB_LIGNES": 3, "ST_AFFICHE": 1, "ST_NOM": "Renens VD, gare nord", "ST_TYPE": "Régional/urbain", "ST_URL": "https://prestations.vd.ch/pub/101587/api/download/2_Cartographie_et_geodonnees/2.1_Carte_des_reseaux/Fiche_des_stations/TP_STA_88838.pdf" }, "geometry": { "type": "Point", "coordinates": [ 6.579661259937351, 46.53748675020109 ] } },
{ "type": "Feature", "properties": { "ALT": 466, "COMM_NOM": "Renens (VD)", "COMM_OFS": 5591, "COOR_X": 2535268, "COOR_Y": 1154478, "ETC": "(TL)", "GO_CENTRE": 2, "ID_STATION": "92206", "LIGNES": "(10.018) (10.038) (10.904)", "NB_LIGNES": 3, "ST_AFFICHE": 1, "ST_NOM": "Renens VD, Bourg-Dessus", "ST_TYPE": "Urbain", "ST_URL": "https://prestations.vd.ch/pub/101587/api/download/2_Cartographie_et_geodonnees/2.1_Carte_des_reseaux/Fiche_des_stations/TP_STA_92206.pdf" }, "geometry": { "type": "Point", "coordinates": [ 6.594786288678916, 46.538452957805291 ] } },
{ "type": "Feature", "properties": { "ALT": 475, "COMM_NOM": "Renens (VD)", "COMM_OFS": 5591, "COOR_X": 2535369, "COOR_Y": 1154618, "ETC": "(TL)", "GO_CENTRE": 2, "ID_STATION": "92208", "LIGNES": "(10.018)", "NB_LIGNES": 1, "ST_AFFICHE": 1, "ST_NOM": "Renens VD, Bugnon", "ST_TYPE": "Urbain", "ST_URL": "https://prestations.vd.ch/pub/101587/api/download/2_Cartographie_et_geodonnees/2.1_Carte_des_reseaux/Fiche_des_stations/TP_STA_92208.pdf" }, "geometry": { "type": "Point", "coordinates": [ 6.596075921694124, 46.539726115796917 ] } },
{ "type": "Feature", "properties": { "ALT": 453, "COMM_NOM": "Renens (VD)", "COMM_OFS": 5591, "COOR_X": 2535547, "COOR_Y": 1153833, "ETC": "(TL)", "GO_CENTRE": 2, "ID_STATION": "92211", "LIGNES": "(10.018) (10.904)", "NB_LIGNES": 2, "ST_AFFICHE": 1, "ST_NOM": "Renens VD, Florissant", "ST_TYPE": "Urbain", "ST_URL": "https://prestations.vd.ch/pub/101587/api/download/2_Cartographie_et_geodonnees/2.1_Carte_des_reseaux/Fiche_des_stations/TP_STA_92211.pdf" }, "geometry": { "type": "Point", "coordinates": [ 6.59851208264875, 46.532676112369117 ] } },
{ "type": "Feature", "properties": { "ALT": 465, "COMM_NOM": "Renens (VD)", "COMM_OFS": 5591, "COOR_X": 2534959, "COOR_Y": 1155037, "ETC": "(TL)", "GO_CENTRE": 2, "ID_STATION": "92203", "LIGNES": "(10.018) (10.904)", "NB_LIGNES": 2, "ST_AFFICHE": 1, "ST_NOM": "Renens VD, Baumettes", "ST_TYPE": "Urbain", "ST_URL": "https://prestations.vd.ch/pub/101587/api/download/2_Cartographie_et_geodonnees/2.1_Carte_des_reseaux/Fiche_des_stations/TP_STA_92203.pdf" }, "geometry": { "type": "Point", "coordinates": [ 6.59066915445008, 46.543446322112352 ] } },
{ "type": "Feature", "properties": { "ALT": 385, "COMM_NOM": "Lausanne", "COMM_OFS": 5586, "COOR_X": 2536113, "COOR_Y": 1152073, "ETC": "(TL)", "GO_CENTRE": 2, "ID_STATION": "93837", "LIGNES": "(10.025) (10.905)", "NB_LIGNES": 2, "ST_AFFICHE": 1, "ST_NOM": "Lausanne, Maladière-Figuiers", "ST_TYPE": "Urbain", "ST_URL": "https://prestations.vd.ch/pub/101587/api/download/2_Cartographie_et_geodonnees/2.1_Carte_des_reseaux/Fiche_des_stations/TP_STA_93837.pdf" }, "geometry": { "type": "Point", "coordinates": [ 6.606128110839151, 46.516902948355181 ] } },
{ "type": "Feature", "properties": { "ALT": 430, "COMM_NOM": "Lausanne", "COMM_OFS": 5586, "COOR_X": 2536948, "COOR_Y": 1152181, "ETC": "(TL)", "GO_CENTRE": 2, "ID_STATION": "92064", "LIGNES": "(10.006)", "NB_LIGNES": 1, "ST_AFFICHE": 1, "ST_NOM": "Lausanne, Languedoc", "ST_TYPE": "Urbain", "ST_URL": "https://prestations.vd.ch/pub/101587/api/download/2_Cartographie_et_geodonnees/2.1_Carte_des_reseaux/Fiche_des_stations/TP_STA_92064.pdf" }, "geometry": { "type": "Point", "coordinates": [ 6.616993901941525, 46.517951950315478 ] } },
{ "type": "Feature", "properties": { "ALT": 476, "COMM_NOM": "Lausanne", "COMM_OFS": 5586, "COOR_X": 2537037, "COOR_Y": 1153022, "ETC": "(TL)", "GO_CENTRE": 2, "ID_STATION": "92109", "LIGNES": "(10.007) (10.018) (10.019) (10.904)", "NB_LIGNES": 4, "ST_AFFICHE": 1, "ST_NOM": "Lausanne, Recordon", "ST_TYPE": "Urbain", "ST_URL": "https://prestations.vd.ch/pub/101587/api/download/2_Cartographie_et_geodonnees/2.1_Carte_des_reseaux/Fiche_des_stations/TP_STA_92109.pdf" }, "geometry": { "type": "Point", "coordinates": [ 6.618037901540601, 46.525527946999794 ] } },
{ "type": "Feature", "properties": { "ALT": 465, "COMM_NOM": "Lausanne", "COMM_OFS": 5586, "COOR_X": 2537534, "COOR_Y": 1152306, "ETC": "(TL)", "GO_CENTRE": 2, "ID_STATION": "92134", "LIGNES": "(10.003) (10.020) (10.021) (10.901) (10.902) (10.903) (10.904) (10.906)", "NB_LIGNES": 8, "ST_AFFICHE": 1, "ST_NOM": "Lausanne, Villard", "ST_TYPE": "Urbain", "ST_URL": "https://prestations.vd.ch/pub/101587/api/download/2_Cartographie_et_geodonnees/2.1_Carte_des_reseaux/Fiche_des_stations/TP_STA_92134.pdf" }, "geometry": { "type": "Point", "coordinates": [ 6.624611251299103, 46.519134743000208 ] } },
{ "type": "Feature", "properties": { "ALT": 493, "COMM_NOM": "Lausanne", "COMM_OFS": 5586, "COOR_X": 2537554, "COOR_Y": 1152801, "ETC": "(TL)", "GO_CENTRE": 2, "ID_STATION": "92010_1", "LIGNES": "(10.003) (10.004) (10.006) (10.007) (10.009) (10.016) (10.018) (10.019) (10.020) (10.021) (10.060)", "NB_LIGNES": 11, "ST_AFFICHE": 1, "ST_NOM": "Lausanne, Chauderon", "ST_TYPE": "Régional/urbain", "ST_URL": "https://prestations.vd.ch/pub/101587/api/download/2_Cartographie_et_geodonnees/2.1_Carte_des_reseaux/Fiche_des_stations/TP_STA_92010_1.pdf" }, "geometry": { "type": "Point", "coordinates": [ 6.624802269966949, 46.523583435962237 ] } },
{ "type": "Feature", "properties": { "ALT": 481, "COMM_NOM": "Prilly", "COMM_OFS": 5589, "COOR_X": 2536071, "COOR_Y": 1154030, "ETC": "(TL)", "GO_CENTRE": 2, "ID_STATION": "92173_1", "LIGNES": "(10.009) (10.904)", "NB_LIGNES": 2, "ST_AFFICHE": 1, "ST_NOM": "Prilly, centre", "ST_TYPE": "Urbain", "ST_URL": "https://prestations.vd.ch/pub/101587/api/download/2_Cartographie_et_geodonnees/2.1_Carte_des_reseaux/Fiche_des_stations/TP_STA_92173_1.pdf" }, "geometry": { "type": "Point", "coordinates": [ 6.605306053974317, 46.53450009775991 ] } },
{ "type": "Feature", "properties": { "ALT": 484, "COMM_NOM": "Prilly", "COMM_OFS": 5589, "COOR_X": 2536314, "COOR_Y": 1153882, "ETC": "(TL)", "GO_CENTRE": 2, "ID_STATION": "92181", "LIGNES": "(10.009)", "NB_LIGNES": 1, "ST_AFFICHE": 1, "ST_NOM": "Prilly, Huttins", "ST_TYPE": "Urbain", "ST_URL": "https://prestations.vd.ch/pub/101587/api/download/2_Cartographie_et_geodonnees/2.1_Carte_des_reseaux/Fiche_des_stations/TP_STA_92181.pdf" }, "geometry": { "type": "Point", "coordinates": [ 6.608494222699329, 46.533193383758011 ] } },
{ "type": "Feature", "properties": { "ALT": 541, "COMM_NOM": "Prilly", "COMM_OFS": 5589, "COOR_X": 2536527, "COOR_Y": 1154469, "ETC": "(TL)", "GO_CENTRE": 2, "ID_STATION": "92187", "LIGNES": "(10.004) (10.033)", "NB_LIGNES": 2, "ST_AFFICHE": 1, "ST_NOM": "Prilly, Mont-Goulin", "ST_TYPE": "Urbain", "ST_URL": "https://prestations.vd.ch/pub/101587/api/download/2_Cartographie_et_geodonnees/2.1_Carte_des_reseaux/Fiche_des_stations/TP_STA_92187.pdf" }, "geometry": { "type": "Point", "coordinates": [ 6.611189818812659, 46.538493770980566 ] } },
{ "type": "Feature", "properties": { "ALT": 569, "COMM_NOM": "Lausanne", "COMM_OFS": 5586, "COOR_X": 2536615, "COOR_Y": 1154654, "ETC": "(TL)", "GO_CENTRE": 2, "ID_STATION": "92030", "LIGNES": "(10.002)", "NB_LIGNES": 1, "ST_AFFICHE": 1, "ST_NOM": "Lausanne, Désert", "ST_TYPE": "Urbain", "ST_URL": "https://prestations.vd.ch/pub/101587/api/download/2_Cartographie_et_geodonnees/2.1_Carte_des_reseaux/Fiche_des_stations/TP_STA_92030.pdf" }, "geometry": { "type": "Point", "coordinates": [ 6.612315250889282, 46.540163774433836 ] } },
{ "type": "Feature", "properties": { "ALT": 595, "COMM_NOM": "Lausanne", "COMM_OFS": 5586, "COOR_X": 2537668, "COOR_Y": 1153938, "ETC": "(TL)", "GO_CENTRE": 2, "ID_STATION": "92116", "LIGNES": "(10.001) (10.020) (10.901)", "NB_LIGNES": 3, "ST_AFFICHE": 1, "ST_NOM": "Lausanne, Stade Olympique", "ST_TYPE": "Urbain", "ST_URL": "https://prestations.vd.ch/pub/101587/api/download/2_Cartographie_et_geodonnees/2.1_Carte_des_reseaux/Fiche_des_stations/TP_STA_92116.pdf" }, "geometry": { "type": "Point", "coordinates": [ 6.626139907911189, 46.533827324097523 ] } },
{ "type": "Feature", "properties": { "ALT": 379, "COMM_NOM": "Pully", "COMM_OFS": 5590, "COOR_X": 2539424, "COOR_Y": 1150877, "ETC": "(TL)", "GO_CENTRE": 2, "ID_STATION": "92198", "LIGNES": "(10.021)", "NB_LIGNES": 1, "ST_AFFICHE": 1, "ST_NOM": "Pully, Verney", "ST_TYPE": "Urbain", "ST_URL": "https://prestations.vd.ch/pub/101587/api/download/2_Cartographie_et_geodonnees/2.1_Carte_des_reseaux/Fiche_des_stations/TP_STA_92198.pdf" }, "geometry": { "type": "Point", "coordinates": [ 6.64942447968687, 46.506454386250773 ] } },
{ "type": "Feature", "properties": { "ALT": 410, "COMM_NOM": "Lausanne", "COMM_OFS": 5586, "COOR_X": 2537785, "COOR_Y": 1151499, "ETC": "(TL)", "GO_CENTRE": 2, "ID_STATION": "92028_1", "LIGNES": "(10.025)", "NB_LIGNES": 1, "ST_AFFICHE": 1, "ST_NOM": "Lausanne, Délices", "ST_TYPE": "Urbain", "ST_URL": "https://prestations.vd.ch/pub/101587/api/download/2_Cartographie_et_geodonnees/2.1_Carte_des_reseaux/Fiche_des_stations/TP_STA_92028_1.pdf" }, "geometry": { "type": "Point", "coordinates": [ 6.627998683461549, 46.511896426152681 ] } },
{ "type": "Feature", "properties": { "ALT": 494, "COMM_NOM": "Lausanne", "COMM_OFS": 5586, "COOR_X": 2538182, "COOR_Y": 1152338, "ETC": "(TL)", "GO_CENTRE": 2, "ID_STATION": "79254_1", "LIGNES": "(10.901) (10.902) (10.903) (10.904) (10.905) (10.906)", "NB_LIGNES": 6, "ST_AFFICHE": 1, "ST_NOM": "Lausanne, St-François", "ST_TYPE": "Régional", "ST_URL": "https://prestations.vd.ch/pub/101587/api/download/2_Cartographie_et_geodonnees/2.1_Carte_des_reseaux/Fiche_des_stations/TP_STA_79254_1.pdf" }, "geometry": { "type": "Point", "coordinates": [ 6.633049309132547, 46.51947698847782 ] } },
{ "type": "Feature", "properties": { "ALT": 570, "COMM_NOM": "Lausanne", "COMM_OFS": 5586, "COOR_X": 2539296, "COOR_Y": 1152824, "ETC": "(TL)", "GO_CENTRE": 2, "ID_STATION": "91978", "LIGNES": "(10.006) (10.903)", "NB_LIGNES": 2, "ST_AFFICHE": 1, "ST_NOM": "Lausanne, Allières/CHUV", "ST_TYPE": "Urbain", "ST_URL": "https://prestations.vd.ch/pub/101587/api/download/2_Cartographie_et_geodonnees/2.1_Carte_des_reseaux/Fiche_des_stations/TP_STA_91978.pdf" }, "geometry": { "type": "Point", "coordinates": [ 6.647510624712136, 46.523952431668249 ] } },
{ "type": "Feature", "properties": { "ALT": 582, "COMM_NOM": "Lausanne", "COMM_OFS": 5586, "COOR_X": 2538228, "COOR_Y": 1153867, "ETC": "(TL)", "GO_CENTRE": 2, "ID_STATION": "92082", "LIGNES": "(10.003) (10.008) (10.018) (10.901)", "NB_LIGNES": 4, "ST_AFFICHE": 1, "ST_NOM": "Lausanne, Motte", "ST_TYPE": "Urbain", "ST_URL": "https://prestations.vd.ch/pub/101587/api/download/2_Cartographie_et_geodonnees/2.1_Carte_des_reseaux/Fiche_des_stations/TP_STA_92082.pdf" }, "geometry": { "type": "Point", "coordinates": [ 6.633449128207364, 46.533235136398886 ] } },
{ "type": "Feature", "properties": { "ALT": 655, "COMM_NOM": "Lausanne", "COMM_OFS": 5586, "COOR_X": 2539233, "COOR_Y": 1154601, "ETC": "(TL)", "GO_CENTRE": 2, "ID_STATION": "92054", "LIGNES": "(10.016)", "NB_LIGNES": 1, "ST_AFFICHE": 1, "ST_NOM": "Lausanne, Grand Vennes", "ST_TYPE": "Urbain", "ST_URL": "https://prestations.vd.ch/pub/101587/api/download/2_Cartographie_et_geodonnees/2.1_Carte_des_reseaux/Fiche_des_stations/TP_STA_92054.pdf" }, "geometry": { "type": "Point", "coordinates": [ 6.646450560743746, 46.539934153809604 ] } },
{ "type": "Feature", "properties": { "ALT": 644, "COMM_NOM": "Le Mont-sur-Lausanne", "COMM_OFS": 5587, "COOR_X": 2538127, "COOR_Y": 1155356, "ETC": "(TL)", "GO_CENTRE": 2, "ID_STATION": "92143", "LIGNES": "(10.008) (10.901)", "NB_LIGNES": 2, "ST_AFFICHE": 1, "ST_NOM": "Le Mont-sur-L., Martines", "ST_TYPE": "Urbain", "ST_URL": "https://prestations.vd.ch/pub/101587/api/download/2_Cartographie_et_geodonnees/2.1_Carte_des_reseaux/Fiche_des_stations/TP_STA_92143.pdf" }, "geometry": { "type": "Point", "coordinates": [ 6.631927597846244, 46.546623234898746 ] } },
{ "type": "Feature", "properties": { "ALT": 702, "COMM_NOM": "Le Mont-sur-Lausanne", "COMM_OFS": 5587, "COOR_X": 2538317, "COOR_Y": 1157185, "ETC": "(TL)", "GO_CENTRE": 2, "ID_STATION": "4177_1", "LIGNES": "(10.008) (10.054) (10.060)", "NB_LIGNES": 3, "ST_AFFICHE": 1, "ST_NOM": "Le Mont-sur-L., Grand-Mont", "ST_TYPE": "Régional/urbain", "ST_URL": "https://prestations.vd.ch/pub/101587/api/download/2_Cartographie_et_geodonnees/2.1_Carte_des_reseaux/Fiche_des_stations/TP_STA_4177_1.pdf" }, "geometry": { "type": "Point", "coordinates": [ 6.634165766537436, 46.563087639947703 ] } },
{ "type": "Feature", "properties": { "ALT": 383, "COMM_NOM": "Paudex", "COMM_OFS": 5588, "COOR_X": 2541044, "COOR_Y": 1150800, "ETC": "(TL)", "GO_CENTRE": 2, "ID_STATION": "92168", "LIGNES": "(10.021)", "NB_LIGNES": 1, "ST_AFFICHE": 1, "ST_NOM": "Paudex, Verrière", "ST_TYPE": "Urbain", "ST_URL": "https://prestations.vd.ch/pub/101587/api/download/2_Cartographie_et_geodonnees/2.1_Carte_des_reseaux/Fiche_des_stations/TP_STA_92168.pdf" }, "geometry": { "type": "Point", "coordinates": [ 6.670542715853829, 46.505900724150898 ] } },
{ "type": "Feature", "properties": { "ALT": 475, "COMM_NOM": "Lausanne", "COMM_OFS": 5586, "COOR_X": 2539511, "COOR_Y": 1151832, "ETC": "(TL)", "GO_CENTRE": 2, "ID_STATION": "91999", "LIGNES": "(10.004) (10.009) (10.906)", "NB_LIGNES": 3, "ST_AFFICHE": 1, "ST_NOM": "Lausanne, Bonne-Espérance", "ST_TYPE": "Urbain", "ST_URL": "https://prestations.vd.ch/pub/101587/api/download/2_Cartographie_et_geodonnees/2.1_Carte_des_reseaux/Fiche_des_stations/TP_STA_91999.pdf" }, "geometry": { "type": "Point", "coordinates": [ 6.650435230833061, 46.515052381609181 ] } },
{ "type": "Feature", "properties": { "ALT": 527, "COMM_NOM": "Pully", "COMM_OFS": 5590, "COOR_X": 2540791, "COOR_Y": 1152131, "ETC": "(TL)", "GO_CENTRE": 2, "ID_STATION": "88449", "LIGNES": "(10.047) (10.952)", "NB_LIGNES": 2, "ST_AFFICHE": 1, "ST_NOM": "Pully, Vallon", "ST_TYPE": "Urbain", "ST_URL": "https://prestations.vd.ch/pub/101587/api/download/2_Cartographie_et_geodonnees/2.1_Carte_des_reseaux/Fiche_des_stations/TP_STA_88449.pdf" }, "geometry": { "type": "Point", "coordinates": [ 6.667073697815193, 46.517854582635835 ] } },
{ "type": "Feature", "properties": { "ALT": 659, "COMM_NOM": "Lausanne", "COMM_OFS": 5586, "COOR_X": 2539580, "COOR_Y": 1154482, "ETC": "(TL)", "GO_CENTRE": 2, "ID_STATION": "92048_1", "LIGNES": "(10.902)", "NB_LIGNES": 1, "ST_AFFICHE": 1, "ST_NOM": "Lausanne, Fourmi", "ST_TYPE": "Régional", "ST_URL": "https://prestations.vd.ch/pub/101587/api/download/2_Cartographie_et_geodonnees/2.1_Carte_des_reseaux/Fiche_des_stations/TP_STA_92048_1.pdf" }, "geometry": { "type": "Point", "coordinates": [ 6.650992149268239, 46.538891603137991 ] } },
{ "type": "Feature", "properties": { "ALT": 624, "COMM_NOM": "Lausanne", "COMM_OFS": 5586, "COOR_X": 2540042, "COOR_Y": 1153510, "ETC": "(TL)", "GO_CENTRE": 2, "ID_STATION": "92065", "LIGNES": "(10.042)", "NB_LIGNES": 1, "ST_AFFICHE": 1, "ST_NOM": "Lausanne, Les Chavannes", "ST_TYPE": "Urbain", "ST_URL": "https://prestations.vd.ch/pub/101587/api/download/2_Cartographie_et_geodonnees/2.1_Carte_des_reseaux/Fiche_des_stations/TP_STA_92065.pdf" }, "geometry": { "type": "Point", "coordinates": [ 6.657135011156641, 46.530193386117944 ] } },
{ "type": "Feature", "properties": { "ALT": 642, "COMM_NOM": "Lausanne", "COMM_OFS": 5586, "COOR_X": 2540204, "COOR_Y": 1153644, "ETC": "(TL)", "GO_CENTRE": 2, "ID_STATION": "92025", "LIGNES": "(10.042)", "NB_LIGNES": 1, "ST_AFFICHE": 1, "ST_NOM": "Lausanne, Craivavers", "ST_TYPE": "Urbain", "ST_URL": "https://prestations.vd.ch/pub/101587/api/download/2_Cartographie_et_geodonnees/2.1_Carte_des_reseaux/Fiche_des_stations/TP_STA_92025.pdf" }, "geometry": { "type": "Point", "coordinates": [ 6.659231019501725, 46.531406724397279 ] } },
{ "type": "Feature", "properties": { "ALT": 718, "COMM_NOM": "Epalinges", "COMM_OFS": 5584, "COOR_X": 2540393, "COOR_Y": 1154953, "ETC": "(TL)", "GO_CENTRE": 2, "ID_STATION": "79239_2", "LIGNES": "(10.044) (10.045) (10.046) (10.054) (10.064) (10.902) (10.959)", "NB_LIGNES": 7, "ST_AFFICHE": 1, "ST_NOM": "Epalinges, Croisettes", "ST_TYPE": "Régional/urbain", "ST_URL": "https://prestations.vd.ch/pub/101587/api/download/2_Cartographie_et_geodonnees/2.1_Carte_des_reseaux/Fiche_des_stations/TP_STA_79239_2.pdf" }, "geometry": { "type": "Point", "coordinates": [ 6.661527530192445, 46.543201830715518 ] } },
{ "type": "Feature", "properties": { "ALT": 754, "COMM_NOM": "Epalinges", "COMM_OFS": 5584, "COOR_X": 2541159, "COOR_Y": 1154749, "ETC": "(TL)", "GO_CENTRE": 2, "ID_STATION": "93826", "LIGNES": "(10.959)", "NB_LIGNES": 1, "ST_AFFICHE": 1, "ST_NOM": "Epalinges, Raidillon", "ST_TYPE": "Urbain", "ST_URL": "https://prestations.vd.ch/pub/101587/api/download/2_Cartographie_et_geodonnees/2.1_Carte_des_reseaux/Fiche_des_stations/TP_STA_93826.pdf" }, "geometry": { "type": "Point", "coordinates": [ 6.671537750822486, 46.54143536001569 ] } },
{ "type": "Feature", "properties": { "ALT": 716, "COMM_NOM": "Epalinges", "COMM_OFS": 5584, "COOR_X": 2540170, "COOR_Y": 1155085, "ETC": "(TL)", "GO_CENTRE": 2, "ID_STATION": "91971", "LIGNES": "(10.045) (10.046)", "NB_LIGNES": 2, "ST_AFFICHE": 1, "ST_NOM": "Epalinges, Tuileries", "ST_TYPE": "Urbain", "ST_URL": "https://prestations.vd.ch/pub/101587/api/download/2_Cartographie_et_geodonnees/2.1_Carte_des_reseaux/Fiche_des_stations/TP_STA_91971.pdf" }, "geometry": { "type": "Point", "coordinates": [ 6.658607202290981, 46.54436829174886 ] } },
{ "type": "Feature", "properties": { "ALT": 791, "COMM_NOM": "Epalinges", "COMM_OFS": 5584, "COOR_X": 2540491, "COOR_Y": 1156646, "ETC": "(TL)", "GO_CENTRE": 0, "ID_STATION": "11382", "LIGNES": "(10.959)", "NB_LIGNES": 1, "ST_AFFICHE": 1, "ST_NOM": "Epalinges, Fontannins", "ST_TYPE": "Urbain", "ST_URL": "https://prestations.vd.ch/pub/101587/api/download/2_Cartographie_et_geodonnees/2.1_Carte_des_reseaux/Fiche_des_stations/TP_STA_11382.pdf" }, "geometry": { "type": "Point", "coordinates": [ 6.662587285365096, 46.558443431728314 ] } },
{ "type": "Feature", "properties": { "ALT": 783, "COMM_NOM": "Epalinges", "COMM_OFS": 5584, "COOR_X": 2541115, "COOR_Y": 1155438, "ETC": "(TL)", "GO_CENTRE": 2, "ID_STATION": "91966", "LIGNES": "(10.045) (10.046) (10.959) (10.902)", "NB_LIGNES": 4, "ST_AFFICHE": 1, "ST_NOM": "Epalinges, Croix-Blanche", "ST_TYPE": "Urbain", "ST_URL": "https://prestations.vd.ch/pub/101587/api/download/2_Cartographie_et_geodonnees/2.1_Carte_des_reseaux/Fiche_des_stations/TP_STA_91966.pdf" }, "geometry": { "type": "Point", "coordinates": [ 6.67087952416533, 46.547625793394566 ] } },
{ "type": "Feature", "properties": { "ALT": 402, "COMM_NOM": "Lutry", "COMM_OFS": 5606, "COOR_X": 2542549, "COOR_Y": 1150548, "ETC": "(TL)", "GO_CENTRE": 2, "ID_STATION": "93861_1", "LIGNES": "(10.068) (10.954)", "NB_LIGNES": 2, "ST_AFFICHE": 1, "ST_NOM": "Lutry, gare", "ST_TYPE": "Urbain", "ST_URL": "https://prestations.vd.ch/pub/101587/api/download/2_Cartographie_et_geodonnees/2.1_Carte_des_reseaux/Fiche_des_stations/TP_STA_93861_1.pdf" }, "geometry": { "type": "Point", "coordinates": [ 6.690178336191387, 46.503771554233637 ] } },
{ "type": "Feature", "properties": { "ALT": 379, "COMM_NOM": "Lutry", "COMM_OFS": 5606, "COOR_X": 2542846, "COOR_Y": 1150203, "ETC": "(TL)", "GO_CENTRE": 2, "ID_STATION": "92155", "LIGNES": "(10.009) (10.954)", "NB_LIGNES": 2, "ST_AFFICHE": 1, "ST_NOM": "Lutry, Corniche", "ST_TYPE": "Urbain", "ST_URL": "https://prestations.vd.ch/pub/101587/api/download/2_Cartographie_et_geodonnees/2.1_Carte_des_reseaux/Fiche_des_stations/TP_STA_92155.pdf" }, "geometry": { "type": "Point", "coordinates": [ 6.694092677668276, 46.500688300964953 ] } },
{ "type": "Feature", "properties": { "ALT": 616, "COMM_NOM": "Belmont-sur-Lausanne", "COMM_OFS": 5581, "COOR_X": 2541661, "COOR_Y": 1152321, "ETC": "(TL)", "GO_CENTRE": 2, "ID_STATION": "79257", "LIGNES": "(10.047) (10.952) (10.906)", "NB_LIGNES": 3, "ST_AFFICHE": 1, "ST_NOM": "Belmont-sur-L., centre", "ST_TYPE": "Urbain", "ST_URL": "https://prestations.vd.ch/pub/101587/api/download/2_Cartographie_et_geodonnees/2.1_Carte_des_reseaux/Fiche_des_stations/TP_STA_79257.pdf" }, "geometry": { "type": "Point", "coordinates": [ 6.678395321892175, 46.519642297481596 ] } },
{ "type": "Feature", "properties": { "ALT": 589, "COMM_NOM": "Belmont-sur-Lausanne", "COMM_OFS": 5581, "COOR_X": 2541835, "COOR_Y": 1152179, "ETC": "(TL)", "GO_CENTRE": 2, "ID_STATION": "93800", "LIGNES": "(10.952)", "NB_LIGNES": 1, "ST_AFFICHE": 1, "ST_NOM": "Belmont-sur-L., Cita", "ST_TYPE": "Urbain", "ST_URL": "https://prestations.vd.ch/pub/101587/api/download/2_Cartographie_et_geodonnees/2.1_Carte_des_reseaux/Fiche_des_stations/TP_STA_93800.pdf" }, "geometry": { "type": "Point", "coordinates": [ 6.680674419500144, 46.518376992926022 ] } },
{ "type": "Feature", "properties": { "ALT": 625, "COMM_NOM": "Belmont-sur-Lausanne", "COMM_OFS": 5581, "COOR_X": 2542086, "COOR_Y": 1152303, "ETC": "(TL)", "GO_CENTRE": 2, "ID_STATION": "79258", "LIGNES": "(10.047) (10.952) (10.954) (10.906)", "NB_LIGNES": 4, "ST_AFFICHE": 1, "ST_NOM": "Belmont-sur-L., Blessoney", "ST_TYPE": "Urbain", "ST_URL": "https://prestations.vd.ch/pub/101587/api/download/2_Cartographie_et_geodonnees/2.1_Carte_des_reseaux/Fiche_des_stations/TP_STA_79258.pdf" }, "geometry": { "type": "Point", "coordinates": [ 6.683934969132503, 46.519510758638233 ] } },
{ "type": "Feature", "properties": { "ALT": 638, "COMM_NOM": "Belmont-sur-Lausanne", "COMM_OFS": 5581, "COOR_X": 2542145, "COOR_Y": 1152420, "ETC": "(TL)", "GO_CENTRE": 2, "ID_STATION": "93802", "LIGNES": "(10.952)", "NB_LIGNES": 1, "ST_AFFICHE": 1, "ST_NOM": "Belmont-sur-L., Léchire", "ST_TYPE": "Urbain", "ST_URL": "https://prestations.vd.ch/pub/101587/api/download/2_Cartographie_et_geodonnees/2.1_Carte_des_reseaux/Fiche_des_stations/TP_STA_93802.pdf" }, "geometry": { "type": "Point", "coordinates": [ 6.684683634947199, 46.520571752680276 ] } },
{ "type": "Feature", "properties": { "ALT": 691, "COMM_NOM": "Belmont-sur-Lausanne", "COMM_OFS": 5581, "COOR_X": 2542206, "COOR_Y": 1152652, "ETC": "(TL)", "GO_CENTRE": 0, "ID_STATION": "93790", "LIGNES": "(10.952)", "NB_LIGNES": 1, "ST_AFFICHE": 1, "ST_NOM": "Belmont-sur-L., Champ-Chamot", "ST_TYPE": "Urbain", "ST_URL": "https://prestations.vd.ch/pub/101587/api/download/2_Cartographie_et_geodonnees/2.1_Carte_des_reseaux/Fiche_des_stations/TP_STA_93790.pdf" }, "geometry": { "type": "Point", "coordinates": [ 6.685449447098423, 46.522663915575997 ] } },
{ "type": "Feature", "properties": { "ALT": 723, "COMM_NOM": "Belmont-sur-Lausanne", "COMM_OFS": 5581, "COOR_X": 2542449, "COOR_Y": 1152851, "ETC": "(TL)", "GO_CENTRE": 0, "ID_STATION": "93793", "LIGNES": "(10.952)", "NB_LIGNES": 1, "ST_AFFICHE": 1, "ST_NOM": "Belmont-sur-L., Crau-au-Fer", "ST_TYPE": "Urbain", "ST_URL": "https://prestations.vd.ch/pub/101587/api/download/2_Cartographie_et_geodonnees/2.1_Carte_des_reseaux/Fiche_des_stations/TP_STA_93793.pdf" }, "geometry": { "type": "Point", "coordinates": [ 6.688591268684656, 46.524474938848563 ] } },
{ "type": "Feature", "properties": { "ALT": 708, "COMM_NOM": "Lutry", "COMM_OFS": 5606, "COOR_X": 2542665, "COOR_Y": 1152589, "ETC": "(TL)", "GO_CENTRE": 0, "ID_STATION": "9475", "LIGNES": "(10.954)", "NB_LIGNES": 1, "ST_AFFICHE": 1, "ST_NOM": "Lutry, Crêt-de-Foux", "ST_TYPE": "Urbain", "ST_URL": "https://prestations.vd.ch/pub/101587/api/download/2_Cartographie_et_geodonnees/2.1_Carte_des_reseaux/Fiche_des_stations/TP_STA_9475.pdf" }, "geometry": { "type": "Point", "coordinates": [ 6.691441165466506, 46.52214075039074 ] } },
{ "type": "Feature", "properties": { "ALT": 704, "COMM_NOM": "Lausanne", "COMM_OFS": 5586, "COOR_X": 2541626, "COOR_Y": 1154200, "ETC": "(CarPostal)", "GO_CENTRE": 0, "ID_STATION": "79247", "LIGNES": "(10.360) (10.365) (10.369)", "NB_LIGNES": 3, "ST_AFFICHE": 1, "ST_NOM": "Montblesson, Centenaire", "ST_TYPE": "Régional", "ST_URL": "https://prestations.vd.ch/pub/101587/api/download/2_Cartographie_et_geodonnees/2.1_Carte_des_reseaux/Fiche_des_stations/TP_STA_79247.pdf" }, "geometry": { "type": "Point", "coordinates": [ 6.677697138929811, 46.536539725984532 ] } },
{ "type": "Feature", "properties": { "ALT": 757, "COMM_NOM": "Lausanne", "COMM_OFS": 5586, "COOR_X": 2541758, "COOR_Y": 1154844, "ETC": "(TL)", "GO_CENTRE": 0, "ID_STATION": "87550", "LIGNES": "(10.064) (10.902)", "NB_LIGNES": 2, "ST_AFFICHE": 1, "ST_NOM": "Montblesson, Perronnaz", "ST_TYPE": "Urbain", "ST_URL": "https://prestations.vd.ch/pub/101587/api/download/2_Cartographie_et_geodonnees/2.1_Carte_des_reseaux/Fiche_des_stations/TP_STA_87550.pdf" }, "geometry": { "type": "Point", "coordinates": [ 6.679337127607035, 46.542345566359032 ] } },
{ "type": "Feature", "properties": { "ALT": 750, "COMM_NOM": "Pully", "COMM_OFS": 5590, "COOR_X": 2542468, "COOR_Y": 1154134, "ETC": "(CarPostal) (TL)", "GO_CENTRE": 0, "ID_STATION": "79249", "LIGNES": "(10.360) (10.365) (10.369) (10.952)", "NB_LIGNES": 4, "ST_AFFICHE": 1, "ST_NOM": "Pully, Monts-de-Pully", "ST_TYPE": "Régional/urbain", "ST_URL": "https://prestations.vd.ch/pub/101587/api/download/2_Cartographie_et_geodonnees/2.1_Carte_des_reseaux/Fiche_des_stations/TP_STA_79249.pdf" }, "geometry": { "type": "Point", "coordinates": [ 6.688680051179833, 46.536014542431488 ] } },
{ "type": "Feature", "properties": { "ALT": 833, "COMM_NOM": "Lausanne", "COMM_OFS": 5586, "COOR_X": 2542867, "COOR_Y": 1156022, "ETC": "(TL)", "GO_CENTRE": 0, "ID_STATION": "92073", "LIGNES": "(10.064) (10.902)", "NB_LIGNES": 2, "ST_AFFICHE": 1, "ST_NOM": "Lausanne, Molliettes", "ST_TYPE": "Urbain", "ST_URL": "https://prestations.vd.ch/pub/101587/api/download/2_Cartographie_et_geodonnees/2.1_Carte_des_reseaux/Fiche_des_stations/TP_STA_92073.pdf" }, "geometry": { "type": "Point", "coordinates": [ 6.693639635048876, 46.553034784765032 ] } },
{ "type": "Feature", "properties": { "ALT": 859, "COMM_NOM": "Lausanne", "COMM_OFS": 5586, "COOR_X": 2542729, "COOR_Y": 1157333, "ETC": "(CarPostal) (TL)", "GO_CENTRE": 0, "ID_STATION": "87929", "LIGNES": "(10.435) (10.360) (10.362) (10.369) (10.045) (10.064)", "NB_LIGNES": 6, "ST_AFFICHE": 1, "ST_NOM": "Lausanne, Chalet-à-Gobet", "ST_TYPE": "Régional/urbain", "ST_URL": "https://prestations.vd.ch/pub/101587/api/download/2_Cartographie_et_geodonnees/2.1_Carte_des_reseaux/Fiche_des_stations/TP_STA_87929.pdf" }, "geometry": { "type": "Point", "coordinates": [ 6.69168630638806, 46.564816679598287 ] } },
{ "type": "Feature", "properties": { "ALT": 567, "COMM_NOM": "Lutry", "COMM_OFS": 5606, "COOR_X": 2543076, "COOR_Y": 1151210, "ETC": "(TL)", "GO_CENTRE": 0, "ID_STATION": "93856", "LIGNES": "(10.069) (10.954)", "NB_LIGNES": 2, "ST_AFFICHE": 1, "ST_NOM": "Lutry, Bossières", "ST_TYPE": "Urbain", "ST_URL": "https://prestations.vd.ch/pub/101587/api/download/2_Cartographie_et_geodonnees/2.1_Carte_des_reseaux/Fiche_des_stations/TP_STA_93856.pdf" }, "geometry": { "type": "Point", "coordinates": [ 6.696965994973587, 46.509765751950418 ] } },
{ "type": "Feature", "properties": { "ALT": 804, "COMM_NOM": "Savigny", "COMM_OFS": 5611, "COOR_X": 2543658, "COOR_Y": 1154636, "ETC": "(CarPostal)", "GO_CENTRE": 0, "ID_STATION": "4172", "LIGNES": "(10.360) (10.365)", "NB_LIGNES": 2, "ST_AFFICHE": 1, "ST_NOM": "Savigny, Claie-aux-Moines", "ST_TYPE": "Régional", "ST_URL": "https://prestations.vd.ch/pub/101587/api/download/2_Cartographie_et_geodonnees/2.1_Carte_des_reseaux/Fiche_des_stations/TP_STA_4172.pdf" }, "geometry": { "type": "Point", "coordinates": [ 6.704132246611469, 46.540635810656887 ] } },
{ "type": "Feature", "properties": { "ALT": 870, "COMM_NOM": "Lausanne", "COMM_OFS": 5586, "COOR_X": 2543347, "COOR_Y": 1157655, "ETC": "(CarPostal)", "GO_CENTRE": 0, "ID_STATION": "92006", "LIGNES": "(10.360) (10.362) (10.435)", "NB_LIGNES": 3, "ST_AFFICHE": 1, "ST_NOM": "Lausanne, Chalet-Fontaine", "ST_TYPE": "Régional", "ST_URL": "https://prestations.vd.ch/pub/101587/api/download/2_Cartographie_et_geodonnees/2.1_Carte_des_reseaux/Fiche_des_stations/TP_STA_92006.pdf" }, "geometry": { "type": "Point", "coordinates": [ 6.699701021625742, 46.567765196733411 ] } },
{ "type": "Feature", "properties": { "ALT": 393, "COMM_NOM": "Lonay", "COMM_OFS": 5638, "COOR_X": 2529613, "COOR_Y": 1152996, "ETC": "(MBC)", "GO_CENTRE": 2, "ID_STATION": "95220", "LIGNES": "(10.702)", "NB_LIGNES": 1, "ST_AFFICHE": 1, "ST_NOM": "Lonay, collège sud", "ST_TYPE": "Urbain", "ST_URL": "https://prestations.vd.ch/pub/101587/api/download/2_Cartographie_et_geodonnees/2.1_Carte_des_reseaux/Fiche_des_stations/TP_STA_95220.pdf" }, "geometry": { "type": "Point", "coordinates": [ 6.521299875528352, 46.524551650097152 ] } },
{ "type": "Feature", "properties": { "ALT": 405, "COMM_NOM": "Préverenges", "COMM_OFS": 5643, "COOR_X": 2529960, "COOR_Y": 1152429, "ETC": "(MBC)", "GO_CENTRE": 2, "ID_STATION": "88898", "LIGNES": "(10.705)", "NB_LIGNES": 1, "ST_AFFICHE": 1, "ST_NOM": "Préverenges, Capellan", "ST_TYPE": "Urbain", "ST_URL": "https://prestations.vd.ch/pub/101587/api/download/2_Cartographie_et_geodonnees/2.1_Carte_des_reseaux/Fiche_des_stations/TP_STA_88898.pdf" }, "geometry": { "type": "Point", "coordinates": [ 6.525904931681758, 46.519488385887961 ] } },
{ "type": "Feature", "properties": { "ALT": 417, "COMM_NOM": "Aclens", "COMM_OFS": 5621, "COOR_X": 2529700, "COOR_Y": 1157243, "ETC": "(MBC)", "GO_CENTRE": 0, "ID_STATION": "6417", "LIGNES": "(10.736)", "NB_LIGNES": 1, "ST_AFFICHE": 1, "ST_NOM": "Romanel-sur-Morges,Z.I. Moulin", "ST_TYPE": "Régional", "ST_URL": "https://prestations.vd.ch/pub/101587/api/download/2_Cartographie_et_geodonnees/2.1_Carte_des_reseaux/Fiche_des_stations/TP_STA_6417.pdf" }, "geometry": { "type": "Point", "coordinates": [ 6.52178389462499, 46.562761576628283 ] } },
{ "type": "Feature", "properties": { "ALT": 390, "COMM_NOM": "Denges", "COMM_OFS": 5632, "COOR_X": 2531160, "COOR_Y": 1151902, "ETC": "(MBC)", "GO_CENTRE": 2, "ID_STATION": "92241", "LIGNES": "(10.705)", "NB_LIGNES": 1, "ST_AFFICHE": 1, "ST_NOM": "Denges, Sur les Moulins", "ST_TYPE": "Urbain", "ST_URL": "https://prestations.vd.ch/pub/101587/api/download/2_Cartographie_et_geodonnees/2.1_Carte_des_reseaux/Fiche_des_stations/TP_STA_92241.pdf" }, "geometry": { "type": "Point", "coordinates": [ 6.541615182235163, 46.514868933710851 ] } },
{ "type": "Feature", "properties": { "ALT": 394, "COMM_NOM": "Saint-Sulpice (VD)", "COMM_OFS": 5648, "COOR_X": 2531469, "COOR_Y": 1151786, "ETC": "(TL)", "GO_CENTRE": 2, "ID_STATION": "94988", "LIGNES": "(10.033) (10.905)", "NB_LIGNES": 2, "ST_AFFICHE": 1, "ST_NOM": "St-Sulpice VD, Venoge nord", "ST_TYPE": "Urbain", "ST_URL": "https://prestations.vd.ch/pub/101587/api/download/2_Cartographie_et_geodonnees/2.1_Carte_des_reseaux/Fiche_des_stations/TP_STA_94988.pdf" }, "geometry": { "type": "Point", "coordinates": [ 6.5456674088296, 46.513857714600974 ] } },
{ "type": "Feature", "properties": { "ALT": 394, "COMM_NOM": "Saint-Sulpice (VD)", "COMM_OFS": 5648, "COOR_X": 2531809, "COOR_Y": 1151514, "ETC": "(TL)", "GO_CENTRE": 2, "ID_STATION": "88156", "LIGNES": "(10.031) (10.905)", "NB_LIGNES": 2, "ST_AFFICHE": 1, "ST_NOM": "St-Sulpice VD, Laviau", "ST_TYPE": "Urbain", "ST_URL": "https://prestations.vd.ch/pub/101587/api/download/2_Cartographie_et_geodonnees/2.1_Carte_des_reseaux/Fiche_des_stations/TP_STA_88156.pdf" }, "geometry": { "type": "Point", "coordinates": [ 6.550125617859221, 46.511445462574521 ] } },
{ "type": "Feature", "properties": { "ALT": 460, "COMM_NOM": "Bussigny", "COMM_OFS": 5624, "COOR_X": 2531901, "COOR_Y": 1156385, "ETC": "(TL)", "GO_CENTRE": 2, "ID_STATION": "6903", "LIGNES": "(10.035) (10.056)", "NB_LIGNES": 2, "ST_AFFICHE": 1, "ST_NOM": "Bussigny, Sottelles", "ST_TYPE": "Régional/urbain", "ST_URL": "https://prestations.vd.ch/pub/101587/api/download/2_Cartographie_et_geodonnees/2.1_Carte_des_reseaux/Fiche_des_stations/TP_STA_6903.pdf" }, "geometry": { "type": "Point", "coordinates": [ 6.550607994485469, 46.555268003256131 ] } },
{ "type": "Feature", "properties": { "ALT": 415, "COMM_NOM": "Bussigny", "COMM_OFS": 5624, "COOR_X": 2531996, "COOR_Y": 1155800, "ETC": "(TL)", "GO_CENTRE": 2, "ID_STATION": "81918", "LIGNES": "(10.035) (10.056)", "NB_LIGNES": 2, "ST_AFFICHE": 1, "ST_NOM": "Bussigny, Grand-Record", "ST_TYPE": "Régional/urbain", "ST_URL": "https://prestations.vd.ch/pub/101587/api/download/2_Cartographie_et_geodonnees/2.1_Carte_des_reseaux/Fiche_des_stations/TP_STA_81918.pdf" }, "geometry": { "type": "Point", "coordinates": [ 6.551930916063022, 46.550018629755385 ] } },
{ "type": "Feature", "properties": { "ALT": 465, "COMM_NOM": "Bussigny", "COMM_OFS": 5624, "COOR_X": 2532141, "COOR_Y": 1156422, "ETC": "(TL)", "GO_CENTRE": 2, "ID_STATION": "81920", "LIGNES": "(10.035)", "NB_LIGNES": 1, "ST_AFFICHE": 1, "ST_NOM": "Bussigny, Sauge", "ST_TYPE": "Urbain", "ST_URL": "https://prestations.vd.ch/pub/101587/api/download/2_Cartographie_et_geodonnees/2.1_Carte_des_reseaux/Fiche_des_stations/TP_STA_81920.pdf" }, "geometry": { "type": "Point", "coordinates": [ 6.553737448830923, 46.555625746986379 ] } },
{ "type": "Feature", "properties": { "ALT": 412, "COMM_NOM": "Ecublens (VD)", "COMM_OFS": 5635, "COOR_X": 2532464, "COOR_Y": 1153150, "ETC": "(TL) (MBC)", "GO_CENTRE": 2, "ID_STATION": "91954", "LIGNES": "(10.033) (10.905) (10.705)", "NB_LIGNES": 3, "ST_AFFICHE": 1, "ST_NOM": "Ecublens VD, Perrettes", "ST_TYPE": "Urbain", "ST_URL": "https://prestations.vd.ch/pub/101587/api/download/2_Cartographie_et_geodonnees/2.1_Carte_des_reseaux/Fiche_des_stations/TP_STA_91954.pdf" }, "geometry": { "type": "Point", "coordinates": [ 6.558420676587002, 46.526228656703445 ] } },
{ "type": "Feature", "properties": { "ALT": 396, "COMM_NOM": "Saint-Sulpice (VD)", "COMM_OFS": 5648, "COOR_X": 2532609, "COOR_Y": 1151917, "ETC": "(TL) (MBC)", "GO_CENTRE": 2, "ID_STATION": "10528", "LIGNES": "(10.001) (10.701)", "NB_LIGNES": 2, "ST_AFFICHE": 1, "ST_NOM": "St-Sulpice VD, Pré-Fleuri", "ST_TYPE": "Urbain", "ST_URL": "https://prestations.vd.ch/pub/101587/api/download/2_Cartographie_et_geodonnees/2.1_Carte_des_reseaux/Fiche_des_stations/TP_STA_10528.pdf" }, "geometry": { "type": "Point", "coordinates": [ 6.560501823718568, 46.515149641050982 ] } },
{ "type": "Feature", "properties": { "ALT": 429, "COMM_NOM": "Ecublens (VD)", "COMM_OFS": 5635, "COOR_X": 2532712, "COOR_Y": 1153117, "ETC": "(MBC)", "GO_CENTRE": 2, "ID_STATION": "91951", "LIGNES": "(10.705)", "NB_LIGNES": 1, "ST_AFFICHE": 1, "ST_NOM": "Ecublens VD, Motty", "ST_TYPE": "Urbain", "ST_URL": "https://prestations.vd.ch/pub/101587/api/download/2_Cartographie_et_geodonnees/2.1_Carte_des_reseaux/Fiche_des_stations/TP_STA_91951.pdf" }, "geometry": { "type": "Point", "coordinates": [ 6.561657937515251, 46.52595784930233 ] } },
{ "type": "Feature", "properties": { "ALT": 403, "COMM_NOM": "Ecublens (VD)", "COMM_OFS": 5635, "COOR_X": 2532785, "COOR_Y": 1153866, "ETC": "(TL)", "GO_CENTRE": 2, "ID_STATION": "91957", "LIGNES": "(10.033) (10.905)", "NB_LIGNES": 2, "ST_AFFICHE": 1, "ST_NOM": "Ecublens VD, Stand", "ST_TYPE": "Urbain", "ST_URL": "https://prestations.vd.ch/pub/101587/api/download/2_Cartographie_et_geodonnees/2.1_Carte_des_reseaux/Fiche_des_stations/TP_STA_91957.pdf" }, "geometry": { "type": "Point", "coordinates": [ 6.562507730095982, 46.532704255589913 ] } },
{ "type": "Feature", "properties": { "ALT": 407, "COMM_NOM": "Ecublens (VD)", "COMM_OFS": 5635, "COOR_X": 2533228, "COOR_Y": 1154303, "ETC": "(TL)", "GO_CENTRE": 2, "ID_STATION": "91953", "LIGNES": "(10.033) (10.905)", "NB_LIGNES": 2, "ST_AFFICHE": 1, "ST_NOM": "Ecublens VD, Parc", "ST_TYPE": "Urbain", "ST_URL": "https://prestations.vd.ch/pub/101587/api/download/2_Cartographie_et_geodonnees/2.1_Carte_des_reseaux/Fiche_des_stations/TP_STA_91953.pdf" }, "geometry": { "type": "Point", "coordinates": [ 6.568217000225085, 46.536678231506897 ] } },
{ "type": "Feature", "properties": { "ALT": 400, "COMM_NOM": "Chavannes-près-Renens", "COMM_OFS": 5627, "COOR_X": 2533580, "COOR_Y": 1153574, "ETC": "(TL)", "GO_CENTRE": 2, "ID_STATION": "7227", "LIGNES": "(10.031)", "NB_LIGNES": 1, "ST_AFFICHE": 1, "ST_NOM": "Chavannes-R., Cèdres", "ST_TYPE": "Urbain", "ST_URL": "https://prestations.vd.ch/pub/101587/api/download/2_Cartographie_et_geodonnees/2.1_Carte_des_reseaux/Fiche_des_stations/TP_STA_7227.pdf" }, "geometry": { "type": "Point", "coordinates": [ 6.572906270449757, 46.530157783318536 ] } },
{ "type": "Feature", "properties": { "ALT": 468, "COMM_NOM": "Bussigny", "COMM_OFS": 5624, "COOR_X": 2532819, "COOR_Y": 1156594, "ETC": "(TL)", "GO_CENTRE": 2, "ID_STATION": "94178", "LIGNES": "(10.017) (10.056) (10.904)", "NB_LIGNES": 3, "ST_AFFICHE": 1, "ST_NOM": "Bussigny, Rente", "ST_TYPE": "Régional/urbain", "ST_URL": "https://prestations.vd.ch/pub/101587/api/download/2_Cartographie_et_geodonnees/2.1_Carte_des_reseaux/Fiche_des_stations/TP_STA_94178.pdf" }, "geometry": { "type": "Point", "coordinates": [ 6.562553057916358, 46.557243714274954 ] } },
{ "type": "Feature", "properties": { "ALT": 427, "COMM_NOM": "Bussigny", "COMM_OFS": 5624, "COOR_X": 2532831, "COOR_Y": 1155620, "ETC": "(TL)", "GO_CENTRE": 2, "ID_STATION": "91930", "LIGNES": "(10.017) (10.904)", "NB_LIGNES": 2, "ST_AFFICHE": 1, "ST_NOM": "Bussigny, Croix de Plan", "ST_TYPE": "Urbain", "ST_URL": "https://prestations.vd.ch/pub/101587/api/download/2_Cartographie_et_geodonnees/2.1_Carte_des_reseaux/Fiche_des_stations/TP_STA_91930.pdf" }, "geometry": { "type": "Point", "coordinates": [ 6.562846241551521, 46.548487875901856 ] } },
{ "type": "Feature", "properties": { "ALT": 428, "COMM_NOM": "Bussigny", "COMM_OFS": 5624, "COOR_X": 2532917, "COOR_Y": 1155753, "ETC": "(TL)", "GO_CENTRE": 2, "ID_STATION": "91931", "LIGNES": "(10.017) (10.904)", "NB_LIGNES": 2, "ST_AFFICHE": 1, "ST_NOM": "Bussigny, Buyère", "ST_TYPE": "Urbain", "ST_URL": "https://prestations.vd.ch/pub/101587/api/download/2_Cartographie_et_geodonnees/2.1_Carte_des_reseaux/Fiche_des_stations/TP_STA_91931.pdf" }, "geometry": { "type": "Point", "coordinates": [ 6.563944953630572, 46.549687662559364 ] } },
{ "type": "Feature", "properties": { "ALT": 441, "COMM_NOM": "Crissier", "COMM_OFS": 5583, "COOR_X": 2533568, "COOR_Y": 1155879, "ETC": "(TL)", "GO_CENTRE": 2, "ID_STATION": "95986", "LIGNES": "(10.036) (10.904)", "NB_LIGNES": 2, "ST_AFFICHE": 1, "ST_NOM": "Crissier, Lentillières", "ST_TYPE": "Urbain", "ST_URL": "https://prestations.vd.ch/pub/101587/api/download/2_Cartographie_et_geodonnees/2.1_Carte_des_reseaux/Fiche_des_stations/TP_STA_95986.pdf" }, "geometry": { "type": "Point", "coordinates": [ 6.572415663226638, 46.550889937482275 ] } },
{ "type": "Feature", "properties": { "ALT": 510, "COMM_NOM": "Crissier", "COMM_OFS": 5583, "COOR_X": 2533985, "COOR_Y": 1157109, "ETC": "(TL)", "GO_CENTRE": 0, "ID_STATION": "7632", "LIGNES": "(10.054)", "NB_LIGNES": 1, "ST_AFFICHE": 1, "ST_NOM": "Crissier, Montremoën", "ST_TYPE": "Régional", "ST_URL": "https://prestations.vd.ch/pub/101587/api/download/2_Cartographie_et_geodonnees/2.1_Carte_des_reseaux/Fiche_des_stations/TP_STA_7632.pdf" }, "geometry": { "type": "Point", "coordinates": [ 6.577681175339841, 46.561988979651645 ] } },
{ "type": "Feature", "properties": { "ALT": 394, "COMM_NOM": "Lausanne", "COMM_OFS": 5586, "COOR_X": 2534822, "COOR_Y": 1152976, "ETC": "(TL)", "GO_CENTRE": 2, "ID_STATION": "95521", "LIGNES": "(10.025) (10.905)", "NB_LIGNES": 2, "ST_AFFICHE": 1, "ST_NOM": "Lausanne, Bourdonnette nord", "ST_TYPE": "Urbain", "ST_URL": "https://prestations.vd.ch/pub/101587/api/download/2_Cartographie_et_geodonnees/2.1_Carte_des_reseaux/Fiche_des_stations/TP_STA_95521.pdf" }, "geometry": { "type": "Point", "coordinates": [ 6.589179249651312, 46.524896717588724 ] } },
{ "type": "Feature", "properties": { "ALT": 376, "COMM_NOM": "Lausanne", "COMM_OFS": 5586, "COOR_X": 2535162, "COOR_Y": 1152301, "ETC": "(TL)", "GO_CENTRE": 2, "ID_STATION": "95939", "LIGNES": "(10.024)", "NB_LIGNES": 1, "ST_AFFICHE": 1, "ST_NOM": "Lausanne, Parc Bourget", "ST_TYPE": "Urbain", "ST_URL": "https://prestations.vd.ch/pub/101587/api/download/2_Cartographie_et_geodonnees/2.1_Carte_des_reseaux/Fiche_des_stations/TP_STA_95939.pdf" }, "geometry": { "type": "Point", "coordinates": [ 6.593701778104933, 46.518857178501342 ] } },
{ "type": "Feature", "properties": { "ALT": 378, "COMM_NOM": "Lausanne", "COMM_OFS": 5586, "COOR_X": 2535847, "COOR_Y": 1151909, "ETC": "(TL)", "GO_CENTRE": 2, "ID_STATION": "95935", "LIGNES": "(10.024)", "NB_LIGNES": 1, "ST_AFFICHE": 1, "ST_NOM": "Lausanne, Stade de Coubertin", "ST_TYPE": "Urbain", "ST_URL": "https://prestations.vd.ch/pub/101587/api/download/2_Cartographie_et_geodonnees/2.1_Carte_des_reseaux/Fiche_des_stations/TP_STA_95935.pdf" }, "geometry": { "type": "Point", "coordinates": [ 6.602692540189563, 46.515397102753951 ] } },
{ "type": "Feature", "properties": { "ALT": 422, "COMM_NOM": "Renens (VD)", "COMM_OFS": 5591, "COOR_X": 2535060, "COOR_Y": 1153249, "ETC": "(TL)", "GO_CENTRE": 2, "ID_STATION": "92219", "LIGNES": "(10.032) (10.033) (10.905)", "NB_LIGNES": 3, "ST_AFFICHE": 1, "ST_NOM": "Renens VD, rue du Lac", "ST_TYPE": "Urbain", "ST_URL": "https://prestations.vd.ch/pub/101587/api/download/2_Cartographie_et_geodonnees/2.1_Carte_des_reseaux/Fiche_des_stations/TP_STA_92219.pdf" }, "geometry": { "type": "Point", "coordinates": [ 6.592239641397668, 46.527373093042812 ] } },
{ "type": "Feature", "properties": { "ALT": 461, "COMM_NOM": "Renens (VD)", "COMM_OFS": 5591, "COOR_X": 2535125, "COOR_Y": 1154618, "ETC": "(TL)", "GO_CENTRE": 2, "ID_STATION": "92212", "LIGNES": "(10.038)", "NB_LIGNES": 1, "ST_AFFICHE": 1, "ST_NOM": "Renens VD, Follieu", "ST_TYPE": "Urbain", "ST_URL": "https://prestations.vd.ch/pub/101587/api/download/2_Cartographie_et_geodonnees/2.1_Carte_des_reseaux/Fiche_des_stations/TP_STA_92212.pdf" }, "geometry": { "type": "Point", "coordinates": [ 6.592901552606996, 46.539700498036225 ] } },
{ "type": "Feature", "properties": { "ALT": 578, "COMM_NOM": "Cheseaux-sur-Lausanne", "COMM_OFS": 5582, "COOR_X": 2535131, "COOR_Y": 1158896, "ETC": "(TL)", "GO_CENTRE": 0, "ID_STATION": "95147", "LIGNES": "(10.054)", "NB_LIGNES": 1, "ST_AFFICHE": 1, "ST_NOM": "Cheseaux-sur-L., Châtelard", "ST_TYPE": "Régional", "ST_URL": "https://prestations.vd.ch/pub/101587/api/download/2_Cartographie_et_geodonnees/2.1_Carte_des_reseaux/Fiche_des_stations/TP_STA_95147.pdf" }, "geometry": { "type": "Point", "coordinates": [ 6.592367813281729, 46.57817652950267 ] } },
{ "type": "Feature", "properties": { "ALT": 380, "COMM_NOM": "Lausanne", "COMM_OFS": 5586, "COOR_X": 2536056, "COOR_Y": 1151991, "ETC": "(TL)", "GO_CENTRE": 2, "ID_STATION": "93838", "LIGNES": "(10.002)", "NB_LIGNES": 1, "ST_AFFICHE": 1, "ST_NOM": "Lausanne, Maladière-Lac", "ST_TYPE": "Urbain", "ST_URL": "https://prestations.vd.ch/pub/101587/api/download/2_Cartographie_et_geodonnees/2.1_Carte_des_reseaux/Fiche_des_stations/TP_STA_93838.pdf" }, "geometry": { "type": "Point", "coordinates": [ 6.605396093059627, 46.516154720006817 ] } },
{ "type": "Feature", "properties": { "ALT": 426, "COMM_NOM": "Lausanne", "COMM_OFS": 5586, "COOR_X": 2536240, "COOR_Y": 1152781, "ETC": "(TL)", "GO_CENTRE": 2, "ID_STATION": "93844", "LIGNES": "(10.016)", "NB_LIGNES": 1, "ST_AFFICHE": 1, "ST_NOM": "Lausanne,Vallée de la Jeunesse", "ST_TYPE": "Urbain", "ST_URL": "https://prestations.vd.ch/pub/101587/api/download/2_Cartographie_et_geodonnees/2.1_Carte_des_reseaux/Fiche_des_stations/TP_STA_93844.pdf" }, "geometry": { "type": "Point", "coordinates": [ 6.607688358397198, 46.523285178430534 ] } },
{ "type": "Feature", "properties": { "ALT": 397, "COMM_NOM": "Lausanne", "COMM_OFS": 5586, "COOR_X": 2536365, "COOR_Y": 1152066, "ETC": "(TL)", "GO_CENTRE": 2, "ID_STATION": "92044_1", "LIGNES": "(10.025) (10.905)", "NB_LIGNES": 2, "ST_AFFICHE": 1, "ST_NOM": "Lausanne, Figuiers", "ST_TYPE": "Urbain", "ST_URL": "https://prestations.vd.ch/pub/101587/api/download/2_Cartographie_et_geodonnees/2.1_Carte_des_reseaux/Fiche_des_stations/TP_STA_92044_1.pdf" }, "geometry": { "type": "Point", "coordinates": [ 6.609412018659961, 46.516862076183578 ] } },
{ "type": "Feature", "properties": { "ALT": 453, "COMM_NOM": "Lausanne", "COMM_OFS": 5586, "COOR_X": 2536652, "COOR_Y": 1152979, "ETC": "(TL)", "GO_CENTRE": 2, "ID_STATION": "92022", "LIGNES": "(10.017)", "NB_LIGNES": 1, "ST_AFFICHE": 1, "ST_NOM": "Lausanne, Couchirard", "ST_TYPE": "Urbain", "ST_URL": "https://prestations.vd.ch/pub/101587/api/download/2_Cartographie_et_geodonnees/2.1_Carte_des_reseaux/Fiche_des_stations/TP_STA_92022.pdf" }, "geometry": { "type": "Point", "coordinates": [ 6.61302194275697, 46.525102187509219 ] } },
{ "type": "Feature", "properties": { "ALT": 375, "COMM_NOM": "Lausanne", "COMM_OFS": 5586, "COOR_X": 2536952, "COOR_Y": 1151485, "ETC": "(TL)", "GO_CENTRE": 2, "ID_STATION": "91989", "LIGNES": "(10.002) (10.024)", "NB_LIGNES": 2, "ST_AFFICHE": 1, "ST_NOM": "Lausanne, Bellerive", "ST_TYPE": "Urbain", "ST_URL": "https://prestations.vd.ch/pub/101587/api/download/2_Cartographie_et_geodonnees/2.1_Carte_des_reseaux/Fiche_des_stations/TP_STA_91989.pdf" }, "geometry": { "type": "Point", "coordinates": [ 6.617143030856186, 46.511690460746678 ] } },
{ "type": "Feature", "properties": { "ALT": 452, "COMM_NOM": "Lausanne", "COMM_OFS": 5586, "COOR_X": 2537029, "COOR_Y": 1152299, "ETC": "(TL)", "GO_CENTRE": 2, "ID_STATION": "92097", "LIGNES": "(10.006)", "NB_LIGNES": 1, "ST_AFFICHE": 1, "ST_NOM": "Lausanne, Pont Marc Dufour", "ST_TYPE": "Urbain", "ST_URL": "https://prestations.vd.ch/pub/101587/api/download/2_Cartographie_et_geodonnees/2.1_Carte_des_reseaux/Fiche_des_stations/TP_STA_92097.pdf" }, "geometry": { "type": "Point", "coordinates": [ 6.61803297314038, 46.519017295316644 ] } },
{ "type": "Feature", "properties": { "ALT": 496, "COMM_NOM": "Lausanne", "COMM_OFS": 5586, "COOR_X": 2537418, "COOR_Y": 1152843, "ETC": "(TL)", "GO_CENTRE": 2, "ID_STATION": "92001_2", "LIGNES": "(10.009)", "NB_LIGNES": 1, "ST_AFFICHE": 1, "ST_NOM": "Lausanne, Boston", "ST_TYPE": "Urbain", "ST_URL": "https://prestations.vd.ch/pub/101587/api/download/2_Cartographie_et_geodonnees/2.1_Carte_des_reseaux/Fiche_des_stations/TP_STA_92001_2.pdf" }, "geometry": { "type": "Point", "coordinates": [ 6.62302749557754, 46.523948643221154 ] } },
{ "type": "Feature", "properties": { "ALT": 420, "COMM_NOM": "Lausanne", "COMM_OFS": 5586, "COOR_X": 2537594, "COOR_Y": 1151804, "ETC": "(TL)", "GO_CENTRE": 2, "ID_STATION": "92027", "LIGNES": "(10.001)", "NB_LIGNES": 1, "ST_AFFICHE": 1, "ST_NOM": "Lausanne, Dapples", "ST_TYPE": "Urbain", "ST_URL": "https://prestations.vd.ch/pub/101587/api/download/2_Cartographie_et_geodonnees/2.1_Carte_des_reseaux/Fiche_des_stations/TP_STA_92027.pdf" }, "geometry": { "type": "Point", "coordinates": [ 6.625457322737873, 46.514619783263342 ] } },
{ "type": "Feature", "properties": { "ALT": 456, "COMM_NOM": "Prilly", "COMM_OFS": 5589, "COOR_X": 2535952, "COOR_Y": 1153716, "ETC": "(TL)", "GO_CENTRE": 2, "ID_STATION": "92180", "LIGNES": "(10.033) (10.904)", "NB_LIGNES": 2, "ST_AFFICHE": 1, "ST_NOM": "Prilly, Grand Vigne", "ST_TYPE": "Urbain", "ST_URL": "https://prestations.vd.ch/pub/101587/api/download/2_Cartographie_et_geodonnees/2.1_Carte_des_reseaux/Fiche_des_stations/TP_STA_92180.pdf" }, "geometry": { "type": "Point", "coordinates": [ 6.603809196131728, 46.531664147456247 ] } },
{ "type": "Feature", "properties": { "ALT": 508, "COMM_NOM": "Prilly", "COMM_OFS": 5589, "COOR_X": 2536176, "COOR_Y": 1154541, "ETC": "(TL)", "GO_CENTRE": 2, "ID_STATION": "92175", "LIGNES": "(10.033)", "NB_LIGNES": 1, "ST_AFFICHE": 1, "ST_NOM": "Prilly, Chasseur", "ST_TYPE": "Urbain", "ST_URL": "https://prestations.vd.ch/pub/101587/api/download/2_Cartographie_et_geodonnees/2.1_Carte_des_reseaux/Fiche_des_stations/TP_STA_92175.pdf" }, "geometry": { "type": "Point", "coordinates": [ 6.606612174905259, 46.539108326443603 ] } },
{ "type": "Feature", "properties": { "ALT": 515, "COMM_NOM": "Lausanne", "COMM_OFS": 5586, "COOR_X": 2536913, "COOR_Y": 1153545, "ETC": "(TL)", "GO_CENTRE": 2, "ID_STATION": "92032", "LIGNES": "(10.004)", "NB_LIGNES": 1, "ST_AFFICHE": 1, "ST_NOM": "Lausanne, Dranse", "ST_TYPE": "Urbain", "ST_URL": "https://prestations.vd.ch/pub/101587/api/download/2_Cartographie_et_geodonnees/2.1_Carte_des_reseaux/Fiche_des_stations/TP_STA_92032.pdf" }, "geometry": { "type": "Point", "coordinates": [ 6.616353983352125, 46.530215025651145 ] } },
{ "type": "Feature", "properties": { "ALT": 573, "COMM_NOM": "Lausanne", "COMM_OFS": 5586, "COOR_X": 2537108, "COOR_Y": 1153920, "ETC": "(TL)", "GO_CENTRE": 2, "ID_STATION": "92057", "LIGNES": "(10.002)", "NB_LIGNES": 1, "ST_AFFICHE": 1, "ST_NOM": "Lausanne, Grey", "ST_TYPE": "Urbain", "ST_URL": "https://prestations.vd.ch/pub/101587/api/download/2_Cartographie_et_geodonnees/2.1_Carte_des_reseaux/Fiche_des_stations/TP_STA_92057.pdf" }, "geometry": { "type": "Point", "coordinates": [ 6.618846998530481, 46.533609953553999 ] } },
{ "type": "Feature", "properties": { "ALT": 604, "COMM_NOM": "Lausanne", "COMM_OFS": 5586, "COOR_X": 2537377, "COOR_Y": 1154474, "ETC": "(TL)", "GO_CENTRE": 2, "ID_STATION": "91996", "LIGNES": "(10.001) (10.020) (10.901)", "NB_LIGNES": 3, "ST_AFFICHE": 1, "ST_NOM": "Lausanne, Bois-Gentil", "ST_TYPE": "Urbain", "ST_URL": "https://prestations.vd.ch/pub/101587/api/download/2_Cartographie_et_geodonnees/2.1_Carte_des_reseaux/Fiche_des_stations/TP_STA_91996.pdf" }, "geometry": { "type": "Point", "coordinates": [ 6.622267679559775, 46.538619172951158 ] } },
{ "type": "Feature", "properties": { "ALT": 535, "COMM_NOM": "Lausanne", "COMM_OFS": 5586, "COOR_X": 2537469, "COOR_Y": 1153305, "ETC": "(TL)", "GO_CENTRE": 2, "ID_STATION": "91984", "LIGNES": "(10.002) (10.021) (10.901)", "NB_LIGNES": 3, "ST_AFFICHE": 1, "ST_NOM": "Lausanne, Beaulieu", "ST_TYPE": "Urbain", "ST_URL": "https://prestations.vd.ch/pub/101587/api/download/2_Cartographie_et_geodonnees/2.1_Carte_des_reseaux/Fiche_des_stations/TP_STA_91984.pdf" }, "geometry": { "type": "Point", "coordinates": [ 6.623634716080447, 46.528106768901239 ] } },
{ "type": "Feature", "properties": { "ALT": 420, "COMM_NOM": "Pully", "COMM_OFS": 5590, "COOR_X": 2538967, "COOR_Y": 1151204, "ETC": "(TL)", "GO_CENTRE": 2, "ID_STATION": "92193", "LIGNES": "(10.008) (10.025)", "NB_LIGNES": 2, "ST_AFFICHE": 1, "ST_NOM": "Pully, Pierraz-Portay", "ST_TYPE": "Urbain", "ST_URL": "https://prestations.vd.ch/pub/101587/api/download/2_Cartographie_et_geodonnees/2.1_Carte_des_reseaux/Fiche_des_stations/TP_STA_92193.pdf" }, "geometry": { "type": "Point", "coordinates": [ 6.643434974783872, 46.509347055766135 ] } },
{ "type": "Feature", "properties": { "ALT": 513, "COMM_NOM": "Lausanne", "COMM_OFS": 5586, "COOR_X": 2538270, "COOR_Y": 1153035, "ETC": "(TL)", "GO_CENTRE": 2, "ID_STATION": "4176_2", "LIGNES": "(10.008) (10.016) (10.018)", "NB_LIGNES": 3, "ST_AFFICHE": 1, "ST_NOM": "Lausanne, Tunnel", "ST_TYPE": "Urbain", "ST_URL": "https://prestations.vd.ch/pub/101587/api/download/2_Cartographie_et_geodonnees/2.1_Carte_des_reseaux/Fiche_des_stations/TP_STA_4176_2.pdf" }, "geometry": { "type": "Point", "coordinates": [ 6.63410252446157, 46.525754869829868 ] } },
{ "type": "Feature", "properties": { "ALT": 512, "COMM_NOM": "Lausanne", "COMM_OFS": 5586, "COOR_X": 2538288, "COOR_Y": 1152891, "ETC": "(TL)", "GO_CENTRE": 2, "ID_STATION": "4176_3", "LIGNES": "(10.016)", "NB_LIGNES": 1, "ST_AFFICHE": 1, "ST_NOM": "Lausanne, Tunnel", "ST_TYPE": "Urbain", "ST_URL": "https://prestations.vd.ch/pub/101587/api/download/2_Cartographie_et_geodonnees/2.1_Carte_des_reseaux/Fiche_des_stations/TP_STA_4176_3.pdf" }, "geometry": { "type": "Point", "coordinates": [ 6.634356435052825, 46.524460929927706 ] } },
{ "type": "Feature", "properties": { "ALT": 533, "COMM_NOM": "Lausanne", "COMM_OFS": 5586, "COOR_X": 2538414, "COOR_Y": 1153050, "ETC": "(TL)", "GO_CENTRE": 2, "ID_STATION": "91982", "LIGNES": "(10.016)", "NB_LIGNES": 1, "ST_AFFICHE": 1, "ST_NOM": "Lausanne, Barre", "ST_TYPE": "Urbain", "ST_URL": "https://prestations.vd.ch/pub/101587/api/download/2_Cartographie_et_geodonnees/2.1_Carte_des_reseaux/Fiche_des_stations/TP_STA_91982.pdf" }, "geometry": { "type": "Point", "coordinates": [ 6.635978590958125, 46.525903899914766 ] } },
{ "type": "Feature", "properties": { "ALT": 454, "COMM_NOM": "Lausanne", "COMM_OFS": 5586, "COOR_X": 2539050, "COOR_Y": 1151775, "ETC": "(TL)", "GO_CENTRE": 2, "ID_STATION": "92123", "LIGNES": "(10.004)", "NB_LIGNES": 1, "ST_AFFICHE": 1, "ST_NOM": "Lausanne, Trabandan", "ST_TYPE": "Urbain", "ST_URL": "https://prestations.vd.ch/pub/101587/api/download/2_Cartographie_et_geodonnees/2.1_Carte_des_reseaux/Fiche_des_stations/TP_STA_92123.pdf" }, "geometry": { "type": "Point", "coordinates": [ 6.644436915350409, 46.514494904713551 ] } },
{ "type": "Feature", "properties": { "ALT": 491, "COMM_NOM": "Lausanne", "COMM_OFS": 5586, "COOR_X": 2539130, "COOR_Y": 1151910, "ETC": "(TL)", "GO_CENTRE": 2, "ID_STATION": "91981", "LIGNES": "(10.004) (10.009) (10.906)", "NB_LIGNES": 3, "ST_AFFICHE": 1, "ST_NOM": "Lausanne, avenue du Léman", "ST_TYPE": "Urbain", "ST_URL": "https://prestations.vd.ch/pub/101587/api/download/2_Cartographie_et_geodonnees/2.1_Carte_des_reseaux/Fiche_des_stations/TP_STA_91981.pdf" }, "geometry": { "type": "Point", "coordinates": [ 6.645466117690103, 46.515720470134298 ] } },
{ "type": "Feature", "properties": { "ALT": 460, "COMM_NOM": "Lausanne", "COMM_OFS": 5586, "COOR_X": 2539425, "COOR_Y": 1151787, "ETC": "(TL)", "GO_CENTRE": 2, "ID_STATION": "92012", "LIGNES": "(10.004)", "NB_LIGNES": 1, "ST_AFFICHE": 1, "ST_NOM": "Lausanne, chemin du Cap", "ST_TYPE": "Urbain", "ST_URL": "https://prestations.vd.ch/pub/101587/api/download/2_Cartographie_et_geodonnees/2.1_Carte_des_reseaux/Fiche_des_stations/TP_STA_92012.pdf" }, "geometry": { "type": "Point", "coordinates": [ 6.649321317350933, 46.514636556407012 ] } },
{ "type": "Feature", "properties": { "ALT": 635, "COMM_NOM": "Le Mont-sur-Lausanne", "COMM_OFS": 5587, "COOR_X": 2538185, "COOR_Y": 1155002, "ETC": "(TL)", "GO_CENTRE": 2, "ID_STATION": "93249", "LIGNES": "(10.008) (10.901)", "NB_LIGNES": 2, "ST_AFFICHE": 1, "ST_NOM": "Le Mont-sur-L., Rionzi", "ST_TYPE": "Urbain", "ST_URL": "https://prestations.vd.ch/pub/101587/api/download/2_Cartographie_et_geodonnees/2.1_Carte_des_reseaux/Fiche_des_stations/TP_STA_93249.pdf" }, "geometry": { "type": "Point", "coordinates": [ 6.632735656582962, 46.54343844919039 ] } },
{ "type": "Feature", "properties": { "ALT": 649, "COMM_NOM": "Lausanne", "COMM_OFS": 5586, "COOR_X": 2538808, "COOR_Y": 1154198, "ETC": "(TL)", "GO_CENTRE": 2, "ID_STATION": "92016", "LIGNES": "(10.016)", "NB_LIGNES": 1, "ST_AFFICHE": 1, "ST_NOM": "Lausanne, Chocolatière", "ST_TYPE": "Urbain", "ST_URL": "https://prestations.vd.ch/pub/101587/api/download/2_Cartographie_et_geodonnees/2.1_Carte_des_reseaux/Fiche_des_stations/TP_STA_92016.pdf" }, "geometry": { "type": "Point", "coordinates": [ 6.640957379731688, 46.536264172330206 ] } },
{ "type": "Feature", "properties": { "ALT": 654, "COMM_NOM": "Lausanne", "COMM_OFS": 5586, "COOR_X": 2539038, "COOR_Y": 1154975, "ETC": "(TL)", "GO_CENTRE": 2, "ID_STATION": "92081", "LIGNES": "(10.041) (10.903)", "NB_LIGNES": 2, "ST_AFFICHE": 1, "ST_NOM": "Lausanne, Montolieu", "ST_TYPE": "Urbain", "ST_URL": "https://prestations.vd.ch/pub/101587/api/download/2_Cartographie_et_geodonnees/2.1_Carte_des_reseaux/Fiche_des_stations/TP_STA_92081.pdf" }, "geometry": { "type": "Point", "coordinates": [ 6.64385733240524, 46.543277072795696 ] } },
{ "type": "Feature", "properties": { "ALT": 620, "COMM_NOM": "Lausanne", "COMM_OFS": 5586, "COOR_X": 2539434, "COOR_Y": 1154018, "ETC": "(TL)", "GO_CENTRE": 2, "ID_STATION": "92118", "LIGNES": "(10.006) (10.041) (10.903)", "NB_LIGNES": 3, "ST_AFFICHE": 1, "ST_NOM": "Lausanne, St-Etienne", "ST_TYPE": "Urbain", "ST_URL": "https://prestations.vd.ch/pub/101587/api/download/2_Cartographie_et_geodonnees/2.1_Carte_des_reseaux/Fiche_des_stations/TP_STA_92118.pdf" }, "geometry": { "type": "Point", "coordinates": [ 6.649150185742821, 46.534709134365507 ] } },
{ "type": "Feature", "properties": { "ALT": 695, "COMM_NOM": "Le Mont-sur-Lausanne", "COMM_OFS": 5587, "COOR_X": 2538409, "COOR_Y": 1156497, "ETC": "(TL)", "GO_CENTRE": 2, "ID_STATION": "93845", "LIGNES": "(10.008) (10.060) (10.901)", "NB_LIGNES": 3, "ST_AFFICHE": 1, "ST_NOM": "Le Mont-sur-L., Coppoz-Poste", "ST_TYPE": "Régional/urbain", "ST_URL": "https://prestations.vd.ch/pub/101587/api/download/2_Cartographie_et_geodonnees/2.1_Carte_des_reseaux/Fiche_des_stations/TP_STA_93845.pdf" }, "geometry": { "type": "Point", "coordinates": [ 6.635452449694587, 46.556911512970451 ] } },
{ "type": "Feature", "properties": { "ALT": 383, "COMM_NOM": "Pully", "COMM_OFS": 5590, "COOR_X": 2539755, "COOR_Y": 1150868, "ETC": "(TL)", "GO_CENTRE": 2, "ID_STATION": "88441", "LIGNES": "(10.021) (10.047)", "NB_LIGNES": 2, "ST_AFFICHE": 1, "ST_NOM": "Pully, Châtaignier", "ST_TYPE": "Urbain", "ST_URL": "https://prestations.vd.ch/pub/101587/api/download/2_Cartographie_et_geodonnees/2.1_Carte_des_reseaux/Fiche_des_stations/TP_STA_88441.pdf" }, "geometry": { "type": "Point", "coordinates": [ 6.653746930235484, 46.506399640945517 ] } },
{ "type": "Feature", "properties": { "ALT": 411, "COMM_NOM": "Pully", "COMM_OFS": 5590, "COOR_X": 2540675, "COOR_Y": 1151172, "ETC": "(TL)", "GO_CENTRE": 2, "ID_STATION": "92195", "LIGNES": "(10.009) (10.906)", "NB_LIGNES": 2, "ST_AFFICHE": 1, "ST_NOM": "Pully, Reymondin", "ST_TYPE": "Urbain", "ST_URL": "https://prestations.vd.ch/pub/101587/api/download/2_Cartographie_et_geodonnees/2.1_Carte_des_reseaux/Fiche_des_stations/TP_STA_92195.pdf" }, "geometry": { "type": "Point", "coordinates": [ 6.665691540573581, 46.509219454699306 ] } },
{ "type": "Feature", "properties": { "ALT": 532, "COMM_NOM": "Pully", "COMM_OFS": 5590, "COOR_X": 2540137, "COOR_Y": 1152345, "ETC": "(TL)", "GO_CENTRE": 2, "ID_STATION": "92191", "LIGNES": "(10.048)", "NB_LIGNES": 1, "ST_AFFICHE": 1, "ST_NOM": "Pully, Pavillard", "ST_TYPE": "Urbain", "ST_URL": "https://prestations.vd.ch/pub/101587/api/download/2_Cartographie_et_geodonnees/2.1_Carte_des_reseaux/Fiche_des_stations/TP_STA_92191.pdf" }, "geometry": { "type": "Point", "coordinates": [ 6.658533548653622, 46.519723726462551 ] } },
{ "type": "Feature", "properties": { "ALT": 450, "COMM_NOM": "Pully", "COMM_OFS": 5590, "COOR_X": 2540590, "COOR_Y": 1151576, "ETC": "(TL)", "GO_CENTRE": 2, "ID_STATION": "95192", "LIGNES": "(10.049)", "NB_LIGNES": 1, "ST_AFFICHE": 1, "ST_NOM": "Pully, Ruisselet", "ST_TYPE": "Urbain", "ST_URL": "https://prestations.vd.ch/pub/101587/api/download/2_Cartographie_et_geodonnees/2.1_Carte_des_reseaux/Fiche_des_stations/TP_STA_95192.pdf" }, "geometry": { "type": "Point", "coordinates": [ 6.664528582223439, 46.512840814088982 ] } },
{ "type": "Feature", "properties": { "ALT": 597, "COMM_NOM": "Lausanne", "COMM_OFS": 5586, "COOR_X": 2539647, "COOR_Y": 1153521, "ETC": "(TL)", "GO_CENTRE": 2, "ID_STATION": "92031", "LIGNES": "(10.042)", "NB_LIGNES": 1, "ST_AFFICHE": 1, "ST_NOM": "Lausanne, Devin", "ST_TYPE": "Urbain", "ST_URL": "https://prestations.vd.ch/pub/101587/api/download/2_Cartographie_et_geodonnees/2.1_Carte_des_reseaux/Fiche_des_stations/TP_STA_92031.pdf" }, "geometry": { "type": "Point", "coordinates": [ 6.651988054234244, 46.530255055454923 ] } },
{ "type": "Feature", "properties": { "ALT": 747, "COMM_NOM": "Epalinges", "COMM_OFS": 5584, "COOR_X": 2540791, "COOR_Y": 1155096, "ETC": "(TL)", "GO_CENTRE": 2, "ID_STATION": "89525", "LIGNES": "(10.045) (10.046) (10.064) (10.902)", "NB_LIGNES": 4, "ST_AFFICHE": 1, "ST_NOM": "Epalinges, Planches", "ST_TYPE": "Urbain", "ST_URL": "https://prestations.vd.ch/pub/101587/api/download/2_Cartographie_et_geodonnees/2.1_Carte_des_reseaux/Fiche_des_stations/TP_STA_89525.pdf" }, "geometry": { "type": "Point", "coordinates": [ 6.666692036332624, 46.544520937079362 ] } },
{ "type": "Feature", "properties": { "ALT": 810, "COMM_NOM": "Epalinges", "COMM_OFS": 5584, "COOR_X": 2541045, "COOR_Y": 1156235, "ETC": "(TL)", "GO_CENTRE": 0, "ID_STATION": "91962", "LIGNES": "(10.044) (10.046)", "NB_LIGNES": 2, "ST_AFFICHE": 1, "ST_NOM": "Epalinges, Ballègue", "ST_TYPE": "Urbain", "ST_URL": "https://prestations.vd.ch/pub/101587/api/download/2_Cartographie_et_geodonnees/2.1_Carte_des_reseaux/Fiche_des_stations/TP_STA_91962.pdf" }, "geometry": { "type": "Point", "coordinates": [ 6.669862368425019, 46.554791271712496 ] } },
{ "type": "Feature", "properties": { "ALT": 809, "COMM_NOM": "Epalinges", "COMM_OFS": 5584, "COOR_X": 2540849, "COOR_Y": 1156973, "ETC": "(TL)", "GO_CENTRE": 0, "ID_STATION": "93825", "LIGNES": "(10.959)", "NB_LIGNES": 1, "ST_AFFICHE": 1, "ST_NOM": "Epalinges, Près-les-bois", "ST_TYPE": "Urbain", "ST_URL": "https://prestations.vd.ch/pub/101587/api/download/2_Cartographie_et_geodonnees/2.1_Carte_des_reseaux/Fiche_des_stations/TP_STA_93825.pdf" }, "geometry": { "type": "Point", "coordinates": [ 6.667210963659548, 46.561413181244163 ] } },
{ "type": "Feature", "properties": { "ALT": 647, "COMM_NOM": "Belmont-sur-Lausanne", "COMM_OFS": 5581, "COOR_X": 2541925, "COOR_Y": 1152943, "ETC": "(TL)", "GO_CENTRE": 2, "ID_STATION": "93804", "LIGNES": "(10.952)", "NB_LIGNES": 1, "ST_AFFICHE": 1, "ST_NOM": "Belmont-sur-L., Raffort", "ST_TYPE": "Urbain", "ST_URL": "https://prestations.vd.ch/pub/101587/api/download/2_Cartographie_et_geodonnees/2.1_Carte_des_reseaux/Fiche_des_stations/TP_STA_93804.pdf" }, "geometry": { "type": "Point", "coordinates": [ 6.681750933329269, 46.525257139531156 ] } },
{ "type": "Feature", "properties": { "ALT": 572, "COMM_NOM": "Lutry", "COMM_OFS": 5606, "COOR_X": 2542266, "COOR_Y": 1151786, "ETC": "(TL)", "GO_CENTRE": 2, "ID_STATION": "92152", "LIGNES": "(10.068) (10.954) (10.906)", "NB_LIGNES": 3, "ST_AFFICHE": 1, "ST_NOM": "Lutry, Corsy-Dessus", "ST_TYPE": "Urbain", "ST_URL": "https://prestations.vd.ch/pub/101587/api/download/2_Cartographie_et_geodonnees/2.1_Carte_des_reseaux/Fiche_des_stations/TP_STA_92152.pdf" }, "geometry": { "type": "Point", "coordinates": [ 6.686335862028807, 46.514877872532722 ] } },
{ "type": "Feature", "properties": { "ALT": 785, "COMM_NOM": "Epalinges", "COMM_OFS": 5584, "COOR_X": 2541877, "COOR_Y": 1155906, "ETC": "(CarPostal) (TL)", "GO_CENTRE": 2, "ID_STATION": "87546", "LIGNES": "(10.435) (10.360) (10.362) (10.369) (10.045) (10.054) (10.902)", "NB_LIGNES": 7, "ST_AFFICHE": 1, "ST_NOM": "Epalinges, Lion d'Or", "ST_TYPE": "Régional/urbain", "ST_URL": "https://prestations.vd.ch/pub/101587/api/download/2_Cartographie_et_geodonnees/2.1_Carte_des_reseaux/Fiche_des_stations/TP_STA_87546.pdf" }, "geometry": { "type": "Point", "coordinates": [ 6.680754794892795, 46.551902290977729 ] } },
{ "type": "Feature", "properties": { "ALT": 833, "COMM_NOM": "Lausanne", "COMM_OFS": 5586, "COOR_X": 2542143, "COOR_Y": 1156482, "ETC": "(CarPostal) (TL)", "GO_CENTRE": 0, "ID_STATION": "4171", "LIGNES": "(10.435) (10.360) (10.362) (10.045) (10.054) (10.902)", "NB_LIGNES": 6, "ST_AFFICHE": 1, "ST_NOM": "Lausanne, En Marin", "ST_TYPE": "Régional/urbain", "ST_URL": "https://prestations.vd.ch/pub/101587/api/download/2_Cartographie_et_geodonnees/2.1_Carte_des_reseaux/Fiche_des_stations/TP_STA_4171.pdf" }, "geometry": { "type": "Point", "coordinates": [ 6.684148318626044, 46.557112003307864 ] } },
{ "type": "Feature", "properties": { "ALT": 796, "COMM_NOM": "Lausanne", "COMM_OFS": 5586, "COOR_X": 2542156, "COOR_Y": 1155092, "ETC": "(TL)", "GO_CENTRE": 0, "ID_STATION": "92058", "LIGNES": "(10.064) (10.902)", "NB_LIGNES": 2, "ST_AFFICHE": 1, "ST_NOM": "Lausanne, Haute Combe", "ST_TYPE": "Urbain", "ST_URL": "https://prestations.vd.ch/pub/101587/api/download/2_Cartographie_et_geodonnees/2.1_Carte_des_reseaux/Fiche_des_stations/TP_STA_92058.pdf" }, "geometry": { "type": "Point", "coordinates": [ 6.684494089648999, 46.544606925049138 ] } },
{ "type": "Feature", "properties": { "ALT": 832, "COMM_NOM": "Lausanne", "COMM_OFS": 5586, "COOR_X": 2542684, "COOR_Y": 1155791, "ETC": "(TL)", "GO_CENTRE": 0, "ID_STATION": "87547", "LIGNES": "(10.064) (10.902)", "NB_LIGNES": 2, "ST_AFFICHE": 1, "ST_NOM": "Lausanne, Chalet à Matthey", "ST_TYPE": "Urbain", "ST_URL": "https://prestations.vd.ch/pub/101587/api/download/2_Cartographie_et_geodonnees/2.1_Carte_des_reseaux/Fiche_des_stations/TP_STA_87547.pdf" }, "geometry": { "type": "Point", "coordinates": [ 6.691293278226642, 46.550937443414561 ] } },
{ "type": "Feature", "properties": { "ALT": 602, "COMM_NOM": "Lutry", "COMM_OFS": 5606, "COOR_X": 2543726, "COOR_Y": 1151109, "ETC": "(TL)", "GO_CENTRE": 0, "ID_STATION": "93857", "LIGNES": "(10.954)", "NB_LIGNES": 1, "ST_AFFICHE": 1, "ST_NOM": "Lutry, Bouttettes", "ST_TYPE": "Urbain", "ST_URL": "https://prestations.vd.ch/pub/101587/api/download/2_Cartographie_et_geodonnees/2.1_Carte_des_reseaux/Fiche_des_stations/TP_STA_93857.pdf" }, "geometry": { "type": "Point", "coordinates": [ 6.705450437810397, 46.508916851204276 ] } },
{ "type": "Feature", "properties": { "ALT": 564, "COMM_NOM": "Lutry", "COMM_OFS": 5606, "COOR_X": 2543122, "COOR_Y": 1151582, "ETC": "(TL)", "GO_CENTRE": 0, "ID_STATION": "92146", "LIGNES": "(10.069) (10.954)", "NB_LIGNES": 2, "ST_AFFICHE": 1, "ST_NOM": "Lutry, Brélaz", "ST_TYPE": "Urbain", "ST_URL": "https://prestations.vd.ch/pub/101587/api/download/2_Cartographie_et_geodonnees/2.1_Carte_des_reseaux/Fiche_des_stations/TP_STA_92146.pdf" }, "geometry": { "type": "Point", "coordinates": [ 6.697523328569301, 46.513118545240779 ] } },
{ "type": "Feature", "properties": { "ALT": 873, "COMM_NOM": "Lausanne", "COMM_OFS": 5586, "COOR_X": 2543110, "COOR_Y": 1156639, "ETC": "(TL)", "GO_CENTRE": 0, "ID_STATION": "92015", "LIGNES": "(10.064) (10.902)", "NB_LIGNES": 2, "ST_AFFICHE": 1, "ST_NOM": "Lausanne, Chevreuils", "ST_TYPE": "Urbain", "ST_URL": "https://prestations.vd.ch/pub/101587/api/download/2_Cartographie_et_geodonnees/2.1_Carte_des_reseaux/Fiche_des_stations/TP_STA_92015.pdf" }, "geometry": { "type": "Point", "coordinates": [ 6.69674279710655, 46.558605292880991 ] } }
]
}
