{
"type": "FeatureCollection",
"name": "1973",
"crs": { "type": "name", "properties": { "name": "urn:ogc:def:crs:EPSG::2056" } },
"features": [
{ "type": "Feature", "properties": { "CADRE_NO": "10.701", "DDT_URL": null, "ETC_NOM": "Transports de la région Morges - Bière - Cossonay", "ETC_SIGLE": "MBC", "ETC_URL": "https://mbc.ch", "GO_CENTRE": 0, "HORAIR_URL": "https://www.tableaux-horaires.ch/fileadmin/fap_pdf_fields/2025/10.701.pdf", "LIGNE_NO": "701", "LIGNE_NOM": "Tolochenaz - Morges - St-Sulpice VD - Ecublens VD - Lausanne", "LIGNE_SIGL": "TPM", "LIGNE_TYPE": "Bus urbain", "PLAN_URL": "https://prestations.vd.ch/pub/101587/api/download/2_Cartographie_et_geodonnees/2.1_Carte_des_reseaux/Carte_des_lignes_TP/topo/ligne_10.701.pdf", "SHAPE_LEN": 11352.987 }, "geometry": { "type": "MultiLineString", "coordinates": [ [ [ 2534394.836999999824911, 1152522.507 ], [ 2534415.679, 1152529.268 ], [ 2534449.572999999858439, 1152541.305 ], [ 2534488.492999999783933, 1152558.154 ], [ 2534513.654999999795109, 1152570.568 ], [ 2534519.69, 1152573.424000000115484 ] ], [ [ 2534381.552000000141561, 1152518.512000000104308 ], [ 2534381.731999999843538, 1152517.933999999891967 ], [ 2534381.984999999869615, 1152517.335 ], [ 2534382.313999999780208, 1152516.717 ], [ 2534382.674999999813735, 1152516.178 ], [ 2534383.08600000012666, 1152515.674000000115484 ], [ 2534383.506, 1152515.246 ], [ 2534384.03899999987334, 1152514.791999999899417 ], [ 2534384.529999999795109, 1152514.449 ], [ 2534385.094, 1152514.127 ], [ 2534385.731999999843538, 1152513.839 ], [ 2534386.347, 1152513.631 ], [ 2534386.93099999986589, 1152513.491 ], [ 2534387.623000000137836, 1152513.392 ], [ 2534388.222, 1152513.365 ], [ 2534388.923, 1152513.397000000113621 ], [ 2534389.515999999828637, 1152513.48 ], [ 2534390.148, 1152513.628 ], [ 2534390.811000000219792, 1152513.851 ], [ 2534391.404, 1152514.119 ], [ 2534391.926, 1152514.414000000106171 ], [ 2534392.46100000012666, 1152514.781999999890104 ], [ 2534392.995000000111759, 1152515.235000000102445 ], [ 2534393.449, 1152515.7 ], [ 2534393.827, 1152516.165 ], [ 2534394.214999999850988, 1152516.748 ], [ 2534394.521000000182539, 1152517.32 ], [ 2534394.775, 1152517.921 ], [ 2534394.955, 1152518.492 ], [ 2534395.103999999817461, 1152519.175 ], [ 2534395.180000000167638, 1152519.821 ], [ 2534395.19400000013411, 1152520.471 ], [ 2534395.149000000208616, 1152521.117 ], [ 2534395.041000000201166, 1152521.759 ], [ 2534394.836999999824911, 1152522.507 ], [ 2534394.612999999895692, 1152523.089 ], [ 2534394.299999999813735, 1152523.715 ], [ 2534393.981999999843538, 1152524.224 ], [ 2534393.591, 1152524.743 ], [ 2534393.117999999783933, 1152525.257 ], [ 2534392.633, 1152525.69 ], [ 2534392.109999999869615, 1152526.075999999884516 ], [ 2534391.598000000230968, 1152526.388 ], [ 2534391.014, 1152526.673 ], [ 2534390.406, 1152526.902 ], [ 2534389.73, 1152527.087 ], [ 2534389.091, 1152527.193 ], [ 2534388.492, 1152527.24 ], [ 2534387.791999999899417, 1152527.227999999886379 ], [ 2534386.62099999981001, 1152527.051 ], [ 2534385.978000000119209, 1152526.860000000102445 ], [ 2534385.421999999787658, 1152526.638 ], [ 2534384.842000000178814, 1152526.347 ], [ 2534384.25, 1152525.971 ], [ 2534383.73700000019744, 1152525.573 ], [ 2534383.299000000115484, 1152525.162 ], [ 2534382.866, 1152524.677 ], [ 2534382.481000000145286, 1152524.154 ], [ 2534382.123000000137836, 1152523.554 ], [ 2534381.865000000223517, 1152523.012000000104308 ], [ 2534381.640999999828637, 1152522.403 ], [ 2534381.473000000230968, 1152521.773 ], [ 2534381.365000000223517, 1152521.133 ], [ 2534381.316000000108033, 1152520.436 ], [ 2534381.332, 1152519.837 ], [ 2534381.413000000175089, 1152519.142 ], [ 2534381.552000000141561, 1152518.512000000104308 ], [ 2534328.907999999821186, 1152503.894 ], [ 2534326.401, 1152503.197 ], [ 2534287.058999999891967, 1152492.272000000113621 ], [ 2534279.551, 1152490.187 ], [ 2534267.883, 1152486.668 ], [ 2534187.688, 1152466.666 ], [ 2534116.383, 1152448.702 ], [ 2534069.708999999798834, 1152436.477 ], [ 2534041.612999999895692, 1152428.596 ], [ 2534006.282000000122935, 1152417.646 ], [ 2533964.694999999832362, 1152404.349 ], [ 2533929.626999999862164, 1152392.616 ], [ 2533902.185, 1152382.735000000102445 ], [ 2533900.293, 1152382.055 ], [ 2533863.009, 1152368.236 ], [ 2533819.725999999791384, 1152351.81 ], [ 2533754.673, 1152327.302 ], [ 2533706.437, 1152309.44 ], [ 2533696.754999999888241, 1152305.539000000106171 ], [ 2533654.028, 1152288.321 ], [ 2533638.367, 1152281.463 ], [ 2533563.813999999780208, 1152248.821 ], [ 2533523.268000000156462, 1152230.829 ], [ 2533510.126000000163913, 1152224.886 ], [ 2533450.108, 1152197.748 ], [ 2533415.585, 1152182.072 ], [ 2533395.247, 1152173.727 ], [ 2533377.028, 1152167.74 ], [ 2533358.87900000018999, 1152163.295 ], [ 2533344.433000000193715, 1152159.589 ], [ 2533325.606000000145286, 1152156.626 ] ], [ [ 2534519.69, 1152573.424000000115484 ], [ 2534525.727, 1152576.281 ], [ 2534558.660999999847263, 1152591.867 ], [ 2534607.555000000167638, 1152618.166999999899417 ], [ 2534689.973000000230968, 1152660.396 ], [ 2534753.131, 1152692.25 ], [ 2534777.623999999836087, 1152704.299000000115484 ], [ 2534840.329, 1152737.43 ], [ 2534845.972, 1152740.517 ], [ 2534865.115000000223517, 1152750.589 ] ], [ [ 2534940.375, 1152790.966 ], [ 2534900.555000000167638, 1152784.299000000115484 ], [ 2534881.109000000171363, 1152780.595 ], [ 2534867.589000000152737, 1152778.003 ], [ 2534862.401999999769032, 1152776.52 ], [ 2534859.438, 1152773.743 ], [ 2534859.089999999850988, 1152772.868 ], [ 2534857.588, 1152769.112 ], [ 2534858.143000000156462, 1152764.483 ], [ 2534859.253, 1152760.593000000109896 ], [ 2534865.115000000223517, 1152750.589 ], [ 2534887.778, 1152763.084 ], [ 2534940.375, 1152790.966 ], [ 2534900.555000000167638, 1152784.299000000115484 ], [ 2534881.109000000171363, 1152780.595 ], [ 2534867.589000000152737, 1152778.003 ], [ 2534862.401999999769032, 1152776.52 ], [ 2534859.438, 1152773.743 ], [ 2534859.089999999850988, 1152772.868 ], [ 2534857.588, 1152769.112 ], [ 2534858.143000000156462, 1152764.483 ], [ 2534859.253, 1152760.593000000109896 ], [ 2534865.115000000223517, 1152750.589 ] ], [ [ 2532564.629999999888241, 1151888.963 ], [ 2532559.605, 1151886.248 ], [ 2532537.77, 1151872.804 ], [ 2532503.287, 1151853.894 ] ], [ [ 2532564.629999999888241, 1151888.963 ], [ 2532604.316999999806285, 1151913.171 ], [ 2532609.497, 1151916.584 ], [ 2532649.296999999787658, 1151942.805 ], [ 2532671.140999999828637, 1151956.784 ], [ 2532763.308999999891967, 1152016.153 ], [ 2532845.25, 1152065.886 ], [ 2532862.48700000019744, 1152074.672 ], [ 2532867.598000000230968, 1152077.279 ], [ 2532896.079, 1152089.768 ], [ 2532931.572999999858439, 1152102.254 ], [ 2532969.475, 1152112.114 ], [ 2532982.620000000111759, 1152115.620000000111759 ], [ 2533000.015999999828637, 1152124.397000000113621 ] ], [ [ 2533009.384, 1152127.002 ], [ 2533009.404, 1152127.612999999895692 ], [ 2533009.336999999824911, 1152128.308999999891967 ], [ 2533009.193, 1152128.942 ], [ 2533008.990000000223517, 1152129.506 ], [ 2533008.699, 1152130.087 ], [ 2533008.307, 1152130.666999999899417 ], [ 2533007.912, 1152131.117 ], [ 2533007.427999999839813, 1152131.551 ], [ 2533006.895, 1152131.921 ], [ 2533006.31900000013411, 1152132.222 ], [ 2533005.71, 1152132.447 ], [ 2533004.54, 1152132.659 ], [ 2533003.924000000115484, 1152132.662 ], [ 2533003.228999999817461, 1152132.575999999884516 ], [ 2533002.6, 1152132.415 ], [ 2533001.99599999981001, 1152132.175 ], [ 2533001.427000000141561, 1152131.862999999895692 ], [ 2533000.94, 1152131.514 ], [ 2533000.461999999824911, 1152131.073 ], [ 2533000.012000000104308, 1152130.539000000106171 ], [ 2532999.660999999847263, 1152129.991 ], [ 2532999.382000000216067, 1152129.405 ], [ 2532999.177999999839813, 1152128.787 ], [ 2532999.062, 1152128.2 ], [ 2532999.009, 1152127.502 ], [ 2532999.046, 1152126.854 ], [ 2532999.16399999987334, 1152126.216 ], [ 2532999.361, 1152125.595 ], [ 2532999.633, 1152125.004999999888241 ], [ 2533000.015999999828637, 1152124.397000000113621 ], [ 2533000.453000000212342, 1152123.876 ], [ 2533000.892, 1152123.469 ], [ 2533001.418, 1152123.085999999893829 ], [ 2533002.031, 1152122.751 ], [ 2533002.637000000104308, 1152122.516 ], [ 2533003.219, 1152122.369 ], [ 2533004.301, 1152122.274 ], [ 2533004.910000000149012, 1152122.321 ], [ 2533005.595000000204891, 1152122.462 ], [ 2533006.163000000175089, 1152122.656 ], [ 2533006.748999999836087, 1152122.937 ], [ 2533007.294000000227243, 1152123.29 ], [ 2533007.791000000201166, 1152123.708000000100583 ], [ 2533008.234000000171363, 1152124.185 ], [ 2533008.612999999895692, 1152124.712 ], [ 2533008.941999999806285, 1152125.327 ], [ 2533009.171999999787658, 1152125.933999999891967 ], [ 2533009.384, 1152127.002 ], [ 2533022.452, 1152125.002 ], [ 2533039.208999999798834, 1152124.056 ], [ 2533088.416999999899417, 1152127.950999999884516 ], [ 2533150.133, 1152133.615 ], [ 2533200.154999999795109, 1152139.031999999890104 ], [ 2533254.804, 1152146.595 ], [ 2533311.916999999899417, 1152154.147000000113621 ], [ 2533325.606000000145286, 1152156.626 ] ] ] } },
{ "type": "Feature", "properties": { "CADRE_NO": "10.033", "DDT_URL": null, "ETC_NOM": "Transports publics de la région lausannoise", "ETC_SIGLE": "TL", "ETC_URL": "https://www.t-l.ch", "GO_CENTRE": 0, "HORAIR_URL": "https://www.tableaux-horaires.ch/fileadmin/fap_pdf_fields/2025/10.033.pdf", "LIGNE_NO": "33", "LIGNE_NOM": "St-Sulpice VD - Ecublens VD - Renens VD - Prilly", "LIGNE_SIGL": null, "LIGNE_TYPE": "Bus urbain", "PLAN_URL": "https://prestations.vd.ch/pub/101587/api/download/2_Cartographie_et_geodonnees/2.1_Carte_des_reseaux/Carte_des_lignes_TP/topo/ligne_10.033.pdf", "SHAPE_LEN": 11255.068 }, "geometry": { "type": "MultiLineString", "coordinates": [ [ [ 2536452.270411838311702, 1155188.680757597554475 ], [ 2536452.389145740307868, 1155160.222673745825887 ], [ 2536454.521861033048481, 1155084.035590160638094 ], [ 2536446.292924242094159, 1155020.511988370679319 ], [ 2536424.232092256192118, 1154919.469189334893599 ], [ 2536416.330412573181093, 1154886.909704795572907 ], [ 2536403.524053766857833, 1154866.957115378696471 ], [ 2536359.502207016106695, 1154833.10592056484893 ], [ 2536324.116, 1154798.76 ], [ 2536333.884, 1154788.998 ], [ 2536336.294000000227243, 1154786.591 ], [ 2536347.96100000012666, 1154773.626 ], [ 2536358.889, 1154758.808999999891967 ], [ 2536383.521999999880791, 1154716.767 ], [ 2536405.933000000193715, 1154681.208000000100583 ] ], [ [ 2533041.771999999880791, 1153458.825 ], [ 2533037.841, 1153458.666999999899417 ], [ 2533029.656, 1153458.749 ], [ 2533026.054, 1153459.456 ], [ 2533021.427999999839813, 1153460.681 ], [ 2533012.538000000175089, 1153463.83 ], [ 2533001.61200000019744, 1153468.46 ], [ 2532974.200000000186265, 1153481.24 ], [ 2532958.086999999824911, 1153486.981 ], [ 2532938.824, 1153493.278 ], [ 2532925.489, 1153498.094 ], [ 2532918.822000000160187, 1153500.131 ], [ 2532909.006, 1153502.354 ], [ 2532899.375, 1153503.835 ], [ 2532887.523, 1153504.946 ], [ 2532868.259, 1153505.503 ], [ 2532842.146000000182539, 1153505.316000000108033 ], [ 2532831.96, 1153504.946 ], [ 2532817.883, 1153504.205 ], [ 2532807.697000000160187, 1153504.02 ], [ 2532804.362999999895692, 1153504.02 ], [ 2532799.177999999839813, 1153504.391 ], [ 2532791.213, 1153505.688 ], [ 2532779.545, 1153507.168 ], [ 2532764.359000000171363, 1153509.762000000104308 ], [ 2532747.221, 1153512.323 ], [ 2532744.541000000201166, 1153512.726 ], [ 2532732.133, 1153515.133 ], [ 2532724.353999999817461, 1153518.096 ], [ 2532705.463, 1153525.134 ], [ 2532697.497, 1153528.097 ], [ 2532688.978999999817461, 1153529.209 ], [ 2532682.029, 1153528.621 ], [ 2532681.884, 1153529.291 ], [ 2532681.646000000182539, 1153529.897000000113621 ], [ 2532681.346, 1153530.416 ], [ 2532680.938999999780208, 1153530.921 ], [ 2532680.46, 1153531.358 ], [ 2532679.918, 1153531.717 ], [ 2532679.151999999769032, 1153532.043 ], [ 2532678.557, 1153532.18 ], [ 2532677.910000000149012, 1153532.23 ], [ 2532677.214000000152737, 1153532.17 ], [ 2532676.583999999798834, 1153532.008 ], [ 2532675.98700000019744, 1153531.753 ], [ 2532675.078000000212342, 1153531.102999999886379 ], [ 2532674.654, 1153530.639999999897555 ], [ 2532674.271999999880791, 1153530.056 ], [ 2532674.026, 1153529.509 ], [ 2532673.849, 1153528.883 ], [ 2532673.774000000208616, 1153528.188 ], [ 2532673.802999999839813, 1153527.589 ], [ 2532673.929, 1153526.952 ], [ 2532674.157000000122935, 1153526.343000000109896 ], [ 2532674.474, 1153525.778 ], [ 2532674.876999999862164, 1153525.268 ], [ 2532675.393999999854714, 1153524.797 ], [ 2532675.893999999854714, 1153524.468000000109896 ], [ 2532676.484000000171363, 1153524.196 ], [ 2532677.142, 1153524.012000000104308 ], [ 2532677.75400000018999, 1153523.942 ], [ 2532678.452, 1153523.974 ], [ 2532679.086999999824911, 1153524.108 ], [ 2532679.648, 1153524.319 ], [ 2532680.217000000178814, 1153524.636 ], [ 2532680.76299999980256, 1153525.07 ], [ 2532681.199, 1153525.552 ], [ 2532681.529, 1153526.052 ], [ 2532681.81900000013411, 1153526.687 ], [ 2532681.990000000223517, 1153527.314 ], [ 2532682.058000000193715, 1153527.91 ], [ 2532682.029, 1153528.621 ] ], [ [ 2536526.687, 1154469.143 ], [ 2536531.444999999832362, 1154458.007 ] ], [ [ 2534193.265999999828637, 1154218.819 ], [ 2534192.952, 1154218.205 ], [ 2534192.731999999843538, 1154217.646 ], [ 2534192.552999999839813, 1154217.022000000113621 ], [ 2534192.437, 1154216.382 ], [ 2534192.383, 1154215.685 ], [ 2534192.393999999854714, 1154215.085999999893829 ], [ 2534192.48, 1154214.391 ], [ 2534192.61200000019744, 1154213.806 ], [ 2534192.832, 1154213.142 ], [ 2534193.098000000230968, 1154212.55 ], [ 2534193.395, 1154212.029 ], [ 2534193.77, 1154211.497 ], [ 2534194.194999999832362, 1154211.006 ], [ 2534194.666000000201166, 1154210.558999999891967 ], [ 2534195.180000000167638, 1154210.161 ], [ 2534195.731000000145286, 1154209.817 ], [ 2534196.313999999780208, 1154209.527 ], [ 2534197.497, 1154209.141 ], [ 2534198.089999999850988, 1154209.037 ], [ 2534198.737999999895692, 1154208.986 ], [ 2534199.438, 1154209.004 ], [ 2534200.032000000122935, 1154209.078 ], [ 2534200.668, 1154209.22 ], [ 2534201.284, 1154209.424000000115484 ], [ 2534201.921999999787658, 1154209.710999999893829 ], [ 2534202.441999999806285, 1154210.009 ], [ 2534202.973000000230968, 1154210.384 ], [ 2534203.461999999824911, 1154210.811 ], [ 2534203.909, 1154211.284 ], [ 2534204.332, 1154211.839 ], [ 2534204.648, 1154212.349 ], [ 2534204.955999999772757, 1154212.979 ], [ 2534205.163000000175089, 1154213.541 ], [ 2534205.33, 1154214.169 ], [ 2534205.438, 1154214.860000000102445 ], [ 2534205.473000000230968, 1154215.459 ], [ 2534205.447000000160187, 1154216.109 ], [ 2534205.358, 1154216.753 ], [ 2534205.19, 1154217.432 ], [ 2534204.972, 1154218.041999999899417 ], [ 2534204.714999999850988, 1154218.587 ], [ 2534204.384, 1154219.145 ], [ 2534203.966, 1154219.706 ], [ 2534203.258, 1154220.437 ], [ 2534202.725, 1154220.861 ], [ 2534202.177000000141561, 1154221.210999999893829 ], [ 2534201.645, 1154221.485000000102445 ], [ 2534200.994, 1154221.741 ], [ 2534200.416999999899417, 1154221.903 ], [ 2534199.728000000119209, 1154222.027 ], [ 2534199.079, 1154222.074 ], [ 2534198.498999999836087, 1154222.062 ], [ 2534197.804, 1154221.979 ], [ 2534197.220000000204891, 1154221.849 ], [ 2534196.600999999791384, 1154221.648 ], [ 2534195.96100000012666, 1154221.367 ], [ 2534195.396999999880791, 1154221.044 ], [ 2534194.907999999821186, 1154220.698 ], [ 2534194.379999999888241, 1154220.239 ], [ 2534193.967999999877065, 1154219.802 ], [ 2534193.265999999828637, 1154218.819 ], [ 2534185.279999999795109, 1154223.742 ], [ 2534150.275, 1154233.928 ], [ 2534140.458999999798834, 1154237.632 ], [ 2534133.052000000141561, 1154240.781 ], [ 2534126.01299999980256, 1154245.04 ], [ 2534121.012000000104308, 1154248.003 ], [ 2534114.529999999795109, 1154253.931 ], [ 2534101.009999999776483, 1154264.672 ], [ 2534088.983, 1154274.969 ], [ 2534075.265000000130385, 1154286.713 ], [ 2534069.154, 1154291.712 ], [ 2534063.041999999899417, 1154294.861 ], [ 2534055.81900000013411, 1154297.824 ], [ 2534048.595000000204891, 1154299.121 ], [ 2534036.742, 1154299.121 ], [ 2534022.852, 1154300.418 ] ], [ [ 2535922.467000000178814, 1153232.347 ], [ 2535921.801, 1153232.47 ], [ 2535921.12900000018999, 1153232.666 ], [ 2535920.569999999832362, 1153232.884 ], [ 2535919.944999999832362, 1153233.198 ], [ 2535919.393999999854714, 1153233.543 ], [ 2535918.878, 1153233.936 ], [ 2535918.399000000208616, 1153234.376 ], [ 2535917.995000000111759, 1153234.819 ], [ 2535917.572999999858439, 1153235.377 ], [ 2535917.256, 1153235.887000000104308 ] ], [ [ 2534646.68099999986589, 1153769.987 ], [ 2534646.757000000216067, 1153770.583000000100583 ], [ 2534646.776999999769032, 1153771.281999999890104 ], [ 2534646.734000000171363, 1153771.931 ], [ 2534646.639, 1153772.522000000113621 ], [ 2534646.463, 1153773.2 ], [ 2534646.257000000216067, 1153773.764 ], [ 2534645.957, 1153774.395 ], [ 2534645.620000000111759, 1153774.950999999884516 ], [ 2534645.265000000130385, 1153775.433 ], [ 2534644.799000000115484, 1153775.957 ], [ 2534644.31900000013411, 1153776.395 ], [ 2534643.842999999877065, 1153776.759 ], [ 2534643.291999999899417, 1153777.102999999886379 ], [ 2534642.71100000012666, 1153777.395 ], [ 2534642.105, 1153777.631 ], [ 2534641.48, 1153777.807 ], [ 2534640.841, 1153777.922 ], [ 2534640.143000000156462, 1153777.979 ], [ 2534639.494, 1153777.966 ], [ 2534638.927999999839813, 1153777.906 ], [ 2534638.291999999899417, 1153777.781 ], [ 2534637.62099999981001, 1153777.577 ], [ 2534637.021000000182539, 1153777.328 ], [ 2534636.492, 1153777.048 ], [ 2534635.946, 1153776.694 ], [ 2534635.437, 1153776.29 ], [ 2534634.933999999891967, 1153775.802 ], [ 2534634.384, 1153775.129999999888241 ], [ 2534634.017, 1153774.558999999891967 ], [ 2534633.719, 1153773.981 ], [ 2534633.477, 1153773.378 ], [ 2534633.294000000227243, 1153772.754 ], [ 2534633.171, 1153772.116 ], [ 2534633.109999999869615, 1153771.469 ], [ 2534633.106999999843538, 1153770.869 ], [ 2534633.171, 1153770.172 ], [ 2534633.282000000122935, 1153769.582 ], [ 2534633.475999999791384, 1153768.912 ], [ 2534633.717999999877065, 1153768.307 ], [ 2534634.015000000130385, 1153767.73 ], [ 2534634.365000000223517, 1153767.182 ], [ 2534634.733, 1153766.709 ], [ 2534635.177999999839813, 1153766.235000000102445 ], [ 2534635.704, 1153765.773 ], [ 2534636.435, 1153765.272000000113621 ], [ 2534635.336999999824911, 1153763.312 ], [ 2534629.594, 1153756.09 ], [ 2534620.890000000130385, 1153751.089 ], [ 2534605.88799999980256, 1153746.088 ], [ 2534589.034, 1153741.088 ], [ 2534584.037, 1153739.449 ], [ 2534556.254999999888241, 1153730.339 ], [ 2534531.989, 1153722.381 ], [ 2534474.390999999828637, 1153702.193 ] ], [ [ 2534636.435, 1153765.272000000113621 ], [ 2534636.974, 1153764.982 ], [ 2534637.572999999858439, 1153764.727 ], [ 2534638.191000000108033, 1153764.531999999890104 ], [ 2534638.828000000212342, 1153764.395 ], [ 2534639.473000000230968, 1153764.321 ], [ 2534640.173, 1153764.307 ], [ 2534640.819999999832362, 1153764.361 ], [ 2534641.410000000149012, 1153764.463 ], [ 2534642.038000000175089, 1153764.634 ], [ 2534642.691999999806285, 1153764.883 ], [ 2534643.228999999817461, 1153765.148 ], [ 2534643.825000000186265, 1153765.514999999897555 ], [ 2534644.341, 1153765.909 ], [ 2534644.81900000013411, 1153766.35 ], [ 2534645.251999999862164, 1153766.835 ], [ 2534645.609000000171363, 1153767.316000000108033 ], [ 2534645.970000000204891, 1153767.916 ], [ 2534646.23, 1153768.456 ], [ 2534646.457, 1153769.065 ], [ 2534646.68099999986589, 1153769.987 ], [ 2534653.856999999843538, 1153769.054 ], [ 2534664.228999999817461, 1153770.165 ], [ 2534673.859999999869615, 1153772.573 ], [ 2534685.529, 1153777.017 ], [ 2534695.714999999850988, 1153779.796 ], [ 2534705.160000000149012, 1153779.611 ], [ 2534714.791000000201166, 1153778.686 ], [ 2534725.719, 1153776.277 ], [ 2534735.904999999795109, 1153772.203 ], [ 2534745.165, 1153767.758 ], [ 2534755.538000000175089, 1153760.349 ], [ 2534765.724, 1153751.646 ], [ 2534774.983, 1153746.459 ], [ 2534788.703000000212342, 1153741.602 ], [ 2534788.504999999888241, 1153741.022000000113621 ], [ 2534788.347, 1153740.393 ], [ 2534788.237999999895692, 1153739.700999999884516 ], [ 2534788.196, 1153739.102 ], [ 2534788.208000000100583, 1153738.402 ], [ 2534788.267, 1153737.807 ], [ 2534788.396999999880791, 1153737.119 ], [ 2534788.575000000186265, 1153736.492 ], [ 2534788.802999999839813, 1153735.885 ], [ 2534789.085, 1153735.299000000115484 ], [ 2534789.415, 1153734.739 ], [ 2534789.791000000201166, 1153734.210999999893829 ], [ 2534790.21100000012666, 1153733.714 ], [ 2534790.673, 1153733.256 ], [ 2534791.132000000216067, 1153732.870000000111759 ], [ 2534791.660999999847263, 1153732.494 ], [ 2534792.716, 1153731.924000000115484 ], [ 2534793.274000000208616, 1153731.704 ], [ 2534793.94400000013411, 1153731.502 ], [ 2534794.580999999772757, 1153731.372 ], [ 2534795.177000000141561, 1153731.299000000115484 ], [ 2534795.875, 1153731.276 ], [ 2534796.475, 1153731.308 ], [ 2534797.387000000104308, 1153731.446 ], [ 2534797.995000000111759, 1153731.604 ], [ 2534798.653, 1153731.837 ], [ 2534799.242999999783933, 1153732.109 ], [ 2534799.808999999891967, 1153732.429 ], [ 2534800.305000000167638, 1153732.767 ], [ 2534800.81, 1153733.175 ], [ 2534801.279, 1153733.625 ], [ 2534801.705999999772757, 1153734.114 ], [ 2534802.120000000111759, 1153734.678 ], [ 2534802.453000000212342, 1153735.236 ], [ 2534802.740000000223517, 1153735.821 ], [ 2534802.958999999798834, 1153736.377 ], [ 2534803.146999999880791, 1153736.999 ], [ 2534803.279, 1153737.636 ], [ 2534803.358, 1153738.281999999890104 ], [ 2534803.378, 1153738.981 ], [ 2534803.342000000178814, 1153739.629 ], [ 2534803.248999999836087, 1153740.272000000113621 ], [ 2534803.102, 1153740.906 ], [ 2534802.876999999862164, 1153741.583000000100583 ], [ 2534802.626999999862164, 1153742.168 ], [ 2534802.31900000013411, 1153742.74 ], [ 2534801.933999999891967, 1153743.324 ], [ 2534801.531, 1153743.834 ], [ 2534801.12099999981001, 1153744.273 ], [ 2534800.600999999791384, 1153744.741 ], [ 2534800.123000000137836, 1153745.102 ], [ 2534799.532000000122935, 1153745.475 ], [ 2534798.997, 1153745.75 ], [ 2534798.398, 1153746.0 ], [ 2534797.728999999817461, 1153746.209 ], [ 2534797.145, 1153746.341 ], [ 2534796.452, 1153746.433999999891967 ], [ 2534795.853000000119209, 1153746.463 ], [ 2534795.193, 1153746.438 ], [ 2534794.598000000230968, 1153746.368 ], [ 2534793.912, 1153746.227 ], [ 2534793.33600000012666, 1153746.056 ], [ 2534792.685, 1153745.8 ], [ 2534792.146999999880791, 1153745.533 ], [ 2534791.591, 1153745.198 ], [ 2534791.066000000108033, 1153744.816000000108033 ], [ 2534790.53899999987334, 1153744.357 ], [ 2534790.089000000152737, 1153743.888 ], [ 2534789.68099999986589, 1153743.383 ], [ 2534789.316000000108033, 1153742.844 ], [ 2534789.021999999880791, 1153742.322 ], [ 2534788.703000000212342, 1153741.602 ] ], [ [ 2536060.798, 1154029.277 ], [ 2536061.302000000141561, 1154028.909 ], [ 2536061.856999999843538, 1154028.574 ], [ 2536062.487999999895692, 1154028.27 ], [ 2536063.097, 1154028.043 ], [ 2536063.724, 1154027.872 ], [ 2536064.362999999895692, 1154027.757 ], [ 2536065.009999999776483, 1154027.699 ], [ 2536065.660000000149012, 1154027.7 ], [ 2536066.307, 1154027.757 ], [ 2536066.896999999880791, 1154027.862999999895692 ], [ 2536067.525, 1154028.031 ], [ 2536068.136, 1154028.254999999888241 ], [ 2536068.724, 1154028.531999999890104 ], [ 2536069.284, 1154028.861 ], [ 2536069.813, 1154029.237 ], [ 2536070.640000000130385, 1154029.995000000111759 ], [ 2536071.079, 1154030.511 ], [ 2536071.426, 1154031.0 ], [ 2536071.756, 1154031.56 ], [ 2536072.054, 1154032.192 ], [ 2536072.275, 1154032.804 ], [ 2536072.44, 1154033.432 ], [ 2536072.541999999899417, 1154034.024 ], [ 2536072.599, 1154034.722 ], [ 2536072.591, 1154035.371 ], [ 2536072.534, 1154035.967 ], [ 2536072.415, 1154036.607 ], [ 2536072.225999999791384, 1154037.28 ], [ 2536072.011, 1154037.84 ], [ 2536071.704, 1154038.469 ], [ 2536071.225999999791384, 1154039.224 ], [ 2536070.81900000013411, 1154039.737999999895692 ], [ 2536070.406, 1154040.174000000115484 ], [ 2536069.921999999787658, 1154040.607 ], [ 2536069.359999999869615, 1154041.022000000113621 ], [ 2536068.801, 1154041.357 ], [ 2536068.217000000178814, 1154041.641 ], [ 2536067.609999999869615, 1154041.873 ], [ 2536067.034, 1154042.036 ], [ 2536066.346, 1154042.166999999899417 ], [ 2536065.748999999836087, 1154042.227 ], [ 2536065.146999999880791, 1154042.236 ], [ 2536064.450999999884516, 1154042.186 ], [ 2536063.808000000193715, 1154042.078 ], [ 2536063.228000000119209, 1154041.928 ], [ 2536062.615000000223517, 1154041.714 ], [ 2536061.98, 1154041.421 ], [ 2536061.458999999798834, 1154041.124 ], [ 2536060.642, 1154040.528 ], [ 2536060.173, 1154040.095 ], [ 2536059.704, 1154039.575999999884516 ], [ 2536059.315, 1154039.056 ], [ 2536058.998000000137836, 1154038.546 ], [ 2536058.683999999891967, 1154037.921 ], [ 2536058.446, 1154037.317 ], [ 2536058.276, 1154036.741 ], [ 2536058.137000000104308, 1154036.055 ], [ 2536058.072999999858439, 1154035.459 ], [ 2536058.058999999891967, 1154034.759 ], [ 2536058.099, 1154034.161 ], [ 2536058.211999999824911, 1154033.47 ], [ 2536058.372, 1154032.842 ], [ 2536058.589999999850988, 1154032.229 ], [ 2536058.838, 1154031.682 ], [ 2536059.185, 1154031.073 ], [ 2536059.526, 1154030.581 ], [ 2536059.973000000230968, 1154030.045 ], [ 2536060.798, 1154029.277 ], [ 2536049.961999999824911, 1154015.566000000108033 ], [ 2536046.628, 1154008.343000000109896 ], [ 2536044.96, 1154000.935 ], [ 2536044.220000000204891, 1153992.971 ], [ 2536045.33, 1153981.858 ], [ 2536048.85, 1153961.486 ], [ 2536055.330999999772757, 1153919.259 ], [ 2536056.998999999836087, 1153904.626 ], [ 2536059.035999999847263, 1153887.772000000113621 ], [ 2536059.963, 1153869.623 ], [ 2536061.072999999858439, 1153818.69 ], [ 2536061.628, 1153793.872 ], [ 2536061.443, 1153787.205 ], [ 2536060.88799999980256, 1153781.834 ], [ 2536059.591, 1153779.056 ], [ 2536058.109999999869615, 1153776.462 ], [ 2536054.406, 1153772.388 ], [ 2536046.441999999806285, 1153767.203 ], [ 2536032.552000000141561, 1153757.571 ], [ 2536014.955999999772757, 1153745.902 ], [ 2536001.80599999986589, 1153738.679 ], [ 2535986.990000000223517, 1153731.272000000113621 ], [ 2535953.683999999891967, 1153716.522000000113621 ], [ 2535952.452, 1153715.976 ], [ 2535948.096, 1153714.048 ], [ 2535927.352, 1153705.156999999890104 ], [ 2535896.606999999843538, 1153691.082 ], [ 2535881.791999999899417, 1153684.784 ], [ 2535861.233, 1153675.338 ], [ 2535850.676, 1153670.523 ], [ 2535834.378, 1153662.93 ], [ 2535819.74599999981001, 1153656.075999999884516 ], [ 2535812.524000000208616, 1153651.817 ], [ 2535807.153, 1153648.483 ], [ 2535799.001999999862164, 1153643.483 ], [ 2535784.187, 1153633.852 ], [ 2535777.704, 1153629.221 ], [ 2535770.481999999843538, 1153623.110000000102445 ], [ 2535763.072999999858439, 1153617.183 ], [ 2535753.257000000216067, 1153607.182 ], [ 2535744.736, 1153596.069 ], [ 2535736.217999999877065, 1153585.328 ], [ 2535730.291000000201166, 1153575.696 ], [ 2535725.457, 1153567.496 ], [ 2535724.177999999839813, 1153565.325 ], [ 2535718.807, 1153554.582 ], [ 2535716.159, 1153547.379999999888241 ], [ 2535712.882000000216067, 1153538.469 ], [ 2535707.694999999832362, 1153521.985000000102445 ], [ 2535696.583000000100583, 1153482.352 ], [ 2535692.13799999980256, 1153464.757 ], [ 2535702.509, 1153459.941000000108033 ], [ 2535723.992999999783933, 1153449.753 ], [ 2535756.96, 1153434.011 ], [ 2535778.629999999888241, 1153423.639999999897555 ], [ 2535816.412, 1153406.045 ] ], [ [ 2535807.115000000223517, 1152865.683999999891967 ], [ 2535806.528, 1152865.93 ], [ 2535805.862999999895692, 1152866.155 ], [ 2535805.23700000019744, 1152866.321 ], [ 2535804.648, 1152866.436 ], [ 2535803.953000000212342, 1152866.523 ], [ 2535803.353999999817461, 1152866.558 ], [ 2535802.704, 1152866.554 ], [ 2535802.088, 1152866.51 ], [ 2535801.44400000013411, 1152866.421 ], [ 2535800.807, 1152866.289000000106171 ], [ 2535800.18099999986589, 1152866.115 ], [ 2535799.56900000013411, 1152865.9 ], [ 2535798.926, 1152865.623 ], [ 2535798.393000000156462, 1152865.347 ], [ 2535797.835, 1152865.014 ], [ 2535797.302000000141561, 1152864.644 ], [ 2535796.754999999888241, 1152864.205 ], [ 2535796.313999999780208, 1152863.8 ], [ 2535795.864, 1152863.329 ], [ 2535795.447000000160187, 1152862.831 ], [ 2535795.065, 1152862.305 ], [ 2535794.69400000013411, 1152861.712 ], [ 2535794.389, 1152861.139 ], [ 2535794.140999999828637, 1152860.593000000109896 ], [ 2535793.91399999987334, 1152859.987999999895692 ], [ 2535784.557, 1152863.013 ], [ 2535765.48, 1152870.236 ], [ 2535745.151999999769032, 1152878.222 ], [ 2535734.364, 1152882.46 ], [ 2535719.364, 1152889.683 ], [ 2535712.71100000012666, 1152893.046 ], [ 2535702.879999999888241, 1152898.017 ], [ 2535687.137000000104308, 1152905.055 ], [ 2535615.461999999824911, 1152935.058999999891967 ], [ 2535574.160000000149012, 1152953.766 ], [ 2535551.009, 1152963.212 ], [ 2535515.818, 1152979.509 ], [ 2535491.098000000230968, 1152991.799000000115484 ], [ 2535483.778, 1152995.437 ], [ 2535449.699, 1153012.661 ], [ 2535404.322999999858439, 1153037.109 ], [ 2535391.361, 1153044.675 ], [ 2535378.69400000013411, 1153052.069 ], [ 2535373.498999999836087, 1153055.101 ], [ 2535303.194999999832362, 1153098.085 ], [ 2535296.901999999769032, 1153101.933 ], [ 2535267.083999999798834, 1153120.639 ], [ 2535230.967999999877065, 1153143.79 ], [ 2535183.555000000167638, 1153173.422 ], [ 2535118.916000000201166, 1153213.798 ], [ 2535062.687, 1153246.776 ], [ 2535059.725, 1153248.514 ], [ 2535031.126999999862164, 1153265.286 ], [ 2534997.048, 1153288.067 ], [ 2534973.899000000208616, 1153302.142 ], [ 2534968.413000000175089, 1153305.823 ], [ 2534959.267, 1153311.958000000100583 ], [ 2534954.265999999828637, 1153316.589 ], [ 2534948.078000000212342, 1153323.638 ], [ 2534943.523, 1153331.591 ], [ 2534940.19, 1153339.0 ], [ 2534931.299999999813735, 1153357.892 ], [ 2534920.372, 1153383.45 ], [ 2534913.890000000130385, 1153398.822 ], [ 2534905.372, 1153416.972 ], [ 2534896.666000000201166, 1153432.9 ], [ 2534895.49599999981001, 1153434.779 ], [ 2534889.62900000018999, 1153444.198 ], [ 2534880.739, 1153457.531999999890104 ], [ 2534868.329, 1153475.313 ], [ 2534860.180000000167638, 1153487.536 ], [ 2534845.733, 1153509.392 ], [ 2534842.029999999795109, 1153517.355 ], [ 2534839.992999999783933, 1153522.912 ], [ 2534837.214000000152737, 1153531.246 ], [ 2534835.546999999787658, 1153537.914000000106171 ], [ 2534834.447000000160187, 1153541.902 ], [ 2534831.842000000178814, 1153558.843000000109896 ], [ 2534830.731999999843538, 1153574.4 ], [ 2534829.620000000111759, 1153591.808999999891967 ], [ 2534828.879999999888241, 1153600.699 ], [ 2534827.768999999854714, 1153609.775 ], [ 2534823.324, 1153624.036 ], [ 2534819.619, 1153638.111 ], [ 2534811.100999999791384, 1153666.449 ], [ 2534809.062, 1153677.562 ], [ 2534804.347, 1153698.647000000113621 ], [ 2534800.291000000201166, 1153716.242 ], [ 2534797.387000000104308, 1153731.446 ] ], [ [ 2535793.91399999987334, 1152859.987999999895692 ], [ 2535793.737999999895692, 1152859.41 ], [ 2535793.579, 1152858.729 ], [ 2535793.483, 1152858.136 ], [ 2535793.416000000201166, 1152857.44 ], [ 2535793.4, 1152856.79 ], [ 2535793.427000000141561, 1152856.139999999897555 ], [ 2535793.492, 1152855.544 ], [ 2535793.612999999895692, 1152854.855 ], [ 2535793.768000000156462, 1152854.224 ], [ 2535793.967999999877065, 1152853.605 ], [ 2535794.188, 1152853.047 ], [ 2535794.48700000019744, 1152852.415 ], [ 2535794.778, 1152851.891 ], [ 2535795.160000000149012, 1152851.304 ], [ 2535795.625, 1152850.695 ], [ 2535796.080999999772757, 1152850.183999999891967 ], [ 2535796.508, 1152849.764 ], [ 2535797.038000000175089, 1152849.308 ], [ 2535797.558000000193715, 1152848.919 ], [ 2535798.061000000219792, 1152848.591 ], [ 2535798.62900000018999, 1152848.274 ], [ 2535799.262000000104308, 1152847.973 ], [ 2535799.866, 1152847.737 ], [ 2535800.48700000019744, 1152847.541999999899417 ], [ 2535801.068, 1152847.399 ], [ 2535801.708999999798834, 1152847.286 ], [ 2535802.404, 1152847.21 ], [ 2535803.054, 1152847.187 ], [ 2535803.654999999795109, 1152847.203 ], [ 2535804.299999999813735, 1152847.262000000104308 ], [ 2535804.943, 1152847.364 ], [ 2535805.623999999836087, 1152847.523 ], [ 2535806.197000000160187, 1152847.7 ], [ 2535806.805000000167638, 1152847.928 ], [ 2535807.441000000108033, 1152848.22 ], [ 2535807.969, 1152848.507 ], [ 2535808.56, 1152848.881 ], [ 2535809.046, 1152849.235000000102445 ], [ 2535809.58, 1152849.686 ], [ 2535810.048, 1152850.136 ], [ 2535810.452, 1152850.58 ], [ 2535810.886, 1152851.129 ], [ 2535811.254999999888241, 1152851.664000000106171 ], [ 2535811.585, 1152852.224 ], [ 2535811.856000000145286, 1152852.758 ], [ 2535812.112999999895692, 1152853.356 ], [ 2535812.328000000212342, 1152853.969 ], [ 2535812.503, 1152854.596 ], [ 2535812.634, 1152855.231 ], [ 2535812.754999999888241, 1152856.258 ], [ 2535812.774000000208616, 1152856.924000000115484 ], [ 2535812.751999999862164, 1152857.523 ], [ 2535812.688, 1152858.17 ], [ 2535812.427000000141561, 1152859.442 ], [ 2535812.217999999877065, 1152860.111 ], [ 2535812.001000000163913, 1152860.669 ], [ 2535811.725, 1152861.257 ], [ 2535811.412, 1152861.827 ], [ 2535811.032999999821186, 1152862.416 ], [ 2535810.643000000156462, 1152862.936 ], [ 2535810.220000000204891, 1152863.428 ], [ 2535809.799999999813735, 1152863.858 ], [ 2535809.316999999806285, 1152864.291999999899417 ], [ 2535808.805000000167638, 1152864.693 ], [ 2535808.268999999854714, 1152865.058999999891967 ], [ 2535807.708000000100583, 1152865.388 ], [ 2535807.115000000223517, 1152865.683999999891967 ], [ 2535813.264, 1152878.2 ], [ 2535823.08, 1152901.906 ], [ 2535830.489, 1152921.168 ], [ 2535831.600999999791384, 1152924.502 ], [ 2535845.986, 1152967.661 ], [ 2535849.565, 1152978.397000000113621 ], [ 2535874.383, 1153063.594 ], [ 2535891.237999999895692, 1153118.972 ], [ 2535892.441000000108033, 1153123.342 ], [ 2535904.034, 1153161.092 ], [ 2535907.535000000149012, 1153172.497 ], [ 2535920.5, 1153217.317 ], [ 2535922.467000000178814, 1153232.347 ], [ 2535923.08600000012666, 1153232.288 ], [ 2535923.736, 1153232.287 ], [ 2535924.384, 1153232.345 ], [ 2535925.071, 1153232.473 ], [ 2535925.649000000208616, 1153232.638 ], [ 2535926.254999999888241, 1153232.868 ], [ 2535926.839000000152737, 1153233.155 ], [ 2535927.435, 1153233.521 ], [ 2535927.915, 1153233.881 ], [ 2535928.399000000208616, 1153234.315 ], [ 2535928.872, 1153234.829 ], [ 2535929.265000000130385, 1153235.348 ], [ 2535929.609000000171363, 1153235.899 ], [ 2535929.879999999888241, 1153236.433999999891967 ], [ 2535930.13799999980256, 1153237.083000000100583 ], [ 2535930.307, 1153237.66 ], [ 2535930.443, 1153238.347 ], [ 2535930.50400000018999, 1153238.943 ], [ 2535930.51299999980256, 1153239.593000000109896 ], [ 2535930.463, 1153240.239 ], [ 2535930.341, 1153240.93 ], [ 2535930.17, 1153241.557 ], [ 2535929.941999999806285, 1153242.166 ], [ 2535929.657000000122935, 1153242.748 ], [ 2535929.349, 1153243.264 ], [ 2535928.967999999877065, 1153243.79 ], [ 2535928.518999999854714, 1153244.297 ], [ 2535928.046999999787658, 1153244.743 ], [ 2535927.535999999847263, 1153245.144 ], [ 2535926.585, 1153245.712 ], [ 2535925.952, 1153245.99 ], [ 2535925.384, 1153246.18 ], [ 2535924.702, 1153246.339 ], [ 2535924.058999999891967, 1153246.426 ], [ 2535923.458999999798834, 1153246.454 ], [ 2535922.811000000219792, 1153246.428 ], [ 2535922.117, 1153246.331 ], [ 2535921.484999999869615, 1153246.183 ], [ 2535920.867999999783933, 1153245.974 ], [ 2535920.31900000013411, 1153245.735000000102445 ], [ 2535919.705999999772757, 1153245.397000000113621 ], [ 2535919.21, 1153245.061 ], [ 2535918.705999999772757, 1153244.65 ], [ 2535918.242999999783933, 1153244.195 ], [ 2535917.822000000160187, 1153243.7 ], [ 2535917.421, 1153243.126 ], [ 2535917.125, 1153242.606 ] ], [ [ 2536436.876000000163913, 1154630.95 ], [ 2536443.344, 1154620.274 ], [ 2536453.901999999769032, 1154601.752 ], [ 2536458.852, 1154593.002 ], [ 2536461.864, 1154587.677 ], [ 2536465.029, 1154582.433 ], [ 2536489.46100000012666, 1154541.93 ], [ 2536502.611, 1154517.666999999899417 ], [ 2536516.873000000137836, 1154489.887000000104308 ], [ 2536526.687, 1154469.143 ], [ 2536511.872, 1154462.846 ], [ 2536503.723000000230968, 1154458.772000000113621 ], [ 2536498.166999999899417, 1154453.215 ], [ 2536499.832, 1154448.771 ], [ 2536508.168, 1154449.141 ], [ 2536517.984000000171363, 1154453.029 ], [ 2536528.541000000201166, 1154457.29 ], [ 2536531.444999999832362, 1154458.007 ] ] ] } },
{ "type": "Feature", "properties": { "CADRE_NO": "10.017", "DDT_URL": null, "ETC_NOM": "Transports publics de la région lausannoise", "ETC_SIGLE": "TL", "ETC_URL": "https://www.t-l.ch", "GO_CENTRE": 0, "HORAIR_URL": "https://www.tableaux-horaires.ch/fileadmin/fap_pdf_fields/2025/10.017.pdf", "LIGNE_NO": "17", "LIGNE_NOM": "Lausanne-Flon - Prilly - Renens VD - Bussigny - Villars-Ste-Croix", "LIGNE_SIGL": null, "LIGNE_TYPE": "Bus urbain", "PLAN_URL": "https://prestations.vd.ch/pub/101587/api/download/2_Cartographie_et_geodonnees/2.1_Carte_des_reseaux/Carte_des_lignes_TP/topo/ligne_10.017.pdf", "SHAPE_LEN": 8969.052 }, "geometry": { "type": "MultiLineString", "coordinates": [ [ [ 2534372.200721298344433, 1154287.48898157896474 ], [ 2534492.692477754317224, 1154247.667460223659873 ], [ 2534634.744143820833415, 1154182.500315960496664 ], [ 2534816.043, 1154077.773 ], [ 2534857.929, 1154036.156999999890104 ], [ 2534894.950000000186265, 1153999.54 ], [ 2534965.481000000145286, 1153930.767 ], [ 2534975.009999999776483, 1153922.406 ], [ 2534979.454, 1153918.702 ], [ 2535035.018000000156462, 1153863.881 ], [ 2535060.197000000160187, 1153837.877 ], [ 2535063.353999999817461, 1153834.617 ], [ 2535130.029, 1153767.758 ], [ 2535145.216, 1153753.868 ], [ 2535168.921999999787658, 1153730.345 ], [ 2535189.296, 1153713.121 ], [ 2535203.742999999783933, 1153702.193 ], [ 2535212.632000000216067, 1153696.453 ], [ 2535224.115000000223517, 1153687.933 ], [ 2535245.228999999817461, 1153674.967 ], [ 2535270.787, 1153660.893 ], [ 2535314.498000000137836, 1153639.408 ], [ 2535335.424999999813735, 1153628.295 ], [ 2535359.688, 1153616.813 ], [ 2535407.287, 1153594.957 ], [ 2535447.847, 1153575.696 ], [ 2535478.037, 1153561.620000000111759 ], [ 2535564.344, 1153524.764 ], [ 2535581.92, 1153516.158 ], [ 2535599.903, 1153507.352999999886379 ], [ 2535639.353000000119209, 1153488.648 ], [ 2535692.13799999980256, 1153464.757 ], [ 2535702.509, 1153459.941000000108033 ], [ 2535723.992999999783933, 1153449.753 ], [ 2535756.96, 1153434.011 ], [ 2535778.629999999888241, 1153423.639999999897555 ], [ 2535816.412, 1153406.045 ], [ 2535852.157000000122935, 1153387.154 ], [ 2535909.017, 1153354.187 ], [ 2535942.51299999980256, 1153335.5 ], [ 2535963.608, 1153322.557 ], [ 2535964.58, 1153321.96 ], [ 2535976.964999999850988, 1153315.251 ], [ 2535997.176, 1153303.626 ], [ 2536027.736, 1153285.659 ], [ 2536071.629999999888241, 1153260.841 ], [ 2536136.639, 1153223.058999999891967 ], [ 2536172.383, 1153201.575 ], [ 2536173.406, 1153200.985000000102445 ], [ 2536199.98, 1153185.647000000113621 ], [ 2536224.983, 1153171.385 ], [ 2536228.015000000130385, 1153169.695 ], [ 2536249.24599999981001, 1153157.865 ], [ 2536263.136, 1153151.383 ], [ 2536287.583999999798834, 1153140.825999999884516 ] ], [ [ 2537373.899000000208616, 1152534.082 ], [ 2537373.833000000100583, 1152534.082 ], [ 2537329.938, 1152537.231 ], [ 2537304.058999999891967, 1152537.727999999886379 ], [ 2537301.045, 1152537.786 ], [ 2537289.933000000193715, 1152536.859 ], [ 2537275.116, 1152535.194 ], [ 2537220.407999999821186, 1152527.158 ], [ 2537167.702, 1152519.435 ], [ 2537151.006, 1152517.191000000108033 ], [ 2537139.793, 1152516.319 ], [ 2537113.003, 1152516.194 ], [ 2537087.83600000012666, 1152515.54 ], [ 2537065.032999999821186, 1152514.947 ], [ 2537030.27, 1152513.523 ], [ 2536972.579, 1152511.709 ], [ 2536961.913000000175089, 1152511.91 ], [ 2536926.350999999791384, 1152512.582 ], [ 2536894.454, 1152516.692 ], [ 2536884.796999999787658, 1152518.533 ] ], [ [ 2534093.021999999880791, 1154598.239 ], [ 2534142.866, 1154579.898 ], [ 2534213.43099999986589, 1154555.08 ], [ 2534263.622, 1154540.818 ], [ 2534277.142, 1154536.189 ], [ 2534290.849, 1154530.077 ] ], [ [ 2536848.952, 1152912.096 ], [ 2536811.17, 1152923.209 ], [ 2536784.12900000018999, 1152932.654 ], [ 2536727.455, 1152952.471 ], [ 2536651.531, 1152979.062 ] ], [ [ 2536651.529999999795109, 1152979.06 ], [ 2536650.776999999769032, 1152979.324 ], [ 2536609.662, 1152993.955 ], [ 2536518.53899999987334, 1153027.108 ], [ 2536493.165, 1153038.221 ], [ 2536428.157000000122935, 1153069.335 ], [ 2536360.926, 1153102.672 ], [ 2536322.774000000208616, 1153121.751 ], [ 2536287.583999999798834, 1153140.825999999884516 ] ], [ [ 2536884.798, 1152518.535 ], [ 2536884.796999999787658, 1152518.535 ] ], [ [ 2538009.268723356537521, 1152514.055264283670112 ], [ 2537877.324457216076553, 1152589.102414253167808 ], [ 2537740.486474878154695, 1152637.408355152467266 ], [ 2537537.373000000137836, 1152717.629 ], [ 2537515.887000000104308, 1152726.33 ], [ 2537498.109999999869615, 1152731.705 ], [ 2537431.989, 1152746.335999999893829 ], [ 2537356.424999999813735, 1152761.894 ], [ 2537291.787, 1152774.489 ], [ 2537270.295, 1152779.092 ], [ 2537260.671, 1152781.155 ], [ 2537222.148, 1152789.673 ], [ 2537190.685, 1152797.496 ] ], [ [ 2537190.686000000219792, 1152797.497 ], [ 2537187.143999999854714, 1152798.378 ], [ 2537166.77, 1152805.045 ], [ 2537133.705999999772757, 1152816.993 ], [ 2537016.937, 1152856.533 ], [ 2536981.006, 1152868.386 ], [ 2536959.382000000216067, 1152875.389 ] ], [ [ 2536959.383, 1152875.391 ], [ 2536922.666000000201166, 1152887.279 ], [ 2536873.216, 1152904.874 ], [ 2536848.953000000212342, 1152912.1 ] ] ] } },
{ "type": "Feature", "properties": { "CADRE_NO": "10.024", "DDT_URL": null, "ETC_NOM": "Transports publics de la région lausannoise", "ETC_SIGLE": "TL", "ETC_URL": "https://www.t-l.ch", "GO_CENTRE": 0, "HORAIR_URL": "https://www.tableaux-horaires.ch/fileadmin/fap_pdf_fields/2025/10.024.pdf", "LIGNE_NO": "24", "LIGNE_NOM": "Lausanne Tour Haldimand-Lac - Ouchy-Olympique - Bourdonnette", "LIGNE_SIGL": null, "LIGNE_TYPE": "Bus urbain", "PLAN_URL": "https://prestations.vd.ch/pub/101587/api/download/2_Cartographie_et_geodonnees/2.1_Carte_des_reseaux/Carte_des_lignes_TP/topo/ligne_10.024.pdf", "SHAPE_LEN": 5824.682 }, "geometry": { "type": "MultiLineString", "coordinates": [ [ [ 2537548.203937856480479, 1151025.351953774690628 ], [ 2537514.23, 1151049.966 ], [ 2537463.018999999854714, 1151084.068 ], [ 2537448.02, 1151093.506 ], [ 2537440.074, 1151097.591 ], [ 2537375.126999999862164, 1151126.372 ], [ 2537349.69, 1151137.645 ], [ 2537322.051, 1151151.128 ], [ 2537298.484999999869615, 1151164.665 ], [ 2537289.214999999850988, 1151170.396 ], [ 2537272.700999999884516, 1151181.686 ], [ 2537259.386, 1151191.631 ], [ 2537243.03899999987334, 1151205.617 ], [ 2537208.997, 1151237.806 ], [ 2537179.55599999986589, 1151267.017 ] ], [ [ 2537179.55599999986589, 1151267.017 ], [ 2537174.171999999787658, 1151272.360000000102445 ], [ 2537058.990000000223517, 1151381.418 ], [ 2536996.518000000156462, 1151439.19 ], [ 2536952.083999999798834, 1151484.896 ], [ 2536952.535000000149012, 1151485.374 ], [ 2536952.91399999987334, 1151485.901 ], [ 2536953.219, 1151486.475 ], [ 2536953.430000000167638, 1151487.036 ], [ 2536953.579, 1151487.666999999899417 ], [ 2536953.640999999828637, 1151488.316000000108033 ], [ 2536953.611, 1151489.013 ], [ 2536953.494, 1151489.653 ], [ 2536953.291999999899417, 1151490.269 ], [ 2536953.009, 1151490.854 ], [ 2536952.651999999769032, 1151491.396 ], [ 2536951.927999999839813, 1151492.156 ], [ 2536951.406, 1151492.541 ], [ 2536950.83600000012666, 1151492.852999999886379 ], [ 2536950.23, 1151493.085999999893829 ], [ 2536949.598000000230968, 1151493.236 ], [ 2536948.950999999884516, 1151493.3 ], [ 2536948.302999999839813, 1151493.277 ], [ 2536947.612999999895692, 1151493.154 ], [ 2536947.041999999899417, 1151492.972 ], [ 2536946.410999999847263, 1151492.674000000115484 ], [ 2536945.909, 1151492.346 ], [ 2536945.378, 1151491.888 ], [ 2536944.955999999772757, 1151491.406999999890104 ], [ 2536944.592000000178814, 1151490.860000000102445 ], [ 2536944.307, 1151490.275 ], [ 2536944.117999999783933, 1151489.707 ], [ 2536943.992999999783933, 1151489.07 ], [ 2536943.953000000212342, 1151488.422 ], [ 2536944.009, 1151487.724 ], [ 2536944.137000000104308, 1151487.138 ], [ 2536944.373999999836087, 1151486.481 ], [ 2536944.653, 1151485.950999999884516 ], [ 2536945.026, 1151485.416999999899417 ], [ 2536945.849, 1151484.612999999895692 ], [ 2536946.387000000104308, 1151484.254999999888241 ], [ 2536947.015999999828637, 1151483.952 ], [ 2536947.634999999776483, 1151483.754 ], [ 2536948.275, 1151483.641 ], [ 2536948.923, 1151483.614 ], [ 2536949.521000000182539, 1151483.666 ], [ 2536950.154999999795109, 1151483.806 ], [ 2536950.812, 1151484.051 ], [ 2536951.383, 1151484.358 ], [ 2536952.083999999798834, 1151484.896 ] ] ] } },
{ "type": "Feature", "properties": { "CADRE_NO": "10.016", "DDT_URL": null, "ETC_NOM": "Transports publics de la région lausannoise", "ETC_SIGLE": "TL", "ETC_URL": "https://www.t-l.ch", "GO_CENTRE": 0, "HORAIR_URL": "https://www.tableaux-horaires.ch/fileadmin/fap_pdf_fields/2025/10.016.pdf", "LIGNE_NO": "16", "LIGNE_NOM": "Lausanne Provence nord - Grand Vennes", "LIGNE_SIGL": null, "LIGNE_TYPE": "Bus urbain", "PLAN_URL": "https://prestations.vd.ch/pub/101587/api/download/2_Cartographie_et_geodonnees/2.1_Carte_des_reseaux/Carte_des_lignes_TP/topo/ligne_10.016.pdf", "SHAPE_LEN": 8537.807 }, "geometry": { "type": "MultiLineString", "coordinates": [ [ [ 2538049.474, 1152759.296 ], [ 2538038.361, 1152762.074 ], [ 2538028.73, 1152765.038 ], [ 2538020.582, 1152767.075 ], [ 2538012.802999999839813, 1152768.187 ], [ 2537998.171, 1152768.002 ], [ 2537978.169000000227243, 1152768.002 ], [ 2537955.94400000013411, 1152767.629999999888241 ], [ 2537947.793, 1152765.593000000109896 ], [ 2537926.311000000219792, 1152754.295 ], [ 2537921.865000000223517, 1152751.888 ], [ 2537917.42, 1152749.85 ], [ 2537913.346, 1152744.294 ], [ 2537891.86200000019744, 1152701.142 ], [ 2537875.378, 1152670.397000000113621 ], [ 2537868.525, 1152655.95 ], [ 2537854.449, 1152664.099 ], [ 2537783.143999999854714, 1152702.807 ], [ 2537693.133, 1152750.591 ] ], [ [ 2537422.727, 1152533.712 ], [ 2537430.904, 1152551.66 ], [ 2537437.046999999787658, 1152564.784 ], [ 2537526.708000000100583, 1152744.314 ], [ 2537538.049000000115484, 1152767.69 ], [ 2537551.884999999776483, 1152796.209 ], [ 2537553.629999999888241, 1152800.775 ], [ 2537562.156, 1152799.06 ], [ 2537584.970000000204891, 1152793.003 ], [ 2537631.829, 1152778.558 ], [ 2537653.498000000137836, 1152770.964 ], [ 2537655.904999999795109, 1152769.852 ], [ 2537693.133, 1152750.591 ] ], [ [ 2538278.578000000212342, 1152998.214 ], [ 2538269.700000000186265, 1153034.778 ] ], [ [ 2538269.700000000186265, 1153034.778 ], [ 2538267.65, 1153043.221 ], [ 2538257.399000000208616, 1153083.74 ], [ 2538255.796999999787658, 1153090.079 ], [ 2538250.079, 1153110.834 ], [ 2538247.276, 1153121.009 ], [ 2538236.904999999795109, 1153150.642 ], [ 2538220.791999999899417, 1153181.573 ], [ 2538203.566999999806285, 1153215.28 ], [ 2538202.938, 1153216.808999999891967 ], [ 2538189.677000000141561, 1153248.987999999895692 ], [ 2538186.713, 1153257.137000000104308 ], [ 2538177.082, 1153282.139999999897555 ], [ 2538166.71100000012666, 1153306.218000000109896 ], [ 2538156.153, 1153332.517 ], [ 2538147.079, 1153356.224 ], [ 2538129.112999999895692, 1153407.898 ], [ 2538121.890999999828637, 1153430.492 ], [ 2538118.742, 1153442.531 ], [ 2538113.0, 1153461.977999999886379 ], [ 2538107.410000000149012, 1153483.539000000106171 ], [ 2538105.222, 1153491.982 ], [ 2538091.887000000104308, 1153536.062 ], [ 2538086.515999999828637, 1153555.509 ], [ 2538082.441000000108033, 1153566.992 ], [ 2538078.921999999787658, 1153576.438 ], [ 2538075.032000000122935, 1153585.141 ], [ 2538070.032999999821186, 1153593.291999999899417 ], [ 2538065.031, 1153600.884 ], [ 2538057.623000000137836, 1153610.886 ], [ 2538048.546999999787658, 1153622.554 ], [ 2538027.804, 1153651.077 ], [ 2538007.247, 1153676.635 ], [ 2537976.316999999806285, 1153717.567 ], [ 2537944.836999999824911, 1153758.077 ], [ 2537934.764, 1153770.777 ], [ 2537931.086999999824911, 1153776.118 ], [ 2537928.348000000230968, 1153780.166 ], [ 2537925.396000000182539, 1153785.315 ], [ 2537924.696, 1153788.544 ], [ 2537923.901999999769032, 1153792.206 ], [ 2537923.162, 1153798.688 ], [ 2537923.347, 1153806.835999999893829 ], [ 2537924.457, 1153815.541999999899417 ], [ 2537926.68099999986589, 1153824.987999999895692 ], [ 2537930.199, 1153832.767 ], [ 2537935.200000000186265, 1153840.173 ], [ 2537941.497, 1153847.582 ], [ 2537950.757000000216067, 1153855.732 ], [ 2537961.5, 1153860.547 ], [ 2537969.649000000208616, 1153863.141 ], [ 2537975.575999999884516, 1153863.696 ], [ 2537983.725999999791384, 1153864.066000000108033 ], [ 2537988.546999999787658, 1153863.878 ], [ 2537994.836999999824911, 1153863.141 ], [ 2538000.950000000186265, 1153860.547 ], [ 2538005.950000000186265, 1153857.213 ], [ 2538021.691999999806285, 1153846.472 ], [ 2538044.288000000175089, 1153832.395 ], [ 2538081.699, 1153808.874 ], [ 2538097.707, 1153798.585 ], [ 2538105.037, 1153793.872 ], [ 2538117.075000000186265, 1153787.945 ], [ 2538128.927999999839813, 1153783.685 ], [ 2538140.041000000201166, 1153781.463 ], [ 2538154.858, 1153780.538 ], [ 2538165.784, 1153781.834 ], [ 2538176.711999999824911, 1153785.538 ], [ 2538183.379999999888241, 1153788.872 ], [ 2538190.602, 1153792.946 ], [ 2538196.714999999850988, 1153796.835 ], [ 2538209.494, 1153807.948 ], [ 2538215.606999999843538, 1153817.022000000113621 ], [ 2538220.977, 1153827.95 ], [ 2538223.754999999888241, 1153839.987999999895692 ], [ 2538225.793, 1153849.806 ] ], [ [ 2538287.240000000223517, 1152891.175 ], [ 2538286.669000000227243, 1152891.577 ], [ 2538286.089999999850988, 1152891.874 ], [ 2538285.478000000119209, 1152892.093000000109896 ], [ 2538284.844, 1152892.227 ], [ 2538284.194999999832362, 1152892.277 ], [ 2538283.58600000012666, 1152892.243 ], [ 2538282.946, 1152892.125 ], [ 2538282.375, 1152891.941000000108033 ], [ 2538281.787, 1152891.665 ], [ 2538281.240000000223517, 1152891.312 ], [ 2538280.71100000012666, 1152890.856 ], [ 2538280.313, 1152890.409 ], [ 2538279.946, 1152889.872 ], [ 2538279.654, 1152889.291 ], [ 2538279.430000000167638, 1152888.629999999888241 ], [ 2538303.036363904830068, 1152854.431399285094813 ], [ 2538298.618895010557026, 1152833.230718162376434 ], [ 2538257.082349830307066, 1152735.066404551500455 ], [ 2538273.409747200552374, 1152648.237732641166076 ], [ 2538289.803480909205973, 1152608.715669796103612 ], [ 2538322.794692440889776, 1152590.374643904156983 ], [ 2538360.997290934436023, 1152588.726660541025922 ], [ 2538387.454169426579028, 1152588.45532161090523 ], [ 2538404.877532706130296, 1152567.343719718046486 ] ], [ [ 2538049.474, 1152759.296 ], [ 2538065.957, 1152752.813 ], [ 2538080.589000000152737, 1152745.776 ], [ 2538087.441999999806285, 1152743.924000000115484 ], [ 2538094.109000000171363, 1152745.036 ], [ 2538099.295, 1152746.703 ], [ 2538103.740000000223517, 1152749.665 ], [ 2538107.629999999888241, 1152754.666999999899417 ], [ 2538111.518999999854714, 1152762.629999999888241 ], [ 2538118.187, 1152777.261 ], [ 2538118.952, 1152778.94 ], [ 2538124.853999999817461, 1152791.893 ], [ 2538132.447000000160187, 1152807.45 ], [ 2538141.708000000100583, 1152828.751 ], [ 2538154.673, 1152858.383 ], [ 2538165.969, 1152885.794 ], [ 2538181.713, 1152919.502 ], [ 2538188.937, 1152930.058999999891967 ], [ 2538198.568, 1152941.541 ], [ 2538207.642, 1152951.172 ], [ 2538215.606999999843538, 1152958.766 ], [ 2538223.94, 1152965.989 ], [ 2538232.830999999772757, 1152972.101 ], [ 2538240.795, 1152977.842 ], [ 2538252.278, 1152984.324 ], [ 2538263.94400000013411, 1152990.622 ], [ 2538278.578000000212342, 1152998.214 ] ], [ [ 2538287.664032362867147, 1152891.115537947509438 ], [ 2538313.87900000018999, 1152914.218000000109896 ], [ 2538316.73, 1152916.91 ], [ 2538396.555000000167638, 1152976.732 ], [ 2538399.889, 1152978.954 ], [ 2538405.546999999787658, 1152983.456 ], [ 2538408.963, 1152987.288 ], [ 2538409.890000000130385, 1152992.659 ], [ 2538412.481999999843538, 1153007.662 ], [ 2538411.927000000141561, 1153016.551 ], [ 2538414.15, 1153023.960999999893829 ], [ 2538416.372, 1153032.663 ], [ 2538416.557, 1153038.776 ], [ 2538415.631, 1153043.963 ], [ 2538413.811000000219792, 1153049.865 ], [ 2538408.978999999817461, 1153065.533 ], [ 2538406.55599999986589, 1153075.077 ], [ 2538403.779, 1153086.19 ], [ 2538401.37099999981001, 1153091.56 ], [ 2538398.222, 1153095.819 ], [ 2538394.148, 1153099.525 ], [ 2538388.96100000012666, 1153103.043 ], [ 2538380.256, 1153107.674000000115484 ], [ 2538362.106000000145286, 1153118.602 ], [ 2538351.734999999869615, 1153124.713 ], [ 2538346.364, 1153128.418 ], [ 2538340.623000000137836, 1153133.974 ], [ 2538332.473000000230968, 1153141.568 ], [ 2538316.545, 1153157.495000000111759 ], [ 2538298.395, 1153175.09 ], [ 2538277.83600000012666, 1153194.166 ], [ 2538268.761, 1153203.427 ], [ 2538265.242999999783933, 1153208.428 ], [ 2538262.279, 1153214.352999999886379 ], [ 2538258.944999999832362, 1153223.8 ], [ 2538257.649000000208616, 1153230.467 ], [ 2538258.204, 1153238.431 ], [ 2538259.687, 1153246.396 ], [ 2538261.352, 1153254.173 ], [ 2538261.484999999869615, 1153254.948 ], [ 2538262.833999999798834, 1153262.879 ], [ 2538263.021000000182539, 1153270.473 ], [ 2538261.352, 1153299.55 ], [ 2538260.426, 1153311.958000000100583 ], [ 2538260.426, 1153319.737999999895692 ], [ 2538261.352, 1153323.071 ], [ 2538263.205999999772757, 1153325.665 ], [ 2538266.725, 1153327.147000000113621 ], [ 2538271.724, 1153326.59 ], [ 2538275.799000000115484, 1153323.998 ], [ 2538276.910999999847263, 1153319.368 ], [ 2538277.094, 1153311.588 ], [ 2538276.356000000145286, 1153301.772000000113621 ], [ 2538277.281, 1153295.475 ], [ 2538280.430000000167638, 1153282.882 ], [ 2538281.910999999847263, 1153274.916999999899417 ], [ 2538287.282000000122935, 1153253.620000000111759 ], [ 2538290.061000000219792, 1153246.025 ], [ 2538295.24599999981001, 1153239.913 ], [ 2538299.319999999832362, 1153236.209 ], [ 2538304.691000000108033, 1153233.061 ], [ 2538310.987999999895692, 1153231.022000000113621 ], [ 2538322.100999999791384, 1153228.615 ], [ 2538335.251000000163913, 1153226.393 ], [ 2538344.511, 1153226.578 ], [ 2538351.92, 1153227.688 ], [ 2538359.327, 1153230.467 ], [ 2538364.883, 1153233.986 ], [ 2538371.367, 1153238.246 ], [ 2538373.034, 1153239.543 ], [ 2538378.404999999795109, 1153244.357 ], [ 2538386.924000000115484, 1153253.248 ], [ 2538392.48, 1153260.841 ], [ 2538393.31, 1153262.406 ], [ 2538397.296999999787658, 1153269.916999999899417 ], [ 2538400.629999999888241, 1153276.399 ], [ 2538403.407999999821186, 1153285.474 ], [ 2538405.629999999888241, 1153294.548 ], [ 2538408.038000000175089, 1153309.921 ], [ 2538412.11200000019744, 1153326.22 ], [ 2538416.927999999839813, 1153352.52 ], [ 2538422.298, 1153381.598 ], [ 2538427.855, 1153414.936 ], [ 2538432.484999999869615, 1153444.198 ], [ 2538459.612129940185696, 1153564.577153770718724 ] ], [ [ 2538801.535000000149012, 1154223.321 ], [ 2538796.455, 1154222.764 ], [ 2538793.279999999795109, 1154223.083000000100583 ], [ 2538790.580999999772757, 1154224.352999999886379 ], [ 2538787.724, 1154227.051 ], [ 2538785.739, 1154229.987999999895692 ], [ 2538768.268999999854714, 1154258.56 ], [ 2538760.305000000167638, 1154270.969 ], [ 2538757.341, 1154275.415 ], [ 2538754.4, 1154278.446 ], [ 2538750.262000000104308, 1154283.07 ], [ 2538746.154, 1154286.675 ], [ 2538744.764, 1154287.68 ], [ 2538740.541999999899417, 1154290.736 ], [ 2538734.745000000111759, 1154294.158 ], [ 2538733.390000000130385, 1154294.74 ], [ 2538728.234999999869615, 1154301.31 ], [ 2538726.31900000013411, 1154303.408 ], [ 2538722.384999999776483, 1154306.858 ], [ 2538721.148, 1154307.986 ], [ 2538715.853000000119209, 1154313.735000000102445 ], [ 2538712.796999999787658, 1154317.888 ], [ 2538709.791000000201166, 1154323.205 ], [ 2538709.237999999895692, 1154324.185 ], [ 2538706.316000000108033, 1154331.35 ], [ 2538703.441000000108033, 1154340.021 ], [ 2538698.87900000018999, 1154352.477999999886379 ], [ 2538697.83, 1154354.805 ], [ 2538695.957, 1154357.04 ], [ 2538693.859000000171363, 1154358.821 ], [ 2538682.861, 1154365.163 ], [ 2538671.271000000182539, 1154371.05 ], [ 2538667.390000000130385, 1154372.648 ], [ 2538666.241, 1154372.881 ], [ 2538661.846, 1154373.77 ], [ 2538662.490000000223517, 1154382.518 ], [ 2538664.333000000100583, 1154397.114 ], [ 2538667.406, 1154418.003 ], [ 2538670.35, 1154434.773 ], [ 2538671.219, 1154440.25 ], [ 2538672.231000000145286, 1154455.195 ], [ 2538672.923, 1154466.791 ], [ 2538673.0, 1154477.313 ], [ 2538672.384999999776483, 1154491.599 ], [ 2538671.08, 1154502.658 ], [ 2538667.08600000012666, 1154528.004 ], [ 2538665.858, 1154535.837 ], [ 2538664.705, 1154543.901 ], [ 2538664.092000000178814, 1154553.195 ], [ 2538663.751000000163913, 1154566.247 ], [ 2538663.673, 1154573.423 ], [ 2538663.830999999772757, 1154586.679 ], [ 2538664.421, 1154590.475 ], [ 2538665.895, 1154593.346 ], [ 2538669.714000000152737, 1154597.283 ], [ 2538654.19554088357836, 1154643.920469143427908 ], [ 2538616.738984852097929, 1154737.840792986331508 ], [ 2538595.954300684388727, 1154758.141671260818839 ], [ 2538562.464544915594161, 1154767.691299875499681 ], [ 2538531.485115149058402, 1154776.378397702472284 ] ], [ [ 2538801.998999999836087, 1154223.42 ], [ 2538804.569999999832362, 1154211.332 ], [ 2538806.606999999843538, 1154200.960999999893829 ], [ 2538807.538000000175089, 1154197.607 ], [ 2538809.384, 1154190.96 ], [ 2538812.165, 1154184.477 ], [ 2538825.313999999780208, 1154158.362999999895692 ], [ 2538831.609999999869615, 1154145.584 ], [ 2538834.389, 1154138.360000000102445 ], [ 2538836.796, 1154129.654 ], [ 2538838.649000000208616, 1154117.061 ], [ 2538842.538000000175089, 1154096.502 ], [ 2538844.759999999776483, 1154079.278 ], [ 2538847.724, 1154056.869 ], [ 2538849.575999999884516, 1154039.088 ], [ 2538849.761, 1154027.235000000102445 ], [ 2538849.390999999828637, 1153987.971 ], [ 2538847.53899999987334, 1153957.967 ], [ 2538845.501999999862164, 1153943.707 ], [ 2538844.018999999854714, 1153928.889 ], [ 2538840.87099999981001, 1153909.258 ], [ 2538838.092999999877065, 1153895.551 ], [ 2538834.389, 1153884.253 ], [ 2538829.018000000156462, 1153874.437 ], [ 2538821.239, 1153862.956 ], [ 2538808.830999999772757, 1153845.916999999899417 ], [ 2538777.159, 1153804.985000000102445 ], [ 2538761.998000000137836, 1153785.623 ], [ 2538761.787, 1153785.352999999886379 ], [ 2538751.231000000145286, 1153769.610000000102445 ], [ 2538746.921, 1153764.533 ], [ 2538740.858, 1153757.386 ], [ 2538737.71100000012666, 1153756.09 ], [ 2538728.633, 1153753.496 ], [ 2538719.373999999836087, 1153754.053 ], [ 2538709.372, 1153755.72 ], [ 2538694.372, 1153762.017 ], [ 2538675.108, 1153769.795 ], [ 2538651.957, 1153778.686 ], [ 2538641.216, 1153781.834 ], [ 2538631.028, 1153784.056 ], [ 2538621.583999999798834, 1153785.908 ], [ 2538611.767, 1153786.833000000100583 ], [ 2538596.950999999884516, 1153787.389999999897555 ], [ 2538586.208999999798834, 1153786.648 ], [ 2538570.466, 1153785.352999999886379 ], [ 2538563.242999999783933, 1153784.241 ], [ 2538556.390999999828637, 1153782.76 ], [ 2538547.870000000111759, 1153779.981 ], [ 2538542.748000000137836, 1153777.571 ], [ 2538538.424999999813735, 1153775.537 ], [ 2538527.312, 1153769.425 ], [ 2538518.793, 1153762.942 ], [ 2538509.717000000178814, 1153755.349 ], [ 2538502.679, 1153747.2 ], [ 2538498.975999999791384, 1153741.829 ], [ 2538497.494, 1153737.569 ], [ 2538495.457, 1153729.233 ], [ 2538492.492999999783933, 1153717.01 ], [ 2538488.660000000149012, 1153698.656 ], [ 2538480.268999999854714, 1153658.485000000102445 ], [ 2538472.861, 1153623.110000000102445 ], [ 2538464.711999999824911, 1153585.883 ], [ 2538460.265999999828637, 1153565.139 ] ], [ [ 2538138.037401109468192, 1152471.908298237714916 ], [ 2538059.326050257775933, 1152440.063011597376317 ], [ 2538049.593581978231668, 1152433.045956131070852 ], [ 2537980.862512705847621, 1152447.571033083833754 ], [ 2537844.767278046812862, 1152466.561296440195292 ], [ 2537713.250573358032852, 1152501.730453114723787 ], [ 2537683.158851904328912, 1152505.915104339597747 ], [ 2537669.515391041059047, 1152496.427297416608781 ], [ 2537633.075816163327545, 1152506.120705974521115 ], [ 2537525.486563725396991, 1152539.89416017383337 ], [ 2537422.727, 1152533.712 ], [ 2537373.899000000208616, 1152534.082 ], [ 2537373.833000000100583, 1152534.082 ], [ 2537329.938, 1152537.231 ], [ 2537304.058999999891967, 1152537.727999999886379 ], [ 2537301.045, 1152537.786 ], [ 2537289.933000000193715, 1152536.859 ], [ 2537275.116, 1152535.194 ], [ 2537220.407999999821186, 1152527.158 ], [ 2537167.702, 1152519.435 ], [ 2537151.006, 1152517.191000000108033 ], [ 2537139.793, 1152516.319 ], [ 2537113.003, 1152516.194 ], [ 2537087.83600000012666, 1152515.54 ], [ 2537065.032999999821186, 1152514.947 ], [ 2537030.27, 1152513.523 ], [ 2536972.579, 1152511.709 ], [ 2536961.913000000175089, 1152511.91 ], [ 2536926.350999999791384, 1152512.582 ], [ 2536894.454, 1152516.692 ], [ 2536884.796999999787658, 1152518.533 ], [ 2536831.390000000130385, 1152529.598 ], [ 2536815.236, 1152533.606 ], [ 2536795.981000000145286, 1152539.639 ], [ 2536782.830999999772757, 1152530.192 ], [ 2536779.126999999862164, 1152528.712 ], [ 2536774.683000000193715, 1152527.97 ], [ 2536770.052999999839813, 1152526.673 ], [ 2536759.495000000111759, 1152526.305 ], [ 2536745.42, 1152526.305 ], [ 2536731.528, 1152525.193 ], [ 2536723.009, 1152524.636 ], [ 2536710.600999999791384, 1152522.784 ], [ 2536697.634, 1152519.636 ], [ 2536693.737999999895692, 1152518.183999999891967 ], [ 2536685.967999999877065, 1152514.822 ], [ 2536676.708000000100583, 1152510.931 ], [ 2536667.446, 1152505.561 ], [ 2536658.186000000219792, 1152498.893 ], [ 2536652.074, 1152503.152 ], [ 2536646.518000000156462, 1152505.19 ], [ 2536640.96100000012666, 1152505.932 ], [ 2536633.737999999895692, 1152505.561 ], [ 2536620.177000000141561, 1152504.144 ], [ 2536611.881, 1152503.277 ], [ 2536587.62099999981001, 1152500.745000000111759 ], [ 2536568.359999999869615, 1152498.708000000100583 ], [ 2536560.580999999772757, 1152498.153 ], [ 2536553.171999999787658, 1152497.411 ], [ 2536543.171, 1152498.338 ], [ 2536533.910999999847263, 1152501.115 ], [ 2536528.356000000145286, 1152504.264 ], [ 2536522.242999999783933, 1152509.079 ], [ 2536516.017, 1152515.632 ], [ 2536509.28899999987334, 1152522.746 ], [ 2536500.389, 1152532.602 ], [ 2536491.683999999891967, 1152540.565 ], [ 2536482.052000000141561, 1152545.937 ], [ 2536474.089000000152737, 1152549.825999999884516 ], [ 2536464.643000000156462, 1152552.048 ], [ 2536419.23, 1152562.335999999893829 ], [ 2536410.916999999899417, 1152564.219 ], [ 2536407.41399999987334, 1152565.013 ], [ 2536398.222, 1152567.574 ], [ 2536380.906, 1152572.398 ], [ 2536354.842999999877065, 1152582.452 ], [ 2536298.074, 1152604.494 ], [ 2536286.398, 1152609.677 ], [ 2536271.619, 1152615.504999999888241 ], [ 2536260.171999999787658, 1152620.019 ], [ 2536256.098000000230968, 1152622.983 ], [ 2536254.43099999986589, 1152629.28 ], [ 2536255.358, 1152637.615 ], [ 2536256.838, 1152660.024 ], [ 2536258.319999999832362, 1152692.25 ], [ 2536258.691999999806285, 1152704.476 ], [ 2536257.58, 1152710.217 ], [ 2536254.801, 1152717.439 ], [ 2536250.356000000145286, 1152724.291999999899417 ], [ 2536242.393000000156462, 1152731.331 ], [ 2536234.614, 1152735.403 ], [ 2536227.205, 1152736.700999999884516 ], [ 2536230.725, 1152751.518 ], [ 2536232.947000000160187, 1152759.851 ], [ 2536234.614, 1152763.926 ], [ 2536240.16399999987334, 1152781.411 ], [ 2536250.211999999824911, 1152813.06 ], [ 2536256.100999999791384, 1152831.526 ], [ 2536257.208000000100583, 1152835.418 ], [ 2536259.98700000019744, 1152845.789000000106171 ], [ 2536261.469, 1152853.197 ], [ 2536261.469, 1152858.939 ], [ 2536259.062, 1152865.422 ], [ 2536255.913000000175089, 1152870.606 ], [ 2536250.541000000201166, 1152875.977999999886379 ], [ 2536245.171999999787658, 1152879.127 ], [ 2536239.244, 1152880.979 ], [ 2536232.392, 1152882.46 ], [ 2536225.910000000149012, 1152882.275 ], [ 2536215.168, 1152878.2 ], [ 2536198.128, 1152870.791 ], [ 2536191.089999999850988, 1152867.644 ], [ 2536184.403, 1152865.744 ], [ 2536176.578000000212342, 1152864.109 ], [ 2536175.651112719904631, 1152870.372335992055014 ], [ 2536165.599455980584025, 1152872.990965756354854 ], [ 2536150.473058943636715, 1152872.314395647728816 ], [ 2536105.271891231648624, 1152887.028699078829959 ], [ 2536055.880564777180552, 1152902.625181254697964 ], [ 2536014.012524381279945, 1152914.792799405287951 ], [ 2535975.512985453009605, 1152927.762072608340532 ], [ 2535951.90785071766004, 1152919.640854811528698 ], [ 2535949.236578682437539, 1152905.435573095455766 ], [ 2535952.310451185330749, 1152878.609765246976167 ], [ 2535964.738842187914997, 1152862.568879328668118 ], [ 2535988.648934200871736, 1152820.449646042659879 ], [ 2536005.205567116383463, 1152797.666358233895153 ], [ 2536013.41706768469885, 1152779.99568086466752 ], [ 2536043.599073041696101, 1152774.650569816119969 ], [ 2536102.256779035553336, 1152761.467035457026213 ], [ 2536120.760768249630928, 1152763.782195224426687 ], [ 2536126.00471365544945, 1152782.984315202338621 ], [ 2536122.867715313099325, 1152803.950054645072669 ], [ 2536103.03131081070751, 1152834.303477377165109 ], [ 2536124.912340161390603, 1152838.257286569802091 ], [ 2536136.026355341542512, 1152856.559493125882 ], [ 2536148.775543912313879, 1152870.657864056294784 ] ] ] } },
{ "type": "Feature", "properties": { "CADRE_NO": "10.006", "DDT_URL": null, "ETC_NOM": "Transports publics de la région lausannoise", "ETC_SIGLE": "TL", "ETC_URL": "https://www.t-l.ch", "GO_CENTRE": 0, "HORAIR_URL": "https://www.tableaux-horaires.ch/fileadmin/fap_pdf_fields/2025/10.006.pdf", "LIGNE_NO": "6", "LIGNE_NOM": "Lausanne Maladière - Mont d'Or - Cécil - Victor-Ruffy - Praz-Séchaud", "LIGNE_SIGL": null, "LIGNE_TYPE": "Trolleybus", "PLAN_URL": "https://prestations.vd.ch/pub/101587/api/download/2_Cartographie_et_geodonnees/2.1_Carte_des_reseaux/Carte_des_lignes_TP/topo/ligne_10.006.pdf", "SHAPE_LEN": 8323.761 }, "geometry": { "type": "MultiLineString", "coordinates": [ [ [ 2538493.418, 1152470.741 ], [ 2538519.903, 1152492.411 ], [ 2538530.830999999772757, 1152503.522000000113621 ], [ 2538540.276999999769032, 1152510.376 ], [ 2538548.05599999986589, 1152514.635 ], [ 2538556.205999999772757, 1152516.857 ], [ 2538570.466, 1152520.006 ], [ 2538590.282999999821186, 1152523.154 ], [ 2538605.470000000204891, 1152526.673 ], [ 2538614.916000000201166, 1152531.119 ], [ 2538622.139, 1152536.674000000115484 ], [ 2538628.066000000108033, 1152542.602999999886379 ], [ 2538631.77, 1152548.159 ], [ 2538633.992, 1152552.974 ], [ 2538637.511, 1152560.197 ], [ 2538638.807, 1152565.568 ], [ 2538639.364, 1152571.123 ], [ 2538639.549000000115484, 1152573.162 ], [ 2538639.364, 1152578.533 ], [ 2538637.882000000216067, 1152600.017 ], [ 2538637.916000000201166, 1152614.127 ], [ 2538638.066999999806285, 1152620.574 ], [ 2538638.08600000012666, 1152630.319 ], [ 2538643.253, 1152630.207 ], [ 2538649.92, 1152630.392 ], [ 2538675.478000000119209, 1152631.131 ], [ 2538679.924000000115484, 1152630.392 ], [ 2538685.295, 1152628.354 ], [ 2538690.666999999899417, 1152625.02 ], [ 2538696.223000000230968, 1152619.279 ], [ 2538717.893000000156462, 1152590.016 ], [ 2538724.188999999780208, 1152581.681 ], [ 2538739.191000000108033, 1152561.494 ], [ 2538746.6, 1152551.493 ], [ 2538751.971, 1152545.379999999888241 ], [ 2538755.304, 1152542.416999999899417 ], [ 2538764.379999999888241, 1152538.158 ], [ 2538776.231999999843538, 1152534.452 ], [ 2538790.123999999836087, 1152530.379 ], [ 2538803.475999999791384, 1152527.469 ], [ 2538804.569999999832362, 1152527.23 ], [ 2538819.757000000216067, 1152523.710999999893829 ], [ 2538851.798, 1152516.857 ], [ 2538878.097, 1152512.413 ], [ 2538903.841, 1152508.894 ], [ 2538932.179, 1152505.561 ], [ 2538956.626999999862164, 1152503.709 ], [ 2538986.444999999832362, 1152501.672 ], [ 2539002.372, 1152500.745000000111759 ], [ 2539027.932, 1152501.3 ], [ 2539041.452, 1152502.781999999890104 ], [ 2539054.787, 1152505.004999999888241 ], [ 2539074.603999999817461, 1152510.19 ], [ 2539109.793, 1152519.636 ], [ 2539123.498999999836087, 1152524.081 ], [ 2539141.464999999850988, 1152530.007 ], [ 2539160.725999999791384, 1152538.158 ], [ 2539175.543, 1152544.825 ], [ 2539199.62099999981001, 1152557.048 ], [ 2539220.798, 1152569.897000000113621 ] ], [ [ 2540326.204, 1153854.620000000111759 ], [ 2540326.258, 1153853.931 ], [ 2540326.4, 1153853.297 ], [ 2540326.623999999836087, 1153852.688 ], [ 2540326.930000000167638, 1153852.115 ], [ 2540327.31, 1153851.589 ], [ 2540327.721, 1153851.152 ], [ 2540328.265999999828637, 1153850.712 ], [ 2540328.779, 1153850.403 ], [ 2540329.845000000204891, 1153850.0 ], [ 2540330.443, 1153849.892 ], [ 2540331.091, 1153849.861 ], [ 2540331.737999999895692, 1153849.918 ], [ 2540332.42, 1153850.077 ], [ 2540332.98, 1153850.29 ], [ 2540333.551, 1153850.598 ], [ 2540334.077, 1153850.983 ], [ 2540334.544000000227243, 1153851.433 ], [ 2540334.947000000160187, 1153851.943 ], [ 2540335.276, 1153852.501 ], [ 2540335.528, 1153853.1 ], [ 2540335.705999999772757, 1153853.784 ], [ 2540335.779999999795109, 1153854.423 ], [ 2540335.76299999980256, 1153855.121 ], [ 2540335.666000000201166, 1153855.713 ], [ 2540335.461999999824911, 1153856.383 ], [ 2540335.211999999824911, 1153856.926 ], [ 2540334.549000000115484, 1153857.862999999895692 ], [ 2540351.617999999783933, 1153874.622 ], [ 2540408.106999999843538, 1153937.224 ], [ 2540442.37099999981001, 1153977.229 ], [ 2540457.742999999783933, 1153994.268 ], [ 2540503.859999999869615, 1154042.791999999899417 ], [ 2540529.062, 1154071.368 ], [ 2540533.384, 1154076.267 ], [ 2540535.714999999850988, 1154078.908 ] ], [ [ 2540334.549000000115484, 1153857.862999999895692 ], [ 2540334.043, 1153858.347 ], [ 2540333.558999999891967, 1153858.698 ], [ 2540332.941999999806285, 1153859.029 ], [ 2540332.330999999772757, 1153859.253 ], [ 2540331.697000000160187, 1153859.389999999897555 ], [ 2540331.145, 1153859.44 ], [ 2540330.497, 1153859.416 ], [ 2540329.856000000145286, 1153859.306 ], [ 2540329.191000000108033, 1153859.09 ], [ 2540328.606999999843538, 1153858.805 ], [ 2540328.106999999843538, 1153858.475 ], [ 2540327.616, 1153858.048 ], [ 2540327.188, 1153857.562 ], [ 2540326.829, 1153857.018 ], [ 2540326.529, 1153856.387000000104308 ], [ 2540326.347, 1153855.816000000108033 ], [ 2540326.204, 1153854.620000000111759 ], [ 2540319.390999999828637, 1153854.620000000111759 ], [ 2540309.761, 1153856.102999999886379 ], [ 2540287.906, 1153860.547 ], [ 2540270.126999999862164, 1153865.548 ], [ 2540266.51299999980256, 1153866.805 ], [ 2540253.088, 1153871.475 ], [ 2540239.382000000216067, 1153877.401 ], [ 2540224.935, 1153885.55 ], [ 2540220.586999999824911, 1153888.579 ], [ 2540214.563999999780208, 1153892.774 ], [ 2540195.858, 1153907.404 ], [ 2540181.225999999791384, 1153920.554 ], [ 2540151.223000000230968, 1153948.151 ], [ 2540098.623000000137836, 1153997.416999999899417 ], [ 2540068.063999999780208, 1154026.308999999891967 ], [ 2540036.764, 1154055.202 ], [ 2540027.503, 1154061.314 ], [ 2540016.390000000130385, 1154067.797 ], [ 2540007.315, 1154072.241 ], [ 2539997.683999999891967, 1154075.389 ], [ 2539983.609000000171363, 1154079.278 ], [ 2539972.68099999986589, 1154080.945 ], [ 2539965.643999999854714, 1154080.945 ], [ 2539957.494, 1154080.575 ], [ 2539947.677000000141561, 1154079.278 ], [ 2539938.416999999899417, 1154077.241 ], [ 2539926.563999999780208, 1154073.908 ], [ 2539914.71100000012666, 1154070.759 ], [ 2539900.21100000012666, 1154066.742 ], [ 2539875.261, 1154059.831 ], [ 2539808.771999999880791, 1154041.682 ], [ 2539782.842000000178814, 1154034.088 ], [ 2539744.50400000018999, 1154023.345 ], [ 2539730.799000000115484, 1154019.271 ], [ 2539717.464000000152737, 1154016.122 ], [ 2539699.498999999836087, 1154013.715 ], [ 2539696.341, 1154013.452 ], [ 2539690.609000000171363, 1154012.974 ], [ 2539680.608, 1154012.232 ], [ 2539675.48700000019744, 1154012.342 ], [ 2539671.901999999769032, 1154012.419 ], [ 2539664.680000000167638, 1154012.789000000106171 ], [ 2539653.566999999806285, 1154014.642 ], [ 2539650.251999999862164, 1154015.564 ], [ 2539638.935, 1154018.714 ], [ 2539630.045, 1154021.308999999891967 ], [ 2539621.339999999850988, 1154023.717 ], [ 2539592.818, 1154032.976 ], [ 2539578.37099999981001, 1154036.495000000111759 ], [ 2539566.518999999854714, 1154039.088 ], [ 2539552.258, 1154041.125 ], [ 2539538.923, 1154042.236 ], [ 2539523.179, 1154042.236 ], [ 2539507.623000000137836, 1154041.125 ], [ 2539492.989, 1154039.088 ], [ 2539475.21, 1154034.829 ], [ 2539460.579, 1154030.012000000104308 ], [ 2539446.873999999836087, 1154024.828 ], [ 2539434.267, 1154018.381 ], [ 2539430.575000000186265, 1154016.492 ], [ 2539420.018999999854714, 1154010.382 ], [ 2539407.054, 1154000.935 ], [ 2539393.162, 1153989.823 ], [ 2539380.014, 1153978.895 ], [ 2539368.344, 1153968.893 ], [ 2539361.123000000137836, 1153962.041 ], [ 2539354.268999999854714, 1153954.263 ], [ 2539347.525, 1153945.591 ], [ 2539344.066000000108033, 1153940.583000000100583 ], [ 2539337.268000000156462, 1153930.274 ], [ 2539328.734000000171363, 1153916.818 ], [ 2539320.983, 1153904.323 ], [ 2539310.137000000104308, 1153886.435 ], [ 2539298.775, 1153866.987 ], [ 2539295.554, 1153859.947 ], [ 2539291.258, 1153847.661 ], [ 2539289.69400000013411, 1153840.132 ], [ 2539289.58600000012666, 1153833.963 ] ], [ [ 2536504.244, 1152059.337 ], [ 2536503.839000000152737, 1152059.832 ], [ 2536503.328000000212342, 1152060.31 ], [ 2536502.796999999787658, 1152060.686 ], [ 2536502.268999999854714, 1152060.97 ], [ 2536501.662, 1152061.204 ], [ 2536501.031, 1152061.356 ], [ 2536500.33600000012666, 1152061.429 ], [ 2536499.719, 1152061.412 ], [ 2536499.126000000163913, 1152061.323 ], [ 2536498.501000000163913, 1152061.148 ], [ 2536497.859000000171363, 1152060.870000000111759 ], [ 2536497.344, 1152060.562 ], [ 2536496.794000000227243, 1152060.128 ], [ 2536496.342999999877065, 1152059.662 ], [ 2536495.955, 1152059.142 ], [ 2536495.637000000104308, 1152058.574 ], [ 2536495.413000000175089, 1152058.018 ], [ 2536495.186000000219792, 1152057.02 ] ], [ [ 2537106.139, 1152042.625 ], [ 2537097.795, 1152050.003 ], [ 2537086.759, 1152059.762000000104308 ], [ 2537018.973000000230968, 1152118.844 ], [ 2536973.041999999899417, 1152159.404 ], [ 2536951.001000000163913, 1152178.297 ], [ 2536947.943, 1152181.039000000106171 ], [ 2536945.629999999888241, 1152183.112 ], [ 2536919.330999999772757, 1152205.893 ], [ 2536908.032999999821186, 1152216.634 ], [ 2536902.291999999899417, 1152223.117 ], [ 2536897.846, 1152231.081 ], [ 2536894.883, 1152238.675 ], [ 2536893.031, 1152247.565 ], [ 2536893.031, 1152252.75 ], [ 2536893.031, 1152258.306 ], [ 2536894.51299999980256, 1152265.715 ], [ 2536896.734999999869615, 1152271.825999999884516 ], [ 2536899.51299999980256, 1152277.568 ], [ 2536904.699, 1152284.421 ], [ 2536908.774000000208616, 1152288.681 ], [ 2536914.515000000130385, 1152293.312 ], [ 2536920.441000000108033, 1152296.831 ], [ 2536926.552999999839813, 1152299.609 ], [ 2536932.109999999869615, 1152301.09 ], [ 2536939.88799999980256, 1152302.200999999884516 ], [ 2536948.964000000152737, 1152302.943 ], [ 2536963.594, 1152301.831 ], [ 2536996.927000000141561, 1152299.344 ], [ 2537000.822000000160187, 1152299.053 ], [ 2537018.602, 1152298.126 ], [ 2537028.916999999899417, 1152298.626 ], [ 2537030.085, 1152298.683 ], [ 2537035.640999999828637, 1152299.609 ], [ 2537053.525, 1152306.893 ], [ 2537088.469, 1152321.818 ], [ 2537104.521999999880791, 1152329.241 ], [ 2537112.098000000230968, 1152332.777 ], [ 2537143.432, 1152345.91 ], [ 2537171.955999999772757, 1152356.096 ], [ 2537210.106999999843538, 1152368.876 ], [ 2537228.62900000018999, 1152373.877 ], [ 2537269.93099999986589, 1152382.766 ], [ 2537310.861, 1152391.842 ], [ 2537360.128, 1152403.139999999897555 ], [ 2537378.461999999824911, 1152406.844 ], [ 2537376.424999999813735, 1152411.104 ], [ 2537375.128, 1152416.105 ], [ 2537375.128, 1152422.585999999893829 ], [ 2537375.685, 1152429.44 ], [ 2537377.352, 1152437.404 ], [ 2537399.947999999858439, 1152483.705 ], [ 2537404.151, 1152492.933999999891967 ], [ 2537422.727, 1152533.712 ], [ 2537430.904, 1152551.66 ], [ 2537437.046999999787658, 1152564.784 ], [ 2537526.708000000100583, 1152744.314 ], [ 2537538.049000000115484, 1152767.69 ], [ 2537551.884999999776483, 1152796.209 ], [ 2537553.629999999888241, 1152800.775 ], [ 2537562.156, 1152799.06 ], [ 2537584.970000000204891, 1152793.003 ], [ 2537631.829, 1152778.558 ], [ 2537653.498000000137836, 1152770.964 ], [ 2537655.904999999795109, 1152769.852 ], [ 2537693.133, 1152750.591 ] ], [ [ 2538128.188, 1152353.319 ], [ 2538141.523, 1152349.058999999891967 ], [ 2538157.044000000227243, 1152344.435 ], [ 2538158.932, 1152343.873 ], [ 2538165.615000000223517, 1152342.079 ], [ 2538181.713, 1152337.761 ], [ 2538192.169000000227243, 1152335.952 ], [ 2538216.153, 1152331.8 ], [ 2538278.021000000182539, 1152321.092 ], [ 2538314.137000000104308, 1152318.313 ], [ 2538371.921999999787658, 1152306.832 ], [ 2538408.778, 1152300.164000000106171 ], [ 2538460.265999999828637, 1152288.31 ], [ 2538469.342000000178814, 1152287.014 ], [ 2538479.528, 1152287.385 ], [ 2538487.862999999895692, 1152289.051 ], [ 2538495.642, 1152291.643 ], [ 2538500.457, 1152294.791999999899417 ], [ 2538504.717999999877065, 1152298.682 ], [ 2538508.23700000019744, 1152305.35 ], [ 2538511.384999999776483, 1152313.869 ], [ 2538513.236, 1152321.647000000113621 ], [ 2538511.94, 1152326.279 ], [ 2538509.162, 1152331.093000000109896 ], [ 2538505.828000000212342, 1152334.982 ], [ 2538502.308999999891967, 1152337.761 ], [ 2538497.494, 1152340.911 ], [ 2538489.714999999850988, 1152345.91 ], [ 2538481.937, 1152351.837 ], [ 2538477.30599999986589, 1152357.208000000100583 ], [ 2538473.416000000201166, 1152362.764 ], [ 2538471.009, 1152368.876 ], [ 2538469.896999999880791, 1152373.877 ], [ 2538470.454, 1152378.137000000104308 ], [ 2538471.936000000219792, 1152382.396 ], [ 2538478.233, 1152394.436 ], [ 2538490.640999999828637, 1152425.735000000102445 ], [ 2538498.234999999869615, 1152445.922 ], [ 2538503.083000000100583, 1152460.291999999899417 ], [ 2538503.234999999869615, 1152460.74 ], [ 2538493.418, 1152470.741 ], [ 2538406.301307044457644, 1152567.957115365192294 ], [ 2538407.596052777953446, 1152612.321656337473541 ], [ 2538370.04110215511173, 1152636.151478692423552 ], [ 2538307.375678476411849, 1152668.612280047964305 ], [ 2538304.316989562939852, 1152697.949346911627799 ], [ 2538321.303768640849739, 1152716.195584520231932 ], [ 2538341.478145316243172, 1152717.663130039116368 ], [ 2538346.895418736618012, 1152754.448620471870527 ], [ 2538378.032555715180933, 1152842.044509433908388 ], [ 2538413.153536345344037, 1152908.666645372286439 ], [ 2538404.644618060439825, 1152979.921668938361108 ] ], [ [ 2536253.535000000149012, 1152269.518 ], [ 2536242.208000000100583, 1152260.528 ], [ 2536224.308000000193715, 1152243.457 ], [ 2536222.205999999772757, 1152241.452 ], [ 2536197.38799999980256, 1152215.709 ], [ 2536153.677999999839813, 1152170.887000000104308 ], [ 2536136.824, 1152153.849 ], [ 2536127.008, 1152145.884 ], [ 2536118.117, 1152139.772000000113621 ], [ 2536110.524000000208616, 1152136.253 ], [ 2536101.26299999980256, 1152133.291 ], [ 2536091.632000000216067, 1152131.254 ], [ 2536080.705999999772757, 1152130.698 ], [ 2536063.483, 1152131.439 ], [ 2536063.48, 1152131.439 ], [ 2536038.106999999843538, 1152132.92 ], [ 2536029.958999999798834, 1152133.291 ], [ 2536024.031, 1152134.588 ], [ 2536016.623999999836087, 1152137.55 ], [ 2536006.992, 1152147.737999999895692 ], [ 2535997.361, 1152156.256 ], [ 2535991.25, 1152158.479 ], [ 2535985.87900000018999, 1152157.924000000115484 ], [ 2535982.359999999869615, 1152155.33 ], [ 2535981.062, 1152152.183 ], [ 2535981.248999999836087, 1152148.293 ], [ 2535981.989, 1152145.699 ], [ 2535987.174999999813735, 1152142.551 ], [ 2535991.620000000111759, 1152140.514 ], [ 2536005.140000000130385, 1152138.477 ], [ 2536016.623999999836087, 1152137.55 ] ], [ [ 2536264.262000000104308, 1152268.262000000104308 ], [ 2536264.751999999862164, 1152268.718000000109896 ], [ 2536265.154999999795109, 1152269.164000000106171 ], [ 2536265.578000000212342, 1152269.721 ], [ 2536265.92, 1152270.273 ], [ 2536266.214999999850988, 1152270.852999999886379 ], [ 2536266.455, 1152271.456 ], [ 2536266.643000000156462, 1152272.078 ], [ 2536266.775, 1152272.713 ], [ 2536266.850999999791384, 1152273.360000000102445 ], [ 2536266.870000000111759, 1152273.959 ], [ 2536266.836999999824911, 1152274.608 ], [ 2536266.736, 1152275.3 ], [ 2536266.599, 1152275.884 ], [ 2536266.396999999880791, 1152276.502 ], [ 2536265.86200000019744, 1152277.627 ], [ 2536265.506, 1152278.174000000115484 ], [ 2536265.106999999843538, 1152278.687 ], [ 2536264.666000000201166, 1152279.162 ], [ 2536264.182, 1152279.598 ], [ 2536263.663000000175089, 1152279.989 ], [ 2536263.154999999795109, 1152280.308 ], [ 2536262.578000000212342, 1152280.605 ], [ 2536261.975999999791384, 1152280.851 ], [ 2536261.355, 1152281.043 ], [ 2536260.720000000204891, 1152281.18 ], [ 2536260.025, 1152281.264999999897555 ], [ 2536259.426, 1152281.284 ], [ 2536258.813, 1152281.253 ], [ 2536258.119, 1152281.156999999890104 ], [ 2536257.48700000019744, 1152281.01 ], [ 2536256.869, 1152280.806 ], [ 2536256.273, 1152280.549000000115484 ], [ 2536255.700000000186265, 1152280.242 ], [ 2536255.157000000122935, 1152279.885 ], [ 2536254.646999999880791, 1152279.481 ], [ 2536254.174999999813735, 1152279.036 ], [ 2536253.745000000111759, 1152278.549000000115484 ], [ 2536253.387000000104308, 1152278.068 ], [ 2536253.018999999854714, 1152277.472 ], [ 2536252.75, 1152276.936 ], [ 2536252.492, 1152276.285 ], [ 2536252.31, 1152275.661 ], [ 2536252.128, 1152274.57 ], [ 2536252.096, 1152273.929 ], [ 2536252.126000000163913, 1152273.231 ], [ 2536252.214000000152737, 1152272.587 ], [ 2536252.358, 1152271.953 ], [ 2536252.55599999986589, 1152271.334 ], [ 2536252.808000000193715, 1152270.733 ], [ 2536253.08600000012666, 1152270.203 ], [ 2536253.535000000149012, 1152269.518 ], [ 2536253.930000000167638, 1152269.026 ], [ 2536254.416999999899417, 1152268.523 ], [ 2536254.907999999821186, 1152268.099 ], [ 2536255.393999999854714, 1152267.746 ], [ 2536255.992999999783933, 1152267.387000000104308 ], [ 2536256.579, 1152267.105 ], [ 2536257.188, 1152266.877 ], [ 2536257.765000000130385, 1152266.712 ], [ 2536258.403, 1152266.589 ], [ 2536259.098000000230968, 1152266.52 ], [ 2536259.75, 1152266.514999999897555 ], [ 2536260.347, 1152266.562 ], [ 2536261.038000000175089, 1152266.675 ], [ 2536261.666999999899417, 1152266.84 ], [ 2536262.278, 1152267.058999999891967 ], [ 2536262.822000000160187, 1152267.308999999891967 ], [ 2536263.432, 1152267.653 ], [ 2536264.262000000104308, 1152268.262000000104308 ], [ 2536276.100999999791384, 1152254.602 ], [ 2536302.461999999824911, 1152226.236 ], [ 2536341.85, 1152183.852 ], [ 2536370.001999999862164, 1152153.294 ], [ 2536390.373999999836087, 1152130.327 ], [ 2536410.007000000216067, 1152110.51 ], [ 2536420.748999999836087, 1152101.251 ], [ 2536435.936000000219792, 1152089.026 ], [ 2536444.271000000182539, 1152083.099 ], [ 2536457.605, 1152074.581 ], [ 2536479.342000000178814, 1152058.302 ], [ 2536495.186000000219792, 1152057.02 ], [ 2536495.149000000208616, 1152056.398 ], [ 2536495.194999999832362, 1152055.748 ], [ 2536495.333999999798834, 1152055.063 ], [ 2536495.531, 1152054.498 ], [ 2536495.844, 1152053.872 ], [ 2536496.177999999839813, 1152053.373 ], [ 2536496.640000000130385, 1152052.849 ], [ 2536497.129999999888241, 1152052.422 ], [ 2536497.62900000018999, 1152052.088 ], [ 2536498.25400000018999, 1152051.778 ], [ 2536498.87099999981001, 1152051.569 ], [ 2536499.507000000216067, 1152051.443 ], [ 2536500.688, 1152051.427 ], [ 2536501.295, 1152051.529 ], [ 2536501.964000000152737, 1152051.733 ], [ 2536502.554, 1152052.004 ], [ 2536503.063999999780208, 1152052.321 ], [ 2536503.605, 1152052.764 ], [ 2536504.049000000115484, 1152053.239 ], [ 2536504.622, 1152054.112 ], [ 2536504.884, 1152054.709 ], [ 2536505.054, 1152055.285 ], [ 2536505.159, 1152055.926 ], [ 2536505.180000000167638, 1152056.574 ], [ 2536505.117, 1152057.221 ], [ 2536504.958000000100583, 1152057.903 ], [ 2536504.745000000111759, 1152058.464 ], [ 2536504.244, 1152059.337 ], [ 2536524.651999999769032, 1152073.097 ], [ 2536534.096, 1152076.987999999895692 ], [ 2536565.012000000104308, 1152086.16 ], [ 2536567.804, 1152086.989 ], [ 2536599.844, 1152094.768 ], [ 2536606.160999999847263, 1152095.852 ], [ 2536615.764, 1152097.4 ], [ 2536624.313, 1152098.409 ], [ 2536640.674000000115484, 1152098.593000000109896 ], [ 2536654.481999999843538, 1152096.99 ], [ 2536663.557, 1152094.583000000100583 ], [ 2536672.633, 1152091.064 ], [ 2536697.080999999772757, 1152082.358 ], [ 2536718.378, 1152076.618 ], [ 2536733.197000000160187, 1152073.469 ], [ 2536749.865000000223517, 1152071.06 ], [ 2536772.46, 1152068.837 ], [ 2536801.892, 1152066.172 ], [ 2536825.614, 1152064.023 ], [ 2536858.952, 1152060.689 ], [ 2536870.435, 1152059.207 ], [ 2536897.105, 1152056.985000000102445 ], [ 2536958.595000000204891, 1152050.688 ], [ 2537079.165, 1152039.575 ], [ 2537103.483, 1152036.859 ], [ 2537103.430000000167638, 1152036.26 ], [ 2537103.41399999987334, 1152035.558999999891967 ], [ 2537103.441000000108033, 1152034.960999999893829 ], [ 2537103.512000000104308, 1152034.264 ], [ 2537103.623999999836087, 1152033.624 ], [ 2537103.774000000208616, 1152032.992 ], [ 2537103.950999999884516, 1152032.418 ], [ 2537104.177999999839813, 1152031.808999999891967 ], [ 2537104.443, 1152031.216 ], [ 2537104.745000000111759, 1152030.642 ], [ 2537105.083999999798834, 1152030.087 ], [ 2537105.457, 1152029.553 ], [ 2537105.864, 1152029.048 ], [ 2537106.33600000012666, 1152028.531999999890104 ], [ 2537106.768999999854714, 1152028.115 ], [ 2537107.264, 1152027.696 ], [ 2537107.825999999884516, 1152027.277 ], [ 2537108.373000000137836, 1152026.926 ], [ 2537108.896000000182539, 1152026.632 ], [ 2537109.481999999843538, 1152026.349 ], [ 2537110.083000000100583, 1152026.105 ], [ 2537110.748000000137836, 1152025.885 ], [ 2537111.376999999862164, 1152025.723 ], [ 2537111.966, 1152025.608 ], [ 2537112.609999999869615, 1152025.523 ], [ 2537113.308999999891967, 1152025.477999999886379 ], [ 2537113.907999999821186, 1152025.477 ], [ 2537114.608, 1152025.52 ], [ 2537115.202, 1152025.595 ], [ 2537115.890000000130385, 1152025.727 ], [ 2537116.470000000204891, 1152025.877 ], [ 2537117.089000000152737, 1152026.078 ], [ 2537117.739, 1152026.339 ], [ 2537118.279, 1152026.597 ], [ 2537118.849, 1152026.912 ], [ 2537119.396999999880791, 1152027.261 ], [ 2537119.92, 1152027.645 ], [ 2537120.418, 1152028.063 ], [ 2537120.890000000130385, 1152028.51 ], [ 2537121.332, 1152028.987999999895692 ], [ 2537121.927999999839813, 1152029.743 ], [ 2537122.308000000193715, 1152030.315 ], [ 2537122.632000000216067, 1152030.878 ], [ 2537122.898, 1152031.416 ], [ 2537123.169000000227243, 1152032.061 ], [ 2537123.379999999888241, 1152032.674000000115484 ], [ 2537123.541000000201166, 1152033.254 ], [ 2537123.673, 1152033.889999999897555 ], [ 2537123.784, 1152034.681 ], [ 2537123.825999999884516, 1152035.331 ], [ 2537123.828000000212342, 1152035.98 ], [ 2537123.788000000175089, 1152036.629 ], [ 2537123.716, 1152037.223 ], [ 2537123.58600000012666, 1152037.913 ], [ 2537123.437, 1152038.494 ], [ 2537123.222, 1152039.158 ], [ 2537122.981000000145286, 1152039.763 ], [ 2537122.725, 1152040.305 ], [ 2537122.413000000175089, 1152040.875 ], [ 2537122.063, 1152041.424000000115484 ], [ 2537121.651, 1152041.989 ], [ 2537121.265999999828637, 1152042.45 ], [ 2537120.785000000149012, 1152042.957 ], [ 2537120.345000000204891, 1152043.365 ], [ 2537119.842999999877065, 1152043.777 ], [ 2537119.315, 1152044.156 ], [ 2537118.765000000130385, 1152044.501 ], [ 2537118.148, 1152044.834 ], [ 2537117.557, 1152045.102999999886379 ], [ 2537116.99599999981001, 1152045.317 ], [ 2537116.376000000163913, 1152045.512000000104308 ], [ 2537115.745000000111759, 1152045.666999999899417 ], [ 2537115.061000000219792, 1152045.789000000106171 ], [ 2537114.463, 1152045.856 ], [ 2537113.765000000130385, 1152045.889999999897555 ], [ 2537113.165, 1152045.879999999888241 ], [ 2537112.518000000156462, 1152045.83 ], [ 2537111.825000000186265, 1152045.731 ], [ 2537111.188999999780208, 1152045.597 ], [ 2537110.611, 1152045.437 ], [ 2537109.99599999981001, 1152045.225 ], [ 2537109.352, 1152044.954 ], [ 2537108.813999999780208, 1152044.686 ], [ 2537108.25, 1152044.362999999895692 ], [ 2537107.669000000227243, 1152043.974 ], [ 2537107.151999999769032, 1152043.579 ], [ 2537106.66399999987334, 1152043.151 ], [ 2537106.139, 1152042.625 ], [ 2537105.708000000100583, 1152042.129 ], [ 2537105.315, 1152041.612 ], [ 2537104.978999999817461, 1152041.114 ], [ 2537104.628, 1152040.509 ], [ 2537104.359999999869615, 1152039.973 ], [ 2537104.088, 1152039.327 ], [ 2537103.889, 1152038.762000000104308 ], [ 2537103.702, 1152038.087 ], [ 2537103.56900000013411, 1152037.450999999884516 ], [ 2537103.483, 1152036.859 ] ], [ [ 2538128.188, 1152353.319 ], [ 2538120.03899999987334, 1152357.023 ], [ 2538114.111, 1152361.652 ], [ 2538109.481000000145286, 1152366.654 ], [ 2538084.676, 1152402.311 ], [ 2538082.811000000219792, 1152404.993 ], [ 2538070.957, 1152421.75 ], [ 2538058.365000000223517, 1152440.521 ], [ 2538057.026, 1152442.53 ], [ 2538055.964999999850988, 1152444.112999999895692 ], [ 2538030.795, 1152481.679 ], [ 2538004.768999999854714, 1152520.521 ], [ 2538001.49599999981001, 1152525.013 ], [ 2537987.614, 1152546.306 ], [ 2537977.799000000115484, 1152560.568 ], [ 2537969.649000000208616, 1152571.308999999891967 ], [ 2537961.12900000018999, 1152583.163 ], [ 2537946.869, 1152599.460999999893829 ], [ 2537939.203000000212342, 1152608.573 ], [ 2537928.532999999821186, 1152619.464 ], [ 2537923.936000000219792, 1152623.516 ], [ 2537868.525, 1152655.95 ] ], [ [ 2537904.692280451767147, 1152636.337191885570064 ], [ 2537868.525, 1152655.95 ], [ 2537906.376394745893776, 1152636.738444562535733 ], [ 2537854.449, 1152664.099 ], [ 2537783.143999999854714, 1152702.807 ], [ 2537693.133, 1152750.591 ] ] ] } },
{ "type": "Feature", "properties": { "CADRE_NO": "10.903", "DDT_URL": null, "ETC_NOM": "Transports publics de la région lausannoise", "ETC_SIGLE": "TL", "ETC_URL": "https://www.t-l.ch", "GO_CENTRE": 0, "HORAIR_URL": "https://www.tableaux-horaires.ch/fileadmin/fap_pdf_fields/2025/10.903.pdf", "LIGNE_NO": "N3", "LIGNE_NOM": "Lausanne St-François - Praz-Séchaud (N3)", "LIGNE_SIGL": null, "LIGNE_TYPE": "Bus nocturne", "PLAN_URL": "https://prestations.vd.ch/pub/101587/api/download/2_Cartographie_et_geodonnees/2.1_Carte_des_reseaux/Carte_des_lignes_TP/topo/ligne_10.903.pdf", "SHAPE_LEN": 10443.909 }, "geometry": { "type": "MultiLineString", "coordinates": [ [ [ 2538049.474, 1152759.296 ], [ 2538038.361, 1152762.074 ], [ 2538028.73, 1152765.038 ], [ 2538020.582, 1152767.075 ], [ 2538012.802999999839813, 1152768.187 ], [ 2537998.171, 1152768.002 ], [ 2537978.169000000227243, 1152768.002 ], [ 2537955.94400000013411, 1152767.629999999888241 ], [ 2537947.793, 1152765.593000000109896 ], [ 2537926.311000000219792, 1152754.295 ], [ 2537921.865000000223517, 1152751.888 ], [ 2537917.42, 1152749.85 ], [ 2537913.346, 1152744.294 ], [ 2537891.86200000019744, 1152701.142 ], [ 2537875.378, 1152670.397000000113621 ], [ 2537868.525, 1152655.95 ], [ 2537854.449, 1152664.099 ], [ 2537783.143999999854714, 1152702.807 ], [ 2537693.133, 1152750.591 ] ], [ [ 2539135.968639367260039, 1155146.960230285767466 ], [ 2539140.784639367368072, 1155136.032230285694823 ], [ 2539144.302639367524534, 1155128.439230285817757 ], [ 2539148.006639367435127, 1155122.697230285732076 ], [ 2539216.28899999987334, 1154948.649 ], [ 2539221.663000000175089, 1154949.746 ], [ 2539233.51299999980256, 1154952.166999999899417 ], [ 2539242.404, 1154954.944 ], [ 2539259.998000000137836, 1154962.909 ], [ 2539270.924000000115484, 1154966.984 ], [ 2539293.018000000156462, 1154976.360000000102445 ], [ 2539302.781, 1154980.504 ], [ 2539344.453000000212342, 1154997.914000000106171 ], [ 2539364.271000000182539, 1155006.062 ], [ 2539369.455999999772757, 1154991.247 ], [ 2539376.308999999891967, 1154969.391 ], [ 2539382.975999999791384, 1154951.982 ], [ 2539390.015000000130385, 1154935.499 ], [ 2539398.349, 1154919.57 ], [ 2539404.578000000212342, 1154909.423 ], [ 2539448.727, 1154851.044 ], [ 2539457.245000000111759, 1154842.154 ], [ 2539463.727, 1154834.003 ], [ 2539470.765000000130385, 1154823.817 ] ], [ [ 2540326.204, 1153854.620000000111759 ], [ 2540319.390999999828637, 1153854.620000000111759 ], [ 2540309.761, 1153856.102999999886379 ], [ 2540287.906, 1153860.547 ], [ 2540270.126999999862164, 1153865.548 ], [ 2540266.51299999980256, 1153866.805 ], [ 2540253.088, 1153871.475 ], [ 2540239.382000000216067, 1153877.401 ], [ 2540224.935, 1153885.55 ], [ 2540220.586999999824911, 1153888.579 ], [ 2540214.563999999780208, 1153892.774 ], [ 2540195.858, 1153907.404 ], [ 2540181.225999999791384, 1153920.554 ], [ 2540151.223000000230968, 1153948.151 ], [ 2540098.623000000137836, 1153997.416999999899417 ], [ 2540068.063999999780208, 1154026.308999999891967 ], [ 2540036.764, 1154055.202 ], [ 2540027.503, 1154061.314 ], [ 2540016.390000000130385, 1154067.797 ], [ 2540007.315, 1154072.241 ], [ 2539997.683999999891967, 1154075.389 ], [ 2539983.609000000171363, 1154079.278 ], [ 2539972.68099999986589, 1154080.945 ], [ 2539965.643999999854714, 1154080.945 ], [ 2539957.494, 1154080.575 ], [ 2539947.677000000141561, 1154079.278 ], [ 2539938.416999999899417, 1154077.241 ], [ 2539926.563999999780208, 1154073.908 ], [ 2539914.71100000012666, 1154070.759 ], [ 2539900.21100000012666, 1154066.742 ] ], [ [ 2540326.204, 1153854.620000000111759 ], [ 2540326.258, 1153853.931 ], [ 2540326.4, 1153853.297 ], [ 2540326.623999999836087, 1153852.688 ], [ 2540326.930000000167638, 1153852.115 ], [ 2540327.31, 1153851.589 ], [ 2540327.721, 1153851.152 ], [ 2540328.265999999828637, 1153850.712 ], [ 2540328.779, 1153850.403 ], [ 2540329.845000000204891, 1153850.0 ], [ 2540330.443, 1153849.892 ], [ 2540331.091, 1153849.861 ], [ 2540331.737999999895692, 1153849.918 ], [ 2540332.42, 1153850.077 ], [ 2540332.98, 1153850.29 ], [ 2540333.551, 1153850.598 ], [ 2540334.077, 1153850.983 ], [ 2540334.544000000227243, 1153851.433 ], [ 2540334.947000000160187, 1153851.943 ], [ 2540335.276, 1153852.501 ], [ 2540335.528, 1153853.1 ], [ 2540335.705999999772757, 1153853.784 ], [ 2540335.779999999795109, 1153854.423 ], [ 2540335.76299999980256, 1153855.121 ], [ 2540335.666000000201166, 1153855.713 ], [ 2540335.461999999824911, 1153856.383 ], [ 2540335.211999999824911, 1153856.926 ], [ 2540334.549000000115484, 1153857.862999999895692 ], [ 2540351.617999999783933, 1153874.622 ], [ 2540408.106999999843538, 1153937.224 ], [ 2540442.37099999981001, 1153977.229 ], [ 2540457.742999999783933, 1153994.268 ], [ 2540503.859999999869615, 1154042.791999999899417 ], [ 2540529.062, 1154071.368 ], [ 2540533.384, 1154076.267 ] ], [ [ 2537814.904, 1152123.370000000111759 ], [ 2537814.957, 1152124.034 ], [ 2537814.890000000130385, 1152124.68 ], [ 2537814.708000000100583, 1152125.304 ], [ 2537814.416000000201166, 1152125.883 ], [ 2537814.024000000208616, 1152126.401 ], [ 2537813.586999999824911, 1152126.81 ], [ 2537813.041999999899417, 1152127.166 ], [ 2537812.396999999880791, 1152127.429 ], [ 2537811.852, 1152127.549000000115484 ], [ 2537811.153, 1152127.578 ], [ 2537810.511, 1152127.482 ], [ 2537809.812, 1152127.234 ], [ 2537809.248000000137836, 1152126.899 ], [ 2537808.794000000227243, 1152126.507 ], [ 2537808.353999999817461, 1152125.964 ], [ 2537808.068, 1152125.438 ], [ 2537807.849, 1152124.773 ], [ 2537807.774000000208616, 1152123.689 ], [ 2537807.873999999836087, 1152123.09 ], [ 2537808.091, 1152122.477999999886379 ], [ 2537808.415, 1152121.916 ], [ 2537808.87099999981001, 1152121.386 ], [ 2537809.336999999824911, 1152121.008 ], [ 2537809.950000000186265, 1152120.675 ], [ 2537810.518999999854714, 1152120.487 ], [ 2537811.21100000012666, 1152120.389999999897555 ], [ 2537811.861, 1152120.421 ], [ 2537812.492999999783933, 1152120.57 ], [ 2537813.088, 1152120.829 ], [ 2537813.586999999824911, 1152121.158 ], [ 2537814.091, 1152121.642 ], [ 2537814.443, 1152122.129 ], [ 2537814.742999999783933, 1152122.76 ], [ 2537814.904, 1152123.370000000111759 ], [ 2537826.83600000012666, 1152120.258 ], [ 2537825.187, 1152113.102 ], [ 2537891.86200000019744, 1152098.842 ], [ 2537904.640999999828637, 1152097.732 ], [ 2537953.906, 1152087.544 ], [ 2537954.455, 1152091.213 ], [ 2537965.401999999769032, 1152089.348 ] ], [ [ 2537954.455, 1152091.213 ], [ 2537955.572999999858439, 1152097.360000000102445 ], [ 2537906.492999999783933, 1152107.361 ], [ 2537903.382000000216067, 1152107.95 ], [ 2537885.936000000219792, 1152111.252 ], [ 2537876.120000000111759, 1152112.177 ], [ 2537874.285000000149012, 1152112.56 ], [ 2537827.224, 1152122.362999999895692 ], [ 2537826.83600000012666, 1152120.258 ] ], [ [ 2537809.812, 1152127.234 ], [ 2537803.703000000212342, 1152137.18 ], [ 2537797.589999999850988, 1152143.106 ], [ 2537790.367999999783933, 1152148.663 ], [ 2537782.774000000208616, 1152153.849 ], [ 2537728.876999999862164, 1152187.186 ], [ 2537638.866, 1152240.341 ], [ 2537591.082, 1152270.161 ], [ 2537546.447000000160187, 1152298.497 ], [ 2537533.833000000100583, 1152306.412 ], [ 2537489.774000000208616, 1152334.058 ], [ 2537474.401999999769032, 1152343.503 ], [ 2537441.619, 1152364.432 ], [ 2537418.467000000178814, 1152378.322 ], [ 2537386.426, 1152398.324 ], [ 2537381.796, 1152402.77 ], [ 2537378.461999999824911, 1152406.844 ], [ 2537376.424999999813735, 1152411.104 ], [ 2537375.128, 1152416.105 ], [ 2537375.128, 1152422.585999999893829 ], [ 2537375.685, 1152429.44 ], [ 2537377.352, 1152437.404 ], [ 2537399.947999999858439, 1152483.705 ], [ 2537404.151, 1152492.933999999891967 ], [ 2537422.727, 1152533.712 ], [ 2537430.904, 1152551.66 ], [ 2537437.046999999787658, 1152564.784 ], [ 2537526.708000000100583, 1152744.314 ], [ 2537538.049000000115484, 1152767.69 ], [ 2537551.884999999776483, 1152796.209 ], [ 2537553.629999999888241, 1152800.775 ], [ 2537562.156, 1152799.06 ], [ 2537584.970000000204891, 1152793.003 ], [ 2537631.829, 1152778.558 ], [ 2537653.498000000137836, 1152770.964 ], [ 2537655.904999999795109, 1152769.852 ], [ 2537693.133, 1152750.591 ] ], [ [ 2538525.369, 1152032.778 ], [ 2538529.904, 1152045.872 ], [ 2538548.241, 1152101.251 ], [ 2538564.353999999817461, 1152152.183 ], [ 2538561.946, 1152153.849 ], [ 2538508.23700000019744, 1152185.891 ], [ 2538461.008, 1152212.376 ], [ 2538420.447999999858439, 1152235.527 ], [ 2538360.470000000204891, 1152271.067 ], [ 2538312.842000000178814, 1152299.053 ], [ 2538278.021000000182539, 1152321.092 ] ], [ [ 2538525.369, 1152032.778 ], [ 2538514.719, 1152035.129999999888241 ], [ 2538478.788000000175089, 1152039.76 ], [ 2538462.674999999813735, 1152041.242 ], [ 2538395.072999999858439, 1152047.169 ], [ 2538319.69400000013411, 1152054.578 ], [ 2538319.008, 1152054.647000000113621 ], [ 2538234.682, 1152063.096 ], [ 2538173.017, 1152070.145 ], [ 2538163.376999999862164, 1152071.247 ], [ 2538112.629999999888241, 1152076.246 ], [ 2538062.254999999888241, 1152081.535 ], [ 2538038.546, 1152084.025 ], [ 2538000.579, 1152086.432 ], [ 2537973.700000000186265, 1152088.352999999886379 ], [ 2537973.631, 1152089.007 ], [ 2537973.464000000152737, 1152089.633 ], [ 2537973.225999999791384, 1152090.183999999891967 ], [ 2537972.853000000119209, 1152090.774 ], [ 2537972.423, 1152091.262000000104308 ], [ 2537971.924999999813735, 1152091.678 ], [ 2537971.41399999987334, 1152091.99 ], [ 2537970.815, 1152092.243 ], [ 2537970.145, 1152092.406 ], [ 2537969.546999999787658, 1152092.459 ], [ 2537968.850999999791384, 1152092.412 ], [ 2537968.217000000178814, 1152092.266 ], [ 2537967.614, 1152092.025 ], [ 2537967.096, 1152091.724 ], [ 2537966.552999999839813, 1152091.283 ], [ 2537966.120000000111759, 1152090.799000000115484 ], [ 2537965.791000000201166, 1152090.298 ], [ 2537965.401999999769032, 1152089.348 ], [ 2537965.284, 1152088.739 ], [ 2537965.259, 1152088.039000000106171 ], [ 2537965.329, 1152087.444 ], [ 2537965.498999999836087, 1152086.817 ], [ 2537965.788000000175089, 1152086.182 ], [ 2537966.145, 1152085.638 ], [ 2537966.546, 1152085.194 ], [ 2537967.089000000152737, 1152084.751 ], [ 2537967.65, 1152084.426 ], [ 2537968.256, 1152084.191000000108033 ], [ 2537968.841, 1152084.058999999891967 ], [ 2537969.48700000019744, 1152084.011 ], [ 2537970.134, 1152084.063 ], [ 2537970.815, 1152084.227999999886379 ], [ 2537971.367999999783933, 1152084.458000000100583 ], [ 2537971.896999999880791, 1152084.773 ], [ 2537972.387000000104308, 1152085.173 ], [ 2537972.853000000119209, 1152085.695 ], [ 2537973.177999999839813, 1152086.199 ], [ 2537973.447999999858439, 1152086.791 ], [ 2537973.631, 1152087.464 ], [ 2537973.700000000186265, 1152088.352999999886379 ] ], [ [ 2539135.968639367260039, 1155146.960230285767466 ], [ 2539134.85663936752826, 1155149.552230285713449 ], [ 2539125.724639367312193, 1155165.384230285650119 ], [ 2539122.622639367356896, 1155169.537230285815895 ], [ 2539121.151639367453754, 1155170.481230285717174 ], [ 2539118.18863936746493, 1155169.926230285782367 ], [ 2539116.337639367673546, 1155168.07423028582707 ], [ 2539115.596639367286116, 1155164.740230285795406 ], [ 2539117.448639367241412, 1155161.776230285642669 ], [ 2539120.200639367569238, 1155159.50523028569296 ] ], [ [ 2538049.474, 1152759.296 ], [ 2538065.957, 1152752.813 ], [ 2538080.589000000152737, 1152745.776 ], [ 2538087.441999999806285, 1152743.924000000115484 ], [ 2538094.109000000171363, 1152745.036 ], [ 2538099.295, 1152746.703 ], [ 2538103.740000000223517, 1152749.665 ], [ 2538107.629999999888241, 1152754.666999999899417 ], [ 2538111.518999999854714, 1152762.629999999888241 ], [ 2538118.187, 1152777.261 ], [ 2538118.952, 1152778.94 ], [ 2538124.853999999817461, 1152791.893 ], [ 2538132.447000000160187, 1152807.45 ], [ 2538141.708000000100583, 1152828.751 ], [ 2538154.673, 1152858.383 ], [ 2538165.969, 1152885.794 ], [ 2538181.713, 1152919.502 ], [ 2538188.937, 1152930.058999999891967 ], [ 2538198.568, 1152941.541 ], [ 2538207.642, 1152951.172 ], [ 2538215.606999999843538, 1152958.766 ], [ 2538223.94, 1152965.989 ], [ 2538232.830999999772757, 1152972.101 ], [ 2538240.795, 1152977.842 ], [ 2538252.278, 1152984.324 ], [ 2538263.94400000013411, 1152990.622 ], [ 2538278.578000000212342, 1152998.214 ] ], [ [ 2538638.08600000012666, 1152630.319 ], [ 2538626.214000000152737, 1152630.577 ], [ 2538612.324, 1152631.502 ], [ 2538611.026, 1152631.317 ], [ 2538602.878, 1152633.726 ], [ 2538595.284, 1152637.244 ], [ 2538589.358, 1152641.318 ], [ 2538582.876000000163913, 1152648.356 ], [ 2538579.727, 1152653.913 ], [ 2538576.393000000156462, 1152660.766 ], [ 2538574.910999999847263, 1152667.618 ], [ 2538574.17, 1152674.656 ], [ 2538574.355, 1152680.583000000100583 ], [ 2538574.725999999791384, 1152687.621 ], [ 2538576.578000000212342, 1152696.139999999897555 ], [ 2538578.984999999869615, 1152705.585999999893829 ], [ 2538586.393999999854714, 1152726.7 ], [ 2538588.987999999895692, 1152735.96 ], [ 2538590.653, 1152745.960999999893829 ], [ 2538592.134999999776483, 1152757.259 ], [ 2538592.134999999776483, 1152768.187 ], [ 2538590.838, 1152777.446 ], [ 2538589.543, 1152789.67 ], [ 2538586.208999999798834, 1152799.671 ], [ 2538576.023, 1152829.121 ], [ 2538561.119, 1152874.095 ], [ 2538554.909, 1152892.832 ], [ 2538553.87900000018999, 1152895.521 ], [ 2538534.165, 1152954.321 ], [ 2538529.350999999791384, 1152966.545 ], [ 2538524.16399999987334, 1152973.213 ], [ 2538518.793, 1152977.656999999890104 ], [ 2538508.421999999787658, 1152986.362999999895692 ], [ 2538499.716, 1152992.104 ], [ 2538491.938, 1152996.177 ], [ 2538480.268999999854714, 1153002.105 ], [ 2538469.896999999880791, 1153006.179 ], [ 2538462.305000000167638, 1153008.031999999890104 ], [ 2538447.972, 1153010.524 ], [ 2538436.805000000167638, 1153011.801 ], [ 2538430.705, 1153012.368 ], [ 2538371.669000000227243, 1153014.531999999890104 ], [ 2538360.776, 1153015.207 ], [ 2538354.026999999769032, 1153015.785 ], [ 2538350.555000000167638, 1153015.689 ], [ 2538340.623000000137836, 1153015.44 ], [ 2538327.287, 1153013.588 ], [ 2538322.75, 1153012.545 ], [ 2538313.582, 1153010.439 ], [ 2538296.913000000175089, 1153006.735000000102445 ], [ 2538278.578000000212342, 1152998.214 ] ], [ [ 2538638.08600000012666, 1152630.319 ], [ 2538643.253, 1152630.207 ], [ 2538649.92, 1152630.392 ], [ 2538675.478000000119209, 1152631.131 ], [ 2538679.924000000115484, 1152630.392 ], [ 2538685.295, 1152628.354 ], [ 2538690.666999999899417, 1152625.02 ], [ 2538696.223000000230968, 1152619.279 ], [ 2538717.893000000156462, 1152590.016 ], [ 2538724.188999999780208, 1152581.681 ], [ 2538739.191000000108033, 1152561.494 ], [ 2538746.6, 1152551.493 ], [ 2538751.971, 1152545.379999999888241 ], [ 2538755.304, 1152542.416999999899417 ], [ 2538764.379999999888241, 1152538.158 ], [ 2538776.231999999843538, 1152534.452 ], [ 2538790.123999999836087, 1152530.379 ], [ 2538803.475999999791384, 1152527.469 ], [ 2538804.569999999832362, 1152527.23 ], [ 2538819.757000000216067, 1152523.710999999893829 ], [ 2538851.798, 1152516.857 ], [ 2538878.097, 1152512.413 ], [ 2538903.841, 1152508.894 ], [ 2538932.179, 1152505.561 ], [ 2538956.626999999862164, 1152503.709 ], [ 2538986.444999999832362, 1152501.672 ], [ 2539002.372, 1152500.745000000111759 ], [ 2539027.932, 1152501.3 ], [ 2539041.452, 1152502.781999999890104 ], [ 2539054.787, 1152505.004999999888241 ], [ 2539074.603999999817461, 1152510.19 ], [ 2539109.793, 1152519.636 ], [ 2539123.498999999836087, 1152524.081 ], [ 2539141.464999999850988, 1152530.007 ], [ 2539160.725999999791384, 1152538.158 ], [ 2539175.543, 1152544.825 ], [ 2539199.62099999981001, 1152557.048 ], [ 2539220.798, 1152569.897000000113621 ] ], [ [ 2538128.188, 1152353.319 ], [ 2538141.523, 1152349.058999999891967 ], [ 2538157.044000000227243, 1152344.435 ], [ 2538158.932, 1152343.873 ], [ 2538165.615000000223517, 1152342.079 ], [ 2538181.713, 1152337.761 ], [ 2538192.169000000227243, 1152335.952 ], [ 2538216.153, 1152331.8 ], [ 2538278.021000000182539, 1152321.092 ] ], [ [ 2539279.725, 1153886.624 ], [ 2539282.332, 1153899.799000000115484 ], [ 2539283.524000000208616, 1153905.933 ], [ 2539282.796999999787658, 1153910.827 ], [ 2539281.275, 1153913.936 ], [ 2539279.484999999869615, 1153916.55 ], [ 2539279.483, 1153916.664000000106171 ], [ 2539281.227, 1153920.908 ], [ 2539281.450000000186265, 1153928.041999999899417 ], [ 2539281.666999999899417, 1153938.15 ], [ 2539283.890999999828637, 1153952.781 ], [ 2539286.298, 1153965.19 ], [ 2539292.03899999987334, 1153985.192 ], [ 2539300.188999999780208, 1154011.862 ], [ 2539308.707, 1154039.829 ], [ 2539320.932, 1154080.205 ], [ 2539326.487999999895692, 1154097.8 ], [ 2539330.748000000137836, 1154107.43 ], [ 2539336.489, 1154120.95 ], [ 2539343.156, 1154133.545 ], [ 2539357.233, 1154156.881 ], [ 2539360.566999999806285, 1154162.438 ], [ 2539369.825999999884516, 1154174.661 ], [ 2539382.975999999791384, 1154191.145 ], [ 2539401.683000000193715, 1154212.999 ], [ 2539410.572999999858439, 1154223.927 ], [ 2539408.186000000219792, 1154225.368 ], [ 2539400.757000000216067, 1154229.854 ], [ 2539367.603999999817461, 1154255.968000000109896 ], [ 2539347.416999999899417, 1154271.525 ], [ 2539332.415, 1154282.823 ], [ 2539292.410000000149012, 1154313.198 ], [ 2539289.575000000186265, 1154315.727 ], [ 2539275.185, 1154328.57 ], [ 2539266.109999999869615, 1154338.200999999884516 ], [ 2539259.258, 1154347.09 ], [ 2539252.034, 1154357.276 ], [ 2539245.923, 1154368.019 ], [ 2539240.921, 1154378.946 ], [ 2539238.514, 1154386.17 ], [ 2539234.253, 1154401.172 ], [ 2539233.883, 1154402.838 ], [ 2539232.773, 1154408.209 ], [ 2539231.105, 1154417.84 ], [ 2539230.179, 1154428.953 ], [ 2539227.771000000182539, 1154453.585 ], [ 2539224.994, 1154482.293 ], [ 2539222.651999999769032, 1154504.806 ], [ 2539222.586999999824911, 1154505.444 ], [ 2539218.511, 1154529.522000000113621 ], [ 2539216.659, 1154546.19 ] ], [ [ 2539900.21100000012666, 1154066.742 ], [ 2539875.261, 1154059.831 ], [ 2539808.771999999880791, 1154041.682 ], [ 2539782.842000000178814, 1154034.088 ], [ 2539744.50400000018999, 1154023.345 ], [ 2539730.799000000115484, 1154019.271 ], [ 2539717.464000000152737, 1154016.122 ], [ 2539699.498999999836087, 1154013.715 ], [ 2539696.341, 1154013.452 ], [ 2539690.609000000171363, 1154012.974 ], [ 2539680.608, 1154012.232 ], [ 2539675.48700000019744, 1154012.342 ], [ 2539671.901999999769032, 1154012.419 ], [ 2539664.680000000167638, 1154012.789000000106171 ], [ 2539653.566999999806285, 1154014.642 ], [ 2539650.251999999862164, 1154015.564 ], [ 2539638.935, 1154018.714 ], [ 2539630.045, 1154021.308999999891967 ], [ 2539621.339999999850988, 1154023.717 ], [ 2539592.818, 1154032.976 ], [ 2539578.37099999981001, 1154036.495000000111759 ], [ 2539566.518999999854714, 1154039.088 ], [ 2539552.258, 1154041.125 ], [ 2539538.923, 1154042.236 ], [ 2539523.179, 1154042.236 ], [ 2539507.623000000137836, 1154041.125 ], [ 2539492.989, 1154039.088 ], [ 2539475.21, 1154034.829 ], [ 2539460.579, 1154030.012000000104308 ], [ 2539446.873999999836087, 1154024.828 ], [ 2539434.267, 1154018.381 ], [ 2539430.575000000186265, 1154016.492 ], [ 2539420.018999999854714, 1154010.382 ], [ 2539407.054, 1154000.935 ], [ 2539393.162, 1153989.823 ], [ 2539380.014, 1153978.895 ], [ 2539368.344, 1153968.893 ], [ 2539361.123000000137836, 1153962.041 ], [ 2539354.268999999854714, 1153954.263 ], [ 2539347.525, 1153945.591 ], [ 2539344.066000000108033, 1153940.583000000100583 ], [ 2539337.268000000156462, 1153930.274 ], [ 2539328.734000000171363, 1153916.818 ], [ 2539320.983, 1153904.323 ], [ 2539310.137000000104308, 1153886.435 ], [ 2539298.775, 1153866.987 ], [ 2539295.554, 1153859.947 ], [ 2539291.258, 1153847.661 ], [ 2539289.69400000013411, 1153840.132 ], [ 2539289.58600000012666, 1153833.963 ], [ 2539281.474900352302939, 1153825.781015845015645 ] ] ] } },
{ "type": "Feature", "properties": { "CADRE_NO": "10.902", "DDT_URL": null, "ETC_NOM": "Transports publics de la région lausannoise", "ETC_SIGLE": "TL", "ETC_URL": "https://www.t-l.ch", "GO_CENTRE": 0, "HORAIR_URL": "https://www.tableaux-horaires.ch/fileadmin/fap_pdf_fields/2025/10.902.pdf", "LIGNE_NO": "N2", "LIGNE_NOM": "Lausanne St-François - Vers-Chez-les-Blanc (N2)", "LIGNE_SIGL": null, "LIGNE_TYPE": "Bus nocturne", "PLAN_URL": "https://prestations.vd.ch/pub/101587/api/download/2_Cartographie_et_geodonnees/2.1_Carte_des_reseaux/Carte_des_lignes_TP/topo/ligne_10.902.pdf", "SHAPE_LEN": 17541.94 }, "geometry": { "type": "MultiLineString", "coordinates": [ [ [ 2538049.474, 1152759.296 ], [ 2538038.361, 1152762.074 ], [ 2538028.73, 1152765.038 ], [ 2538020.582, 1152767.075 ], [ 2538012.802999999839813, 1152768.187 ], [ 2537998.171, 1152768.002 ], [ 2537978.169000000227243, 1152768.002 ], [ 2537955.94400000013411, 1152767.629999999888241 ], [ 2537947.793, 1152765.593000000109896 ], [ 2537926.311000000219792, 1152754.295 ], [ 2537921.865000000223517, 1152751.888 ], [ 2537917.42, 1152749.85 ], [ 2537913.346, 1152744.294 ], [ 2537891.86200000019744, 1152701.142 ], [ 2537875.378, 1152670.397000000113621 ], [ 2537868.525, 1152655.95 ], [ 2537854.449, 1152664.099 ], [ 2537783.143999999854714, 1152702.807 ], [ 2537693.133, 1152750.591 ] ], [ [ 2537814.904, 1152123.370000000111759 ], [ 2537826.83600000012666, 1152120.258 ] ], [ [ 2537814.904, 1152123.370000000111759 ], [ 2537814.957, 1152124.034 ], [ 2537814.890000000130385, 1152124.68 ], [ 2537814.708000000100583, 1152125.304 ], [ 2537814.416000000201166, 1152125.883 ], [ 2537814.024000000208616, 1152126.401 ], [ 2537813.586999999824911, 1152126.81 ], [ 2537813.041999999899417, 1152127.166 ], [ 2537812.396999999880791, 1152127.429 ], [ 2537811.852, 1152127.549000000115484 ], [ 2537811.153, 1152127.578 ], [ 2537810.511, 1152127.482 ], [ 2537809.812, 1152127.234 ], [ 2537809.248000000137836, 1152126.899 ], [ 2537808.794000000227243, 1152126.507 ], [ 2537808.353999999817461, 1152125.964 ], [ 2537808.068, 1152125.438 ], [ 2537807.849, 1152124.773 ], [ 2537807.774000000208616, 1152123.689 ], [ 2537807.873999999836087, 1152123.09 ], [ 2537808.091, 1152122.477999999886379 ], [ 2537808.415, 1152121.916 ], [ 2537808.87099999981001, 1152121.386 ], [ 2537809.336999999824911, 1152121.008 ], [ 2537809.950000000186265, 1152120.675 ], [ 2537810.518999999854714, 1152120.487 ], [ 2537811.21100000012666, 1152120.389999999897555 ], [ 2537811.861, 1152120.421 ], [ 2537812.492999999783933, 1152120.57 ], [ 2537813.088, 1152120.829 ], [ 2537813.586999999824911, 1152121.158 ], [ 2537814.091, 1152121.642 ], [ 2537814.443, 1152122.129 ], [ 2537814.742999999783933, 1152122.76 ], [ 2537814.904, 1152123.370000000111759 ] ], [ [ 2537954.455, 1152091.213 ], [ 2537955.572999999858439, 1152097.360000000102445 ], [ 2537906.492999999783933, 1152107.361 ], [ 2537903.382000000216067, 1152107.95 ], [ 2537885.936000000219792, 1152111.252 ], [ 2537876.120000000111759, 1152112.177 ], [ 2537874.285000000149012, 1152112.56 ], [ 2537827.224, 1152122.362999999895692 ], [ 2537826.83600000012666, 1152120.258 ], [ 2537825.187, 1152113.102 ], [ 2537891.86200000019744, 1152098.842 ], [ 2537904.640999999828637, 1152097.732 ], [ 2537953.906, 1152087.544 ], [ 2537954.455, 1152091.213 ], [ 2537965.401999999769032, 1152089.348 ] ], [ [ 2537809.812, 1152127.234 ], [ 2537803.703000000212342, 1152137.18 ], [ 2537797.589999999850988, 1152143.106 ], [ 2537790.367999999783933, 1152148.663 ], [ 2537782.774000000208616, 1152153.849 ], [ 2537728.876999999862164, 1152187.186 ], [ 2537638.866, 1152240.341 ], [ 2537591.082, 1152270.161 ], [ 2537546.447000000160187, 1152298.497 ], [ 2537533.833000000100583, 1152306.412 ], [ 2537489.774000000208616, 1152334.058 ], [ 2537474.401999999769032, 1152343.503 ], [ 2537441.619, 1152364.432 ], [ 2537418.467000000178814, 1152378.322 ], [ 2537386.426, 1152398.324 ], [ 2537381.796, 1152402.77 ], [ 2537378.461999999824911, 1152406.844 ], [ 2537376.424999999813735, 1152411.104 ], [ 2537375.128, 1152416.105 ], [ 2537375.128, 1152422.585999999893829 ], [ 2537375.685, 1152429.44 ], [ 2537377.352, 1152437.404 ], [ 2537399.947999999858439, 1152483.705 ], [ 2537404.151, 1152492.933999999891967 ], [ 2537422.727, 1152533.712 ], [ 2537430.904, 1152551.66 ], [ 2537437.046999999787658, 1152564.784 ], [ 2537526.708000000100583, 1152744.314 ], [ 2537538.049000000115484, 1152767.69 ], [ 2537551.884999999776483, 1152796.209 ], [ 2537553.629999999888241, 1152800.775 ], [ 2537562.156, 1152799.06 ], [ 2537584.970000000204891, 1152793.003 ], [ 2537631.829, 1152778.558 ], [ 2537653.498000000137836, 1152770.964 ], [ 2537655.904999999795109, 1152769.852 ], [ 2537693.133, 1152750.591 ] ], [ [ 2538525.369, 1152032.778 ], [ 2538529.904, 1152045.872 ], [ 2538548.241, 1152101.251 ], [ 2538564.353999999817461, 1152152.183 ], [ 2538561.946, 1152153.849 ], [ 2538508.23700000019744, 1152185.891 ], [ 2538461.008, 1152212.376 ], [ 2538420.447999999858439, 1152235.527 ], [ 2538360.470000000204891, 1152271.067 ], [ 2538312.842000000178814, 1152299.053 ], [ 2538278.021000000182539, 1152321.092 ] ], [ [ 2538525.369, 1152032.778 ], [ 2538514.719, 1152035.129999999888241 ], [ 2538478.788000000175089, 1152039.76 ], [ 2538462.674999999813735, 1152041.242 ], [ 2538395.072999999858439, 1152047.169 ], [ 2538319.69400000013411, 1152054.578 ], [ 2538319.008, 1152054.647000000113621 ], [ 2538234.682, 1152063.096 ], [ 2538173.017, 1152070.145 ], [ 2538163.376999999862164, 1152071.247 ], [ 2538112.629999999888241, 1152076.246 ], [ 2538062.254999999888241, 1152081.535 ], [ 2538038.546, 1152084.025 ], [ 2538000.579, 1152086.432 ], [ 2537973.700000000186265, 1152088.352999999886379 ], [ 2537973.631, 1152089.007 ], [ 2537973.464000000152737, 1152089.633 ], [ 2537973.225999999791384, 1152090.183999999891967 ], [ 2537972.853000000119209, 1152090.774 ], [ 2537972.423, 1152091.262000000104308 ], [ 2537971.924999999813735, 1152091.678 ], [ 2537971.41399999987334, 1152091.99 ], [ 2537970.815, 1152092.243 ], [ 2537970.145, 1152092.406 ], [ 2537969.546999999787658, 1152092.459 ], [ 2537968.850999999791384, 1152092.412 ], [ 2537968.217000000178814, 1152092.266 ], [ 2537967.614, 1152092.025 ], [ 2537967.096, 1152091.724 ], [ 2537966.552999999839813, 1152091.283 ], [ 2537966.120000000111759, 1152090.799000000115484 ], [ 2537965.791000000201166, 1152090.298 ], [ 2537965.401999999769032, 1152089.348 ], [ 2537965.284, 1152088.739 ], [ 2537965.259, 1152088.039000000106171 ], [ 2537965.329, 1152087.444 ], [ 2537965.498999999836087, 1152086.817 ], [ 2537965.788000000175089, 1152086.182 ], [ 2537966.145, 1152085.638 ], [ 2537966.546, 1152085.194 ], [ 2537967.089000000152737, 1152084.751 ], [ 2537967.65, 1152084.426 ], [ 2537968.256, 1152084.191000000108033 ], [ 2537968.841, 1152084.058999999891967 ], [ 2537969.48700000019744, 1152084.011 ], [ 2537970.134, 1152084.063 ], [ 2537970.815, 1152084.227999999886379 ], [ 2537971.367999999783933, 1152084.458000000100583 ], [ 2537971.896999999880791, 1152084.773 ], [ 2537972.387000000104308, 1152085.173 ], [ 2537972.853000000119209, 1152085.695 ], [ 2537973.177999999839813, 1152086.199 ], [ 2537973.447999999858439, 1152086.791 ], [ 2537973.631, 1152087.464 ], [ 2537973.700000000186265, 1152088.352999999886379 ] ], [ [ 2540883.353000000119209, 1155262.763 ], [ 2540880.018999999854714, 1155253.317 ], [ 2540878.350999999791384, 1155243.5 ], [ 2540877.611, 1155233.314 ], [ 2540877.239, 1155222.758 ], [ 2540878.166000000201166, 1155214.422 ], [ 2540880.204, 1155205.162 ], [ 2540883.609999999869615, 1155193.038 ], [ 2540887.242, 1155181.641 ], [ 2540890.981999999843538, 1155170.645 ], [ 2540894.944999999832362, 1155157.467 ], [ 2540898.26299999980256, 1155144.473 ], [ 2540898.907000000122935, 1155137.471 ], [ 2540898.907000000122935, 1155131.758 ], [ 2540898.171, 1155126.136 ], [ 2540896.051, 1155118.857 ], [ 2540892.242999999783933, 1155110.891 ], [ 2540886.316999999806285, 1155101.445 ], [ 2540883.907000000122935, 1155098.668 ], [ 2540876.87099999981001, 1155092.186 ], [ 2540870.018000000156462, 1155087.555 ], [ 2540865.478999999817461, 1155085.52 ], [ 2540862.609000000171363, 1155083.85 ], [ 2540854.83, 1155080.703 ], [ 2540847.421, 1155079.406 ], [ 2540838.717999999877065, 1155079.221 ], [ 2540829.642, 1155080.146 ], [ 2540819.455999999772757, 1155082.739 ], [ 2540811.30599999986589, 1155086.073 ], [ 2540790.700999999884516, 1155095.646 ], [ 2540787.785000000149012, 1155097.0 ], [ 2540775.31, 1155102.273 ], [ 2540764.651999999769032, 1155105.634 ], [ 2540755.146000000182539, 1155107.651 ], [ 2540747.56, 1155108.322 ], [ 2540739.686000000219792, 1155108.322 ], [ 2540732.677000000141561, 1155108.129999999888241 ], [ 2540720.183999999891967, 1155106.075999999884516 ], [ 2540673.43099999986589, 1155097.953 ], [ 2540635.407000000122935, 1155091.325999999884516 ], [ 2540607.207, 1155086.628 ], [ 2540575.535000000149012, 1155081.258 ], [ 2540567.386, 1155079.591 ], [ 2540554.977, 1155077.182 ], [ 2540545.903, 1155074.22 ], [ 2540538.123999999836087, 1155070.700999999884516 ], [ 2540530.345000000204891, 1155065.700999999884516 ], [ 2540525.344, 1155061.812 ], [ 2540518.86200000019744, 1155055.514 ], [ 2540513.30599999986589, 1155049.401 ], [ 2540507.748999999836087, 1155041.253 ], [ 2540502.933999999891967, 1155031.808 ], [ 2540494.599, 1155015.323 ], [ 2540489.41399999987334, 1155007.174000000115484 ], [ 2540483.671999999787658, 1154999.950999999884516 ], [ 2540476.26299999980256, 1154992.541999999899417 ], [ 2540467.373999999836087, 1154984.023 ], [ 2540462.125, 1154977.966 ], [ 2540461.582, 1154978.384 ], [ 2540461.031, 1154978.727999999886379 ], [ 2540460.495000000111759, 1154978.996 ], [ 2540459.890000000130385, 1154979.233 ], [ 2540459.265000000130385, 1154979.411 ], [ 2540458.626000000163913, 1154979.528 ], [ 2540457.978999999817461, 1154979.583000000100583 ], [ 2540457.372, 1154979.577 ], [ 2540456.727, 1154979.513 ], [ 2540456.089000000152737, 1154979.385 ], [ 2540455.42, 1154979.181 ], [ 2540454.865000000223517, 1154978.950999999884516 ], [ 2540454.291000000201166, 1154978.649 ], [ 2540453.747, 1154978.291 ], [ 2540453.242, 1154977.884 ], [ 2540452.776999999769032, 1154977.43 ], [ 2540452.356999999843538, 1154976.933999999891967 ], [ 2540451.98700000019744, 1154976.4 ], [ 2540451.649000000208616, 1154975.788 ], [ 2540451.410000000149012, 1154975.237 ], [ 2540451.194999999832362, 1154974.571 ], [ 2540451.028, 1154973.751 ], [ 2540450.970000000204891, 1154973.092 ], [ 2540450.973000000230968, 1154972.492 ], [ 2540451.035999999847263, 1154971.845 ], [ 2540451.173, 1154971.158 ], [ 2540451.346, 1154970.584 ], [ 2540451.589000000152737, 1154969.983 ], [ 2540451.916000000201166, 1154969.362999999895692 ], [ 2540452.245000000111759, 1154968.861 ], [ 2540452.651999999769032, 1154968.354 ], [ 2540453.140000000130385, 1154967.854 ], [ 2540453.776, 1154967.359 ], [ 2540454.049999999813735, 1154967.146 ], [ 2540454.606999999843538, 1154966.821 ], [ 2540455.197000000160187, 1154966.548 ], [ 2540455.859000000171363, 1154966.321 ], [ 2540456.443, 1154966.181 ], [ 2540457.085, 1154966.089 ], [ 2540457.734999999869615, 1154966.057 ], [ 2540458.433000000193715, 1154966.094 ], [ 2540459.075999999884516, 1154966.193 ], [ 2540459.705, 1154966.352999999886379 ], [ 2540460.271999999880791, 1154966.553 ], [ 2540461.219, 1154967.026 ], [ 2540461.79, 1154967.411 ], [ 2540462.25400000018999, 1154967.793 ], [ 2540462.748999999836087, 1154968.287 ], [ 2540463.160999999847263, 1154968.789000000106171 ], [ 2540463.523, 1154969.328 ], [ 2540463.81, 1154969.854 ], [ 2540464.066000000108033, 1154970.453 ], [ 2540464.264, 1154971.071 ], [ 2540464.410000000149012, 1154971.754 ], [ 2540464.478999999817461, 1154972.352 ], [ 2540464.492, 1154973.051 ], [ 2540464.438, 1154973.698 ], [ 2540464.333999999798834, 1154974.288 ], [ 2540464.162, 1154974.916 ], [ 2540463.932, 1154975.524 ], [ 2540463.645, 1154976.107 ], [ 2540463.302999999839813, 1154976.656999999890104 ], [ 2540462.909, 1154977.175 ], [ 2540462.125, 1154977.966 ] ], [ [ 2538049.474, 1152759.296 ], [ 2538065.957, 1152752.813 ], [ 2538080.589000000152737, 1152745.776 ], [ 2538087.441999999806285, 1152743.924000000115484 ], [ 2538094.109000000171363, 1152745.036 ], [ 2538099.295, 1152746.703 ], [ 2538103.740000000223517, 1152749.665 ], [ 2538107.629999999888241, 1152754.666999999899417 ], [ 2538111.518999999854714, 1152762.629999999888241 ], [ 2538118.187, 1152777.261 ], [ 2538118.952, 1152778.94 ], [ 2538124.853999999817461, 1152791.893 ], [ 2538132.447000000160187, 1152807.45 ], [ 2538141.708000000100583, 1152828.751 ], [ 2538154.673, 1152858.383 ], [ 2538165.969, 1152885.794 ], [ 2538181.713, 1152919.502 ], [ 2538188.937, 1152930.058999999891967 ], [ 2538198.568, 1152941.541 ], [ 2538207.642, 1152951.172 ], [ 2538215.606999999843538, 1152958.766 ], [ 2538223.94, 1152965.989 ], [ 2538232.830999999772757, 1152972.101 ], [ 2538240.795, 1152977.842 ], [ 2538252.278, 1152984.324 ], [ 2538263.94400000013411, 1152990.622 ], [ 2538278.578000000212342, 1152998.214 ] ], [ [ 2538638.08600000012666, 1152630.319 ], [ 2538626.214000000152737, 1152630.577 ], [ 2538612.324, 1152631.502 ], [ 2538611.026, 1152631.317 ], [ 2538602.878, 1152633.726 ], [ 2538595.284, 1152637.244 ], [ 2538589.358, 1152641.318 ], [ 2538582.876000000163913, 1152648.356 ], [ 2538579.727, 1152653.913 ], [ 2538576.393000000156462, 1152660.766 ], [ 2538574.910999999847263, 1152667.618 ], [ 2538574.17, 1152674.656 ], [ 2538574.355, 1152680.583000000100583 ], [ 2538574.725999999791384, 1152687.621 ], [ 2538576.578000000212342, 1152696.139999999897555 ], [ 2538578.984999999869615, 1152705.585999999893829 ], [ 2538586.393999999854714, 1152726.7 ], [ 2538588.987999999895692, 1152735.96 ], [ 2538590.653, 1152745.960999999893829 ], [ 2538592.134999999776483, 1152757.259 ], [ 2538592.134999999776483, 1152768.187 ], [ 2538590.838, 1152777.446 ], [ 2538589.543, 1152789.67 ], [ 2538586.208999999798834, 1152799.671 ], [ 2538576.023, 1152829.121 ], [ 2538561.119, 1152874.095 ], [ 2538554.909, 1152892.832 ], [ 2538553.87900000018999, 1152895.521 ], [ 2538534.165, 1152954.321 ], [ 2538529.350999999791384, 1152966.545 ], [ 2538524.16399999987334, 1152973.213 ], [ 2538518.793, 1152977.656999999890104 ], [ 2538508.421999999787658, 1152986.362999999895692 ], [ 2538499.716, 1152992.104 ], [ 2538491.938, 1152996.177 ], [ 2538480.268999999854714, 1153002.105 ], [ 2538469.896999999880791, 1153006.179 ], [ 2538462.305000000167638, 1153008.031999999890104 ], [ 2538447.972, 1153010.524 ], [ 2538436.805000000167638, 1153011.801 ], [ 2538430.705, 1153012.368 ], [ 2538371.669000000227243, 1153014.531999999890104 ], [ 2538360.776, 1153015.207 ], [ 2538354.026999999769032, 1153015.785 ], [ 2538350.555000000167638, 1153015.689 ], [ 2538340.623000000137836, 1153015.44 ], [ 2538327.287, 1153013.588 ], [ 2538322.75, 1153012.545 ], [ 2538313.582, 1153010.439 ], [ 2538296.913000000175089, 1153006.735000000102445 ], [ 2538278.578000000212342, 1152998.214 ] ], [ [ 2538638.08600000012666, 1152630.319 ], [ 2538643.253, 1152630.207 ], [ 2538649.92, 1152630.392 ], [ 2538675.478000000119209, 1152631.131 ], [ 2538679.924000000115484, 1152630.392 ], [ 2538685.295, 1152628.354 ], [ 2538690.666999999899417, 1152625.02 ], [ 2538696.223000000230968, 1152619.279 ], [ 2538717.893000000156462, 1152590.016 ], [ 2538724.188999999780208, 1152581.681 ], [ 2538733.853999999817461, 1152576.075 ], [ 2538739.328000000212342, 1152573.812 ], [ 2538744.728999999817461, 1152572.57 ], [ 2538750.42, 1152572.206 ], [ 2538756.48, 1152573.009 ], [ 2538762.392, 1152574.76 ], [ 2538767.208999999798834, 1152577.243 ], [ 2538771.660999999847263, 1152580.6 ], [ 2538775.603000000119209, 1152585.126 ], [ 2538778.668, 1152590.016 ], [ 2538780.71100000012666, 1152594.248 ], [ 2538782.025, 1152598.628 ], [ 2538783.265000000130385, 1152604.904 ], [ 2538784.87099999981001, 1152627.456 ], [ 2538786.136, 1152647.058999999891967 ], [ 2538787.941999999806285, 1152674.283 ], [ 2538789.33, 1152692.343000000109896 ], [ 2538789.775, 1152697.406 ], [ 2538791.199, 1152713.556 ], [ 2538792.600999999791384, 1152732.713 ], [ 2538793.62900000018999, 1152748.227999999886379 ], [ 2538793.35, 1152757.852999999886379 ], [ 2538792.694999999832362, 1152763.928 ], [ 2538791.666999999899417, 1152769.254999999888241 ], [ 2538789.984000000171363, 1152775.235000000102445 ], [ 2538788.114, 1152780.656 ], [ 2538785.686000000219792, 1152787.104 ], [ 2538782.134999999776483, 1152795.608 ], [ 2538776.528, 1152807.944 ], [ 2538771.574, 1152818.598 ], [ 2538769.986, 1152822.243 ], [ 2538767.089000000152737, 1152828.784 ], [ 2538765.220000000204891, 1152834.486 ], [ 2538764.191000000108033, 1152838.316000000108033 ], [ 2538763.629999999888241, 1152842.896 ], [ 2538763.44400000013411, 1152847.379999999888241 ], [ 2538763.723000000230968, 1152852.989 ], [ 2538764.285999999847263, 1152858.316000000108033 ], [ 2538765.781, 1152864.764999999897555 ], [ 2538768.21, 1152873.924000000115484 ], [ 2538776.06, 1152904.108 ], [ 2538782.696, 1152930.274 ], [ 2538788.396000000182539, 1152953.358 ], [ 2538791.87900000018999, 1152965.629 ], [ 2538795.498999999836087, 1152980.271 ], [ 2538797.46, 1152989.525 ], [ 2538799.799000000115484, 1153000.737999999895692 ], [ 2538802.69400000013411, 1153017.654 ], [ 2538807.705999999772757, 1153046.347 ], [ 2538808.021000000182539, 1153048.306 ], [ 2538818.275, 1153108.601 ], [ 2538819.065, 1153112.876 ] ], [ [ 2538638.08600000012666, 1152630.319 ], [ 2538643.253, 1152630.207 ], [ 2538649.92, 1152630.392 ], [ 2538675.478000000119209, 1152631.131 ], [ 2538679.924000000115484, 1152630.392 ], [ 2538685.295, 1152628.354 ], [ 2538690.666999999899417, 1152625.02 ], [ 2538696.223000000230968, 1152619.279 ], [ 2538717.893000000156462, 1152590.016 ], [ 2538724.188999999780208, 1152581.681 ] ], [ [ 2538128.188, 1152353.319 ], [ 2538141.523, 1152349.058999999891967 ], [ 2538157.044000000227243, 1152344.435 ], [ 2538158.932, 1152343.873 ], [ 2538165.615000000223517, 1152342.079 ], [ 2538181.713, 1152337.761 ], [ 2538192.169000000227243, 1152335.952 ], [ 2538216.153, 1152331.8 ], [ 2538278.021000000182539, 1152321.092 ] ], [ [ 2538819.065, 1153112.876 ], [ 2538824.756, 1153143.656999999890104 ], [ 2538825.654, 1153148.597 ], [ 2538829.974, 1153170.193 ], [ 2538832.378, 1153181.009 ], [ 2538835.278, 1153192.675 ], [ 2538840.119, 1153209.171 ], [ 2538846.166000000201166, 1153228.455 ], [ 2538851.541000000201166, 1153244.224 ], [ 2538854.299999999813735, 1153252.004 ], [ 2538856.774000000208616, 1153258.579 ], [ 2538861.157999999821186, 1153267.84 ], [ 2538864.833999999798834, 1153274.913 ], [ 2538868.015999999828637, 1153280.358 ], [ 2538872.330999999772757, 1153287.499 ], [ 2538876.643000000156462, 1153293.721 ], [ 2538881.169000000227243, 1153299.237999999895692 ], [ 2538887.839000000152737, 1153308.399 ], [ 2538896.123999999836087, 1153317.038 ], [ 2538905.754999999888241, 1153326.669 ], [ 2538918.773, 1153338.628 ], [ 2538939.938999999780208, 1153358.631 ], [ 2538955.508, 1153373.289000000106171 ], [ 2538972.535999999847263, 1153389.216 ], [ 2538984.069999999832362, 1153400.541 ], [ 2539003.651999999769032, 1153418.427 ], [ 2539023.125, 1153436.418 ], [ 2539033.578000000212342, 1153445.774 ], [ 2539046.938, 1153458.327 ], [ 2539060.694999999832362, 1153471.344 ], [ 2539077.205, 1153486.69 ], [ 2539095.089999999850988, 1153503.306 ], [ 2539107.898, 1153514.946 ], [ 2539115.518000000156462, 1153522.462 ], [ 2539119.645, 1153526.694 ], [ 2539122.291000000201166, 1153529.552 ], [ 2539125.737999999895692, 1153534.519 ], [ 2539129.403, 1153540.53 ], [ 2539134.134, 1153551.04 ], [ 2539218.108157117851079, 1153632.515224367147312 ] ], [ [ 2539276.160999999847263, 1153868.619 ], [ 2539279.725, 1153886.624 ], [ 2539282.332, 1153899.799000000115484 ], [ 2539283.524000000208616, 1153905.933 ], [ 2539282.796999999787658, 1153910.827 ], [ 2539281.275, 1153913.936 ], [ 2539279.484999999869615, 1153916.55 ], [ 2539279.483, 1153916.664000000106171 ], [ 2539281.227, 1153920.908 ], [ 2539281.450000000186265, 1153928.041999999899417 ], [ 2539281.666999999899417, 1153938.15 ], [ 2539283.890999999828637, 1153952.781 ], [ 2539286.298, 1153965.19 ], [ 2539292.03899999987334, 1153985.192 ], [ 2539300.188999999780208, 1154011.862 ], [ 2539308.707, 1154039.829 ], [ 2539320.932, 1154080.205 ], [ 2539326.487999999895692, 1154097.8 ], [ 2539330.748000000137836, 1154107.43 ], [ 2539336.489, 1154120.95 ], [ 2539343.156, 1154133.545 ], [ 2539357.233, 1154156.881 ], [ 2539360.566999999806285, 1154162.438 ], [ 2539369.825999999884516, 1154174.661 ], [ 2539382.975999999791384, 1154191.145 ], [ 2539401.683000000193715, 1154212.999 ], [ 2539410.572999999858439, 1154223.927 ], [ 2539408.186000000219792, 1154225.368 ] ], [ [ 2539410.572999999858439, 1154223.926 ], [ 2539427.154, 1154243.253 ], [ 2539431.501999999862164, 1154248.373 ], [ 2539451.275, 1154272.929 ], [ 2539460.640000000130385, 1154285.198 ], [ 2539469.083000000100583, 1154299.869 ], [ 2539486.693, 1154329.866 ], [ 2539512.225, 1154372.999 ], [ 2539523.196, 1154391.491 ], [ 2539550.589000000152737, 1154434.879 ], [ 2539580.24599999981001, 1154481.881 ], [ 2539584.969, 1154489.365 ], [ 2539596.151999999769032, 1154506.741 ], [ 2539628.748999999836087, 1154556.745000000111759 ], [ 2539642.464999999850988, 1154577.319 ], [ 2539645.049000000115484, 1154581.195 ], [ 2539658.56900000013411, 1154598.233 ], [ 2539664.308999999891967, 1154604.901 ], [ 2539676.163000000175089, 1154618.236 ], [ 2539687.646000000182539, 1154630.275 ], [ 2539692.089999999850988, 1154635.275 ], [ 2539716.907999999821186, 1154655.278 ], [ 2539730.614, 1154664.168 ], [ 2539746.910999999847263, 1154672.689 ], [ 2539760.802999999839813, 1154679.355 ], [ 2539770.534, 1154682.796 ], [ 2539788.673, 1154689.21 ], [ 2539793.228000000119209, 1154690.82 ], [ 2539815.245000000111759, 1154698.605 ], [ 2539854.889, 1154709.727999999886379 ], [ 2539860.075000000186265, 1154711.58 ], [ 2539882.85, 1154717.716 ], [ 2539911.038000000175089, 1154726.007 ], [ 2539951.56900000013411, 1154737.695 ], [ 2539967.833999999798834, 1154742.416999999899417 ], [ 2539974.535000000149012, 1154744.362999999895692 ], [ 2539990.119, 1154748.71 ], [ 2539994.166000000201166, 1154750.105 ], [ 2540008.796, 1154753.994 ], [ 2540044.728000000119209, 1154763.81 ], [ 2540090.166000000201166, 1154776.861 ], [ 2540118.660000000149012, 1154785.045 ], [ 2540134.739, 1154789.74 ], [ 2540190.301, 1154807.705 ], [ 2540200.673, 1154812.335 ], [ 2540217.529, 1154821.225 ], [ 2540232.344, 1154830.485000000102445 ], [ 2540251.42, 1154845.301 ], [ 2540265.311000000219792, 1154858.081 ], [ 2540280.153, 1154873.143 ], [ 2540314.438999999780208, 1154907.166 ], [ 2540334.916999999899417, 1154929.331 ], [ 2540340.054, 1154934.889999999897555 ], [ 2540359.342999999877065, 1154956.499 ], [ 2540368.802999999839813, 1154968.514999999897555 ], [ 2540370.975999999791384, 1154971.277 ] ] ] } },
{ "type": "Feature", "properties": { "CADRE_NO": "10.435", "DDT_URL": null, "ETC_NOM": "CarPostal", "ETC_SIGLE": "CarPostal", "ETC_URL": "https://www.postauto.ch/fr", "GO_CENTRE": 0, "HORAIR_URL": "https://www.tableaux-horaires.ch/fileadmin/fap_pdf_fields/2025/10.435.pdf", "LIGNE_NO": "435", "LIGNE_NOM": "Thierrens - Epalinges", "LIGNE_SIGL": null, "LIGNE_TYPE": "Bus régional", "PLAN_URL": "https://prestations.vd.ch/pub/101587/api/download/2_Cartographie_et_geodonnees/2.1_Carte_des_reseaux/Carte_des_lignes_TP/topo/ligne_10.435.pdf", "SHAPE_LEN": 24681.93 }, "geometry": { "type": "MultiLineString", "coordinates": [ [ [ 2540451.028, 1154973.751 ], [ 2540442.753, 1154974.022000000113621 ], [ 2540433.757000000216067, 1154973.757 ], [ 2540425.884999999776483, 1154973.492 ], [ 2540416.359999999869615, 1154973.558999999891967 ], [ 2540408.791000000201166, 1154974.087 ], [ 2540403.034, 1154974.761 ], [ 2540397.943, 1154975.357 ], [ 2540391.223000000230968, 1154976.68 ], [ 2540388.100999999791384, 1154979.379 ], [ 2540381.437, 1154984.579 ] ], [ [ 2540370.975999999791384, 1154971.277 ], [ 2540381.23, 1154984.308 ], [ 2540381.437, 1154984.579 ] ], [ [ 2540451.028, 1154973.751 ], [ 2540450.970000000204891, 1154973.092 ], [ 2540450.973000000230968, 1154972.492 ], [ 2540451.035999999847263, 1154971.845 ], [ 2540451.173, 1154971.158 ], [ 2540451.346, 1154970.584 ], [ 2540451.589000000152737, 1154969.983 ], [ 2540451.916000000201166, 1154969.362999999895692 ], [ 2540452.245000000111759, 1154968.861 ], [ 2540452.651999999769032, 1154968.354 ], [ 2540453.140000000130385, 1154967.854 ], [ 2540453.776, 1154967.359 ] ] ] } },
{ "type": "Feature", "properties": { "CADRE_NO": "10.735", "DDT_URL": null, "ETC_NOM": "Transports de la région Morges - Bière - Cossonay", "ETC_SIGLE": "MBC", "ETC_URL": "https://mbc.ch", "GO_CENTRE": 0, "HORAIR_URL": "https://www.tableaux-horaires.ch/fileadmin/fap_pdf_fields/2025/10.735.pdf", "LIGNE_NO": "735", "LIGNE_NOM": "Morges - Aclens - Cossonay-Ville - La Sarraz - Orny", "LIGNE_SIGL": "MBC", "LIGNE_TYPE": "Bus régional", "PLAN_URL": "https://prestations.vd.ch/pub/101587/api/download/2_Cartographie_et_geodonnees/2.1_Carte_des_reseaux/Carte_des_lignes_TP/topo/ligne_10.735.pdf", "SHAPE_LEN": 23815.213 }, "geometry": { "type": "MultiLineString", "coordinates": [ ] } },
{ "type": "Feature", "properties": { "CADRE_NO": "10.705", "DDT_URL": null, "ETC_NOM": "Transports de la région Morges - Bière - Cossonay", "ETC_SIGLE": "MBC", "ETC_URL": "https://mbc.ch", "GO_CENTRE": 0, "HORAIR_URL": "https://www.tableaux-horaires.ch/fileadmin/fap_pdf_fields/2025/10.705.pdf", "LIGNE_NO": "705", "LIGNE_NOM": "Lonay - Préverenges - Denges - Echandens - Ecublens VD", "LIGNE_SIGL": "TPM", "LIGNE_TYPE": "Bus urbain", "PLAN_URL": "https://prestations.vd.ch/pub/101587/api/download/2_Cartographie_et_geodonnees/2.1_Carte_des_reseaux/Carte_des_lignes_TP/topo/ligne_10.705.pdf", "SHAPE_LEN": 12983.048 }, "geometry": { "type": "MultiLineString", "coordinates": [ [ [ 2532903.08, 1152908.204 ], [ 2532924.37900000018999, 1152960.248 ], [ 2532953.271000000182539, 1153030.628 ], [ 2532984.386, 1153105.821 ], [ 2533126.421226480044425, 1153420.956454927334562 ], [ 2533525.822482703253627, 1153310.196952904341742 ], [ 2533163.721807278692722, 1153414.262287793681026 ], [ 2533086.679, 1153437.215 ], [ 2533071.623000000137836, 1153443.237 ], [ 2533057.717999999877065, 1153448.994 ], [ 2533052.139, 1153451.739 ], [ 2533046.116, 1153455.813 ], [ 2533041.771999999880791, 1153458.825 ], [ 2533037.841, 1153458.666999999899417 ], [ 2533029.656, 1153458.749 ], [ 2533026.054, 1153459.456 ], [ 2533021.427999999839813, 1153460.681 ], [ 2533012.538000000175089, 1153463.83 ], [ 2533001.61200000019744, 1153468.46 ], [ 2532974.200000000186265, 1153481.24 ], [ 2532958.086999999824911, 1153486.981 ], [ 2532938.824, 1153493.278 ], [ 2532925.489, 1153498.094 ], [ 2532918.822000000160187, 1153500.131 ], [ 2532909.006, 1153502.354 ], [ 2532899.375, 1153503.835 ], [ 2532887.523, 1153504.946 ], [ 2532868.259, 1153505.503 ], [ 2532842.146000000182539, 1153505.316000000108033 ], [ 2532831.96, 1153504.946 ], [ 2532817.883, 1153504.205 ], [ 2532807.697000000160187, 1153504.02 ], [ 2532804.362999999895692, 1153504.02 ], [ 2532799.177999999839813, 1153504.391 ], [ 2532791.213, 1153505.688 ], [ 2532779.545, 1153507.168 ], [ 2532764.359000000171363, 1153509.762000000104308 ], [ 2532747.221, 1153512.323 ], [ 2532744.541000000201166, 1153512.726 ], [ 2532732.133, 1153515.133 ], [ 2532724.353999999817461, 1153518.096 ], [ 2532705.463, 1153525.134 ], [ 2532697.497, 1153528.097 ], [ 2532688.978999999817461, 1153529.209 ], [ 2532682.029, 1153528.621 ], [ 2532681.884, 1153529.291 ], [ 2532681.646000000182539, 1153529.897000000113621 ], [ 2532681.346, 1153530.416 ], [ 2532680.938999999780208, 1153530.921 ], [ 2532680.46, 1153531.358 ], [ 2532679.918, 1153531.717 ], [ 2532679.151999999769032, 1153532.043 ], [ 2532678.557, 1153532.18 ], [ 2532677.910000000149012, 1153532.23 ], [ 2532677.214000000152737, 1153532.17 ], [ 2532676.583999999798834, 1153532.008 ], [ 2532675.98700000019744, 1153531.753 ], [ 2532675.078000000212342, 1153531.102999999886379 ], [ 2532674.654, 1153530.639999999897555 ], [ 2532674.271999999880791, 1153530.056 ], [ 2532674.026, 1153529.509 ], [ 2532673.849, 1153528.883 ], [ 2532673.774000000208616, 1153528.188 ], [ 2532673.802999999839813, 1153527.589 ], [ 2532673.929, 1153526.952 ], [ 2532674.157000000122935, 1153526.343000000109896 ], [ 2532674.474, 1153525.778 ], [ 2532674.876999999862164, 1153525.268 ], [ 2532675.393999999854714, 1153524.797 ], [ 2532675.893999999854714, 1153524.468000000109896 ], [ 2532676.484000000171363, 1153524.196 ], [ 2532677.142, 1153524.012000000104308 ], [ 2532677.75400000018999, 1153523.942 ], [ 2532678.452, 1153523.974 ], [ 2532679.086999999824911, 1153524.108 ], [ 2532679.648, 1153524.319 ], [ 2532680.217000000178814, 1153524.636 ], [ 2532680.76299999980256, 1153525.07 ], [ 2532681.199, 1153525.552 ], [ 2532681.529, 1153526.052 ], [ 2532681.81900000013411, 1153526.687 ], [ 2532681.990000000223517, 1153527.314 ], [ 2532682.058000000193715, 1153527.91 ], [ 2532682.029, 1153528.621 ] ], [ [ 2532675.078000000212342, 1153531.102999999886379 ], [ 2532669.136, 1153536.737999999895692 ], [ 2532660.404999999795109, 1153543.088 ], [ 2532649.768999999854714, 1153548.485000000102445 ], [ 2532632.463, 1153555.311 ], [ 2532611.509, 1153562.931 ], [ 2532594.046999999787658, 1153568.646 ], [ 2532583.092999999877065, 1153571.821 ], [ 2532579.901999999769032, 1153572.602999999886379 ], [ 2532571.001999999862164, 1153574.787 ], [ 2532566.265000000130385, 1153575.949 ], [ 2532552.454, 1153578.487999999895692 ], [ 2532538.483, 1153580.553 ], [ 2532491.335, 1153586.744 ] ], [ [ 2532903.08, 1152908.204 ], [ 2532884.558999999891967, 1152862.643 ], [ 2532855.481000000145286, 1152791.893 ], [ 2532826.217999999877065, 1152720.773 ], [ 2532855.296, 1152710.772000000113621 ], [ 2532876.964999999850988, 1152702.252 ], [ 2532893.079, 1152695.955 ], [ 2532900.858, 1152693.361 ], [ 2532908.808999999891967, 1152691.485000000102445 ], [ 2532921.416000000201166, 1152688.361 ], [ 2532936.044000000227243, 1152685.76 ], [ 2532946.419000000227243, 1152683.916999999899417 ], [ 2532981.794000000227243, 1152680.026 ], [ 2533006.426, 1152679.286 ], [ 2533026.798, 1152679.101 ], [ 2533052.358, 1152679.471 ], [ 2533073.842000000178814, 1152678.915 ], [ 2533081.991, 1152679.286 ], [ 2533098.825000000186265, 1152679.141 ], [ 2533124.775, 1152678.915 ], [ 2533148.111, 1152678.73 ], [ 2533157.187, 1152678.360000000102445 ], [ 2533163.669000000227243, 1152677.989 ], [ 2533175.151, 1152676.508 ], [ 2533188.671, 1152674.101 ], [ 2533202.562, 1152670.582 ], [ 2533217.748999999836087, 1152665.395 ], [ 2533234.233, 1152658.541999999899417 ], [ 2533244.234000000171363, 1152653.727999999886379 ], [ 2533247.515000000130385, 1152651.983 ], [ 2533258.864, 1152645.949 ], [ 2533276.089999999850988, 1152637.058999999891967 ], [ 2533287.203000000212342, 1152631.872 ], [ 2533297.018999999854714, 1152628.354 ], [ 2533307.575000000186265, 1152625.02 ], [ 2533318.133, 1152622.612999999895692 ], [ 2533330.725999999791384, 1152620.574 ], [ 2533341.469, 1152619.649 ], [ 2533351.285000000149012, 1152619.094 ], [ 2533360.915, 1152619.649 ], [ 2533370.361, 1152620.391 ], [ 2533384.437, 1152622.798 ], [ 2533398.699, 1152625.389999999897555 ], [ 2533408.329, 1152626.687 ], [ 2533415.18099999986589, 1152626.687 ], [ 2533416.478999999817461, 1152626.687 ], [ 2533435.555000000167638, 1152626.873 ], [ 2533455.186000000219792, 1152626.687 ], [ 2533469.81900000013411, 1152626.873 ], [ 2533487.415, 1152626.502 ], [ 2533487.782999999821186, 1152597.98 ], [ 2533487.782999999821186, 1152566.124 ], [ 2533487.782999999821186, 1152555.011 ], [ 2533488.443, 1152502.877 ], [ 2533487.782999999821186, 1152461.110000000102445 ], [ 2533487.859000000171363, 1152436.026 ], [ 2533487.967999999877065, 1152399.25 ], [ 2533487.967999999877065, 1152359.06 ] ] ] } },
{ "type": "Feature", "properties": { "CADRE_NO": "10.904", "DDT_URL": null, "ETC_NOM": "Transports publics de la région lausannoise", "ETC_SIGLE": "TL", "ETC_URL": "https://www.t-l.ch", "GO_CENTRE": 0, "HORAIR_URL": "https://www.tableaux-horaires.ch/fileadmin/fap_pdf_fields/2025/10.904.pdf", "LIGNE_NO": "N4", "LIGNE_NOM": "Lausanne St-François - Mex VD Les Esserts (N4)", "LIGNE_SIGL": null, "LIGNE_TYPE": "Bus nocturne", "PLAN_URL": "https://prestations.vd.ch/pub/101587/api/download/2_Cartographie_et_geodonnees/2.1_Carte_des_reseaux/Carte_des_lignes_TP/topo/ligne_10.904.pdf", "SHAPE_LEN": 24555.618 }, "geometry": { "type": "MultiLineString", "coordinates": [ [ [ 2536060.798, 1154029.277 ], [ 2536049.961999999824911, 1154015.566000000108033 ], [ 2536046.628, 1154008.343000000109896 ], [ 2536044.96, 1154000.935 ], [ 2536044.220000000204891, 1153992.971 ], [ 2536045.33, 1153981.858 ], [ 2536048.85, 1153961.486 ], [ 2536055.330999999772757, 1153919.259 ], [ 2536056.998999999836087, 1153904.626 ], [ 2536059.035999999847263, 1153887.772000000113621 ], [ 2536059.963, 1153869.623 ], [ 2536061.072999999858439, 1153818.69 ], [ 2536061.628, 1153793.872 ], [ 2536061.443, 1153787.205 ], [ 2536060.88799999980256, 1153781.834 ], [ 2536059.591, 1153779.056 ], [ 2536058.109999999869615, 1153776.462 ], [ 2536054.406, 1153772.388 ], [ 2536046.441999999806285, 1153767.203 ], [ 2536032.552000000141561, 1153757.571 ], [ 2536014.955999999772757, 1153745.902 ], [ 2536001.80599999986589, 1153738.679 ], [ 2535986.990000000223517, 1153731.272000000113621 ], [ 2535953.683999999891967, 1153716.522000000113621 ], [ 2535952.452, 1153715.976 ], [ 2535948.096, 1153714.048 ], [ 2535927.352, 1153705.156999999890104 ], [ 2535896.606999999843538, 1153691.082 ], [ 2535881.791999999899417, 1153684.784 ], [ 2535861.233, 1153675.338 ], [ 2535850.676, 1153670.523 ], [ 2535834.378, 1153662.93 ], [ 2535819.74599999981001, 1153656.075999999884516 ], [ 2535812.524000000208616, 1153651.817 ], [ 2535807.153, 1153648.483 ], [ 2535799.001999999862164, 1153643.483 ], [ 2535784.187, 1153633.852 ], [ 2535777.704, 1153629.221 ], [ 2535770.481999999843538, 1153623.110000000102445 ], [ 2535763.072999999858439, 1153617.183 ], [ 2535753.257000000216067, 1153607.182 ], [ 2535744.736, 1153596.069 ], [ 2535736.217999999877065, 1153585.328 ], [ 2535730.291000000201166, 1153575.696 ], [ 2535725.457, 1153567.496 ], [ 2535724.177999999839813, 1153565.325 ], [ 2535718.807, 1153554.582 ], [ 2535716.159, 1153547.379999999888241 ], [ 2535712.882000000216067, 1153538.469 ], [ 2535707.694999999832362, 1153521.985000000102445 ], [ 2535696.583000000100583, 1153482.352 ], [ 2535692.13799999980256, 1153464.757 ], [ 2535702.509, 1153459.941000000108033 ], [ 2535723.992999999783933, 1153449.753 ], [ 2535756.96, 1153434.011 ], [ 2535778.629999999888241, 1153423.639999999897555 ], [ 2535816.412, 1153406.045 ], [ 2535852.157000000122935, 1153387.154 ], [ 2535909.017, 1153354.187 ], [ 2535942.51299999980256, 1153335.5 ], [ 2535963.608, 1153322.557 ], [ 2535964.58, 1153321.96 ], [ 2535976.964999999850988, 1153315.251 ], [ 2535997.176, 1153303.626 ], [ 2536027.736, 1153285.659 ], [ 2536071.629999999888241, 1153260.841 ], [ 2536136.639, 1153223.058999999891967 ], [ 2536172.383, 1153201.575 ], [ 2536173.406, 1153200.985000000102445 ], [ 2536199.98, 1153185.647000000113621 ], [ 2536224.983, 1153171.385 ], [ 2536228.015000000130385, 1153169.695 ], [ 2536249.24599999981001, 1153157.865 ], [ 2536263.136, 1153151.383 ], [ 2536287.583999999798834, 1153140.825999999884516 ], [ 2536314.808999999891967, 1153134.9 ], [ 2536340.367999999783933, 1153131.195 ], [ 2536389.634, 1153126.01 ], [ 2536431.261, 1153122.556 ], [ 2536516.686000000219792, 1153116.378 ], [ 2536586.375, 1153113.9 ], [ 2536594.725999999791384, 1153113.602999999886379 ], [ 2536629.44400000013411, 1153112.367 ], [ 2536657.259, 1153111.378 ], [ 2536728.751000000163913, 1153108.601 ], [ 2536794.12900000018999, 1153104.525 ], [ 2536859.322000000160187, 1153101.377 ], [ 2536883.029999999795109, 1153100.264999999897555 ], [ 2536896.92, 1153098.97 ], [ 2536898.702, 1153098.642 ], [ 2536905.99599999981001, 1153097.303 ], [ 2536918.219, 1153094.894 ], [ 2536928.961999999824911, 1153091.747 ], [ 2536943.407000000122935, 1153086.56 ], [ 2536960.816999999806285, 1153078.597 ], [ 2536967.112999999895692, 1153075.077 ], [ 2536975.264, 1153069.15 ], [ 2536994.339999999850988, 1153054.334 ], [ 2537036.01299999980256, 1153023.034 ], [ 2537036.879999999888241, 1153022.342 ], [ 2537047.609000000171363, 1153013.781999999890104 ], [ 2537068.423, 1152997.476 ], [ 2537128.986, 1152952.284 ], [ 2537184.179, 1152910.797 ], [ 2537195.662, 1152902.278 ], [ 2537203.069999999832362, 1152897.647000000113621 ], [ 2537216.219, 1152889.498 ], [ 2537224.183999999891967, 1152884.867 ], [ 2537240.481999999843538, 1152876.039000000106171 ], [ 2537257.319999999832362, 1152868.608 ], [ 2537297.674000000115484, 1152852.993 ], [ 2537351.393000000156462, 1152832.583000000100583 ], [ 2537387.784, 1152824.041 ], [ 2537388.804, 1152823.893 ], [ 2537411.254999999888241, 1152820.623 ], [ 2537441.066999999806285, 1152817.058 ], [ 2537486.489, 1152811.872 ], [ 2537531.518000000156462, 1152805.224 ], [ 2537553.629999999888241, 1152800.775 ] ], [ [ 2534816.043, 1154077.773 ], [ 2534857.929, 1154036.156999999890104 ], [ 2534894.950000000186265, 1153999.54 ], [ 2534965.481000000145286, 1153930.767 ], [ 2534975.009999999776483, 1153922.406 ], [ 2534979.454, 1153918.702 ], [ 2535035.018000000156462, 1153863.881 ], [ 2535060.197000000160187, 1153837.877 ], [ 2535063.353999999817461, 1153834.617 ], [ 2535130.029, 1153767.758 ], [ 2535145.216, 1153753.868 ], [ 2535168.921999999787658, 1153730.345 ], [ 2535189.296, 1153713.121 ], [ 2535203.742999999783933, 1153702.193 ], [ 2535212.632000000216067, 1153696.453 ], [ 2535224.115000000223517, 1153687.933 ], [ 2535245.228999999817461, 1153674.967 ], [ 2535270.787, 1153660.893 ], [ 2535314.498000000137836, 1153639.408 ], [ 2535335.424999999813735, 1153628.295 ], [ 2535359.688, 1153616.813 ], [ 2535407.287, 1153594.957 ], [ 2535447.847, 1153575.696 ], [ 2535478.037, 1153561.620000000111759 ], [ 2535564.344, 1153524.764 ], [ 2535581.92, 1153516.158 ], [ 2535599.903, 1153507.352999999886379 ], [ 2535639.353000000119209, 1153488.648 ], [ 2535692.13799999980256, 1153464.757 ] ], [ [ 2534255.004999999888241, 1154697.625 ], [ 2534246.583999999798834, 1154722.693 ], [ 2534242.879999999888241, 1154730.658 ], [ 2534237.13799999980256, 1154741.215 ], [ 2534230.842000000178814, 1154750.66 ], [ 2534222.691000000108033, 1154761.588 ], [ 2534214.728000000119209, 1154773.254 ], [ 2534199.355, 1154792.703 ], [ 2534188.427000000141561, 1154804.185 ], [ 2534178.981999999843538, 1154813.261 ], [ 2534168.611, 1154822.337 ], [ 2534159.906, 1154829.004 ], [ 2534148.978999999817461, 1154837.337 ], [ 2534130.779999999795109, 1154850.217 ], [ 2534130.088, 1154842.339 ], [ 2534128.975999999791384, 1154832.338 ], [ 2534126.75400000018999, 1154821.04 ], [ 2534119.160000000149012, 1154790.85 ], [ 2534113.78899999987334, 1154766.402 ], [ 2534110.271000000182539, 1154748.068 ] ], [ [ 2534110.271000000182539, 1154748.068 ], [ 2534106.379999999888241, 1154722.878 ], [ 2534100.825000000186265, 1154667.502 ], [ 2534093.021999999880791, 1154598.239 ], [ 2534142.866, 1154579.898 ], [ 2534213.43099999986589, 1154555.08 ], [ 2534263.622, 1154540.818 ], [ 2534277.142, 1154536.189 ], [ 2534290.849, 1154530.077 ] ], [ [ 2535593.498999999836087, 1154499.922 ], [ 2535626.38799999980256, 1154475.254999999888241 ], [ 2535648.614, 1154459.327 ], [ 2535673.802000000141561, 1154440.065 ], [ 2535690.656, 1154426.73 ], [ 2535708.62099999981001, 1154412.84 ], [ 2535763.813999999780208, 1154370.798 ], [ 2535813.264, 1154333.014999999897555 ], [ 2535843.779999999795109, 1154310.378 ], [ 2535843.785000000149012, 1154310.375 ], [ 2535846.973000000230968, 1154308.012000000104308 ], [ 2535864.382000000216067, 1154294.676 ], [ 2535881.977, 1154279.304 ], [ 2535892.903, 1154269.487999999895692 ], [ 2535901.978999999817461, 1154260.227999999886379 ], [ 2535925.872, 1154234.668 ], [ 2535931.427999999839813, 1154226.334 ], [ 2535951.058999999891967, 1154197.997 ], [ 2535975.506, 1154160.4 ], [ 2535995.879999999888241, 1154131.138 ], [ 2535998.046999999787658, 1154127.649 ], [ 2536017.92, 1154096.689 ], [ 2536037.367, 1154069.832 ], [ 2536051.626999999862164, 1154051.127 ], [ 2536060.642, 1154040.528 ] ], [ [ 2537814.904, 1152123.370000000111759 ], [ 2537814.957, 1152124.034 ], [ 2537814.890000000130385, 1152124.68 ], [ 2537814.708000000100583, 1152125.304 ], [ 2537814.416000000201166, 1152125.883 ], [ 2537814.024000000208616, 1152126.401 ], [ 2537813.586999999824911, 1152126.81 ], [ 2537813.041999999899417, 1152127.166 ], [ 2537812.396999999880791, 1152127.429 ], [ 2537811.852, 1152127.549000000115484 ], [ 2537811.153, 1152127.578 ], [ 2537810.511, 1152127.482 ], [ 2537809.812, 1152127.234 ], [ 2537809.248000000137836, 1152126.899 ], [ 2537808.794000000227243, 1152126.507 ], [ 2537808.353999999817461, 1152125.964 ], [ 2537808.068, 1152125.438 ], [ 2537807.849, 1152124.773 ], [ 2537807.774000000208616, 1152123.689 ], [ 2537807.873999999836087, 1152123.09 ], [ 2537808.091, 1152122.477999999886379 ], [ 2537808.415, 1152121.916 ], [ 2537808.87099999981001, 1152121.386 ], [ 2537809.336999999824911, 1152121.008 ], [ 2537809.950000000186265, 1152120.675 ], [ 2537810.518999999854714, 1152120.487 ], [ 2537811.21100000012666, 1152120.389999999897555 ], [ 2537811.861, 1152120.421 ], [ 2537812.492999999783933, 1152120.57 ], [ 2537813.088, 1152120.829 ], [ 2537813.586999999824911, 1152121.158 ], [ 2537814.091, 1152121.642 ], [ 2537814.443, 1152122.129 ], [ 2537814.742999999783933, 1152122.76 ], [ 2537814.904, 1152123.370000000111759 ], [ 2537826.83600000012666, 1152120.258 ], [ 2537825.187, 1152113.102 ], [ 2537891.86200000019744, 1152098.842 ], [ 2537904.640999999828637, 1152097.732 ], [ 2537953.906, 1152087.544 ], [ 2537954.455, 1152091.213 ], [ 2537965.401999999769032, 1152089.348 ] ], [ [ 2537954.455, 1152091.213 ], [ 2537955.572999999858439, 1152097.360000000102445 ], [ 2537906.492999999783933, 1152107.361 ], [ 2537903.382000000216067, 1152107.95 ], [ 2537885.936000000219792, 1152111.252 ], [ 2537876.120000000111759, 1152112.177 ], [ 2537874.285000000149012, 1152112.56 ], [ 2537827.224, 1152122.362999999895692 ], [ 2537826.83600000012666, 1152120.258 ] ], [ [ 2537809.812, 1152127.234 ], [ 2537803.703000000212342, 1152137.18 ], [ 2537797.589999999850988, 1152143.106 ], [ 2537790.367999999783933, 1152148.663 ], [ 2537782.774000000208616, 1152153.849 ], [ 2537728.876999999862164, 1152187.186 ], [ 2537638.866, 1152240.341 ], [ 2537591.082, 1152270.161 ], [ 2537546.447000000160187, 1152298.497 ], [ 2537533.833000000100583, 1152306.412 ], [ 2537489.774000000208616, 1152334.058 ], [ 2537474.401999999769032, 1152343.503 ], [ 2537441.619, 1152364.432 ], [ 2537418.467000000178814, 1152378.322 ], [ 2537386.426, 1152398.324 ], [ 2537381.796, 1152402.77 ], [ 2537378.461999999824911, 1152406.844 ], [ 2537376.424999999813735, 1152411.104 ], [ 2537375.128, 1152416.105 ], [ 2537375.128, 1152422.585999999893829 ], [ 2537375.685, 1152429.44 ], [ 2537377.352, 1152437.404 ], [ 2537399.947999999858439, 1152483.705 ], [ 2537404.151, 1152492.933999999891967 ], [ 2537422.727, 1152533.712 ], [ 2537430.904, 1152551.66 ], [ 2537437.046999999787658, 1152564.784 ], [ 2537526.708000000100583, 1152744.314 ], [ 2537538.049000000115484, 1152767.69 ], [ 2537551.884999999776483, 1152796.209 ], [ 2537553.629999999888241, 1152800.775 ] ], [ [ 2538525.369, 1152032.778 ], [ 2538529.904, 1152045.872 ], [ 2538548.241, 1152101.251 ], [ 2538564.353999999817461, 1152152.183 ], [ 2538561.946, 1152153.849 ], [ 2538508.23700000019744, 1152185.891 ], [ 2538461.008, 1152212.376 ], [ 2538420.447999999858439, 1152235.527 ], [ 2538360.470000000204891, 1152271.067 ], [ 2538312.842000000178814, 1152299.053 ], [ 2538278.021000000182539, 1152321.092 ] ], [ [ 2538525.369, 1152032.778 ], [ 2538514.719, 1152035.129999999888241 ], [ 2538478.788000000175089, 1152039.76 ], [ 2538462.674999999813735, 1152041.242 ], [ 2538395.072999999858439, 1152047.169 ], [ 2538319.69400000013411, 1152054.578 ], [ 2538319.008, 1152054.647000000113621 ], [ 2538234.682, 1152063.096 ], [ 2538173.017, 1152070.145 ], [ 2538163.376999999862164, 1152071.247 ], [ 2538112.629999999888241, 1152076.246 ], [ 2538062.254999999888241, 1152081.535 ], [ 2538038.546, 1152084.025 ], [ 2538000.579, 1152086.432 ], [ 2537973.700000000186265, 1152088.352999999886379 ], [ 2537973.631, 1152089.007 ], [ 2537973.464000000152737, 1152089.633 ], [ 2537973.225999999791384, 1152090.183999999891967 ], [ 2537972.853000000119209, 1152090.774 ], [ 2537972.423, 1152091.262000000104308 ], [ 2537971.924999999813735, 1152091.678 ], [ 2537971.41399999987334, 1152091.99 ], [ 2537970.815, 1152092.243 ], [ 2537970.145, 1152092.406 ], [ 2537969.546999999787658, 1152092.459 ], [ 2537968.850999999791384, 1152092.412 ], [ 2537968.217000000178814, 1152092.266 ], [ 2537967.614, 1152092.025 ], [ 2537967.096, 1152091.724 ], [ 2537966.552999999839813, 1152091.283 ], [ 2537966.120000000111759, 1152090.799000000115484 ], [ 2537965.791000000201166, 1152090.298 ], [ 2537965.401999999769032, 1152089.348 ], [ 2537965.284, 1152088.739 ], [ 2537965.259, 1152088.039000000106171 ], [ 2537965.329, 1152087.444 ], [ 2537965.498999999836087, 1152086.817 ], [ 2537965.788000000175089, 1152086.182 ], [ 2537966.145, 1152085.638 ], [ 2537966.546, 1152085.194 ], [ 2537967.089000000152737, 1152084.751 ], [ 2537967.65, 1152084.426 ], [ 2537968.256, 1152084.191000000108033 ], [ 2537968.841, 1152084.058999999891967 ], [ 2537969.48700000019744, 1152084.011 ], [ 2537970.134, 1152084.063 ], [ 2537970.815, 1152084.227999999886379 ], [ 2537971.367999999783933, 1152084.458000000100583 ], [ 2537971.896999999880791, 1152084.773 ], [ 2537972.387000000104308, 1152085.173 ], [ 2537972.853000000119209, 1152085.695 ], [ 2537973.177999999839813, 1152086.199 ], [ 2537973.447999999858439, 1152086.791 ], [ 2537973.631, 1152087.464 ], [ 2537973.700000000186265, 1152088.352999999886379 ] ], [ [ 2536060.798, 1154029.277 ], [ 2536061.302000000141561, 1154028.909 ], [ 2536061.856999999843538, 1154028.574 ], [ 2536062.487999999895692, 1154028.27 ], [ 2536063.097, 1154028.043 ], [ 2536063.724, 1154027.872 ], [ 2536064.362999999895692, 1154027.757 ], [ 2536065.009999999776483, 1154027.699 ], [ 2536065.660000000149012, 1154027.7 ], [ 2536066.307, 1154027.757 ], [ 2536066.896999999880791, 1154027.862999999895692 ], [ 2536067.525, 1154028.031 ], [ 2536068.136, 1154028.254999999888241 ], [ 2536068.724, 1154028.531999999890104 ], [ 2536069.284, 1154028.861 ], [ 2536069.813, 1154029.237 ], [ 2536070.640000000130385, 1154029.995000000111759 ], [ 2536071.079, 1154030.511 ], [ 2536071.426, 1154031.0 ], [ 2536071.756, 1154031.56 ], [ 2536072.054, 1154032.192 ], [ 2536072.275, 1154032.804 ], [ 2536072.44, 1154033.432 ], [ 2536072.541999999899417, 1154034.024 ], [ 2536072.599, 1154034.722 ], [ 2536072.591, 1154035.371 ], [ 2536072.534, 1154035.967 ], [ 2536072.415, 1154036.607 ], [ 2536072.225999999791384, 1154037.28 ], [ 2536072.011, 1154037.84 ], [ 2536071.704, 1154038.469 ], [ 2536071.225999999791384, 1154039.224 ], [ 2536070.81900000013411, 1154039.737999999895692 ], [ 2536070.406, 1154040.174000000115484 ], [ 2536069.921999999787658, 1154040.607 ], [ 2536069.359999999869615, 1154041.022000000113621 ], [ 2536068.801, 1154041.357 ], [ 2536068.217000000178814, 1154041.641 ], [ 2536067.609999999869615, 1154041.873 ], [ 2536067.034, 1154042.036 ], [ 2536066.346, 1154042.166999999899417 ], [ 2536065.748999999836087, 1154042.227 ], [ 2536065.146999999880791, 1154042.236 ], [ 2536064.450999999884516, 1154042.186 ], [ 2536063.808000000193715, 1154042.078 ], [ 2536063.228000000119209, 1154041.928 ], [ 2536062.615000000223517, 1154041.714 ], [ 2536061.98, 1154041.421 ], [ 2536061.458999999798834, 1154041.124 ], [ 2536060.642, 1154040.528 ] ], [ [ 2538128.188, 1152353.319 ], [ 2538141.523, 1152349.058999999891967 ], [ 2538157.044000000227243, 1152344.435 ], [ 2538158.932, 1152343.873 ], [ 2538165.615000000223517, 1152342.079 ], [ 2538181.713, 1152337.761 ], [ 2538192.169000000227243, 1152335.952 ], [ 2538216.153, 1152331.8 ], [ 2538278.021000000182539, 1152321.092 ] ], [ [ 2535593.498999999836087, 1154499.922 ], [ 2535600.282999999821186, 1154509.133 ], [ 2535601.341, 1154511.845 ], [ 2535601.275, 1154514.358 ], [ 2535600.349, 1154517.732 ], [ 2535597.796, 1154520.477 ], [ 2535587.041000000201166, 1154528.743 ], [ 2535578.779, 1154535.095 ], [ 2535576.265000000130385, 1154536.418 ], [ 2535571.966, 1154536.749 ], [ 2535568.393999999854714, 1154535.492 ], [ 2535564.954, 1154532.383 ], [ 2535558.622, 1154524.114 ] ] ] } },
{ "type": "Feature", "properties": { "CADRE_NO": "10.038", "DDT_URL": null, "ETC_NOM": "Transports publics de la région lausannoise", "ETC_SIGLE": "TL", "ETC_URL": "https://www.t-l.ch", "GO_CENTRE": 0, "HORAIR_URL": "https://www.tableaux-horaires.ch/fileadmin/fap_pdf_fields/2025/10.038.pdf", "LIGNE_NO": "38", "LIGNE_NOM": "Renens VD gare nord - Prilly église", "LIGNE_SIGL": null, "LIGNE_TYPE": "Bus urbain", "PLAN_URL": "https://prestations.vd.ch/pub/101587/api/download/2_Cartographie_et_geodonnees/2.1_Carte_des_reseaux/Carte_des_lignes_TP/topo/ligne_10.038.pdf", "SHAPE_LEN": 2614.803 }, "geometry": { "type": "MultiLineString", "coordinates": [ [ [ 2534093.021999999880791, 1154598.239 ], [ 2534142.866, 1154579.898 ], [ 2534213.43099999986589, 1154555.08 ], [ 2534263.622, 1154540.818 ], [ 2534277.142, 1154536.189 ], [ 2534290.849, 1154530.077 ] ], [ [ 2534290.787784029729664, 1154531.445329692913219 ], [ 2534283.907294354401529, 1154554.958252576412633 ], [ 2534276.9013038338162, 1154576.589093521237373 ], [ 2534283.299193287268281, 1154585.726694623241201 ], [ 2534288.602424554061145, 1154609.943181281210855 ], [ 2534275.548539937939495, 1154644.823464304441586 ], [ 2534255.004999999888241, 1154697.625 ], [ 2534246.583999999798834, 1154722.693 ], [ 2534242.879999999888241, 1154730.658 ], [ 2534237.13799999980256, 1154741.215 ], [ 2534230.842000000178814, 1154750.66 ], [ 2534222.691000000108033, 1154761.588 ], [ 2534214.728000000119209, 1154773.254 ], [ 2534199.355, 1154792.703 ], [ 2534188.427000000141561, 1154804.185 ], [ 2534178.981999999843538, 1154813.261 ], [ 2534168.611, 1154822.337 ], [ 2534159.906, 1154829.004 ], [ 2534148.978999999817461, 1154837.337 ], [ 2534130.779999999795109, 1154850.217 ], [ 2534130.088, 1154842.339 ], [ 2534128.975999999791384, 1154832.338 ], [ 2534126.75400000018999, 1154821.04 ], [ 2534119.160000000149012, 1154790.85 ], [ 2534113.78899999987334, 1154766.402 ], [ 2534110.271000000182539, 1154748.068 ] ], [ [ 2534110.271000000182539, 1154748.068 ], [ 2534106.379999999888241, 1154722.878 ], [ 2534100.825000000186265, 1154667.502 ], [ 2534093.021999999880791, 1154598.239 ], [ 2534085.682377382181585, 1154521.764170774957165 ], [ 2534096.51903261942789, 1154437.938418903620914 ], [ 2534110.232984329108149, 1154386.726237271912396 ], [ 2534145.925055623054504, 1154348.666096720611677 ], [ 2534190.060027737170458, 1154314.69890183582902 ], [ 2534231.778441756032407, 1154290.070988388732076 ], [ 2534257.656105450354517, 1154285.497637133346871 ] ], [ [ 2535558.622, 1154524.114 ], [ 2535593.498999999836087, 1154499.922 ], [ 2535600.282999999821186, 1154509.133 ], [ 2535601.341, 1154511.845 ], [ 2535601.275, 1154514.358 ], [ 2535600.349, 1154517.732 ], [ 2535597.796, 1154520.477 ], [ 2535587.041000000201166, 1154528.743 ], [ 2535578.779, 1154535.095 ], [ 2535576.265000000130385, 1154536.418 ], [ 2535571.966, 1154536.749 ], [ 2535568.393999999854714, 1154535.492 ], [ 2535564.954, 1154532.383 ], [ 2535558.622, 1154524.114 ] ] ] } },
{ "type": "Feature", "properties": { "CADRE_NO": "10.002", "DDT_URL": null, "ETC_NOM": "Transports publics de la région lausannoise", "ETC_SIGLE": "TL", "ETC_URL": "https://www.t-l.ch", "GO_CENTRE": 0, "HORAIR_URL": "https://www.tableaux-horaires.ch/fileadmin/fap_pdf_fields/2025/10.002.pdf", "LIGNE_NO": "2", "LIGNE_NOM": "Lausanne Maladière-Lac - Bellerive - St-François - Bergières - Désert", "LIGNE_SIGL": null, "LIGNE_TYPE": "Trolleybus", "PLAN_URL": "https://prestations.vd.ch/pub/101587/api/download/2_Cartographie_et_geodonnees/2.1_Carte_des_reseaux/Carte_des_lignes_TP/topo/ligne_10.002.pdf", "SHAPE_LEN": 8281.287 }, "geometry": { "type": "MultiLineString", "coordinates": [ [ [ 2536813.114, 1154276.057 ], [ 2536814.131, 1154273.378 ], [ 2536825.799999999813735, 1154244.3 ], [ 2536835.247, 1154221.889 ], [ 2536845.432, 1154201.516 ], [ 2536848.708999999798834, 1154195.43 ], [ 2536850.617, 1154191.885 ], [ 2536851.544000000227243, 1154190.035 ], [ 2536868.583999999798834, 1154162.068 ], [ 2536892.846, 1154120.95 ], [ 2536926.737999999895692, 1154065.388 ], [ 2536933.221, 1154054.09 ], [ 2536938.963, 1154045.756 ], [ 2536941.741, 1154041.682 ], [ 2536942.645, 1154040.481 ], [ 2536952.483, 1154027.42 ], [ 2536963.225999999791384, 1154014.827 ], [ 2536973.412, 1154003.343000000109896 ], [ 2536985.265000000130385, 1153992.601 ], [ 2537002.119, 1153978.895 ], [ 2537015.639, 1153968.894 ], [ 2537032.122, 1153957.597 ], [ 2537047.126000000163913, 1153948.335999999893829 ], [ 2537054.903, 1153943.52 ], [ 2537073.424000000115484, 1153934.259 ], [ 2537093.798, 1153925.370000000111759 ], [ 2537108.362999999895692, 1153920.082 ], [ 2537120.838, 1153915.554 ], [ 2537154.916999999899417, 1153903.146 ], [ 2537174.083000000100583, 1153896.835 ] ], [ [ 2538034.287, 1152925.429 ], [ 2538024.471, 1152929.133 ], [ 2538016.136, 1152935.43 ], [ 2537999.653, 1152950.247 ], [ 2537987.058999999891967, 1152961.358 ], [ 2537978.724, 1152969.694 ], [ 2537968.352, 1152982.102 ], [ 2537958.350999999791384, 1152994.696 ], [ 2537910.012000000104308, 1153055.074 ], [ 2537898.529, 1153069.335 ], [ 2537892.418, 1153077.3 ], [ 2537885.009, 1153085.633 ], [ 2537877.785000000149012, 1153092.486 ], [ 2537865.748000000137836, 1153104.525 ], [ 2537851.856999999843538, 1153117.120000000111759 ], [ 2537849.508, 1153119.007 ], [ 2537841.484999999869615, 1153125.454 ], [ 2537832.964999999850988, 1153131.01 ], [ 2537824.816999999806285, 1153136.011 ], [ 2537795.552000000141561, 1153153.976 ], [ 2537755.177000000141561, 1153175.645 ], [ 2537739.620000000111759, 1153182.683999999891967 ], [ 2537730.477, 1153187.146 ], [ 2537724.063, 1153190.276 ], [ 2537702.021999999880791, 1153199.538 ], [ 2537678.87099999981001, 1153208.798 ], [ 2537664.001999999862164, 1153211.48 ], [ 2537642.941999999806285, 1153215.28 ], [ 2537639.043, 1153216.338 ], [ 2537619.049000000115484, 1153221.763 ], [ 2537607.566000000108033, 1153226.578 ], [ 2537589.787, 1153236.024 ], [ 2537552.188999999780208, 1153257.322 ], [ 2537525.148, 1153272.879999999888241 ], [ 2537496.254999999888241, 1153289.179 ], [ 2537469.279, 1153304.517 ], [ 2537458.473000000230968, 1153310.663 ], [ 2537451.251000000163913, 1153315.662 ], [ 2537412.725999999791384, 1153337.518 ], [ 2537387.353000000119209, 1153352.148 ], [ 2537368.832, 1153364.188 ], [ 2537351.421999999787658, 1153375.671 ], [ 2537334.938999999780208, 1153386.969 ], [ 2537326.179, 1153393.562 ], [ 2537317.713, 1153399.932 ], [ 2537302.987999999895692, 1153411.541 ], [ 2537301.971, 1153412.342 ], [ 2537273.264, 1153436.418 ], [ 2537243.074, 1153461.053 ], [ 2537217.515999999828637, 1153482.537 ], [ 2537205.663000000175089, 1153492.168 ], [ 2537185.846, 1153508.465 ], [ 2537164.176, 1153526.616 ], [ 2537152.693, 1153541.062 ], [ 2537121.76299999980256, 1153566.807 ], [ 2537109.740000000223517, 1153577.156 ], [ 2537107.133, 1153579.4 ], [ 2537094.907999999821186, 1153589.216 ], [ 2537053.978000000119209, 1153625.332 ], [ 2537043.42, 1153635.889 ], [ 2537037.31, 1153644.593000000109896 ], [ 2537031.751999999862164, 1153654.594 ], [ 2537030.04, 1153658.643 ], [ 2537027.677000000141561, 1153664.227 ], [ 2537025.640000000130385, 1153671.449 ], [ 2537022.30599999986589, 1153687.378 ], [ 2537022.676, 1153694.971 ], [ 2537023.603000000119209, 1153702.563 ], [ 2537026.197000000160187, 1153713.306 ], [ 2537029.345000000204891, 1153722.937 ], [ 2537034.714999999850988, 1153736.642 ], [ 2537040.827, 1153749.236 ], [ 2537042.332, 1153751.828 ], [ 2537050.829, 1153766.460999999893829 ], [ 2537061.756, 1153782.389 ], [ 2537069.16399999987334, 1153791.835 ], [ 2537077.498999999836087, 1153803.317 ], [ 2537088.426, 1153815.912 ], [ 2537098.427000000141561, 1153824.987999999895692 ], [ 2537111.392, 1153835.729 ], [ 2537125.282000000122935, 1153845.916999999899417 ], [ 2537153.248999999836087, 1153865.362999999895692 ], [ 2537166.583999999798834, 1153876.291 ] ], [ [ 2538034.287, 1152925.429 ], [ 2538048.919000000227243, 1152910.982 ], [ 2538061.844, 1152896.944 ], [ 2538070.403, 1152887.646 ], [ 2538084.108, 1152872.274 ], [ 2538091.146999999880791, 1152864.123 ], [ 2538095.035999999847263, 1152856.531 ], [ 2538097.072999999858439, 1152847.825999999884516 ], [ 2538097.072999999858439, 1152841.899 ], [ 2538093.739, 1152833.195 ], [ 2538083.183000000193715, 1152815.229 ], [ 2538069.660999999847263, 1152792.078 ], [ 2538056.325999999884516, 1152770.224 ], [ 2538049.474, 1152759.296 ], [ 2538038.361, 1152762.074 ], [ 2538028.73, 1152765.038 ], [ 2538020.582, 1152767.075 ], [ 2538012.802999999839813, 1152768.187 ], [ 2537998.171, 1152768.002 ], [ 2537978.169000000227243, 1152768.002 ], [ 2537955.94400000013411, 1152767.629999999888241 ], [ 2537947.793, 1152765.593000000109896 ], [ 2537926.311000000219792, 1152754.295 ], [ 2537921.865000000223517, 1152751.888 ], [ 2537917.42, 1152749.85 ], [ 2537913.346, 1152744.294 ], [ 2537891.86200000019744, 1152701.142 ], [ 2537875.378, 1152670.397000000113621 ], [ 2537868.525, 1152655.95 ] ], [ [ 2538525.369, 1152032.778 ], [ 2538529.904, 1152045.872 ], [ 2538548.241, 1152101.251 ], [ 2538564.353999999817461, 1152152.183 ], [ 2538561.946, 1152153.849 ], [ 2538508.23700000019744, 1152185.891 ], [ 2538461.008, 1152212.376 ], [ 2538420.447999999858439, 1152235.527 ], [ 2538360.470000000204891, 1152271.067 ], [ 2538312.842000000178814, 1152299.053 ], [ 2538278.021000000182539, 1152321.092 ] ], [ [ 2537888.455, 1151463.604 ], [ 2537910.111, 1151518.829 ], [ 2537923.102, 1151549.698 ], [ 2537931.657000000122935, 1151570.027 ], [ 2537943.603000000119209, 1151593.064 ], [ 2537960.930000000167638, 1151617.894 ], [ 2537986.796, 1151657.635 ], [ 2537996.615000000223517, 1151672.71 ], [ 2538015.353999999817461, 1151700.097 ], [ 2538034.947999999858439, 1151729.587 ], [ 2538041.001000000163913, 1151738.276 ], [ 2538054.427999999839813, 1151753.936 ], [ 2538070.168, 1151772.847 ], [ 2538071.987999999895692, 1151775.033 ], [ 2538079.846, 1151783.677 ], [ 2538090.332, 1151795.213 ], [ 2538110.603999999817461, 1151817.232 ], [ 2538123.259999999776483, 1151828.291999999899417 ], [ 2538125.910999999847263, 1151830.734 ], [ 2538161.687, 1151863.696 ], [ 2538163.673, 1151866.221 ], [ 2538177.085, 1151892.503 ], [ 2538180.927000000141561, 1151900.031999999890104 ], [ 2538183.775, 1151913.833000000100583 ], [ 2538186.694999999832362, 1151929.03 ], [ 2538192.458999999798834, 1151957.276 ], [ 2538197.915, 1151979.571 ], [ 2538203.572000000160187, 1151997.758 ], [ 2538207.673, 1152008.607 ], [ 2538216.271000000182539, 1152026.332 ], [ 2538227.83, 1152047.169 ], [ 2538234.682, 1152063.096 ] ], [ [ 2537888.455, 1151463.604 ], [ 2537864.762000000104308, 1151415.258 ], [ 2537833.041999999899417, 1151347.84 ], [ 2537819.338, 1151320.162 ], [ 2537818.062, 1151317.727 ], [ 2537805.575999999884516, 1151293.9 ], [ 2537794.294000000227243, 1151268.152 ], [ 2537790.193, 1151257.833000000100583 ], [ 2537775.185, 1151205.528 ], [ 2537744.498000000137836, 1151107.166999999899417 ], [ 2537743.981000000145286, 1151105.509 ], [ 2537736.37099999981001, 1151082.187 ], [ 2537733.554, 1151067.394 ], [ 2537731.969, 1151056.827 ], [ 2537731.736, 1151049.639999999897555 ], [ 2537732.194999999832362, 1151029.547 ], [ 2537735.501999999862164, 1150992.994 ], [ 2537737.146000000182539, 1150979.293 ], [ 2537737.257000000216067, 1150971.73 ], [ 2537736.27, 1150967.673 ], [ 2537745.231674110516906, 1150963.625488811405376 ], [ 2537777.302124666981399, 1150959.322819174965844 ], [ 2537786.445642617996782, 1150952.77597134350799 ], [ 2537785.78597780643031, 1150937.148598679807037 ], [ 2537777.512036080937833, 1150907.454704893985763 ], [ 2537763.679328972008079, 1150869.876955471932888 ], [ 2537757.135183951817453, 1150862.99609559844248 ], [ 2537751.586748742498457, 1150856.104922633385286 ], [ 2537749.487362682819366, 1150845.703701508697122 ], [ 2537751.417139535304159, 1150839.727728334488347 ], [ 2537756.878223003353924, 1150838.182175790192559 ], [ 2537760.38382584694773, 1150840.131204673787579 ], [ 2537764.900569200981408, 1150843.558762015542015 ], [ 2537767.954547886736691, 1150849.979456156026572 ], [ 2537767.030759639106691, 1150856.937659927643836 ], [ 2537765.593696339987218, 1150862.412178665166721 ], [ 2537763.679328972008079, 1150869.876955471932888 ] ], [ [ 2537605.209044395480305, 1151648.350877303164452 ], [ 2537614.429131241515279, 1151529.3981677305419 ], [ 2537626.838200888130814, 1151381.873536838917062 ], [ 2537630.516923344694078, 1151352.554279420757666 ], [ 2537638.302933088503778, 1151215.247554627247155 ], [ 2537639.679293854162097, 1151203.942394264042377 ], [ 2537638.738170037977397, 1151185.216697044670582 ], [ 2537631.332888221368194, 1151167.302475532051176 ], [ 2537574.037477916106582, 1151067.766751156188548 ], [ 2537550.521999999880791, 1151024.743 ], [ 2537514.23, 1151049.966 ], [ 2537463.018999999854714, 1151084.068 ], [ 2537448.02, 1151093.506 ], [ 2537440.074, 1151097.591 ], [ 2537375.126999999862164, 1151126.372 ], [ 2537349.69, 1151137.645 ], [ 2537322.051, 1151151.128 ], [ 2537298.484999999869615, 1151164.665 ], [ 2537289.214999999850988, 1151170.396 ], [ 2537272.700999999884516, 1151181.686 ], [ 2537259.386, 1151191.631 ], [ 2537243.03899999987334, 1151205.617 ], [ 2537208.997, 1151237.806 ], [ 2537179.55599999986589, 1151267.017 ], [ 2537174.171999999787658, 1151272.360000000102445 ], [ 2537058.990000000223517, 1151381.418 ], [ 2536996.518000000156462, 1151439.19 ], [ 2536952.083999999798834, 1151484.896 ], [ 2536952.535000000149012, 1151485.374 ], [ 2536952.91399999987334, 1151485.901 ], [ 2536953.219, 1151486.475 ], [ 2536953.430000000167638, 1151487.036 ], [ 2536953.579, 1151487.666999999899417 ], [ 2536953.640999999828637, 1151488.316000000108033 ], [ 2536953.611, 1151489.013 ], [ 2536953.494, 1151489.653 ], [ 2536953.291999999899417, 1151490.269 ], [ 2536953.009, 1151490.854 ], [ 2536952.651999999769032, 1151491.396 ], [ 2536951.927999999839813, 1151492.156 ], [ 2536951.406, 1151492.541 ], [ 2536950.83600000012666, 1151492.852999999886379 ], [ 2536950.23, 1151493.085999999893829 ], [ 2536949.598000000230968, 1151493.236 ], [ 2536948.950999999884516, 1151493.3 ], [ 2536948.302999999839813, 1151493.277 ], [ 2536947.612999999895692, 1151493.154 ], [ 2536947.041999999899417, 1151492.972 ], [ 2536946.410999999847263, 1151492.674000000115484 ], [ 2536945.909, 1151492.346 ], [ 2536945.378, 1151491.888 ], [ 2536944.955999999772757, 1151491.406999999890104 ], [ 2536944.592000000178814, 1151490.860000000102445 ], [ 2536944.307, 1151490.275 ], [ 2536944.117999999783933, 1151489.707 ], [ 2536943.992999999783933, 1151489.07 ], [ 2536943.953000000212342, 1151488.422 ], [ 2536944.009, 1151487.724 ], [ 2536944.137000000104308, 1151487.138 ], [ 2536944.373999999836087, 1151486.481 ], [ 2536944.653, 1151485.950999999884516 ], [ 2536945.026, 1151485.416999999899417 ], [ 2536945.849, 1151484.612999999895692 ], [ 2536946.387000000104308, 1151484.254999999888241 ], [ 2536947.015999999828637, 1151483.952 ], [ 2536947.634999999776483, 1151483.754 ], [ 2536948.275, 1151483.641 ], [ 2536948.923, 1151483.614 ], [ 2536949.521000000182539, 1151483.666 ], [ 2536950.154999999795109, 1151483.806 ], [ 2536950.812, 1151484.051 ], [ 2536951.383, 1151484.358 ], [ 2536952.083999999798834, 1151484.896 ] ], [ [ 2538525.369, 1152032.778 ], [ 2538514.719, 1152035.129999999888241 ], [ 2538478.788000000175089, 1152039.76 ], [ 2538462.674999999813735, 1152041.242 ], [ 2538395.072999999858439, 1152047.169 ], [ 2538319.69400000013411, 1152054.578 ], [ 2538319.008, 1152054.647000000113621 ], [ 2538234.682, 1152063.096 ] ], [ [ 2538128.188, 1152353.319 ], [ 2538141.523, 1152349.058999999891967 ], [ 2538157.044000000227243, 1152344.435 ], [ 2538158.932, 1152343.873 ], [ 2538165.615000000223517, 1152342.079 ], [ 2538181.713, 1152337.761 ], [ 2538192.169000000227243, 1152335.952 ], [ 2538216.153, 1152331.8 ], [ 2538278.021000000182539, 1152321.092 ] ], [ [ 2538128.188, 1152353.319 ], [ 2538120.03899999987334, 1152357.023 ], [ 2538114.111, 1152361.652 ], [ 2538109.481000000145286, 1152366.654 ], [ 2538084.676, 1152402.311 ], [ 2538082.811000000219792, 1152404.993 ], [ 2538070.957, 1152421.75 ], [ 2538058.365000000223517, 1152440.521 ], [ 2538057.026, 1152442.53 ], [ 2538055.964999999850988, 1152444.112999999895692 ], [ 2538030.795, 1152481.679 ], [ 2538004.768999999854714, 1152520.521 ], [ 2538001.49599999981001, 1152525.013 ], [ 2537987.614, 1152546.306 ], [ 2537977.799000000115484, 1152560.568 ], [ 2537969.649000000208616, 1152571.308999999891967 ], [ 2537961.12900000018999, 1152583.163 ], [ 2537946.869, 1152599.460999999893829 ], [ 2537939.203000000212342, 1152608.573 ], [ 2537928.532999999821186, 1152619.464 ], [ 2537923.936000000219792, 1152623.516 ], [ 2537911.308999999891967, 1152633.725 ], [ 2537868.525, 1152655.95 ] ] ] } },
{ "type": "Feature", "properties": { "CADRE_NO": "10.032", "DDT_URL": null, "ETC_NOM": "Transports publics de la région lausannoise", "ETC_SIGLE": "TL", "ETC_URL": "https://www.t-l.ch", "GO_CENTRE": 0, "HORAIR_URL": "https://www.tableaux-horaires.ch/fileadmin/fap_pdf_fields/2025/10.032.pdf", "LIGNE_NO": "32", "LIGNE_NOM": "Prilly - Renens VD - Crissier - Villars-Ste-Croix - Mex VD", "LIGNE_SIGL": null, "LIGNE_TYPE": "Bus urbain", "PLAN_URL": "https://prestations.vd.ch/pub/101587/api/download/2_Cartographie_et_geodonnees/2.1_Carte_des_reseaux/Carte_des_lignes_TP/topo/ligne_10.032.pdf", "SHAPE_LEN": 13508.591 }, "geometry": { "type": "MultiLineString", "coordinates": [ [ [ 2534094.342000000178814, 1155802.275 ], [ 2534100.825000000186265, 1155788.199 ], [ 2534134.017991951666772, 1155713.303252887679264 ], [ 2534099.443859031423926, 1155699.455222874414176 ], [ 2534090.902271559461951, 1155686.158533988287672 ] ], [ [ 2534090.05362039571628, 1155685.330944851972163 ], [ 2534084.841, 1155646.438 ], [ 2534083.969, 1155628.92 ], [ 2534081.007000000216067, 1155602.805 ], [ 2534080.267, 1155592.433999999891967 ], [ 2534079.339999999850988, 1155578.541999999899417 ], [ 2534079.154999999795109, 1155572.986 ], [ 2534079.339999999850988, 1155561.688 ], [ 2534080.082, 1155539.835999999893829 ], [ 2534081.376999999862164, 1155523.906999999890104 ], [ 2534082.304, 1155507.237 ], [ 2534084.341, 1155490.383 ], [ 2534089.526999999769032, 1155455.009 ], [ 2534090.083000000100583, 1155444.266 ], [ 2534090.822000000160187, 1155433.895 ], [ 2534092.9, 1155411.291999999899417 ], [ 2534094.058999999891967, 1155398.678 ], [ 2534096.009, 1155382.222 ], [ 2534097.12099999981001, 1155363.886 ], [ 2534097.861, 1155338.882 ], [ 2534097.489, 1155268.503 ], [ 2534097.63799999980256, 1155263.503 ], [ 2534098.973000000230968, 1155218.127 ], [ 2534098.973000000230968, 1155185.9 ], [ 2534098.973000000230968, 1155170.528 ], [ 2534098.600999999791384, 1155138.116 ], [ 2534098.416000000201166, 1155097.0 ], [ 2534098.046, 1155086.443 ], [ 2534098.046, 1155071.627 ], [ 2534098.788000000175089, 1155058.107 ], [ 2534098.916999999899417, 1155055.018 ], [ 2534099.342999999877065, 1155044.957 ], [ 2534100.639, 1155034.77 ], [ 2534102.157999999821186, 1155026.829 ] ], [ [ 2534102.138587106950581, 1155026.729952764464542 ], [ 2534109.159, 1154991.247 ], [ 2534121.382000000216067, 1154932.535 ], [ 2534127.308999999891967, 1154901.235000000102445 ], [ 2534131.01299999980256, 1154879.75 ], [ 2534131.568, 1154864.192 ], [ 2534130.779999999795109, 1154850.217 ], [ 2534130.088, 1154842.339 ], [ 2534128.975999999791384, 1154832.338 ], [ 2534126.75400000018999, 1154821.04 ], [ 2534119.160000000149012, 1154790.85 ], [ 2534113.78899999987334, 1154766.402 ], [ 2534110.271000000182539, 1154748.068 ], [ 2534106.379999999888241, 1154722.878 ], [ 2534100.825000000186265, 1154667.502 ], [ 2534093.021999999880791, 1154598.239 ], [ 2534142.866, 1154579.898 ], [ 2534213.43099999986589, 1154555.08 ], [ 2534263.622, 1154540.818 ], [ 2534277.142, 1154536.189 ], [ 2534290.849, 1154530.077 ] ], [ [ 2534203.258, 1154220.437 ], [ 2534202.725, 1154220.861 ], [ 2534202.177000000141561, 1154221.210999999893829 ], [ 2534201.645, 1154221.485000000102445 ], [ 2534200.994, 1154221.741 ], [ 2534200.416999999899417, 1154221.903 ], [ 2534199.728000000119209, 1154222.027 ], [ 2534199.079, 1154222.074 ], [ 2534198.498999999836087, 1154222.062 ], [ 2534197.804, 1154221.979 ], [ 2534197.220000000204891, 1154221.849 ], [ 2534196.600999999791384, 1154221.648 ], [ 2534195.96100000012666, 1154221.367 ], [ 2534195.396999999880791, 1154221.044 ], [ 2534194.907999999821186, 1154220.698 ], [ 2534194.379999999888241, 1154220.239 ], [ 2534193.967999999877065, 1154219.802 ], [ 2534193.265999999828637, 1154218.819 ], [ 2534185.279999999795109, 1154223.742 ], [ 2534150.275, 1154233.928 ], [ 2534140.458999999798834, 1154237.632 ], [ 2534133.052000000141561, 1154240.781 ], [ 2534126.01299999980256, 1154245.04 ], [ 2534121.012000000104308, 1154248.003 ], [ 2534114.529999999795109, 1154253.931 ], [ 2534101.009999999776483, 1154264.672 ], [ 2534088.983, 1154274.969 ], [ 2534075.265000000130385, 1154286.713 ], [ 2534069.154, 1154291.712 ], [ 2534063.041999999899417, 1154294.861 ], [ 2534055.81900000013411, 1154297.824 ], [ 2534048.595000000204891, 1154299.121 ], [ 2534036.742, 1154299.121 ], [ 2534022.852, 1154300.418 ] ], [ [ 2534193.265999999828637, 1154218.819 ], [ 2534192.952, 1154218.205 ], [ 2534192.731999999843538, 1154217.646 ], [ 2534192.552999999839813, 1154217.022000000113621 ], [ 2534192.437, 1154216.382 ], [ 2534192.383, 1154215.685 ], [ 2534192.393999999854714, 1154215.085999999893829 ], [ 2534192.48, 1154214.391 ], [ 2534192.61200000019744, 1154213.806 ], [ 2534192.832, 1154213.142 ], [ 2534193.098000000230968, 1154212.55 ], [ 2534193.395, 1154212.029 ], [ 2534193.77, 1154211.497 ], [ 2534194.194999999832362, 1154211.006 ], [ 2534194.666000000201166, 1154210.558999999891967 ], [ 2534195.180000000167638, 1154210.161 ], [ 2534195.731000000145286, 1154209.817 ], [ 2534196.313999999780208, 1154209.527 ], [ 2534197.497, 1154209.141 ], [ 2534198.089999999850988, 1154209.037 ], [ 2534198.737999999895692, 1154208.986 ], [ 2534199.438, 1154209.004 ], [ 2534200.032000000122935, 1154209.078 ], [ 2534200.668, 1154209.22 ], [ 2534201.284, 1154209.424000000115484 ], [ 2534201.921999999787658, 1154209.710999999893829 ], [ 2534202.441999999806285, 1154210.009 ], [ 2534202.973000000230968, 1154210.384 ], [ 2534203.461999999824911, 1154210.811 ], [ 2534203.909, 1154211.284 ], [ 2534204.332, 1154211.839 ], [ 2534204.648, 1154212.349 ], [ 2534204.955999999772757, 1154212.979 ], [ 2534205.163000000175089, 1154213.541 ], [ 2534205.33, 1154214.169 ], [ 2534205.438, 1154214.860000000102445 ], [ 2534205.473000000230968, 1154215.459 ], [ 2534205.447000000160187, 1154216.109 ], [ 2534205.358, 1154216.753 ], [ 2534205.19, 1154217.432 ], [ 2534204.972, 1154218.041999999899417 ], [ 2534204.714999999850988, 1154218.587 ], [ 2534204.384, 1154219.145 ], [ 2534203.966, 1154219.706 ], [ 2534203.258, 1154220.437 ], [ 2534211.632000000216067, 1154230.294 ], [ 2534251.53899999987334, 1154281.710999999893829 ], [ 2534254.285999999847263, 1154283.691000000108033 ], [ 2534257.912, 1154285.71 ], [ 2534262.205999999772757, 1154286.405 ], [ 2534284.75400000018999, 1154283.504 ], [ 2534302.339000000152737, 1154280.997 ], [ 2534314.879999999888241, 1154282.84 ], [ 2534374.615897292736918, 1154287.567235020687804 ], [ 2534376.411796693690121, 1154298.220560507150367 ], [ 2534379.013066133484244, 1154305.725977007998154 ] ], [ [ 2535922.467000000178814, 1153232.347 ], [ 2535921.801, 1153232.47 ], [ 2535921.12900000018999, 1153232.666 ], [ 2535920.569999999832362, 1153232.884 ], [ 2535919.944999999832362, 1153233.198 ], [ 2535919.393999999854714, 1153233.543 ], [ 2535918.878, 1153233.936 ], [ 2535918.399000000208616, 1153234.376 ], [ 2535917.995000000111759, 1153234.819 ], [ 2535917.572999999858439, 1153235.377 ], [ 2535917.256, 1153235.887000000104308 ] ], [ [ 2533733.824, 1153731.887000000104308 ], [ 2533740.963, 1153733.864 ], [ 2533782.822000000160187, 1153747.014 ], [ 2533814.869, 1153756.808999999891967 ], [ 2533825.233, 1153759.979 ], [ 2533840.23700000019744, 1153766.831 ], [ 2533858.756, 1153777.574 ], [ 2533872.461999999824911, 1153787.018 ], [ 2533882.092000000178814, 1153795.169 ], [ 2533890.05599999986589, 1153803.132 ], [ 2533897.279999999795109, 1153812.023 ], [ 2533903.021000000182539, 1153821.839 ], [ 2533907.899000000208616, 1153833.227 ], [ 2533919.282999999821186, 1153865.006 ], [ 2533930.802999999839813, 1153894.811 ], [ 2533940.619, 1153914.814 ], [ 2533950.435, 1153943.707 ], [ 2533952.842000000178814, 1153948.891 ], [ 2533955.80599999986589, 1153953.708000000100583 ], [ 2533960.116264190524817, 1153965.52894729282707 ] ], [ [ 2534378.189404635224491, 1154307.199884469620883 ], [ 2534371.785000000149012, 1154341.719 ], [ 2534353.364029966760427, 1154379.251291498541832 ], [ 2534343.585512890480459, 1154406.563249131198972 ], [ 2534316.339869710616767, 1154468.386003901949152 ], [ 2534305.667118372395635, 1154490.685008722590283 ], [ 2534299.329286990687251, 1154506.240029878215864 ], [ 2534289.938999473117292, 1154530.617552977520972 ] ], [ [ 2534646.68099999986589, 1153769.987 ], [ 2534646.757000000216067, 1153770.583000000100583 ], [ 2534646.776999999769032, 1153771.281999999890104 ], [ 2534646.734000000171363, 1153771.931 ], [ 2534646.639, 1153772.522000000113621 ], [ 2534646.463, 1153773.2 ], [ 2534646.257000000216067, 1153773.764 ], [ 2534645.957, 1153774.395 ], [ 2534645.620000000111759, 1153774.950999999884516 ], [ 2534645.265000000130385, 1153775.433 ], [ 2534644.799000000115484, 1153775.957 ], [ 2534644.31900000013411, 1153776.395 ], [ 2534643.842999999877065, 1153776.759 ], [ 2534643.291999999899417, 1153777.102999999886379 ], [ 2534642.71100000012666, 1153777.395 ], [ 2534642.105, 1153777.631 ], [ 2534641.48, 1153777.807 ], [ 2534640.841, 1153777.922 ], [ 2534640.143000000156462, 1153777.979 ], [ 2534639.494, 1153777.966 ], [ 2534638.927999999839813, 1153777.906 ], [ 2534638.291999999899417, 1153777.781 ], [ 2534637.62099999981001, 1153777.577 ], [ 2534637.021000000182539, 1153777.328 ], [ 2534636.492, 1153777.048 ], [ 2534635.946, 1153776.694 ], [ 2534635.437, 1153776.29 ], [ 2534634.933999999891967, 1153775.802 ], [ 2534634.384, 1153775.129999999888241 ], [ 2534634.017, 1153774.558999999891967 ], [ 2534633.719, 1153773.981 ], [ 2534633.477, 1153773.378 ], [ 2534633.294000000227243, 1153772.754 ], [ 2534633.171, 1153772.116 ], [ 2534633.109999999869615, 1153771.469 ], [ 2534633.106999999843538, 1153770.869 ], [ 2534633.171, 1153770.172 ], [ 2534633.282000000122935, 1153769.582 ], [ 2534633.475999999791384, 1153768.912 ], [ 2534633.717999999877065, 1153768.307 ], [ 2534634.015000000130385, 1153767.73 ], [ 2534634.365000000223517, 1153767.182 ], [ 2534634.733, 1153766.709 ], [ 2534635.177999999839813, 1153766.235000000102445 ], [ 2534635.704, 1153765.773 ], [ 2534636.435, 1153765.272000000113621 ], [ 2534635.336999999824911, 1153763.312 ], [ 2534629.594, 1153756.09 ], [ 2534620.890000000130385, 1153751.089 ], [ 2534605.88799999980256, 1153746.088 ], [ 2534589.034, 1153741.088 ], [ 2534584.037, 1153739.449 ], [ 2534556.254999999888241, 1153730.339 ], [ 2534531.989, 1153722.381 ], [ 2534474.390999999828637, 1153702.193 ] ], [ [ 2534636.435, 1153765.272000000113621 ], [ 2534636.974, 1153764.982 ], [ 2534637.572999999858439, 1153764.727 ], [ 2534638.191000000108033, 1153764.531999999890104 ], [ 2534638.828000000212342, 1153764.395 ], [ 2534639.473000000230968, 1153764.321 ], [ 2534640.173, 1153764.307 ], [ 2534640.819999999832362, 1153764.361 ], [ 2534641.410000000149012, 1153764.463 ], [ 2534642.038000000175089, 1153764.634 ], [ 2534642.691999999806285, 1153764.883 ], [ 2534643.228999999817461, 1153765.148 ], [ 2534643.825000000186265, 1153765.514999999897555 ], [ 2534644.341, 1153765.909 ], [ 2534644.81900000013411, 1153766.35 ], [ 2534645.251999999862164, 1153766.835 ], [ 2534645.609000000171363, 1153767.316000000108033 ], [ 2534645.970000000204891, 1153767.916 ], [ 2534646.23, 1153768.456 ], [ 2534646.457, 1153769.065 ], [ 2534646.68099999986589, 1153769.987 ], [ 2534653.856999999843538, 1153769.054 ], [ 2534664.228999999817461, 1153770.165 ], [ 2534673.859999999869615, 1153772.573 ], [ 2534685.529, 1153777.017 ], [ 2534695.714999999850988, 1153779.796 ], [ 2534705.160000000149012, 1153779.611 ], [ 2534714.791000000201166, 1153778.686 ], [ 2534725.719, 1153776.277 ], [ 2534735.904999999795109, 1153772.203 ], [ 2534745.165, 1153767.758 ], [ 2534755.538000000175089, 1153760.349 ], [ 2534765.724, 1153751.646 ], [ 2534774.983, 1153746.459 ], [ 2534788.703000000212342, 1153741.602 ], [ 2534788.504999999888241, 1153741.022000000113621 ], [ 2534788.347, 1153740.393 ], [ 2534788.237999999895692, 1153739.700999999884516 ], [ 2534788.196, 1153739.102 ], [ 2534788.208000000100583, 1153738.402 ], [ 2534788.267, 1153737.807 ], [ 2534788.396999999880791, 1153737.119 ], [ 2534788.575000000186265, 1153736.492 ], [ 2534788.802999999839813, 1153735.885 ], [ 2534789.085, 1153735.299000000115484 ], [ 2534789.415, 1153734.739 ], [ 2534789.791000000201166, 1153734.210999999893829 ], [ 2534790.21100000012666, 1153733.714 ], [ 2534790.673, 1153733.256 ], [ 2534791.132000000216067, 1153732.870000000111759 ], [ 2534791.660999999847263, 1153732.494 ], [ 2534792.716, 1153731.924000000115484 ], [ 2534793.274000000208616, 1153731.704 ], [ 2534793.94400000013411, 1153731.502 ], [ 2534794.580999999772757, 1153731.372 ], [ 2534795.177000000141561, 1153731.299000000115484 ], [ 2534795.875, 1153731.276 ], [ 2534796.475, 1153731.308 ], [ 2534797.387000000104308, 1153731.446 ], [ 2534797.995000000111759, 1153731.604 ], [ 2534798.653, 1153731.837 ], [ 2534799.242999999783933, 1153732.109 ], [ 2534799.808999999891967, 1153732.429 ], [ 2534800.305000000167638, 1153732.767 ], [ 2534800.81, 1153733.175 ], [ 2534801.279, 1153733.625 ], [ 2534801.705999999772757, 1153734.114 ], [ 2534802.120000000111759, 1153734.678 ], [ 2534802.453000000212342, 1153735.236 ], [ 2534802.740000000223517, 1153735.821 ], [ 2534802.958999999798834, 1153736.377 ], [ 2534803.146999999880791, 1153736.999 ], [ 2534803.279, 1153737.636 ], [ 2534803.358, 1153738.281999999890104 ], [ 2534803.378, 1153738.981 ], [ 2534803.342000000178814, 1153739.629 ], [ 2534803.248999999836087, 1153740.272000000113621 ], [ 2534803.102, 1153740.906 ], [ 2534802.876999999862164, 1153741.583000000100583 ], [ 2534802.626999999862164, 1153742.168 ], [ 2534802.31900000013411, 1153742.74 ], [ 2534801.933999999891967, 1153743.324 ], [ 2534801.531, 1153743.834 ], [ 2534801.12099999981001, 1153744.273 ], [ 2534800.600999999791384, 1153744.741 ], [ 2534800.123000000137836, 1153745.102 ], [ 2534799.532000000122935, 1153745.475 ], [ 2534798.997, 1153745.75 ], [ 2534798.398, 1153746.0 ], [ 2534797.728999999817461, 1153746.209 ], [ 2534797.145, 1153746.341 ], [ 2534796.452, 1153746.433999999891967 ], [ 2534795.853000000119209, 1153746.463 ], [ 2534795.193, 1153746.438 ], [ 2534794.598000000230968, 1153746.368 ], [ 2534793.912, 1153746.227 ], [ 2534793.33600000012666, 1153746.056 ], [ 2534792.685, 1153745.8 ], [ 2534792.146999999880791, 1153745.533 ], [ 2534791.591, 1153745.198 ], [ 2534791.066000000108033, 1153744.816000000108033 ], [ 2534790.53899999987334, 1153744.357 ], [ 2534790.089000000152737, 1153743.888 ], [ 2534789.68099999986589, 1153743.383 ], [ 2534789.316000000108033, 1153742.844 ], [ 2534789.021999999880791, 1153742.322 ], [ 2534788.703000000212342, 1153741.602 ] ], [ [ 2535807.115000000223517, 1152865.683999999891967 ], [ 2535806.528, 1152865.93 ], [ 2535805.862999999895692, 1152866.155 ], [ 2535805.23700000019744, 1152866.321 ], [ 2535804.648, 1152866.436 ], [ 2535803.953000000212342, 1152866.523 ], [ 2535803.353999999817461, 1152866.558 ], [ 2535802.704, 1152866.554 ], [ 2535802.088, 1152866.51 ], [ 2535801.44400000013411, 1152866.421 ], [ 2535800.807, 1152866.289000000106171 ], [ 2535800.18099999986589, 1152866.115 ], [ 2535799.56900000013411, 1152865.9 ], [ 2535798.926, 1152865.623 ], [ 2535798.393000000156462, 1152865.347 ], [ 2535797.835, 1152865.014 ], [ 2535797.302000000141561, 1152864.644 ], [ 2535796.754999999888241, 1152864.205 ], [ 2535796.313999999780208, 1152863.8 ], [ 2535795.864, 1152863.329 ], [ 2535795.447000000160187, 1152862.831 ], [ 2535795.065, 1152862.305 ], [ 2535794.69400000013411, 1152861.712 ], [ 2535794.389, 1152861.139 ], [ 2535794.140999999828637, 1152860.593000000109896 ], [ 2535793.91399999987334, 1152859.987999999895692 ], [ 2535784.557, 1152863.013 ], [ 2535765.48, 1152870.236 ], [ 2535745.151999999769032, 1152878.222 ], [ 2535734.364, 1152882.46 ], [ 2535719.364, 1152889.683 ], [ 2535712.71100000012666, 1152893.046 ], [ 2535702.879999999888241, 1152898.017 ], [ 2535687.137000000104308, 1152905.055 ], [ 2535615.461999999824911, 1152935.058999999891967 ], [ 2535574.160000000149012, 1152953.766 ], [ 2535551.009, 1152963.212 ], [ 2535515.818, 1152979.509 ], [ 2535491.098000000230968, 1152991.799000000115484 ], [ 2535483.778, 1152995.437 ], [ 2535449.699, 1153012.661 ], [ 2535404.322999999858439, 1153037.109 ], [ 2535391.361, 1153044.675 ], [ 2535378.69400000013411, 1153052.069 ], [ 2535373.498999999836087, 1153055.101 ], [ 2535303.194999999832362, 1153098.085 ], [ 2535296.901999999769032, 1153101.933 ], [ 2535267.083999999798834, 1153120.639 ], [ 2535230.967999999877065, 1153143.79 ], [ 2535183.555000000167638, 1153173.422 ], [ 2535118.916000000201166, 1153213.798 ], [ 2535062.687, 1153246.776 ], [ 2535059.725, 1153248.514 ], [ 2535031.126999999862164, 1153265.286 ], [ 2534997.048, 1153288.067 ], [ 2534973.899000000208616, 1153302.142 ], [ 2534968.413000000175089, 1153305.823 ], [ 2534959.267, 1153311.958000000100583 ], [ 2534954.265999999828637, 1153316.589 ], [ 2534948.078000000212342, 1153323.638 ], [ 2534943.523, 1153331.591 ], [ 2534940.19, 1153339.0 ], [ 2534931.299999999813735, 1153357.892 ], [ 2534920.372, 1153383.45 ], [ 2534913.890000000130385, 1153398.822 ], [ 2534905.372, 1153416.972 ], [ 2534896.666000000201166, 1153432.9 ], [ 2534895.49599999981001, 1153434.779 ], [ 2534889.62900000018999, 1153444.198 ], [ 2534880.739, 1153457.531999999890104 ], [ 2534868.329, 1153475.313 ], [ 2534860.180000000167638, 1153487.536 ], [ 2534845.733, 1153509.392 ], [ 2534842.029999999795109, 1153517.355 ], [ 2534839.992999999783933, 1153522.912 ], [ 2534837.214000000152737, 1153531.246 ], [ 2534835.546999999787658, 1153537.914000000106171 ], [ 2534834.447000000160187, 1153541.902 ], [ 2534831.842000000178814, 1153558.843000000109896 ], [ 2534830.731999999843538, 1153574.4 ], [ 2534829.620000000111759, 1153591.808999999891967 ], [ 2534828.879999999888241, 1153600.699 ], [ 2534827.768999999854714, 1153609.775 ], [ 2534823.324, 1153624.036 ], [ 2534819.619, 1153638.111 ], [ 2534811.100999999791384, 1153666.449 ], [ 2534809.062, 1153677.562 ], [ 2534804.347, 1153698.647000000113621 ], [ 2534800.291000000201166, 1153716.242 ], [ 2534797.387000000104308, 1153731.446 ] ], [ [ 2535793.91399999987334, 1152859.987999999895692 ], [ 2535793.737999999895692, 1152859.41 ], [ 2535793.579, 1152858.729 ], [ 2535793.483, 1152858.136 ], [ 2535793.416000000201166, 1152857.44 ], [ 2535793.4, 1152856.79 ], [ 2535793.427000000141561, 1152856.139999999897555 ], [ 2535793.492, 1152855.544 ], [ 2535793.612999999895692, 1152854.855 ], [ 2535793.768000000156462, 1152854.224 ], [ 2535793.967999999877065, 1152853.605 ], [ 2535794.188, 1152853.047 ], [ 2535794.48700000019744, 1152852.415 ], [ 2535794.778, 1152851.891 ], [ 2535795.160000000149012, 1152851.304 ], [ 2535795.625, 1152850.695 ], [ 2535796.080999999772757, 1152850.183999999891967 ], [ 2535796.508, 1152849.764 ], [ 2535797.038000000175089, 1152849.308 ], [ 2535797.558000000193715, 1152848.919 ], [ 2535798.061000000219792, 1152848.591 ], [ 2535798.62900000018999, 1152848.274 ], [ 2535799.262000000104308, 1152847.973 ], [ 2535799.866, 1152847.737 ], [ 2535800.48700000019744, 1152847.541999999899417 ], [ 2535801.068, 1152847.399 ], [ 2535801.708999999798834, 1152847.286 ], [ 2535802.404, 1152847.21 ], [ 2535803.054, 1152847.187 ], [ 2535803.654999999795109, 1152847.203 ], [ 2535804.299999999813735, 1152847.262000000104308 ], [ 2535804.943, 1152847.364 ], [ 2535805.623999999836087, 1152847.523 ], [ 2535806.197000000160187, 1152847.7 ], [ 2535806.805000000167638, 1152847.928 ], [ 2535807.441000000108033, 1152848.22 ], [ 2535807.969, 1152848.507 ], [ 2535808.56, 1152848.881 ], [ 2535809.046, 1152849.235000000102445 ], [ 2535809.58, 1152849.686 ], [ 2535810.048, 1152850.136 ], [ 2535810.452, 1152850.58 ], [ 2535810.886, 1152851.129 ], [ 2535811.254999999888241, 1152851.664000000106171 ], [ 2535811.585, 1152852.224 ], [ 2535811.856000000145286, 1152852.758 ], [ 2535812.112999999895692, 1152853.356 ], [ 2535812.328000000212342, 1152853.969 ], [ 2535812.503, 1152854.596 ], [ 2535812.634, 1152855.231 ], [ 2535812.754999999888241, 1152856.258 ], [ 2535812.774000000208616, 1152856.924000000115484 ], [ 2535812.751999999862164, 1152857.523 ], [ 2535812.688, 1152858.17 ], [ 2535812.56900000013411, 1152858.859 ], [ 2535812.427000000141561, 1152859.442 ], [ 2535812.217999999877065, 1152860.111 ], [ 2535812.001000000163913, 1152860.669 ], [ 2535811.725, 1152861.257 ], [ 2535811.412, 1152861.827 ], [ 2535811.032999999821186, 1152862.416 ], [ 2535810.643000000156462, 1152862.936 ], [ 2535810.220000000204891, 1152863.428 ], [ 2535809.799999999813735, 1152863.858 ], [ 2535809.316999999806285, 1152864.291999999899417 ], [ 2535808.805000000167638, 1152864.693 ], [ 2535808.268999999854714, 1152865.058999999891967 ], [ 2535807.708000000100583, 1152865.388 ], [ 2535807.115000000223517, 1152865.683999999891967 ], [ 2535813.264, 1152878.2 ], [ 2535823.08, 1152901.906 ], [ 2535830.489, 1152921.168 ], [ 2535831.600999999791384, 1152924.502 ], [ 2535845.986, 1152967.661 ], [ 2535849.565, 1152978.397000000113621 ], [ 2535874.383, 1153063.594 ], [ 2535891.237999999895692, 1153118.972 ], [ 2535892.441000000108033, 1153123.342 ], [ 2535904.034, 1153161.092 ], [ 2535907.535000000149012, 1153172.497 ], [ 2535920.5, 1153217.317 ], [ 2535922.467000000178814, 1153232.347 ], [ 2535923.08600000012666, 1153232.288 ], [ 2535923.736, 1153232.287 ], [ 2535924.384, 1153232.345 ], [ 2535925.071, 1153232.473 ], [ 2535925.649000000208616, 1153232.638 ], [ 2535926.254999999888241, 1153232.868 ], [ 2535926.839000000152737, 1153233.155 ], [ 2535927.435, 1153233.521 ], [ 2535927.915, 1153233.881 ], [ 2535928.399000000208616, 1153234.315 ], [ 2535928.872, 1153234.829 ], [ 2535929.265000000130385, 1153235.348 ], [ 2535929.609000000171363, 1153235.899 ], [ 2535929.879999999888241, 1153236.433999999891967 ], [ 2535930.13799999980256, 1153237.083000000100583 ], [ 2535930.307, 1153237.66 ], [ 2535930.443, 1153238.347 ], [ 2535930.50400000018999, 1153238.943 ], [ 2535930.51299999980256, 1153239.593000000109896 ], [ 2535930.463, 1153240.239 ], [ 2535930.341, 1153240.93 ], [ 2535930.17, 1153241.557 ], [ 2535929.941999999806285, 1153242.166 ], [ 2535929.657000000122935, 1153242.748 ], [ 2535929.349, 1153243.264 ], [ 2535928.967999999877065, 1153243.79 ], [ 2535928.518999999854714, 1153244.297 ], [ 2535928.046999999787658, 1153244.743 ], [ 2535927.535999999847263, 1153245.144 ], [ 2535926.585, 1153245.712 ], [ 2535925.952, 1153245.99 ], [ 2535925.384, 1153246.18 ], [ 2535924.702, 1153246.339 ], [ 2535924.058999999891967, 1153246.426 ], [ 2535923.458999999798834, 1153246.454 ], [ 2535922.811000000219792, 1153246.428 ], [ 2535922.117, 1153246.331 ], [ 2535921.484999999869615, 1153246.183 ], [ 2535920.867999999783933, 1153245.974 ], [ 2535920.31900000013411, 1153245.735000000102445 ], [ 2535919.705999999772757, 1153245.397000000113621 ], [ 2535919.21, 1153245.061 ], [ 2535918.705999999772757, 1153244.65 ], [ 2535918.242999999783933, 1153244.195 ], [ 2535917.822000000160187, 1153243.7 ], [ 2535917.421, 1153243.126 ], [ 2535917.125, 1153242.606 ] ], [ [ 2533959.686000000219792, 1153966.846 ], [ 2533958.948711251374334, 1153973.913176631322131 ], [ 2533967.293926512356848, 1154007.306914210319519 ], [ 2533977.982052975799888, 1154062.858625315129757 ], [ 2533979.813822470139712, 1154191.336064701434225 ], [ 2533979.875563546549529, 1154273.371495734201744 ], [ 2533979.616697981953621, 1154288.02352881594561 ] ] ] } },
{ "type": "Feature", "properties": { "CADRE_NO": "10.013", "DDT_URL": null, "ETC_NOM": "Transports publics de la région lausannoise", "ETC_SIGLE": "TL", "ETC_URL": "https://www.t-l.ch", "GO_CENTRE": 0, "HORAIR_URL": "https://www.tableaux-horaires.ch/fileadmin/fap_pdf_fields/2025/10.013.pdf", "LIGNE_NO": "13", "LIGNE_NOM": "Lausanne Montbenon - St-François - Mousquines - Verdeil", "LIGNE_SIGL": null, "LIGNE_TYPE": "Bus urbain", "PLAN_URL": "https://prestations.vd.ch/pub/101587/api/download/2_Cartographie_et_geodonnees/2.1_Carte_des_reseaux/Carte_des_lignes_TP/topo/ligne_10.013.pdf", "SHAPE_LEN": 1850.912 }, "geometry": { "type": "MultiLineString", "coordinates": [ [ [ 2539463.17377446917817, 1152177.794489884516224 ], [ 2539465.024000000208616, 1152173.109 ], [ 2539468.103999999817461, 1152170.277 ], [ 2539469.653, 1152168.852 ], [ 2539472.063, 1152164.22 ], [ 2539473.544000000227243, 1152160.146 ], [ 2539475.025, 1152151.257 ], [ 2539474.285000000149012, 1152143.662 ], [ 2539472.248000000137836, 1152137.18 ], [ 2539468.728999999817461, 1152130.142 ], [ 2539464.839000000152737, 1152125.142 ], [ 2539460.393999999854714, 1152121.253 ], [ 2539448.727, 1152113.844 ], [ 2539377.42, 1152067.541999999899417 ], [ 2539375.032000000122935, 1152066.004 ], [ 2539333.711999999824911, 1152039.389999999897555 ], [ 2539324.636, 1152033.834 ], [ 2539317.228000000119209, 1152031.426 ], [ 2539308.892, 1152031.426 ], [ 2539304.26299999980256, 1152031.981 ], [ 2539282.779, 1152034.389 ], [ 2539272.407999999821186, 1152035.315 ], [ 2539267.776, 1152034.204 ], [ 2539263.73, 1152031.968000000109896 ], [ 2539260.737999999895692, 1152030.315 ], [ 2539242.404, 1152033.649 ], [ 2539229.623999999836087, 1152036.798 ], [ 2539209.437, 1152043.279 ], [ 2539185.544000000227243, 1152051.428 ], [ 2539149.798, 1152062.911 ], [ 2539139.615000000223517, 1152068.124 ], [ 2539131.25400000018999, 1152074.536 ], [ 2539121.091, 1152080.692 ], [ 2539072.994, 1152105.107 ], [ 2539072.566000000108033, 1152105.324 ], [ 2539055.157000000122935, 1152113.659 ], [ 2539027.376999999862164, 1152125.327 ], [ 2538998.669000000227243, 1152136.81 ], [ 2538953.293, 1152162.923 ], [ 2538947.18099999986589, 1152166.442 ], [ 2538851.058000000193715, 1152225.71 ], [ 2538794.045, 1152260.218000000109896 ], [ 2538787.717000000178814, 1152264.047 ], [ 2538768.454, 1152274.42 ], [ 2538745.302000000141561, 1152293.312 ], [ 2538733.075999999884516, 1152301.431 ], [ 2538722.151999999769032, 1152308.683999999891967 ], [ 2538676.961999999824911, 1152336.28 ], [ 2538641.171999999787658, 1152357.944 ], [ 2538621.583999999798834, 1152369.803 ], [ 2538604.358, 1152361.098 ], [ 2538561.946, 1152341.094 ], [ 2538547.870000000111759, 1152334.427 ], [ 2538525.518999999854714, 1152326.117 ] ], [ [ 2538525.518999999854714, 1152326.117 ], [ 2538518.978000000119209, 1152323.685 ], [ 2538513.236, 1152321.647000000113621 ] ], [ [ 2538128.188, 1152353.319 ], [ 2538141.523, 1152349.058999999891967 ], [ 2538157.044000000227243, 1152344.435 ], [ 2538158.932, 1152343.873 ], [ 2538165.615000000223517, 1152342.079 ], [ 2538181.713, 1152337.761 ], [ 2538192.169000000227243, 1152335.952 ], [ 2538216.153, 1152331.8 ], [ 2538278.021000000182539, 1152321.092 ], [ 2538314.137000000104308, 1152318.313 ], [ 2538371.921999999787658, 1152306.832 ], [ 2538408.778, 1152300.164000000106171 ], [ 2538460.265999999828637, 1152288.31 ], [ 2538469.342000000178814, 1152287.014 ], [ 2538479.528, 1152287.385 ], [ 2538487.862999999895692, 1152289.051 ], [ 2538495.642, 1152291.643 ], [ 2538500.457, 1152294.791999999899417 ], [ 2538504.717999999877065, 1152298.682 ], [ 2538508.23700000019744, 1152305.35 ], [ 2538511.384999999776483, 1152313.869 ], [ 2538513.236, 1152321.647000000113621 ] ] ] } },
{ "type": "Feature", "properties": { "CADRE_NO": "10.048", "DDT_URL": null, "ETC_NOM": "Transports publics de la région lausannoise", "ETC_SIGLE": "TL", "ETC_URL": "https://www.t-l.ch", "GO_CENTRE": 0, "HORAIR_URL": "https://www.tableaux-horaires.ch/fileadmin/fap_pdf_fields/2025/10.048.pdf", "LIGNE_NO": "48", "LIGNE_NOM": "Pully gare - Perraudettaz - Les Liaudes - Daillettes", "LIGNE_SIGL": null, "LIGNE_TYPE": "Bus urbain", "PLAN_URL": "https://prestations.vd.ch/pub/101587/api/download/2_Cartographie_et_geodonnees/2.1_Carte_des_reseaux/Carte_des_lignes_TP/topo/ligne_10.048.pdf", "SHAPE_LEN": 3448.421 }, "geometry": { "type": "MultiLineString", "coordinates": [ [ [ 2540394.700000000186265, 1152565.501 ], [ 2540418.108, 1152553.159 ], [ 2540450.52, 1152533.341 ], [ 2540493.302000000141561, 1152507.227 ], [ 2540512.751000000163913, 1152495.374 ], [ 2540525.901, 1152485.928 ], [ 2540534.79, 1152478.706 ], [ 2540541.457, 1152472.223 ], [ 2540551.086999999824911, 1152461.110000000102445 ], [ 2540563.497, 1152446.479 ], [ 2540571.276, 1152438.699 ], [ 2540580.537, 1152432.217 ], [ 2540586.092999999877065, 1152429.625 ], [ 2540595.724, 1152426.106 ], [ 2540606.095000000204891, 1152423.327 ], [ 2540616.281, 1152422.772000000113621 ], [ 2540620.541999999899417, 1152422.401 ], [ 2540625.356000000145286, 1152423.142 ], [ 2540635.91399999987334, 1152425.92 ], [ 2540641.284, 1152427.403 ], [ 2540647.026999999769032, 1152429.81 ], [ 2540655.916000000201166, 1152434.997 ], [ 2540667.214000000152737, 1152441.849 ], [ 2540686.29, 1152453.331 ], [ 2540719.812, 1152473.333000000100583 ], [ 2540746.296999999787658, 1152489.447 ], [ 2540765.744, 1152500.745000000111759 ], [ 2540775.932, 1152507.597 ], [ 2540781.487999999895692, 1152512.783 ], [ 2540785.748000000137836, 1152517.044 ], [ 2540789.267, 1152524.450999999884516 ], [ 2540791.859000000171363, 1152531.675 ], [ 2540797.378, 1152546.627 ], [ 2540806.419000000227243, 1152571.119 ], [ 2540807.805000000167638, 1152576.044 ], [ 2540808.526, 1152578.604 ], [ 2540813.528, 1152600.202 ], [ 2540815.21, 1152608.294 ], [ 2540815.816000000108033, 1152608.149 ], [ 2540816.509, 1152608.06 ], [ 2540817.160999999847263, 1152608.051 ], [ 2540817.80599999986589, 1152608.112 ], [ 2540818.395, 1152608.232 ], [ 2540819.061000000219792, 1152608.444 ], [ 2540819.609999999869615, 1152608.686 ], [ 2540820.214999999850988, 1152609.036 ], [ 2540820.827, 1152609.498 ] ], [ [ 2539786.390999999828637, 1151746.233 ], [ 2539791.852, 1151739.607 ], [ 2539806.603999999817461, 1151711.993 ], [ 2539822.579, 1151682.089 ], [ 2539826.227, 1151674.002 ], [ 2539822.579, 1151682.089 ] ], [ [ 2539826.227, 1151674.002 ], [ 2539838.822999999858439, 1151650.469 ], [ 2539853.611, 1151628.061 ], [ 2539867.802999999839813, 1151608.194 ], [ 2539882.890999999828637, 1151588.924000000115484 ], [ 2539902.5, 1151564.815 ], [ 2539917.778, 1151547.178 ], [ 2539927.981999999843538, 1151537.612 ], [ 2539938.291999999899417, 1151530.171 ], [ 2539945.092999999877065, 1151526.450999999884516 ], [ 2539949.771000000182539, 1151524.432 ], [ 2539957.267, 1151522.325 ], [ 2539969.171, 1151520.732 ], [ 2539984.37099999981001, 1151520.519 ], [ 2540008.924000000115484, 1151522.644 ], [ 2540053.779, 1151527.534 ], [ 2540086.461999999824911, 1151531.31 ] ], [ [ 2540820.827, 1152609.498 ], [ 2540820.77, 1152618.631 ], [ 2540820.251000000163913, 1152619.021 ], [ 2540819.693, 1152619.352 ], [ 2540819.052999999839813, 1152619.639999999897555 ], [ 2540818.296, 1152619.873 ], [ 2540817.65, 1152619.989 ], [ 2540817.001999999862164, 1152620.034 ], [ 2540816.393000000156462, 1152620.012000000104308 ], [ 2540815.217999999877065, 1152619.789000000106171 ] ] ] } },
{ "type": "Feature", "properties": { "CADRE_NO": "10.046", "DDT_URL": null, "ETC_NOM": "Transports publics de la région lausannoise", "ETC_SIGLE": "TL", "ETC_URL": "https://www.t-l.ch", "GO_CENTRE": 0, "HORAIR_URL": "https://www.tableaux-horaires.ch/fileadmin/fap_pdf_fields/2025/10.046.pdf", "LIGNE_NO": "46", "LIGNE_NOM": "Epalinges Bois-Murat - Ballègue", "LIGNE_SIGL": null, "LIGNE_TYPE": "Bus urbain", "PLAN_URL": "https://prestations.vd.ch/pub/101587/api/download/2_Cartographie_et_geodonnees/2.1_Carte_des_reseaux/Carte_des_lignes_TP/topo/ligne_10.046.pdf", "SHAPE_LEN": 3786.198 }, "geometry": { "type": "MultiLineString", "coordinates": [ [ [ 2541331.617405195720494, 1155508.124115537153557 ], [ 2541112.627103861421347, 1155436.619252759264782 ], [ 2540970.22491500293836, 1155341.771096184616908 ], [ 2540898.812248492613435, 1155294.349774009548128 ], [ 2540883.353000000119209, 1155262.763 ], [ 2540880.018999999854714, 1155253.317 ], [ 2540878.350999999791384, 1155243.5 ], [ 2540877.611, 1155233.314 ], [ 2540877.239, 1155222.758 ], [ 2540878.166000000201166, 1155214.422 ], [ 2540880.204, 1155205.162 ], [ 2540883.609999999869615, 1155193.038 ], [ 2540887.242, 1155181.641 ], [ 2540890.981999999843538, 1155170.645 ], [ 2540894.944999999832362, 1155157.467 ], [ 2540898.26299999980256, 1155144.473 ], [ 2540898.907000000122935, 1155137.471 ], [ 2540898.907000000122935, 1155131.758 ], [ 2540898.171, 1155126.136 ], [ 2540896.051, 1155118.857 ], [ 2540892.242999999783933, 1155110.891 ], [ 2540886.316999999806285, 1155101.445 ], [ 2540883.907000000122935, 1155098.668 ], [ 2540876.87099999981001, 1155092.186 ], [ 2540870.018000000156462, 1155087.555 ], [ 2540865.478999999817461, 1155085.52 ], [ 2540862.609000000171363, 1155083.85 ], [ 2540854.83, 1155080.703 ], [ 2540847.421, 1155079.406 ], [ 2540838.717999999877065, 1155079.221 ], [ 2540829.642, 1155080.146 ], [ 2540819.455999999772757, 1155082.739 ], [ 2540811.30599999986589, 1155086.073 ], [ 2540790.700999999884516, 1155095.646 ], [ 2540787.785000000149012, 1155097.0 ], [ 2540775.31, 1155102.273 ], [ 2540764.651999999769032, 1155105.634 ], [ 2540755.146000000182539, 1155107.651 ], [ 2540747.56, 1155108.322 ], [ 2540739.686000000219792, 1155108.322 ], [ 2540732.677000000141561, 1155108.129999999888241 ], [ 2540720.183999999891967, 1155106.075999999884516 ], [ 2540673.43099999986589, 1155097.953 ], [ 2540635.407000000122935, 1155091.325999999884516 ], [ 2540607.207, 1155086.628 ], [ 2540575.535000000149012, 1155081.258 ], [ 2540567.386, 1155079.591 ], [ 2540554.977, 1155077.182 ], [ 2540545.903, 1155074.22 ], [ 2540538.123999999836087, 1155070.700999999884516 ], [ 2540530.345000000204891, 1155065.700999999884516 ], [ 2540525.344, 1155061.812 ], [ 2540518.86200000019744, 1155055.514 ], [ 2540513.30599999986589, 1155049.401 ], [ 2540507.748999999836087, 1155041.253 ], [ 2540502.933999999891967, 1155031.808 ], [ 2540494.599, 1155015.323 ], [ 2540489.41399999987334, 1155007.174000000115484 ], [ 2540483.671999999787658, 1154999.950999999884516 ], [ 2540476.26299999980256, 1154992.541999999899417 ], [ 2540467.373999999836087, 1154984.023 ], [ 2540462.125, 1154977.966 ], [ 2540461.582, 1154978.384 ], [ 2540461.031, 1154978.727999999886379 ], [ 2540460.495000000111759, 1154978.996 ], [ 2540459.890000000130385, 1154979.233 ], [ 2540459.265000000130385, 1154979.411 ], [ 2540458.626000000163913, 1154979.528 ], [ 2540457.978999999817461, 1154979.583000000100583 ], [ 2540457.372, 1154979.577 ], [ 2540456.727, 1154979.513 ], [ 2540456.089000000152737, 1154979.385 ], [ 2540455.42, 1154979.181 ], [ 2540454.865000000223517, 1154978.950999999884516 ], [ 2540454.291000000201166, 1154978.649 ], [ 2540453.747, 1154978.291 ], [ 2540453.242, 1154977.884 ], [ 2540452.776999999769032, 1154977.43 ], [ 2540452.356999999843538, 1154976.933999999891967 ], [ 2540451.98700000019744, 1154976.4 ], [ 2540451.649000000208616, 1154975.788 ], [ 2540451.410000000149012, 1154975.237 ], [ 2540451.194999999832362, 1154974.571 ], [ 2540451.028, 1154973.751 ], [ 2540450.970000000204891, 1154973.092 ], [ 2540450.973000000230968, 1154972.492 ], [ 2540451.035999999847263, 1154971.845 ], [ 2540451.173, 1154971.158 ], [ 2540451.346, 1154970.584 ], [ 2540451.589000000152737, 1154969.983 ], [ 2540451.916000000201166, 1154969.362999999895692 ], [ 2540452.245000000111759, 1154968.861 ], [ 2540452.651999999769032, 1154968.354 ], [ 2540453.140000000130385, 1154967.854 ], [ 2540453.776, 1154967.359 ] ], [ [ 2540453.776, 1154967.359 ], [ 2540454.049999999813735, 1154967.146 ], [ 2540454.606999999843538, 1154966.821 ], [ 2540455.197000000160187, 1154966.548 ], [ 2540455.859000000171363, 1154966.321 ], [ 2540456.443, 1154966.181 ], [ 2540457.085, 1154966.089 ], [ 2540457.734999999869615, 1154966.057 ], [ 2540458.433000000193715, 1154966.094 ], [ 2540459.075999999884516, 1154966.193 ], [ 2540459.705, 1154966.352999999886379 ], [ 2540460.271999999880791, 1154966.553 ], [ 2540461.219, 1154967.026 ], [ 2540461.79, 1154967.411 ], [ 2540462.25400000018999, 1154967.793 ], [ 2540462.748999999836087, 1154968.287 ], [ 2540463.160999999847263, 1154968.789000000106171 ], [ 2540463.523, 1154969.328 ], [ 2540463.81, 1154969.854 ], [ 2540464.066000000108033, 1154970.453 ], [ 2540464.264, 1154971.071 ], [ 2540464.410000000149012, 1154971.754 ], [ 2540464.478999999817461, 1154972.352 ], [ 2540464.492, 1154973.051 ], [ 2540464.438, 1154973.698 ], [ 2540464.333999999798834, 1154974.288 ], [ 2540464.162, 1154974.916 ], [ 2540463.932, 1154975.524 ], [ 2540463.645, 1154976.107 ], [ 2540463.302999999839813, 1154976.656999999890104 ], [ 2540462.909, 1154977.175 ], [ 2540462.125, 1154977.966 ] ], [ [ 2540370.975999999791384, 1154971.277 ], [ 2540381.23, 1154984.308 ], [ 2540381.437, 1154984.579 ] ] ] } },
{ "type": "Feature", "properties": { "CADRE_NO": "10.045", "DDT_URL": null, "ETC_NOM": "Transports publics de la région lausannoise", "ETC_SIGLE": "TL", "ETC_URL": "https://www.t-l.ch", "GO_CENTRE": 0, "HORAIR_URL": "https://www.tableaux-horaires.ch/fileadmin/fap_pdf_fields/2025/10.045.pdf", "LIGNE_NO": "45", "LIGNE_NOM": "Epalinges Bois-Murat - Lausanne Chalet-à-Gobet", "LIGNE_SIGL": null, "LIGNE_TYPE": "Bus urbain", "PLAN_URL": "https://prestations.vd.ch/pub/101587/api/download/2_Cartographie_et_geodonnees/2.1_Carte_des_reseaux/Carte_des_lignes_TP/topo/ligne_10.045.pdf", "SHAPE_LEN": 6367.419 }, "geometry": { "type": "MultiLineString", "coordinates": [ [ [ 2540883.353000000119209, 1155262.763 ], [ 2540880.018999999854714, 1155253.317 ], [ 2540878.350999999791384, 1155243.5 ], [ 2540877.611, 1155233.314 ], [ 2540877.239, 1155222.758 ], [ 2540878.166000000201166, 1155214.422 ], [ 2540880.204, 1155205.162 ], [ 2540883.609999999869615, 1155193.038 ], [ 2540887.242, 1155181.641 ], [ 2540890.981999999843538, 1155170.645 ], [ 2540894.944999999832362, 1155157.467 ], [ 2540898.26299999980256, 1155144.473 ], [ 2540898.907000000122935, 1155137.471 ], [ 2540898.907000000122935, 1155131.758 ], [ 2540898.171, 1155126.136 ], [ 2540896.051, 1155118.857 ], [ 2540892.242999999783933, 1155110.891 ], [ 2540886.316999999806285, 1155101.445 ], [ 2540883.907000000122935, 1155098.668 ], [ 2540876.87099999981001, 1155092.186 ], [ 2540870.018000000156462, 1155087.555 ], [ 2540865.478999999817461, 1155085.52 ], [ 2540862.609000000171363, 1155083.85 ], [ 2540854.83, 1155080.703 ], [ 2540847.421, 1155079.406 ], [ 2540838.717999999877065, 1155079.221 ], [ 2540829.642, 1155080.146 ], [ 2540819.455999999772757, 1155082.739 ], [ 2540811.30599999986589, 1155086.073 ], [ 2540790.700999999884516, 1155095.646 ], [ 2540787.785000000149012, 1155097.0 ], [ 2540775.31, 1155102.273 ], [ 2540764.651999999769032, 1155105.634 ], [ 2540755.146000000182539, 1155107.651 ], [ 2540747.56, 1155108.322 ], [ 2540739.686000000219792, 1155108.322 ], [ 2540732.677000000141561, 1155108.129999999888241 ], [ 2540720.183999999891967, 1155106.075999999884516 ], [ 2540673.43099999986589, 1155097.953 ], [ 2540635.407000000122935, 1155091.325999999884516 ], [ 2540607.207, 1155086.628 ], [ 2540575.535000000149012, 1155081.258 ], [ 2540567.386, 1155079.591 ], [ 2540554.977, 1155077.182 ], [ 2540545.903, 1155074.22 ], [ 2540538.123999999836087, 1155070.700999999884516 ], [ 2540530.345000000204891, 1155065.700999999884516 ], [ 2540525.344, 1155061.812 ], [ 2540518.86200000019744, 1155055.514 ], [ 2540513.30599999986589, 1155049.401 ], [ 2540507.748999999836087, 1155041.253 ], [ 2540502.933999999891967, 1155031.808 ], [ 2540494.599, 1155015.323 ], [ 2540489.41399999987334, 1155007.174000000115484 ], [ 2540483.671999999787658, 1154999.950999999884516 ], [ 2540476.26299999980256, 1154992.541999999899417 ], [ 2540467.373999999836087, 1154984.023 ], [ 2540462.125, 1154977.966 ], [ 2540461.582, 1154978.384 ], [ 2540461.031, 1154978.727999999886379 ], [ 2540460.495000000111759, 1154978.996 ], [ 2540459.890000000130385, 1154979.233 ], [ 2540459.265000000130385, 1154979.411 ], [ 2540458.626000000163913, 1154979.528 ], [ 2540457.978999999817461, 1154979.583000000100583 ], [ 2540457.372, 1154979.577 ], [ 2540456.727, 1154979.513 ], [ 2540456.089000000152737, 1154979.385 ], [ 2540455.42, 1154979.181 ], [ 2540454.865000000223517, 1154978.950999999884516 ], [ 2540454.291000000201166, 1154978.649 ], [ 2540453.747, 1154978.291 ], [ 2540453.242, 1154977.884 ], [ 2540452.776999999769032, 1154977.43 ], [ 2540452.356999999843538, 1154976.933999999891967 ], [ 2540451.98700000019744, 1154976.4 ], [ 2540451.649000000208616, 1154975.788 ], [ 2540451.410000000149012, 1154975.237 ], [ 2540451.194999999832362, 1154974.571 ], [ 2540451.028, 1154973.751 ], [ 2540450.970000000204891, 1154973.092 ], [ 2540450.973000000230968, 1154972.492 ], [ 2540451.035999999847263, 1154971.845 ], [ 2540451.173, 1154971.158 ], [ 2540451.346, 1154970.584 ], [ 2540451.589000000152737, 1154969.983 ], [ 2540451.916000000201166, 1154969.362999999895692 ], [ 2540452.245000000111759, 1154968.861 ], [ 2540452.651999999769032, 1154968.354 ], [ 2540453.140000000130385, 1154967.854 ], [ 2540453.776, 1154967.359 ] ], [ [ 2540453.776, 1154967.359 ], [ 2540454.049999999813735, 1154967.146 ], [ 2540454.606999999843538, 1154966.821 ], [ 2540455.197000000160187, 1154966.548 ], [ 2540455.859000000171363, 1154966.321 ], [ 2540456.443, 1154966.181 ], [ 2540457.085, 1154966.089 ], [ 2540457.734999999869615, 1154966.057 ], [ 2540458.433000000193715, 1154966.094 ], [ 2540459.075999999884516, 1154966.193 ], [ 2540459.705, 1154966.352999999886379 ], [ 2540460.271999999880791, 1154966.553 ], [ 2540461.219, 1154967.026 ], [ 2540461.79, 1154967.411 ], [ 2540462.25400000018999, 1154967.793 ], [ 2540462.748999999836087, 1154968.287 ], [ 2540463.160999999847263, 1154968.789000000106171 ], [ 2540463.523, 1154969.328 ], [ 2540463.81, 1154969.854 ], [ 2540464.066000000108033, 1154970.453 ], [ 2540464.264, 1154971.071 ], [ 2540464.410000000149012, 1154971.754 ], [ 2540464.478999999817461, 1154972.352 ], [ 2540464.492, 1154973.051 ], [ 2540464.438, 1154973.698 ], [ 2540464.333999999798834, 1154974.288 ], [ 2540464.162, 1154974.916 ], [ 2540463.932, 1154975.524 ], [ 2540463.645, 1154976.107 ], [ 2540463.302999999839813, 1154976.656999999890104 ], [ 2540462.909, 1154977.175 ], [ 2540462.125, 1154977.966 ] ], [ [ 2540370.975999999791384, 1154971.277 ], [ 2540381.23, 1154984.308 ], [ 2540381.437, 1154984.579 ] ] ] } },
{ "type": "Feature", "properties": { "CADRE_NO": "10.068", "DDT_URL": null, "ETC_NOM": "Transports publics de la région lausannoise", "ETC_SIGLE": "TL", "ETC_URL": "https://www.t-l.ch", "GO_CENTRE": 0, "HORAIR_URL": "https://www.tableaux-horaires.ch/fileadmin/fap_pdf_fields/2025/10.068.pdf", "LIGNE_NO": "68", "LIGNE_NOM": "Lutry gare - La Conversion gare - Lutry Croix/Lutry", "LIGNE_SIGL": null, "LIGNE_TYPE": "Bus urbain", "PLAN_URL": "https://prestations.vd.ch/pub/101587/api/download/2_Cartographie_et_geodonnees/2.1_Carte_des_reseaux/Carte_des_lignes_TP/topo/ligne_10.068.pdf", "SHAPE_LEN": 6720.449 }, "geometry": { "type": "MultiLineString", "coordinates": [ [ [ 2543282.700000000186265, 1152208.399 ], [ 2543277.200000000186265, 1152208.567 ] ] ] } },
{ "type": "Feature", "properties": { "CADRE_NO": "10.035", "DDT_URL": null, "ETC_NOM": "Transports publics de la région lausannoise", "ETC_SIGLE": "TL", "ETC_URL": "https://www.t-l.ch", "GO_CENTRE": 0, "HORAIR_URL": "https://www.tableaux-horaires.ch/fileadmin/fap_pdf_fields/2025/10.035.pdf", "LIGNE_NO": "35", "LIGNE_NOM": "Bussigny gare - Riettaz", "LIGNE_SIGL": null, "LIGNE_TYPE": "Bus urbain", "PLAN_URL": "https://prestations.vd.ch/pub/101587/api/download/2_Cartographie_et_geodonnees/2.1_Carte_des_reseaux/Carte_des_lignes_TP/topo/ligne_10.035.pdf", "SHAPE_LEN": 3634.546 }, "geometry": { "type": "MultiLineString", "coordinates": [ ] } },
{ "type": "Feature", "properties": { "CADRE_NO": "10.036", "DDT_URL": null, "ETC_NOM": "Transports publics de la région lausannoise", "ETC_SIGLE": "TL", "ETC_URL": "https://www.t-l.ch", "GO_CENTRE": 0, "HORAIR_URL": "https://www.tableaux-horaires.ch/fileadmin/fap_pdf_fields/2025/10.036.pdf", "LIGNE_NO": "36", "LIGNE_NOM": "Renens VD gare nord - Crissier Zinguerie - Closalet", "LIGNE_SIGL": null, "LIGNE_TYPE": "Bus urbain", "PLAN_URL": "https://prestations.vd.ch/pub/101587/api/download/2_Cartographie_et_geodonnees/2.1_Carte_des_reseaux/Carte_des_lignes_TP/topo/ligne_10.036.pdf", "SHAPE_LEN": 3079.162 }, "geometry": { "type": "MultiLineString", "coordinates": [ [ [ 2534045.447999999858439, 1154420.432 ], [ 2534063.041999999899417, 1154409.319 ], [ 2534099.157999999821186, 1154387.652 ], [ 2534107.014, 1154383.244 ] ] ] } },
{ "type": "Feature", "properties": { "CADRE_NO": "10.001", "DDT_URL": null, "ETC_NOM": "Transports publics de la région lausannoise", "ETC_SIGLE": "TL", "ETC_URL": "https://www.t-l.ch", "GO_CENTRE": 0, "HORAIR_URL": "https://www.tableaux-horaires.ch/fileadmin/fap_pdf_fields/2025/10.001.pdf", "LIGNE_NO": "1", "LIGNE_NOM": "Ecublens VD EPFL/Colladon - Lausanne Maladière - gare - St-François - Stade Olympique - Blécherette", "LIGNE_SIGL": null, "LIGNE_TYPE": "Trolleybus", "PLAN_URL": "https://prestations.vd.ch/pub/101587/api/download/2_Cartographie_et_geodonnees/2.1_Carte_des_reseaux/Carte_des_lignes_TP/topo/ligne_10.001.pdf", "SHAPE_LEN": 13588.645 }, "geometry": { "type": "MultiLineString", "coordinates": [ [ [ 2537256.966, 1154860.305 ], [ 2537283.450999999884516, 1154875.676 ], [ 2537293.73700000019744, 1154880.099 ], [ 2537305.943, 1154885.345 ], [ 2537309.946, 1154888.236 ], [ 2537312.171, 1154891.239 ], [ 2537313.058999999891967, 1154893.687 ], [ 2537313.171999999787658, 1154896.578 ], [ 2537311.836999999824911, 1154899.246 ], [ 2537308.611, 1154901.471 ], [ 2537303.332, 1154902.976 ], [ 2537292.154999999795109, 1154903.273 ], [ 2537277.153, 1154884.194 ], [ 2537264.188999999780208, 1154868.824 ], [ 2537256.966, 1154860.305 ], [ 2537238.075000000186265, 1154838.449 ] ], [ [ 2537588.636, 1151870.398 ], [ 2537588.031, 1151870.194 ], [ 2537587.393000000156462, 1151869.91 ], [ 2537586.867, 1151869.619 ], [ 2537586.28899999987334, 1151869.227 ], [ 2537585.785999999847263, 1151868.814 ], [ 2537585.322999999858439, 1151868.358 ], [ 2537584.901999999769032, 1151867.864 ], [ 2537584.526, 1151867.334 ], [ 2537584.097, 1151866.573 ], [ 2537583.830999999772757, 1151865.953 ], [ 2537583.628, 1151865.333000000100583 ], [ 2537583.490000000223517, 1151864.751 ], [ 2537583.396000000182539, 1151864.108 ], [ 2537583.359999999869615, 1151863.458000000100583 ], [ 2537583.384999999776483, 1151862.76 ], [ 2537583.467999999877065, 1151862.115 ], [ 2537583.608, 1151861.48 ], [ 2537583.802999999839813, 1151860.862 ], [ 2537584.131, 1151860.097 ], [ 2537584.429, 1151859.556 ], [ 2537584.822999999858439, 1151858.977999999886379 ], [ 2537585.234999999869615, 1151858.475 ], [ 2537585.691000000108033, 1151858.012000000104308 ], [ 2537586.187, 1151857.591 ], [ 2537586.673, 1151857.242 ], [ 2537587.278, 1151856.887000000104308 ], [ 2537587.865000000223517, 1151856.612 ], [ 2537588.429, 1151856.403 ], [ 2537589.103999999817461, 1151856.22 ], [ 2537589.69400000013411, 1151856.115 ], [ 2537590.341, 1151856.056 ], [ 2537591.299000000115484, 1151856.075 ], [ 2537591.984000000171363, 1151856.166 ], [ 2537592.569999999832362, 1151856.297 ], [ 2537593.188999999780208, 1151856.492 ], [ 2537593.788000000175089, 1151856.743 ], [ 2537594.365000000223517, 1151857.044 ], [ 2537594.912, 1151857.397000000113621 ], [ 2537595.46100000012666, 1151857.828 ], [ 2537595.933999999891967, 1151858.273 ], [ 2537596.333999999798834, 1151858.72 ], [ 2537596.753, 1151859.281 ], [ 2537597.298, 1151860.241 ], [ 2537597.546999999787658, 1151860.835999999893829 ], [ 2537597.745000000111759, 1151861.455 ], [ 2537597.88799999980256, 1151862.089 ], [ 2537597.973000000230968, 1151862.733 ], [ 2537598.0, 1151863.432 ], [ 2537597.970000000204891, 1151864.031 ], [ 2537597.873999999836087, 1151864.724 ], [ 2537597.725, 1151865.357 ], [ 2537597.358, 1151866.369 ], [ 2537597.078000000212342, 1151866.925 ], [ 2537596.73700000019744, 1151867.477999999886379 ], [ 2537596.35, 1151867.998 ], [ 2537595.916999999899417, 1151868.484 ], [ 2537595.441999999806285, 1151868.929 ], [ 2537594.890000000130385, 1151869.358 ], [ 2537594.386, 1151869.683 ], [ 2537593.811000000219792, 1151869.986 ], [ 2537593.213, 1151870.237999999895692 ], [ 2537592.545, 1151870.448 ], [ 2537591.96, 1151870.575999999884516 ], [ 2537591.316000000108033, 1151870.662 ], [ 2537590.615000000223517, 1151870.688 ], [ 2537589.966, 1151870.655 ], [ 2537589.324, 1151870.563 ], [ 2537588.636, 1151870.398 ], [ 2537587.517, 1151875.957 ], [ 2537586.899000000208616, 1151884.081 ], [ 2537588.029999999795109, 1151893.441000000108033 ], [ 2537589.778, 1151902.698 ], [ 2537592.659, 1151910.619 ], [ 2537599.242, 1151926.047 ], [ 2537611.688, 1151949.499 ], [ 2537623.006, 1151969.775 ], [ 2537628.680000000167638, 1151979.938 ], [ 2537637.94, 1151997.163 ], [ 2537662.462373480200768, 1152032.351032986072823 ], [ 2537675.348000000230968, 1152054.095 ], [ 2537708.193, 1152102.327 ], [ 2537713.876999999862164, 1152107.176 ], [ 2537720.544000000227243, 1152111.437 ], [ 2537727.396999999880791, 1152114.029 ], [ 2537732.768000000156462, 1152114.956 ], [ 2537746.473000000230968, 1152116.436 ], [ 2537764.992999999783933, 1152118.474 ], [ 2537777.403, 1152119.585 ], [ 2537807.774000000208616, 1152123.689 ], [ 2537807.873999999836087, 1152123.09 ], [ 2537808.091, 1152122.477999999886379 ], [ 2537808.415, 1152121.916 ], [ 2537808.87099999981001, 1152121.386 ], [ 2537809.336999999824911, 1152121.008 ], [ 2537809.950000000186265, 1152120.675 ], [ 2537810.518999999854714, 1152120.487 ], [ 2537811.21100000012666, 1152120.389999999897555 ], [ 2537811.861, 1152120.421 ], [ 2537812.492999999783933, 1152120.57 ], [ 2537813.088, 1152120.829 ], [ 2537813.586999999824911, 1152121.158 ], [ 2537814.091, 1152121.642 ], [ 2537814.443, 1152122.129 ], [ 2537814.742999999783933, 1152122.76 ], [ 2537814.904, 1152123.370000000111759 ], [ 2537826.83600000012666, 1152120.258 ], [ 2537825.187, 1152113.102 ], [ 2537891.86200000019744, 1152098.842 ], [ 2537904.640999999828637, 1152097.732 ], [ 2537953.906, 1152087.544 ], [ 2537954.455, 1152091.213 ], [ 2537965.401999999769032, 1152089.348 ] ], [ [ 2537464.240000000223517, 1151567.359 ], [ 2537522.846, 1151555.585 ], [ 2537546.785000000149012, 1151550.438 ], [ 2537615.048, 1151535.887000000104308 ], [ 2537611.401, 1151574.427 ], [ 2537609.223000000230968, 1151597.457 ], [ 2537603.30599999986589, 1151673.213 ] ], [ [ 2538026.69400000013411, 1153289.179 ], [ 2538024.100999999791384, 1153295.29 ], [ 2538015.21, 1153320.479 ], [ 2538007.247, 1153347.889 ], [ 2537991.873999999836087, 1153395.487 ], [ 2537985.205999999772757, 1153415.676 ], [ 2537970.94400000013411, 1153460.866 ], [ 2537958.535999999847263, 1153498.094 ], [ 2537950.017, 1153524.579 ], [ 2537934.645, 1153575.139999999897555 ], [ 2537928.319999999832362, 1153595.210999999893829 ], [ 2537925.014, 1153605.7 ], [ 2537920.753, 1153615.886 ], [ 2537918.552999999839813, 1153618.601 ], [ 2537915.197999999858439, 1153622.739 ], [ 2537907.048, 1153630.148 ], [ 2537900.196, 1153637.372 ], [ 2537890.008, 1153646.447 ], [ 2537878.896999999880791, 1153657.003 ], [ 2537853.893999999854714, 1153676.82 ], [ 2537839.262000000104308, 1153686.192 ], [ 2537837.779999999795109, 1153678.302 ], [ 2537835.742999999783933, 1153673.116 ], [ 2537831.669000000227243, 1153667.004 ], [ 2537821.668, 1153650.892 ], [ 2537803.515999999828637, 1153626.629 ], [ 2537767.586999999824911, 1153577.548 ], [ 2537729.989, 1153529.764 ], [ 2537770.734999999869615, 1153499.206 ], [ 2537783.265000000130385, 1153491.687 ], [ 2537805.924999999813735, 1153478.091 ], [ 2537822.778, 1153467.905 ], [ 2537833.977, 1153460.973 ], [ 2537834.446, 1153460.681 ], [ 2537844.26299999980256, 1153454.94 ], [ 2537876.302999999839813, 1153432.715 ], [ 2537902.603999999817461, 1153414.751 ], [ 2537911.122, 1153406.6 ], [ 2537949.461999999824911, 1153370.115 ], [ 2537980.207, 1153338.628 ], [ 2537997.986, 1153321.034 ], [ 2538011.136, 1153307.329 ], [ 2538018.543, 1153298.624 ], [ 2538026.69400000013411, 1153289.179 ], [ 2538033.546999999787658, 1153277.879 ], [ 2538040.214000000152737, 1153264.916 ], [ 2538043.548, 1153258.249 ], [ 2538045.028, 1153254.915 ], [ 2538048.546999999787658, 1153244.357 ], [ 2538051.325999999884516, 1153233.431 ], [ 2538053.734000000171363, 1153219.17 ], [ 2538054.474, 1153206.206 ], [ 2538054.474, 1153194.166 ], [ 2538054.474, 1153181.758 ], [ 2538053.549000000115484, 1153168.237999999895692 ], [ 2538049.659, 1153143.048 ], [ 2538047.622, 1153127.861 ], [ 2538047.066999999806285, 1153117.49 ], [ 2538044.103000000119209, 1153085.079 ], [ 2538042.80599999986589, 1153068.964 ], [ 2538041.509, 1153052.666 ], [ 2538039.842999999877065, 1153028.405 ], [ 2538038.731000000145286, 1153007.29 ], [ 2538037.80599999986589, 1152979.509 ], [ 2538037.762000000104308, 1152975.247 ], [ 2538037.436000000219792, 1152944.504999999888241 ], [ 2538037.065, 1152935.8 ], [ 2538034.287, 1152925.429 ], [ 2538048.919000000227243, 1152910.982 ], [ 2538061.844, 1152896.944 ], [ 2538070.403, 1152887.646 ], [ 2538084.108, 1152872.274 ], [ 2538091.146999999880791, 1152864.123 ], [ 2538095.035999999847263, 1152856.531 ], [ 2538097.072999999858439, 1152847.825999999884516 ], [ 2538097.072999999858439, 1152841.899 ], [ 2538093.739, 1152833.195 ], [ 2538083.183000000193715, 1152815.229 ], [ 2538069.660999999847263, 1152792.078 ], [ 2538056.325999999884516, 1152770.224 ], [ 2538049.474, 1152759.296 ], [ 2538038.361, 1152762.074 ], [ 2538028.73, 1152765.038 ], [ 2538020.582, 1152767.075 ], [ 2538012.802999999839813, 1152768.187 ], [ 2537998.171, 1152768.002 ], [ 2537978.169000000227243, 1152768.002 ], [ 2537955.94400000013411, 1152767.629999999888241 ], [ 2537947.793, 1152765.593000000109896 ], [ 2537926.311000000219792, 1152754.295 ], [ 2537921.865000000223517, 1152751.888 ], [ 2537917.42, 1152749.85 ], [ 2537913.346, 1152744.294 ], [ 2537891.86200000019744, 1152701.142 ], [ 2537875.378, 1152670.397000000113621 ], [ 2537868.525, 1152655.95 ] ], [ [ 2537839.262000000104308, 1153686.192 ], [ 2537827.964000000152737, 1153695.156 ], [ 2537815.739, 1153704.787 ], [ 2537779.068, 1153733.124 ], [ 2537770.549999999813735, 1153741.088 ], [ 2537759.437, 1153751.831 ], [ 2537749.62099999981001, 1153762.942 ], [ 2537732.953000000212342, 1153783.685 ], [ 2537719.061000000219792, 1153803.874 ], [ 2537708.133, 1153821.654 ], [ 2537701.466, 1153834.062 ], [ 2537696.651999999769032, 1153844.433999999891967 ], [ 2537693.318, 1153854.435 ], [ 2537690.541000000201166, 1153865.548 ], [ 2537675.907999999821186, 1153915.554 ], [ 2537670.166999999899417, 1153933.706 ], [ 2537668.079, 1153938.415 ], [ 2537662.203000000212342, 1153951.67 ], [ 2537653.867999999783933, 1153970.377 ], [ 2537647.015999999828637, 1153984.452 ], [ 2537629.234999999869615, 1154017.419 ], [ 2537617.382000000216067, 1154037.236 ], [ 2537606.824, 1154053.35 ], [ 2537595.528, 1154069.092 ], [ 2537583.858, 1154083.539000000106171 ], [ 2537573.117, 1154095.022000000113621 ], [ 2537564.782999999821186, 1154103.541 ], [ 2537535.0, 1154129.6 ], [ 2537505.886, 1154158.178 ], [ 2537498.293, 1154167.624 ], [ 2537491.44, 1154178.737 ], [ 2537481.25400000018999, 1154195.775 ], [ 2537476.808999999891967, 1154206.703 ], [ 2537475.56900000013411, 1154210.299000000115484 ], [ 2537473.105, 1154217.443 ], [ 2537469.4, 1154229.854 ], [ 2537467.177999999839813, 1154240.041 ], [ 2537465.140999999828637, 1154252.079 ], [ 2537461.69, 1154277.485000000102445 ], [ 2537461.066999999806285, 1154282.082 ], [ 2537455.139, 1154321.717 ], [ 2537450.509, 1154352.460999999893829 ], [ 2537448.102, 1154362.092 ], [ 2537442.545, 1154379.316000000108033 ], [ 2537435.691999999806285, 1154396.541 ], [ 2537429.58, 1154408.396 ], [ 2537423.839000000152737, 1154417.655 ], [ 2537418.467000000178814, 1154426.73 ], [ 2537413.838, 1154433.027 ], [ 2537406.615000000223517, 1154442.473 ], [ 2537396.242999999783933, 1154454.141 ], [ 2537376.58, 1154474.164000000106171 ], [ 2537376.055000000167638, 1154474.699 ], [ 2537361.423, 1154489.887000000104308 ], [ 2537352.719, 1154499.147000000113621 ], [ 2537342.717999999877065, 1154512.482 ], [ 2537329.938, 1154529.707 ], [ 2537323.085, 1154539.893 ], [ 2537316.418, 1154550.819 ], [ 2537309.936000000219792, 1154562.303 ], [ 2537304.935, 1154572.675 ], [ 2537298.822999999858439, 1154585.639 ], [ 2537294.191999999806285, 1154596.567 ], [ 2537285.487999999895692, 1154616.569 ], [ 2537280.302000000141561, 1154628.607 ], [ 2537245.112999999895692, 1154705.099 ], [ 2537236.407000000122935, 1154724.360000000102445 ], [ 2537222.332, 1154756.585999999893829 ], [ 2537221.407000000122935, 1154760.291 ], [ 2537219.923, 1154767.144 ], [ 2537218.998000000137836, 1154776.775 ], [ 2537218.628, 1154784.554 ], [ 2537219.737999999895692, 1154795.110000000102445 ], [ 2537221.961999999824911, 1154806.963 ], [ 2537225.295, 1154816.779 ], [ 2537230.666000000201166, 1154827.707 ], [ 2537238.075000000186265, 1154838.449 ] ], [ [ 2537814.904, 1152123.370000000111759 ], [ 2537814.957, 1152124.034 ], [ 2537814.890000000130385, 1152124.68 ], [ 2537814.708000000100583, 1152125.304 ], [ 2537814.416000000201166, 1152125.883 ], [ 2537814.024000000208616, 1152126.401 ], [ 2537813.586999999824911, 1152126.81 ], [ 2537813.041999999899417, 1152127.166 ], [ 2537812.396999999880791, 1152127.429 ], [ 2537811.852, 1152127.549000000115484 ], [ 2537811.153, 1152127.578 ], [ 2537810.511, 1152127.482 ], [ 2537809.812, 1152127.234 ], [ 2537809.248000000137836, 1152126.899 ], [ 2537808.794000000227243, 1152126.507 ], [ 2537808.353999999817461, 1152125.964 ], [ 2537808.068, 1152125.438 ], [ 2537807.849, 1152124.773 ], [ 2537807.774000000208616, 1152123.689 ] ], [ [ 2537954.455, 1152091.213 ], [ 2537955.572999999858439, 1152097.360000000102445 ], [ 2537906.492999999783933, 1152107.361 ], [ 2537903.382000000216067, 1152107.95 ], [ 2537885.936000000219792, 1152111.252 ], [ 2537876.120000000111759, 1152112.177 ], [ 2537874.285000000149012, 1152112.56 ], [ 2537827.224, 1152122.362999999895692 ], [ 2537826.83600000012666, 1152120.258 ] ], [ [ 2538525.369, 1152032.778 ], [ 2538529.904, 1152045.872 ], [ 2538548.241, 1152101.251 ], [ 2538564.353999999817461, 1152152.183 ], [ 2538561.946, 1152153.849 ], [ 2538508.23700000019744, 1152185.891 ], [ 2538461.008, 1152212.376 ], [ 2538420.447999999858439, 1152235.527 ], [ 2538360.470000000204891, 1152271.067 ], [ 2538312.842000000178814, 1152299.053 ], [ 2538278.021000000182539, 1152321.092 ] ], [ [ 2536504.622, 1152054.112 ], [ 2536521.131, 1152044.761 ], [ 2536529.651, 1152041.797 ], [ 2536551.134999999776483, 1152036.056 ], [ 2536570.396999999880791, 1152029.759 ], [ 2536597.437, 1152020.499 ], [ 2536612.739, 1152014.487999999895692 ], [ 2536618.18099999986589, 1152012.35 ], [ 2536643.739, 1152002.162 ], [ 2536675.1, 1151988.9 ], [ 2536680.6, 1151986.5 ], [ 2536708.299999999813735, 1151974.2 ], [ 2536714.066999999806285, 1151971.666 ], [ 2536738.785999999847263, 1151959.629999999888241 ], [ 2536770.436000000219792, 1151945.221 ], [ 2536805.758, 1151929.08 ], [ 2536822.029999999795109, 1151922.200999999884516 ], [ 2536828.247, 1151919.82 ], [ 2536836.450999999884516, 1151917.968000000109896 ], [ 2536848.224, 1151916.247 ], [ 2536890.401999999769032, 1151914.441000000108033 ], [ 2536894.145, 1151914.266 ], [ 2536930.222, 1151912.587 ], [ 2536938.410999999847263, 1151912.398 ], [ 2536946.274000000208616, 1151911.241 ], [ 2536948.083000000100583, 1151911.266 ], [ 2536962.370000000111759, 1151907.693 ], [ 2537006.159, 1151894.73 ], [ 2537013.278, 1151892.277 ], [ 2537023.199, 1151887.25 ], [ 2537035.372, 1151879.843000000109896 ], [ 2537078.76299999980256, 1151849.15 ], [ 2537101.46100000012666, 1151832.902 ], [ 2537143.089000000152737, 1151803.104 ], [ 2537159.683999999891967, 1151792.388 ], [ 2537169.077, 1151784.713 ], [ 2537177.278, 1151775.983 ], [ 2537203.603999999817461, 1151747.937 ], [ 2537226.623000000137836, 1151721.743 ], [ 2537239.455, 1151708.118 ], [ 2537253.875, 1151693.83 ], [ 2537261.282999999821186, 1151687.082 ], [ 2537271.258, 1151677.601 ], [ 2537284.884, 1151665.299000000115484 ], [ 2537298.378, 1151654.054 ], [ 2537312.136, 1151643.206 ], [ 2537324.969, 1151633.681 ], [ 2537341.771000000182539, 1151621.51 ], [ 2537358.83600000012666, 1151610.264999999897555 ], [ 2537374.313999999780208, 1151600.74 ], [ 2537389.26299999980256, 1151592.406 ], [ 2537396.873000000137836, 1151588.16 ], [ 2537414.234000000171363, 1151580.455 ], [ 2537427.464000000152737, 1151576.619 ], [ 2537450.003, 1151570.866 ], [ 2537452.864, 1151570.136 ], [ 2537464.240000000223517, 1151567.359 ], [ 2537615.985649214591831, 1151535.461391541874036 ], [ 2537602.347, 1151685.726 ], [ 2537596.947000000160187, 1151753.433 ], [ 2537593.543, 1151803.858 ], [ 2537590.967000000178814, 1151842.029 ], [ 2537591.299000000115484, 1151856.075 ] ], [ [ 2538525.369, 1152032.778 ], [ 2538514.719, 1152035.129999999888241 ], [ 2538478.788000000175089, 1152039.76 ], [ 2538462.674999999813735, 1152041.242 ], [ 2538395.072999999858439, 1152047.169 ], [ 2538319.69400000013411, 1152054.578 ], [ 2538319.008, 1152054.647000000113621 ], [ 2538234.682, 1152063.096 ], [ 2538173.017, 1152070.145 ], [ 2538163.376999999862164, 1152071.247 ], [ 2538112.629999999888241, 1152076.246 ], [ 2538062.254999999888241, 1152081.535 ], [ 2538038.546, 1152084.025 ], [ 2538000.579, 1152086.432 ], [ 2537973.700000000186265, 1152088.352999999886379 ], [ 2537973.631, 1152089.007 ], [ 2537973.464000000152737, 1152089.633 ], [ 2537973.225999999791384, 1152090.183999999891967 ], [ 2537972.853000000119209, 1152090.774 ], [ 2537972.423, 1152091.262000000104308 ], [ 2537971.924999999813735, 1152091.678 ], [ 2537971.41399999987334, 1152091.99 ], [ 2537970.815, 1152092.243 ], [ 2537970.145, 1152092.406 ], [ 2537969.546999999787658, 1152092.459 ], [ 2537968.850999999791384, 1152092.412 ], [ 2537968.217000000178814, 1152092.266 ], [ 2537967.614, 1152092.025 ], [ 2537967.096, 1152091.724 ], [ 2537966.552999999839813, 1152091.283 ], [ 2537966.120000000111759, 1152090.799000000115484 ], [ 2537965.791000000201166, 1152090.298 ], [ 2537965.401999999769032, 1152089.348 ], [ 2537965.284, 1152088.739 ], [ 2537965.259, 1152088.039000000106171 ], [ 2537965.329, 1152087.444 ], [ 2537965.498999999836087, 1152086.817 ], [ 2537965.788000000175089, 1152086.182 ], [ 2537966.145, 1152085.638 ], [ 2537966.546, 1152085.194 ], [ 2537967.089000000152737, 1152084.751 ], [ 2537967.65, 1152084.426 ], [ 2537968.256, 1152084.191000000108033 ], [ 2537968.841, 1152084.058999999891967 ], [ 2537969.48700000019744, 1152084.011 ], [ 2537970.134, 1152084.063 ], [ 2537970.815, 1152084.227999999886379 ], [ 2537971.367999999783933, 1152084.458000000100583 ], [ 2537971.896999999880791, 1152084.773 ], [ 2537972.387000000104308, 1152085.173 ], [ 2537972.853000000119209, 1152085.695 ], [ 2537973.177999999839813, 1152086.199 ], [ 2537973.447999999858439, 1152086.791 ], [ 2537973.631, 1152087.464 ], [ 2537973.700000000186265, 1152088.352999999886379 ] ], [ [ 2538128.188, 1152353.319 ], [ 2538141.523, 1152349.058999999891967 ], [ 2538157.044000000227243, 1152344.435 ], [ 2538158.932, 1152343.873 ], [ 2538165.615000000223517, 1152342.079 ], [ 2538181.713, 1152337.761 ], [ 2538192.169000000227243, 1152335.952 ], [ 2538216.153, 1152331.8 ], [ 2538278.021000000182539, 1152321.092 ] ], [ [ 2536253.535000000149012, 1152269.518 ], [ 2536242.208000000100583, 1152260.528 ], [ 2536224.308000000193715, 1152243.457 ], [ 2536222.205999999772757, 1152241.452 ], [ 2536197.38799999980256, 1152215.709 ], [ 2536153.677999999839813, 1152170.887000000104308 ], [ 2536136.824, 1152153.849 ], [ 2536127.008, 1152145.884 ], [ 2536118.117, 1152139.772000000113621 ], [ 2536110.524000000208616, 1152136.253 ], [ 2536101.26299999980256, 1152133.291 ], [ 2536091.632000000216067, 1152131.254 ], [ 2536080.705999999772757, 1152130.698 ], [ 2536063.483, 1152131.439 ], [ 2536063.48, 1152131.439 ], [ 2536038.106999999843538, 1152132.92 ], [ 2536029.958999999798834, 1152133.291 ], [ 2536024.031, 1152134.588 ], [ 2536016.623999999836087, 1152137.55 ], [ 2536006.992, 1152147.737999999895692 ], [ 2535997.361, 1152156.256 ], [ 2535991.25, 1152158.479 ], [ 2535985.87900000018999, 1152157.924000000115484 ], [ 2535982.359999999869615, 1152155.33 ], [ 2535981.062, 1152152.183 ], [ 2535981.248999999836087, 1152148.293 ], [ 2535981.989, 1152145.699 ], [ 2535987.174999999813735, 1152142.551 ], [ 2535991.620000000111759, 1152140.514 ], [ 2536005.140000000130385, 1152138.477 ], [ 2536016.623999999836087, 1152137.55 ] ], [ [ 2536264.262000000104308, 1152268.262000000104308 ], [ 2536264.751999999862164, 1152268.718000000109896 ], [ 2536265.154999999795109, 1152269.164000000106171 ], [ 2536265.578000000212342, 1152269.721 ], [ 2536265.92, 1152270.273 ], [ 2536266.214999999850988, 1152270.852999999886379 ], [ 2536266.455, 1152271.456 ], [ 2536266.643000000156462, 1152272.078 ], [ 2536266.775, 1152272.713 ], [ 2536266.850999999791384, 1152273.360000000102445 ], [ 2536266.870000000111759, 1152273.959 ], [ 2536266.836999999824911, 1152274.608 ], [ 2536266.736, 1152275.3 ], [ 2536266.599, 1152275.884 ], [ 2536266.396999999880791, 1152276.502 ], [ 2536265.86200000019744, 1152277.627 ], [ 2536265.506, 1152278.174000000115484 ], [ 2536265.106999999843538, 1152278.687 ], [ 2536264.666000000201166, 1152279.162 ], [ 2536264.182, 1152279.598 ], [ 2536263.663000000175089, 1152279.989 ], [ 2536263.154999999795109, 1152280.308 ], [ 2536262.578000000212342, 1152280.605 ], [ 2536261.975999999791384, 1152280.851 ], [ 2536261.355, 1152281.043 ], [ 2536260.720000000204891, 1152281.18 ], [ 2536260.025, 1152281.264999999897555 ], [ 2536259.426, 1152281.284 ], [ 2536258.813, 1152281.253 ], [ 2536258.119, 1152281.156999999890104 ], [ 2536257.48700000019744, 1152281.01 ], [ 2536256.869, 1152280.806 ], [ 2536256.273, 1152280.549000000115484 ], [ 2536255.700000000186265, 1152280.242 ], [ 2536255.157000000122935, 1152279.885 ], [ 2536254.646999999880791, 1152279.481 ], [ 2536254.174999999813735, 1152279.036 ], [ 2536253.745000000111759, 1152278.549000000115484 ], [ 2536253.387000000104308, 1152278.068 ], [ 2536253.018999999854714, 1152277.472 ], [ 2536252.75, 1152276.936 ], [ 2536252.492, 1152276.285 ], [ 2536252.31, 1152275.661 ], [ 2536252.128, 1152274.57 ], [ 2536252.096, 1152273.929 ], [ 2536252.126000000163913, 1152273.231 ], [ 2536252.214000000152737, 1152272.587 ], [ 2536252.358, 1152271.953 ], [ 2536252.55599999986589, 1152271.334 ], [ 2536252.808000000193715, 1152270.733 ], [ 2536253.08600000012666, 1152270.203 ], [ 2536253.535000000149012, 1152269.518 ], [ 2536253.930000000167638, 1152269.026 ], [ 2536254.416999999899417, 1152268.523 ], [ 2536254.907999999821186, 1152268.099 ], [ 2536255.393999999854714, 1152267.746 ], [ 2536255.992999999783933, 1152267.387000000104308 ], [ 2536256.579, 1152267.105 ], [ 2536257.188, 1152266.877 ], [ 2536257.765000000130385, 1152266.712 ], [ 2536258.403, 1152266.589 ], [ 2536259.098000000230968, 1152266.52 ], [ 2536259.75, 1152266.514999999897555 ], [ 2536260.347, 1152266.562 ], [ 2536261.038000000175089, 1152266.675 ], [ 2536261.666999999899417, 1152266.84 ], [ 2536262.278, 1152267.058999999891967 ], [ 2536262.822000000160187, 1152267.308999999891967 ], [ 2536263.432, 1152267.653 ], [ 2536264.262000000104308, 1152268.262000000104308 ], [ 2536276.100999999791384, 1152254.602 ], [ 2536302.461999999824911, 1152226.236 ], [ 2536341.85, 1152183.852 ], [ 2536370.001999999862164, 1152153.294 ], [ 2536390.373999999836087, 1152130.327 ], [ 2536410.007000000216067, 1152110.51 ], [ 2536420.748999999836087, 1152101.251 ], [ 2536435.936000000219792, 1152089.026 ], [ 2536444.271000000182539, 1152083.099 ], [ 2536457.605, 1152074.581 ], [ 2536479.342000000178814, 1152058.302 ], [ 2536495.186000000219792, 1152057.02 ], [ 2536495.149000000208616, 1152056.398 ], [ 2536495.194999999832362, 1152055.748 ], [ 2536495.333999999798834, 1152055.063 ], [ 2536495.531, 1152054.498 ], [ 2536495.844, 1152053.872 ], [ 2536496.177999999839813, 1152053.373 ], [ 2536496.640000000130385, 1152052.849 ], [ 2536497.129999999888241, 1152052.422 ], [ 2536497.62900000018999, 1152052.088 ], [ 2536498.25400000018999, 1152051.778 ], [ 2536498.87099999981001, 1152051.569 ], [ 2536499.507000000216067, 1152051.443 ], [ 2536500.688, 1152051.427 ], [ 2536501.295, 1152051.529 ], [ 2536501.964000000152737, 1152051.733 ], [ 2536502.554, 1152052.004 ], [ 2536503.063999999780208, 1152052.321 ], [ 2536503.605, 1152052.764 ], [ 2536504.049000000115484, 1152053.239 ], [ 2536504.622, 1152054.112 ], [ 2536504.884, 1152054.709 ], [ 2536505.054, 1152055.285 ], [ 2536505.159, 1152055.926 ], [ 2536505.180000000167638, 1152056.574 ], [ 2536505.117, 1152057.221 ], [ 2536504.958000000100583, 1152057.903 ], [ 2536504.745000000111759, 1152058.464 ], [ 2536504.244, 1152059.337 ], [ 2536503.839000000152737, 1152059.832 ], [ 2536503.328000000212342, 1152060.31 ], [ 2536502.796999999787658, 1152060.686 ], [ 2536502.268999999854714, 1152060.97 ], [ 2536501.662, 1152061.204 ], [ 2536501.031, 1152061.356 ], [ 2536500.33600000012666, 1152061.429 ], [ 2536499.719, 1152061.412 ], [ 2536499.126000000163913, 1152061.323 ], [ 2536498.501000000163913, 1152061.148 ], [ 2536497.859000000171363, 1152060.870000000111759 ], [ 2536497.344, 1152060.562 ], [ 2536496.794000000227243, 1152060.128 ], [ 2536496.342999999877065, 1152059.662 ], [ 2536495.955, 1152059.142 ], [ 2536495.637000000104308, 1152058.574 ], [ 2536495.413000000175089, 1152058.018 ], [ 2536495.186000000219792, 1152057.02 ] ], [ [ 2534940.375, 1152790.966 ], [ 2534900.555000000167638, 1152784.299000000115484 ], [ 2534881.109000000171363, 1152780.595 ], [ 2534867.589000000152737, 1152778.003 ], [ 2534862.401999999769032, 1152776.52 ], [ 2534859.438, 1152773.743 ], [ 2534859.089999999850988, 1152772.868 ], [ 2534857.588, 1152769.112 ], [ 2534858.143000000156462, 1152764.483 ], [ 2534859.253, 1152760.593000000109896 ], [ 2534865.115000000223517, 1152750.589 ] ], [ [ 2538128.188, 1152353.319 ], [ 2538120.03899999987334, 1152357.023 ], [ 2538114.111, 1152361.652 ], [ 2538109.481000000145286, 1152366.654 ], [ 2538084.676, 1152402.311 ], [ 2538082.811000000219792, 1152404.993 ], [ 2538070.957, 1152421.75 ], [ 2538058.365000000223517, 1152440.521 ], [ 2538057.026, 1152442.53 ], [ 2538055.964999999850988, 1152444.112999999895692 ], [ 2538030.795, 1152481.679 ], [ 2538004.768999999854714, 1152520.521 ], [ 2538001.49599999981001, 1152525.013 ], [ 2537987.614, 1152546.306 ], [ 2537977.799000000115484, 1152560.568 ], [ 2537969.649000000208616, 1152571.308999999891967 ], [ 2537961.12900000018999, 1152583.163 ], [ 2537946.869, 1152599.460999999893829 ], [ 2537939.203000000212342, 1152608.573 ], [ 2537928.532999999821186, 1152619.464 ], [ 2537923.936000000219792, 1152623.516 ], [ 2537911.308999999891967, 1152633.725 ], [ 2537868.525, 1152655.95 ] ], [ [ 2535865.862999999895692, 1152169.406999999890104 ], [ 2535886.964000000152737, 1152163.319 ], [ 2535892.304, 1152149.014 ], [ 2535886.023, 1152146.25 ], [ 2535879.992, 1152142.858 ], [ 2535876.154999999795109, 1152139.565 ], [ 2535875.620000000111759, 1152139.162 ], [ 2535875.105, 1152138.764999999897555 ], [ 2535874.595000000204891, 1152138.362 ], [ 2535874.088, 1152137.954 ], [ 2535873.626999999862164, 1152137.572 ], [ 2535873.092000000178814, 1152137.120000000111759 ], [ 2535872.637000000104308, 1152136.727999999886379 ], [ 2535872.112999999895692, 1152136.264999999897555 ], [ 2535871.666999999899417, 1152135.864 ], [ 2535871.188999999780208, 1152135.423 ], [ 2535870.679, 1152134.942 ], [ 2535870.21100000012666, 1152134.493 ], [ 2535869.784, 1152134.071 ], [ 2535869.29, 1152133.575 ], [ 2535868.836999999824911, 1152133.109 ], [ 2535868.423, 1152132.673 ], [ 2535867.98, 1152132.197 ], [ 2535867.508, 1152131.68 ], [ 2535867.077, 1152131.194 ], [ 2535866.682, 1152130.743 ], [ 2535866.261, 1152130.247 ], [ 2535865.844, 1152129.749 ], [ 2535865.403, 1152129.207 ], [ 2535865.028, 1152128.736 ], [ 2535864.599, 1152128.186 ], [ 2535864.234000000171363, 1152127.708000000100583 ], [ 2535863.818, 1152127.147000000113621 ], [ 2535863.433999999891967, 1152126.621 ], [ 2535863.058000000193715, 1152126.09 ], [ 2535862.716, 1152125.598 ], [ 2535862.352, 1152125.06 ], [ 2535861.964000000152737, 1152124.476 ], [ 2535861.61200000019744, 1152123.93 ], [ 2535861.191999999806285, 1152123.262000000104308 ], [ 2535857.756, 1152118.132 ], [ 2535855.327, 1152112.634 ], [ 2535853.282000000122935, 1152104.963 ], [ 2535852.131, 1152098.57 ], [ 2535851.876000000163913, 1152092.051 ], [ 2535852.122, 1152085.656999999890104 ], [ 2535854.688, 1152075.557 ], [ 2535857.416999999899417, 1152067.839 ], [ 2535857.704, 1152067.200999999884516 ], [ 2535857.978999999817461, 1152066.612 ], [ 2535858.259999999776483, 1152066.025 ], [ 2535858.526, 1152065.487 ], [ 2535858.842000000178814, 1152064.862 ], [ 2535859.119, 1152064.33 ], [ 2535859.447999999858439, 1152063.713 ], [ 2535859.736, 1152063.188 ], [ 2535860.05599999986589, 1152062.620000000111759 ], [ 2535860.404999999795109, 1152062.014 ], [ 2535860.736, 1152061.456 ], [ 2535861.048, 1152060.943 ], [ 2535861.390000000130385, 1152060.389999999897555 ], [ 2535861.765999999828637, 1152059.8 ], [ 2535862.123000000137836, 1152059.254999999888241 ], [ 2535862.457, 1152058.756 ], [ 2535862.852, 1152058.179 ], [ 2535863.194999999832362, 1152057.688 ], [ 2535863.602, 1152057.119 ], [ 2535863.987999999895692, 1152056.595 ], [ 2535864.37900000018999, 1152056.075 ], [ 2535864.775, 1152055.56 ], [ 2535865.145, 1152055.088 ], [ 2535865.583999999798834, 1152054.541999999899417 ], [ 2535865.964000000152737, 1152054.079 ], [ 2535866.382000000216067, 1152053.582 ], [ 2535866.805000000167638, 1152053.088 ], [ 2535867.268000000156462, 1152052.562 ], [ 2535867.702, 1152052.078 ], [ 2535868.140999999828637, 1152051.599 ], [ 2535868.586999999824911, 1152051.125 ], [ 2535869.001999999862164, 1152050.692 ], [ 2535869.455999999772757, 1152050.227999999886379 ], [ 2535869.916999999899417, 1152049.769 ], [ 2535870.418, 1152049.28 ], [ 2535870.81900000013411, 1152048.896 ], [ 2535871.294000000227243, 1152048.450999999884516 ], [ 2535871.773, 1152048.011 ], [ 2535872.293, 1152047.545 ], [ 2535872.745000000111759, 1152047.149 ], [ 2535873.239, 1152046.726 ], [ 2535873.775, 1152046.276 ], [ 2535874.278, 1152045.865 ], [ 2535874.785000000149012, 1152045.459 ], [ 2535875.257000000216067, 1152045.089 ], [ 2535875.813999999780208, 1152044.663 ], [ 2535876.294000000227243, 1152044.303 ], [ 2535876.858, 1152043.889 ], [ 2535877.387000000104308, 1152043.512000000104308 ], [ 2535877.92, 1152043.139 ], [ 2535878.458000000100583, 1152042.773 ], [ 2535878.955999999772757, 1152042.44 ], [ 2535879.501000000163913, 1152042.085999999893829 ], [ 2535880.049000000115484, 1152041.736 ], [ 2535880.643999999854714, 1152041.367 ], [ 2535881.200000000186265, 1152041.031999999890104 ], [ 2535881.717999999877065, 1152040.726 ], [ 2535882.279999999795109, 1152040.401 ], [ 2535882.892, 1152040.058999999891967 ], [ 2535883.418, 1152039.772000000113621 ], [ 2535884.035999999847263, 1152039.442 ], [ 2535884.612999999895692, 1152039.142 ], [ 2535885.193, 1152038.849 ], [ 2535885.731999999843538, 1152038.585999999893829 ], [ 2535886.316999999806285, 1152038.304 ], [ 2535886.953000000212342, 1152038.01 ], [ 2535887.546, 1152037.743 ], [ 2535888.094, 1152037.503 ], [ 2535888.691999999806285, 1152037.248 ], [ 2535889.294000000227243, 1152037.0 ], [ 2535889.94400000013411, 1152036.74 ], [ 2535890.501999999862164, 1152036.524 ], [ 2535891.159, 1152036.279 ], [ 2535891.77, 1152036.058 ], [ 2535892.336999999824911, 1152035.860000000102445 ], [ 2535892.998999999836087, 1152035.637000000104308 ], [ 2535893.617, 1152035.436 ], [ 2535894.239, 1152035.242 ], [ 2535894.812, 1152035.068 ], [ 2535895.437, 1152034.888 ], [ 2535896.063999999780208, 1152034.714 ], [ 2535896.740000000223517, 1152034.535 ], [ 2535897.37099999981001, 1152034.375 ], [ 2535897.953000000212342, 1152034.233 ], [ 2535898.58600000012666, 1152034.088 ], [ 2535899.271000000182539, 1152033.938 ], [ 2535899.906, 1152033.805 ], [ 2535900.546, 1152033.68 ], [ 2535901.136, 1152033.572 ], [ 2535901.775, 1152033.46 ], [ 2535902.466, 1152033.348 ], [ 2535903.108, 1152033.251 ], [ 2535903.753, 1152033.161 ], [ 2535904.398, 1152033.079 ], [ 2535905.041999999899417, 1152033.002 ], [ 2535905.688999999780208, 1152032.933999999891967 ], [ 2535906.285999999847263, 1152032.877 ], [ 2535906.984000000171363, 1152032.819 ], [ 2535907.633, 1152032.772000000113621 ], [ 2535908.281, 1152032.73 ], [ 2535908.929, 1152032.698 ], [ 2535909.529999999795109, 1152032.674000000115484 ], [ 2535910.180000000167638, 1152032.654 ], [ 2535910.829, 1152032.641 ], [ 2535911.478999999817461, 1152032.637000000104308 ], [ 2535912.179, 1152032.639 ], [ 2535912.828000000212342, 1152032.648 ], [ 2535913.478000000119209, 1152032.666 ], [ 2535914.128, 1152032.689 ], [ 2535914.778, 1152032.72 ], [ 2535915.426, 1152032.757 ], [ 2535916.025, 1152032.798 ], [ 2535916.723000000230968, 1152032.855 ], [ 2535917.370000000111759, 1152032.913 ], [ 2535918.017, 1152032.98 ], [ 2535918.662, 1152033.053 ], [ 2535919.308000000193715, 1152033.135 ], [ 2535919.952, 1152033.222 ], [ 2535920.595000000204891, 1152033.317 ], [ 2535921.236, 1152033.419 ], [ 2535921.878, 1152033.528 ], [ 2535922.467000000178814, 1152033.633 ], [ 2535923.154999999795109, 1152033.766 ], [ 2535923.793, 1152033.895 ], [ 2535924.93099999986589, 1152034.145 ], [ 2535929.375, 1152035.285 ], [ 2535934.708999999798834, 1152037.178 ], [ 2535939.009999999776483, 1152039.243 ], [ 2535942.882000000216067, 1152041.221 ], [ 2535947.526999999769032, 1152044.06 ], [ 2535951.569999999832362, 1152047.587 ], [ 2535955.724, 1152051.977 ], [ 2535957.812, 1152054.705 ], [ 2535958.204, 1152055.198 ], [ 2535958.634999999776483, 1152055.75 ], [ 2535959.029, 1152056.267 ], [ 2535959.387000000104308, 1152056.748 ], [ 2535959.77, 1152057.272000000113621 ], [ 2535960.177000000141561, 1152057.842 ], [ 2535960.546999999787658, 1152058.377 ], [ 2535960.913000000175089, 1152058.914000000106171 ], [ 2535961.273, 1152059.456 ], [ 2535961.625, 1152060.001 ], [ 2535961.972, 1152060.551 ], [ 2535962.313999999780208, 1152061.104 ], [ 2535962.649000000208616, 1152061.661 ], [ 2535962.953000000212342, 1152062.178 ], [ 2535963.301, 1152062.786 ], [ 2535963.617, 1152063.354 ], [ 2535964.041999999899417, 1152064.139 ], [ 2535966.094, 1152069.111 ], [ 2535967.751999999862164, 1152073.304 ], [ 2535968.727, 1152076.814 ], [ 2535969.799000000115484, 1152081.105 ], [ 2535970.676, 1152085.59 ], [ 2535970.969, 1152089.393 ], [ 2535970.969, 1152093.585 ], [ 2535970.676, 1152097.875 ], [ 2535970.188, 1152101.679 ], [ 2535969.116, 1152106.943 ], [ 2535967.848000000230968, 1152111.039000000106171 ], [ 2535965.508, 1152117.182 ], [ 2535963.168, 1152121.862 ], [ 2535960.342000000178814, 1152126.153 ], [ 2535958.682, 1152128.493 ], [ 2535956.145, 1152131.24 ], [ 2535955.727, 1152131.71 ], [ 2535955.253, 1152132.227 ], [ 2535954.812, 1152132.702 ], [ 2535954.398, 1152133.138 ], [ 2535953.909, 1152133.639 ], [ 2535953.450000000186265, 1152134.1 ], [ 2535952.986, 1152134.554 ], [ 2535952.517, 1152135.004999999888241 ], [ 2535952.044000000227243, 1152135.45 ], [ 2535951.602, 1152135.857 ], [ 2535951.082, 1152136.325 ], [ 2535950.595000000204891, 1152136.754999999888241 ], [ 2535950.100999999791384, 1152137.179 ], [ 2535949.603999999817461, 1152137.598 ], [ 2535949.140999999828637, 1152137.977999999886379 ], [ 2535948.634999999776483, 1152138.388 ], [ 2535948.126000000163913, 1152138.789000000106171 ], [ 2535947.569999999832362, 1152139.217 ], [ 2535947.091, 1152139.577 ], [ 2535946.526999999769032, 1152139.992 ], [ 2535946.04, 1152140.343000000109896 ], [ 2535945.467999999877065, 1152140.745000000111759 ], [ 2535944.932, 1152141.112999999895692 ], [ 2535944.433000000193715, 1152141.448 ], [ 2535943.890000000130385, 1152141.803 ], [ 2535943.342000000178814, 1152142.154 ], [ 2535942.791000000201166, 1152142.498 ], [ 2535942.236, 1152142.835999999893829 ], [ 2535941.677999999839813, 1152143.168 ], [ 2535941.116, 1152143.493 ], [ 2535940.549000000115484, 1152143.814 ], [ 2535939.981000000145286, 1152144.127 ], [ 2535939.407000000122935, 1152144.435 ], [ 2535938.83, 1152144.736 ], [ 2535938.251000000163913, 1152145.031999999890104 ], [ 2535937.668, 1152145.319 ], [ 2535937.083000000100583, 1152145.602 ], [ 2535936.449, 1152145.898 ], [ 2535935.856999999843538, 1152146.166 ], [ 2535935.26299999980256, 1152146.428 ], [ 2535935.034, 1152146.526 ], [ 2535934.711999999824911, 1152146.664000000106171 ], [ 2535934.109999999869615, 1152146.915 ], [ 2535933.507000000216067, 1152147.156 ], [ 2535932.901999999769032, 1152147.392 ], [ 2535932.293, 1152147.623 ], [ 2535931.636, 1152147.862999999895692 ], [ 2535931.071, 1152148.061 ], [ 2535930.407999999821186, 1152148.287 ], [ 2535929.79, 1152148.487999999895692 ], [ 2535929.217000000178814, 1152148.67 ], [ 2535928.597, 1152148.858 ], [ 2535927.924000000115484, 1152149.055 ], [ 2535927.296999999787658, 1152149.23 ], [ 2535926.67, 1152149.399 ], [ 2535926.089000000152737, 1152149.547 ], [ 2535925.409, 1152149.714 ], [ 2535924.776, 1152149.861 ], [ 2535924.191000000108033, 1152149.992 ], [ 2535923.481999999843538, 1152150.139999999897555 ], [ 2535918.813999999780208, 1152151.149 ], [ 2535912.154999999795109, 1152152.029 ], [ 2535905.370000000111759, 1152151.778 ], [ 2535899.969, 1152151.149 ], [ 2535892.304, 1152149.014 ] ], [ [ 2534394.836999999824911, 1152522.507 ], [ 2534394.612999999895692, 1152523.089 ], [ 2534394.299999999813735, 1152523.715 ], [ 2534393.981999999843538, 1152524.224 ], [ 2534393.591, 1152524.743 ], [ 2534393.117999999783933, 1152525.257 ], [ 2534392.633, 1152525.69 ], [ 2534392.109999999869615, 1152526.075999999884516 ], [ 2534391.598000000230968, 1152526.388 ], [ 2534391.014, 1152526.673 ], [ 2534390.406, 1152526.902 ], [ 2534389.73, 1152527.087 ], [ 2534389.091, 1152527.193 ], [ 2534388.492, 1152527.24 ], [ 2534387.791999999899417, 1152527.227999999886379 ], [ 2534386.62099999981001, 1152527.051 ], [ 2534385.978000000119209, 1152526.860000000102445 ], [ 2534385.421999999787658, 1152526.638 ], [ 2534384.842000000178814, 1152526.347 ], [ 2534384.25, 1152525.971 ], [ 2534383.73700000019744, 1152525.573 ], [ 2534383.299000000115484, 1152525.162 ], [ 2534382.866, 1152524.677 ], [ 2534382.481000000145286, 1152524.154 ], [ 2534382.123000000137836, 1152523.554 ], [ 2534381.865000000223517, 1152523.012000000104308 ], [ 2534381.640999999828637, 1152522.403 ], [ 2534381.473000000230968, 1152521.773 ], [ 2534381.365000000223517, 1152521.133 ], [ 2534381.316000000108033, 1152520.436 ], [ 2534381.332, 1152519.837 ], [ 2534381.413000000175089, 1152519.142 ], [ 2534381.552000000141561, 1152518.512000000104308 ], [ 2534381.731999999843538, 1152517.933999999891967 ], [ 2534381.984999999869615, 1152517.335 ], [ 2534382.313999999780208, 1152516.717 ], [ 2534382.674999999813735, 1152516.178 ], [ 2534383.08600000012666, 1152515.674000000115484 ], [ 2534383.506, 1152515.246 ], [ 2534384.03899999987334, 1152514.791999999899417 ], [ 2534384.529999999795109, 1152514.449 ], [ 2534385.094, 1152514.127 ], [ 2534385.731999999843538, 1152513.839 ], [ 2534386.347, 1152513.631 ], [ 2534386.93099999986589, 1152513.491 ], [ 2534387.623000000137836, 1152513.392 ], [ 2534388.222, 1152513.365 ], [ 2534388.923, 1152513.397000000113621 ], [ 2534389.515999999828637, 1152513.48 ], [ 2534390.148, 1152513.628 ], [ 2534390.811000000219792, 1152513.851 ], [ 2534391.404, 1152514.119 ], [ 2534391.926, 1152514.414000000106171 ], [ 2534392.46100000012666, 1152514.781999999890104 ], [ 2534392.995000000111759, 1152515.235000000102445 ], [ 2534393.449, 1152515.7 ], [ 2534393.827, 1152516.165 ], [ 2534394.214999999850988, 1152516.748 ], [ 2534394.521000000182539, 1152517.32 ], [ 2534394.775, 1152517.921 ], [ 2534394.955, 1152518.492 ], [ 2534395.103999999817461, 1152519.175 ], [ 2534395.180000000167638, 1152519.821 ], [ 2534395.19400000013411, 1152520.471 ], [ 2534395.149000000208616, 1152521.117 ], [ 2534395.041000000201166, 1152521.759 ], [ 2534394.836999999824911, 1152522.507 ], [ 2534415.679, 1152529.268 ], [ 2534449.572999999858439, 1152541.305 ], [ 2534488.492999999783933, 1152558.154 ], [ 2534513.654999999795109, 1152570.568 ], [ 2534519.69, 1152573.424000000115484 ], [ 2534525.727, 1152576.281 ], [ 2534558.660999999847263, 1152591.867 ], [ 2534607.555000000167638, 1152618.166999999899417 ], [ 2534689.973000000230968, 1152660.396 ], [ 2534753.131, 1152692.25 ], [ 2534777.623999999836087, 1152704.299000000115484 ], [ 2534840.329, 1152737.43 ], [ 2534845.972, 1152740.517 ], [ 2534865.115000000223517, 1152750.589 ] ], [ [ 2534381.552000000141561, 1152518.512000000104308 ], [ 2534328.907999999821186, 1152503.894 ], [ 2534326.401, 1152503.197 ], [ 2534287.058999999891967, 1152492.272000000113621 ], [ 2534279.551, 1152490.187 ], [ 2534267.883, 1152486.668 ], [ 2534187.688, 1152466.666 ], [ 2534116.383, 1152448.702 ], [ 2534069.708999999798834, 1152436.477 ], [ 2534041.612999999895692, 1152428.596 ], [ 2534006.282000000122935, 1152417.646 ], [ 2533964.694999999832362, 1152404.349 ], [ 2533929.626999999862164, 1152392.616 ], [ 2533902.185, 1152382.735000000102445 ], [ 2533900.293, 1152382.055 ], [ 2533863.009, 1152368.236 ], [ 2533819.725999999791384, 1152351.81 ], [ 2533754.673, 1152327.302 ], [ 2533706.437, 1152309.44 ], [ 2533696.754999999888241, 1152305.539000000106171 ], [ 2533654.028, 1152288.321 ], [ 2533638.367, 1152281.463 ], [ 2533563.813999999780208, 1152248.821 ], [ 2533523.268000000156462, 1152230.829 ], [ 2533510.126000000163913, 1152224.886 ], [ 2533450.108, 1152197.748 ], [ 2533415.585, 1152182.072 ], [ 2533395.247, 1152173.727 ], [ 2533377.028, 1152167.74 ], [ 2533358.87900000018999, 1152163.295 ], [ 2533344.433000000193715, 1152159.589 ], [ 2533325.606000000145286, 1152156.626 ] ], [ [ 2534940.375, 1152790.966 ], [ 2534972.683000000193715, 1152810.333000000100583 ], [ 2534991.73, 1152820.46 ], [ 2535009.373000000137836, 1152829.644 ], [ 2535021.846, 1152836.375 ], [ 2535027.348000000230968, 1152839.231 ], [ 2535052.06900000013411, 1152851.205 ], [ 2535079.242, 1152835.811 ], [ 2535131.696, 1152805.785 ], [ 2535176.776999999769032, 1152779.579 ], [ 2535214.856000000145286, 1152757.444 ], [ 2535239.449, 1152740.902 ], [ 2535296.171, 1152702.754999999888241 ], [ 2535298.56900000013411, 1152701.142 ], [ 2535350.981999999843538, 1152669.655 ], [ 2535362.096, 1152662.061 ], [ 2535380.617, 1152648.171 ], [ 2535397.100999999791384, 1152633.726 ], [ 2535407.102, 1152624.278 ], [ 2535417.103000000119209, 1152612.982 ], [ 2535423.96, 1152605.207 ], [ 2535443.403, 1152583.163 ], [ 2535473.776999999769032, 1152547.416999999899417 ], [ 2535527.389, 1152485.077 ], [ 2535561.379999999888241, 1152445.552 ], [ 2535628.33, 1152365.832 ], [ 2535629.352, 1152364.617 ], [ 2535641.02, 1152348.503 ], [ 2535653.245000000111759, 1152333.132 ], [ 2535661.021999999880791, 1152320.906999999890104 ], [ 2535666.579, 1152311.091 ], [ 2535686.582, 1152285.533 ], [ 2535708.80599999986589, 1152260.713 ], [ 2535731.031, 1152237.377 ], [ 2535744.506, 1152225.496 ], [ 2535762.15, 1152213.678 ], [ 2535764.924999999813735, 1152211.819 ], [ 2535778.815, 1152202.189 ], [ 2535789.001000000163913, 1152196.262000000104308 ], [ 2535800.484999999869615, 1152189.78 ], [ 2535814.004999999888241, 1152184.037 ], [ 2535830.304, 1152178.297 ], [ 2535865.862999999895692, 1152169.406999999890104 ], [ 2535869.878, 1152166.213 ], [ 2535872.293, 1152161.386 ], [ 2535873.828000000212342, 1152155.517 ], [ 2535876.154999999795109, 1152139.565 ] ], [ [ 2532564.629999999888241, 1151888.963 ], [ 2532604.316999999806285, 1151913.171 ], [ 2532609.497, 1151916.584 ], [ 2532649.296999999787658, 1151942.805 ], [ 2532671.140999999828637, 1151956.784 ], [ 2532763.308999999891967, 1152016.153 ], [ 2532845.25, 1152065.886 ], [ 2532862.48700000019744, 1152074.672 ], [ 2532867.598000000230968, 1152077.279 ], [ 2532896.079, 1152089.768 ], [ 2532931.572999999858439, 1152102.254 ], [ 2532969.475, 1152112.114 ], [ 2532982.620000000111759, 1152115.620000000111759 ], [ 2533000.015999999828637, 1152124.397000000113621 ] ], [ [ 2533009.384, 1152127.002 ], [ 2533009.404, 1152127.612999999895692 ], [ 2533009.336999999824911, 1152128.308999999891967 ], [ 2533009.193, 1152128.942 ], [ 2533008.990000000223517, 1152129.506 ], [ 2533008.699, 1152130.087 ], [ 2533008.307, 1152130.666999999899417 ], [ 2533007.912, 1152131.117 ], [ 2533007.427999999839813, 1152131.551 ], [ 2533006.895, 1152131.921 ], [ 2533006.31900000013411, 1152132.222 ], [ 2533005.71, 1152132.447 ], [ 2533004.54, 1152132.659 ], [ 2533003.924000000115484, 1152132.662 ], [ 2533003.228999999817461, 1152132.575999999884516 ], [ 2533002.6, 1152132.415 ], [ 2533001.99599999981001, 1152132.175 ], [ 2533001.427000000141561, 1152131.862999999895692 ], [ 2533000.94, 1152131.514 ], [ 2533000.461999999824911, 1152131.073 ], [ 2533000.012000000104308, 1152130.539000000106171 ], [ 2532999.660999999847263, 1152129.991 ], [ 2532999.382000000216067, 1152129.405 ], [ 2532999.177999999839813, 1152128.787 ], [ 2532999.062, 1152128.2 ], [ 2532999.009, 1152127.502 ], [ 2532999.046, 1152126.854 ], [ 2532999.16399999987334, 1152126.216 ], [ 2532999.361, 1152125.595 ], [ 2532999.633, 1152125.004999999888241 ], [ 2533000.015999999828637, 1152124.397000000113621 ], [ 2533000.453000000212342, 1152123.876 ], [ 2533000.892, 1152123.469 ], [ 2533001.418, 1152123.085999999893829 ], [ 2533002.031, 1152122.751 ], [ 2533002.637000000104308, 1152122.516 ], [ 2533003.219, 1152122.369 ], [ 2533004.301, 1152122.274 ], [ 2533004.910000000149012, 1152122.321 ], [ 2533005.595000000204891, 1152122.462 ], [ 2533006.163000000175089, 1152122.656 ], [ 2533006.748999999836087, 1152122.937 ], [ 2533007.294000000227243, 1152123.29 ], [ 2533007.791000000201166, 1152123.708000000100583 ], [ 2533008.234000000171363, 1152124.185 ], [ 2533008.612999999895692, 1152124.712 ], [ 2533008.941999999806285, 1152125.327 ], [ 2533009.171999999787658, 1152125.933999999891967 ], [ 2533009.384, 1152127.002 ], [ 2533022.452, 1152125.002 ], [ 2533039.208999999798834, 1152124.056 ], [ 2533088.416999999899417, 1152127.950999999884516 ], [ 2533150.133, 1152133.615 ], [ 2533200.154999999795109, 1152139.031999999890104 ], [ 2533254.804, 1152146.595 ], [ 2533311.916999999899417, 1152154.147000000113621 ], [ 2533325.606000000145286, 1152156.626 ] ], [ [ 2536063.481000000145286, 1152131.439 ], [ 2536046.628, 1152137.365 ], [ 2536038.663000000175089, 1152141.254999999888241 ], [ 2536030.143999999854714, 1152146.996 ], [ 2536022.92, 1152153.294 ], [ 2536016.438, 1152159.59 ], [ 2536006.436000000219792, 1152170.148 ], [ 2535998.844, 1152177.556 ], [ 2535994.028, 1152180.334 ], [ 2535987.731000000145286, 1152182.926 ], [ 2535980.878, 1152183.483 ], [ 2535974.580999999772757, 1152182.186 ], [ 2535968.839000000152737, 1152179.408 ], [ 2535964.208999999798834, 1152175.519 ], [ 2535961.596, 1152172.29 ], [ 2535960.18099999986589, 1152170.974 ], [ 2535958.788000000175089, 1152166.665 ], [ 2535957.194999999832362, 1152160.191000000108033 ], [ 2535956.315, 1152152.884 ], [ 2535946.597, 1152139.941000000108033 ] ], [ [ 2535960.18099999986589, 1152170.974 ], [ 2535954.407999999821186, 1152167.454 ], [ 2535945.52, 1152163.006 ], [ 2535941.629999999888241, 1152161.42 ], [ 2535935.034, 1152146.526 ] ] ] } },
{ "type": "Feature", "properties": { "CADRE_NO": "10.020", "DDT_URL": null, "ETC_NOM": "Transports publics de la région lausannoise", "ETC_SIGLE": "TL", "ETC_URL": "https://www.t-l.ch", "GO_CENTRE": 0, "HORAIR_URL": "https://www.tableaux-horaires.ch/fileadmin/fap_pdf_fields/2025/10.020.pdf", "LIGNE_NO": "20", "LIGNE_NOM": "Lausanne gare - Blécherette", "LIGNE_SIGL": null, "LIGNE_TYPE": "Bus urbain", "PLAN_URL": "https://prestations.vd.ch/pub/101587/api/download/2_Cartographie_et_geodonnees/2.1_Carte_des_reseaux/Carte_des_lignes_TP/topo/ligne_10.020.pdf", "SHAPE_LEN": 3892.024 }, "geometry": { "type": "MultiLineString", "coordinates": [ [ [ 2537839.262000000104308, 1153686.192 ], [ 2537837.779999999795109, 1153678.302 ], [ 2537835.742999999783933, 1153673.116 ], [ 2537831.669000000227243, 1153667.004 ], [ 2537821.668, 1153650.892 ], [ 2537803.515999999828637, 1153626.629 ], [ 2537767.586999999824911, 1153577.548 ], [ 2537729.989, 1153529.764 ] ], [ [ 2537729.989, 1153529.764 ], [ 2537702.577, 1153494.76 ], [ 2537683.316999999806285, 1153470.127 ], [ 2537674.05599999986589, 1153457.904 ], [ 2537670.537, 1153451.607 ], [ 2537669.240000000223517, 1153447.531 ], [ 2537667.943, 1153442.346 ], [ 2537668.128, 1153437.16 ], [ 2537668.315, 1153432.159 ], [ 2537669.61200000019744, 1153426.232 ], [ 2537672.018999999854714, 1153422.158 ], [ 2537675.352, 1153416.787 ], [ 2537682.947000000160187, 1153408.268 ], [ 2537701.836999999824911, 1153386.784 ], [ 2537713.504999999888241, 1153373.262000000104308 ], [ 2537723.691999999806285, 1153362.706 ], [ 2537727.582, 1153358.261 ], [ 2537730.359000000171363, 1153353.26 ], [ 2537731.656, 1153348.629999999888241 ], [ 2537732.026, 1153346.593000000109896 ], [ 2537732.768000000156462, 1153337.703 ], [ 2537730.546, 1153326.962 ], [ 2537718.506, 1153299.735000000102445 ], [ 2537694.984999999869615, 1153245.284 ], [ 2537694.322000000160187, 1153243.803 ] ], [ [ 2537694.322000000160187, 1153243.803 ], [ 2537682.947000000160187, 1153218.429 ], [ 2537678.87099999981001, 1153208.798 ] ], [ [ 2537626.086999999824911, 1152951.727 ], [ 2537620.160999999847263, 1152940.616 ], [ 2537591.637000000104308, 1152891.72 ], [ 2537584.415, 1152878.2 ], [ 2537581.852, 1152873.0 ], [ 2537578.117999999783933, 1152865.422 ], [ 2537569.782999999821186, 1152843.011 ], [ 2537560.336999999824911, 1152817.266 ] ], [ [ 2537256.966, 1154860.305 ], [ 2537283.450999999884516, 1154875.676 ], [ 2537293.73700000019744, 1154880.099 ] ], [ [ 2537293.73700000019744, 1154880.099 ], [ 2537305.943, 1154885.345 ], [ 2537309.946, 1154888.236 ], [ 2537312.171, 1154891.239 ], [ 2537313.058999999891967, 1154893.687 ], [ 2537313.171999999787658, 1154896.578 ], [ 2537311.836999999824911, 1154899.246 ], [ 2537308.611, 1154901.471 ], [ 2537303.332, 1154902.976 ], [ 2537292.154999999795109, 1154903.273 ], [ 2537277.153, 1154884.194 ], [ 2537264.188999999780208, 1154868.824 ], [ 2537256.966, 1154860.305 ] ], [ [ 2537422.727, 1152533.712 ], [ 2537430.904, 1152551.66 ], [ 2537437.046999999787658, 1152564.784 ], [ 2537526.708000000100583, 1152744.314 ], [ 2537538.049000000115484, 1152767.69 ] ], [ [ 2537538.049000000115484, 1152767.69 ], [ 2537551.884999999776483, 1152796.209 ], [ 2537553.629999999888241, 1152800.775 ] ], [ [ 2537553.629999999888241, 1152800.775 ], [ 2537554.231000000145286, 1152802.347 ], [ 2537554.410999999847263, 1152802.819 ], [ 2537555.83, 1152806.279 ], [ 2537560.336999999824911, 1152817.266 ] ], [ [ 2537378.461999999824911, 1152406.844 ], [ 2537376.424999999813735, 1152411.104 ], [ 2537375.128, 1152416.105 ], [ 2537375.128, 1152422.585999999893829 ], [ 2537375.685, 1152429.44 ], [ 2537377.352, 1152437.404 ], [ 2537399.947999999858439, 1152483.705 ], [ 2537404.151, 1152492.933999999891967 ] ], [ [ 2537404.151, 1152492.933999999891967 ], [ 2537422.727, 1152533.712 ] ], [ [ 2537256.966, 1154860.305 ], [ 2537238.075000000186265, 1154838.449 ] ], [ [ 2537839.262000000104308, 1153686.192 ], [ 2537827.964000000152737, 1153695.156 ], [ 2537815.739, 1153704.787 ], [ 2537779.068, 1153733.124 ], [ 2537770.549999999813735, 1153741.088 ], [ 2537759.437, 1153751.831 ], [ 2537749.62099999981001, 1153762.942 ], [ 2537732.953000000212342, 1153783.685 ], [ 2537719.061000000219792, 1153803.874 ], [ 2537708.133, 1153821.654 ], [ 2537701.466, 1153834.062 ], [ 2537696.651999999769032, 1153844.433999999891967 ], [ 2537693.318, 1153854.435 ], [ 2537690.541000000201166, 1153865.548 ], [ 2537675.907999999821186, 1153915.554 ], [ 2537670.166999999899417, 1153933.706 ], [ 2537668.079, 1153938.415 ] ], [ [ 2537668.079, 1153938.415 ], [ 2537662.203000000212342, 1153951.67 ], [ 2537653.867999999783933, 1153970.377 ], [ 2537647.015999999828637, 1153984.452 ], [ 2537629.234999999869615, 1154017.419 ], [ 2537617.382000000216067, 1154037.236 ], [ 2537606.824, 1154053.35 ], [ 2537595.528, 1154069.092 ], [ 2537583.858, 1154083.539000000106171 ], [ 2537573.117, 1154095.022000000113621 ], [ 2537564.782999999821186, 1154103.541 ], [ 2537535.0, 1154129.6 ], [ 2537505.886, 1154158.178 ], [ 2537498.293, 1154167.624 ], [ 2537491.44, 1154178.737 ], [ 2537481.25400000018999, 1154195.775 ], [ 2537476.808999999891967, 1154206.703 ], [ 2537475.56900000013411, 1154210.299000000115484 ] ], [ [ 2537475.56900000013411, 1154210.299000000115484 ], [ 2537473.105, 1154217.443 ], [ 2537469.4, 1154229.854 ], [ 2537467.177999999839813, 1154240.041 ], [ 2537465.140999999828637, 1154252.079 ], [ 2537461.69, 1154277.485000000102445 ], [ 2537461.066999999806285, 1154282.082 ], [ 2537455.139, 1154321.717 ], [ 2537450.509, 1154352.460999999893829 ], [ 2537448.102, 1154362.092 ], [ 2537442.545, 1154379.316000000108033 ], [ 2537435.691999999806285, 1154396.541 ], [ 2537429.58, 1154408.396 ], [ 2537423.839000000152737, 1154417.655 ], [ 2537418.467000000178814, 1154426.73 ], [ 2537413.838, 1154433.027 ], [ 2537406.615000000223517, 1154442.473 ], [ 2537396.242999999783933, 1154454.141 ], [ 2537376.58, 1154474.164000000106171 ] ], [ [ 2537376.58, 1154474.164000000106171 ], [ 2537376.055000000167638, 1154474.699 ], [ 2537361.423, 1154489.887000000104308 ], [ 2537352.719, 1154499.147000000113621 ], [ 2537342.717999999877065, 1154512.482 ], [ 2537329.938, 1154529.707 ], [ 2537323.085, 1154539.893 ], [ 2537316.418, 1154550.819 ], [ 2537309.936000000219792, 1154562.303 ], [ 2537304.935, 1154572.675 ], [ 2537298.822999999858439, 1154585.639 ], [ 2537294.191999999806285, 1154596.567 ], [ 2537285.487999999895692, 1154616.569 ], [ 2537280.302000000141561, 1154628.607 ], [ 2537245.112999999895692, 1154705.099 ], [ 2537236.407000000122935, 1154724.360000000102445 ], [ 2537222.332, 1154756.585999999893829 ], [ 2537221.407000000122935, 1154760.291 ], [ 2537219.923, 1154767.144 ], [ 2537218.998000000137836, 1154776.775 ], [ 2537218.628, 1154784.554 ], [ 2537219.737999999895692, 1154795.110000000102445 ], [ 2537221.961999999824911, 1154806.963 ], [ 2537225.295, 1154816.779 ], [ 2537230.666000000201166, 1154827.707 ], [ 2537238.075000000186265, 1154838.449 ] ], [ [ 2537814.904, 1152123.370000000111759 ], [ 2537826.83600000012666, 1152120.258 ] ], [ [ 2537954.455, 1152091.213 ], [ 2537965.401999999769032, 1152089.348 ] ], [ [ 2537965.401999999769032, 1152089.348 ], [ 2537965.284, 1152088.739 ], [ 2537965.259, 1152088.039000000106171 ], [ 2537965.329, 1152087.444 ], [ 2537965.498999999836087, 1152086.817 ], [ 2537965.788000000175089, 1152086.182 ], [ 2537966.145, 1152085.638 ], [ 2537966.546, 1152085.194 ], [ 2537967.089000000152737, 1152084.751 ], [ 2537967.65, 1152084.426 ], [ 2537968.256, 1152084.191000000108033 ], [ 2537968.841, 1152084.058999999891967 ], [ 2537969.48700000019744, 1152084.011 ], [ 2537970.134, 1152084.063 ], [ 2537970.815, 1152084.227999999886379 ], [ 2537971.367999999783933, 1152084.458000000100583 ], [ 2537971.896999999880791, 1152084.773 ], [ 2537972.387000000104308, 1152085.173 ], [ 2537972.853000000119209, 1152085.695 ], [ 2537973.177999999839813, 1152086.199 ], [ 2537973.447999999858439, 1152086.791 ], [ 2537973.631, 1152087.464 ], [ 2537973.700000000186265, 1152088.352999999886379 ] ], [ [ 2537973.700000000186265, 1152088.352999999886379 ], [ 2537973.631, 1152089.007 ], [ 2537973.464000000152737, 1152089.633 ], [ 2537973.225999999791384, 1152090.183999999891967 ], [ 2537972.853000000119209, 1152090.774 ], [ 2537972.423, 1152091.262000000104308 ], [ 2537971.924999999813735, 1152091.678 ], [ 2537971.41399999987334, 1152091.99 ], [ 2537970.815, 1152092.243 ], [ 2537970.145, 1152092.406 ], [ 2537969.546999999787658, 1152092.459 ], [ 2537968.850999999791384, 1152092.412 ], [ 2537968.217000000178814, 1152092.266 ], [ 2537967.614, 1152092.025 ], [ 2537967.096, 1152091.724 ], [ 2537966.552999999839813, 1152091.283 ], [ 2537966.120000000111759, 1152090.799000000115484 ], [ 2537965.791000000201166, 1152090.298 ], [ 2537965.401999999769032, 1152089.348 ] ], [ [ 2537814.904, 1152123.370000000111759 ], [ 2537814.957, 1152124.034 ], [ 2537814.890000000130385, 1152124.68 ], [ 2537814.708000000100583, 1152125.304 ], [ 2537814.416000000201166, 1152125.883 ], [ 2537814.024000000208616, 1152126.401 ], [ 2537813.586999999824911, 1152126.81 ], [ 2537813.041999999899417, 1152127.166 ], [ 2537812.396999999880791, 1152127.429 ], [ 2537811.852, 1152127.549000000115484 ], [ 2537811.153, 1152127.578 ], [ 2537810.511, 1152127.482 ], [ 2537809.812, 1152127.234 ] ], [ [ 2537809.812, 1152127.234 ], [ 2537809.248000000137836, 1152126.899 ], [ 2537808.794000000227243, 1152126.507 ], [ 2537808.353999999817461, 1152125.964 ], [ 2537808.068, 1152125.438 ], [ 2537807.849, 1152124.773 ], [ 2537807.774000000208616, 1152123.689 ] ], [ [ 2537807.774000000208616, 1152123.689 ], [ 2537807.873999999836087, 1152123.09 ], [ 2537808.091, 1152122.477999999886379 ], [ 2537808.415, 1152121.916 ], [ 2537808.87099999981001, 1152121.386 ], [ 2537809.336999999824911, 1152121.008 ], [ 2537809.950000000186265, 1152120.675 ], [ 2537810.518999999854714, 1152120.487 ], [ 2537811.21100000012666, 1152120.389999999897555 ], [ 2537811.861, 1152120.421 ], [ 2537812.492999999783933, 1152120.57 ], [ 2537813.088, 1152120.829 ], [ 2537813.586999999824911, 1152121.158 ], [ 2537814.091, 1152121.642 ], [ 2537814.443, 1152122.129 ], [ 2537814.742999999783933, 1152122.76 ], [ 2537814.904, 1152123.370000000111759 ] ], [ [ 2537954.455, 1152091.213 ], [ 2537955.572999999858439, 1152097.360000000102445 ], [ 2537906.492999999783933, 1152107.361 ], [ 2537903.382000000216067, 1152107.95 ] ], [ [ 2537903.382000000216067, 1152107.95 ], [ 2537885.936000000219792, 1152111.252 ], [ 2537876.120000000111759, 1152112.177 ], [ 2537874.285000000149012, 1152112.56 ], [ 2537827.224, 1152122.362999999895692 ], [ 2537826.83600000012666, 1152120.258 ] ], [ [ 2537826.83600000012666, 1152120.258 ], [ 2537825.187, 1152113.102 ], [ 2537891.86200000019744, 1152098.842 ], [ 2537904.640999999828637, 1152097.732 ], [ 2537953.906, 1152087.544 ], [ 2537954.455, 1152091.213 ] ], [ [ 2537809.812, 1152127.234 ], [ 2537803.703000000212342, 1152137.18 ], [ 2537797.589999999850988, 1152143.106 ], [ 2537790.367999999783933, 1152148.663 ], [ 2537782.774000000208616, 1152153.849 ], [ 2537728.876999999862164, 1152187.186 ], [ 2537638.866, 1152240.341 ], [ 2537591.082, 1152270.161 ], [ 2537546.447000000160187, 1152298.497 ], [ 2537533.833000000100583, 1152306.412 ] ], [ [ 2537533.833000000100583, 1152306.412 ], [ 2537489.774000000208616, 1152334.058 ], [ 2537474.401999999769032, 1152343.503 ], [ 2537441.619, 1152364.432 ], [ 2537418.467000000178814, 1152378.322 ], [ 2537386.426, 1152398.324 ], [ 2537381.796, 1152402.77 ], [ 2537378.461999999824911, 1152406.844 ] ], [ [ 2537626.086999999824911, 1152951.727 ], [ 2537646.46100000012666, 1152993.77 ], [ 2537659.609999999869615, 1153020.07 ], [ 2537676.279, 1153052.296 ], [ 2537687.946, 1153076.744 ], [ 2537711.265999999828637, 1153124.554 ], [ 2537739.620000000111759, 1153182.683999999891967 ] ], [ [ 2537739.620000000111759, 1153182.683999999891967 ], [ 2537730.477, 1153187.146 ], [ 2537724.063, 1153190.276 ], [ 2537702.021999999880791, 1153199.538 ], [ 2537678.87099999981001, 1153208.798 ] ] ] } },
{ "type": "Feature", "properties": { "CADRE_NO": "10.041", "DDT_URL": null, "ETC_NOM": "Transports publics de la région lausannoise", "ETC_SIGLE": "TL", "ETC_URL": "https://www.t-l.ch", "GO_CENTRE": 0, "HORAIR_URL": "https://www.tableaux-horaires.ch/fileadmin/fap_pdf_fields/2025/10.041.pdf", "LIGNE_NO": "41", "LIGNE_NOM": "Lausanne Praz-Séchaud - Foyer - Praz-Berthoud - Montolieu", "LIGNE_SIGL": null, "LIGNE_TYPE": "Bus urbain", "PLAN_URL": "https://prestations.vd.ch/pub/101587/api/download/2_Cartographie_et_geodonnees/2.1_Carte_des_reseaux/Carte_des_lignes_TP/topo/ligne_10.041.pdf", "SHAPE_LEN": 4048.716 }, "geometry": { "type": "MultiLineString", "coordinates": [ [ [ 2540326.204, 1153854.620000000111759 ], [ 2540326.258, 1153853.931 ], [ 2540326.4, 1153853.297 ], [ 2540326.623999999836087, 1153852.688 ], [ 2540326.930000000167638, 1153852.115 ], [ 2540327.31, 1153851.589 ], [ 2540327.721, 1153851.152 ], [ 2540328.265999999828637, 1153850.712 ], [ 2540328.779, 1153850.403 ], [ 2540329.845000000204891, 1153850.0 ], [ 2540330.443, 1153849.892 ], [ 2540331.091, 1153849.861 ], [ 2540331.737999999895692, 1153849.918 ], [ 2540332.42, 1153850.077 ], [ 2540332.98, 1153850.29 ], [ 2540333.551, 1153850.598 ], [ 2540334.077, 1153850.983 ], [ 2540334.544000000227243, 1153851.433 ], [ 2540334.947000000160187, 1153851.943 ], [ 2540335.276, 1153852.501 ], [ 2540335.528, 1153853.1 ], [ 2540335.705999999772757, 1153853.784 ], [ 2540335.779999999795109, 1153854.423 ], [ 2540335.76299999980256, 1153855.121 ], [ 2540335.666000000201166, 1153855.713 ], [ 2540335.461999999824911, 1153856.383 ], [ 2540335.211999999824911, 1153856.926 ], [ 2540334.549000000115484, 1153857.862999999895692 ], [ 2540351.617999999783933, 1153874.622 ], [ 2540408.106999999843538, 1153937.224 ], [ 2540442.37099999981001, 1153977.229 ], [ 2540457.742999999783933, 1153994.268 ], [ 2540503.859999999869615, 1154042.791999999899417 ], [ 2540529.062, 1154071.368 ], [ 2540533.384, 1154076.267 ], [ 2540535.714999999850988, 1154078.908 ] ], [ [ 2540334.549000000115484, 1153857.862999999895692 ], [ 2540334.043, 1153858.347 ], [ 2540333.558999999891967, 1153858.698 ], [ 2540332.941999999806285, 1153859.029 ], [ 2540332.330999999772757, 1153859.253 ], [ 2540331.697000000160187, 1153859.389999999897555 ], [ 2540331.145, 1153859.44 ], [ 2540330.497, 1153859.416 ], [ 2540329.856000000145286, 1153859.306 ], [ 2540329.191000000108033, 1153859.09 ], [ 2540328.606999999843538, 1153858.805 ], [ 2540328.106999999843538, 1153858.475 ], [ 2540327.616, 1153858.048 ], [ 2540327.188, 1153857.562 ], [ 2540326.829, 1153857.018 ], [ 2540326.529, 1153856.387000000104308 ], [ 2540326.347, 1153855.816000000108033 ], [ 2540326.204, 1153854.620000000111759 ], [ 2540319.390999999828637, 1153854.620000000111759 ], [ 2540309.761, 1153856.102999999886379 ], [ 2540287.906, 1153860.547 ], [ 2540270.126999999862164, 1153865.548 ], [ 2540266.51299999980256, 1153866.805 ], [ 2540253.088, 1153871.475 ], [ 2540239.382000000216067, 1153877.401 ], [ 2540224.935, 1153885.55 ], [ 2540220.586999999824911, 1153888.579 ], [ 2540214.563999999780208, 1153892.774 ], [ 2540195.858, 1153907.404 ], [ 2540181.225999999791384, 1153920.554 ], [ 2540151.223000000230968, 1153948.151 ], [ 2540098.623000000137836, 1153997.416999999899417 ], [ 2540068.063999999780208, 1154026.308999999891967 ], [ 2540036.764, 1154055.202 ], [ 2540027.503, 1154061.314 ], [ 2540016.390000000130385, 1154067.797 ], [ 2540007.315, 1154072.241 ], [ 2539997.683999999891967, 1154075.389 ], [ 2539983.609000000171363, 1154079.278 ], [ 2539972.68099999986589, 1154080.945 ], [ 2539965.643999999854714, 1154080.945 ], [ 2539957.494, 1154080.575 ], [ 2539947.677000000141561, 1154079.278 ], [ 2539938.416999999899417, 1154077.241 ], [ 2539926.563999999780208, 1154073.908 ], [ 2539914.71100000012666, 1154070.759 ], [ 2539900.21100000012666, 1154066.742 ], [ 2539875.261, 1154059.831 ], [ 2539808.771999999880791, 1154041.682 ], [ 2539782.842000000178814, 1154034.088 ], [ 2539744.50400000018999, 1154023.345 ], [ 2539730.799000000115484, 1154019.271 ], [ 2539717.464000000152737, 1154016.122 ], [ 2539699.498999999836087, 1154013.715 ], [ 2539696.341, 1154013.452 ], [ 2539690.609000000171363, 1154012.974 ], [ 2539680.608, 1154012.232 ], [ 2539675.48700000019744, 1154012.342 ], [ 2539671.901999999769032, 1154012.419 ], [ 2539664.680000000167638, 1154012.789000000106171 ], [ 2539653.566999999806285, 1154014.642 ], [ 2539650.251999999862164, 1154015.564 ], [ 2539638.935, 1154018.714 ], [ 2539630.045, 1154021.308999999891967 ], [ 2539621.339999999850988, 1154023.717 ], [ 2539592.818, 1154032.976 ], [ 2539578.37099999981001, 1154036.495000000111759 ], [ 2539566.518999999854714, 1154039.088 ], [ 2539552.258, 1154041.125 ], [ 2539538.923, 1154042.236 ], [ 2539523.179, 1154042.236 ], [ 2539507.623000000137836, 1154041.125 ], [ 2539492.989, 1154039.088 ], [ 2539475.21, 1154034.829 ], [ 2539460.579, 1154030.012000000104308 ], [ 2539446.873999999836087, 1154024.828 ], [ 2539434.267, 1154018.381 ], [ 2539430.575000000186265, 1154016.492 ], [ 2539420.018999999854714, 1154010.382 ], [ 2539407.054, 1154000.935 ], [ 2539393.162, 1153989.823 ], [ 2539380.014, 1153978.895 ], [ 2539368.344, 1153968.893 ], [ 2539361.123000000137836, 1153962.041 ], [ 2539354.268999999854714, 1153954.263 ], [ 2539347.525, 1153945.591 ], [ 2539344.066000000108033, 1153940.583000000100583 ], [ 2539337.268000000156462, 1153930.274 ], [ 2539328.734000000171363, 1153916.818 ], [ 2539320.983, 1153904.323 ], [ 2539310.137000000104308, 1153886.435 ], [ 2539298.775, 1153866.987 ], [ 2539295.554, 1153859.947 ], [ 2539291.258, 1153847.661 ], [ 2539289.69400000013411, 1153840.132 ], [ 2539289.58600000012666, 1153833.963 ] ], [ [ 2539279.484999999869615, 1153916.55 ], [ 2539279.483, 1153916.664000000106171 ], [ 2539281.227, 1153920.908 ], [ 2539281.450000000186265, 1153928.041999999899417 ], [ 2539281.666999999899417, 1153938.15 ], [ 2539283.890999999828637, 1153952.781 ], [ 2539286.298, 1153965.19 ], [ 2539292.03899999987334, 1153985.192 ], [ 2539300.188999999780208, 1154011.862 ], [ 2539308.707, 1154039.829 ], [ 2539320.932, 1154080.205 ], [ 2539326.487999999895692, 1154097.8 ], [ 2539330.748000000137836, 1154107.43 ], [ 2539336.489, 1154120.95 ], [ 2539343.156, 1154133.545 ], [ 2539357.233, 1154156.881 ], [ 2539360.566999999806285, 1154162.438 ], [ 2539369.825999999884516, 1154174.661 ], [ 2539382.975999999791384, 1154191.145 ], [ 2539401.683000000193715, 1154212.999 ], [ 2539410.572999999858439, 1154223.927 ], [ 2539408.186000000219792, 1154225.368 ], [ 2539400.757000000216067, 1154229.854 ], [ 2539367.603999999817461, 1154255.968000000109896 ], [ 2539347.416999999899417, 1154271.525 ], [ 2539332.415, 1154282.823 ], [ 2539292.410000000149012, 1154313.198 ], [ 2539289.575000000186265, 1154315.727 ], [ 2539275.185, 1154328.57 ], [ 2539266.109999999869615, 1154338.200999999884516 ], [ 2539259.258, 1154347.09 ], [ 2539252.034, 1154357.276 ], [ 2539245.923, 1154368.019 ], [ 2539240.921, 1154378.946 ], [ 2539238.514, 1154386.17 ], [ 2539234.253, 1154401.172 ], [ 2539233.883, 1154402.838 ], [ 2539232.773, 1154408.209 ], [ 2539231.105, 1154417.84 ], [ 2539230.179, 1154428.953 ], [ 2539227.771000000182539, 1154453.585 ], [ 2539224.994, 1154482.293 ], [ 2539222.651999999769032, 1154504.806 ], [ 2539222.586999999824911, 1154505.444 ], [ 2539218.511, 1154529.522000000113621 ], [ 2539216.659, 1154546.19 ] ], [ [ 2539470.517211108468473, 1154823.758811326464638 ], [ 2539484.734511981718242, 1154797.249828460626304 ], [ 2539488.524437586776912, 1154777.541902640368789 ], [ 2539487.694491427391768, 1154757.671202673809603 ], [ 2539474.977303406223655, 1154724.737171630840749 ], [ 2539415.133034852333367, 1154619.038123741513118 ], [ 2539355.633124898187816, 1154547.653203329769894 ], [ 2539269.193818299565464, 1154552.711736881174147 ], [ 2539216.246522482484579, 1154548.225025767926127 ] ], [ [ 2539135.968639367260039, 1155146.960230285767466 ], [ 2539134.85663936752826, 1155149.552230285713449 ], [ 2539125.724639367312193, 1155165.384230285650119 ], [ 2539122.622639367356896, 1155169.537230285815895 ], [ 2539121.151639367453754, 1155170.481230285717174 ], [ 2539118.18863936746493, 1155169.926230285782367 ], [ 2539116.337639367673546, 1155168.07423028582707 ], [ 2539115.596639367286116, 1155164.740230285795406 ], [ 2539117.448639367241412, 1155161.776230285642669 ], [ 2539120.200639367569238, 1155159.50523028569296 ], [ 2539129.116639367304742, 1155152.147230285685509 ], [ 2539135.968639367260039, 1155146.960230285767466 ], [ 2539140.784639367368072, 1155136.032230285694823 ], [ 2539144.302639367524534, 1155128.439230285817757 ], [ 2539148.006639367435127, 1155122.697230285732076 ], [ 2539219.289737468585372, 1154952.682322487235069 ], [ 2539216.28899999987334, 1154948.649 ], [ 2539221.663000000175089, 1154949.746 ], [ 2539233.51299999980256, 1154952.166999999899417 ], [ 2539242.404, 1154954.944 ], [ 2539259.998000000137836, 1154962.909 ], [ 2539270.924000000115484, 1154966.984 ], [ 2539293.018000000156462, 1154976.360000000102445 ], [ 2539302.781, 1154980.504 ], [ 2539344.453000000212342, 1154997.914000000106171 ], [ 2539364.271000000182539, 1155006.062 ], [ 2539369.455999999772757, 1154991.247 ], [ 2539376.308999999891967, 1154969.391 ], [ 2539382.975999999791384, 1154951.982 ], [ 2539390.015000000130385, 1154935.499 ], [ 2539398.349, 1154919.57 ], [ 2539404.578000000212342, 1154909.423 ], [ 2539448.727, 1154851.044 ], [ 2539457.245000000111759, 1154842.154 ], [ 2539463.727, 1154834.003 ], [ 2539470.765000000130385, 1154823.817 ] ], [ [ 2539282.796999999787658, 1153910.827 ], [ 2539281.275, 1153913.936 ] ] ] } },
{ "type": "Feature", "properties": { "CADRE_NO": "10.360", "DDT_URL": null, "ETC_NOM": "CarPostal", "ETC_SIGLE": "CarPostal", "ETC_URL": "https://www.postauto.ch/fr", "GO_CENTRE": 0, "HORAIR_URL": "https://www.tableaux-horaires.ch/fileadmin/fap_pdf_fields/2025/10.360.pdf", "LIGNE_NO": "360", "LIGNE_NOM": "(Epalinges Croisettes - Montpreveyres -) Mézières VD - Servion - Lausanne Sallaz", "LIGNE_SIGL": null, "LIGNE_TYPE": "Bus régional", "PLAN_URL": "https://prestations.vd.ch/pub/101587/api/download/2_Cartographie_et_geodonnees/2.1_Carte_des_reseaux/Carte_des_lignes_TP/topo/ligne_10.360.pdf", "SHAPE_LEN": 34982.85 }, "geometry": { "type": "MultiLineString", "coordinates": [ [ [ 2541573.653, 1154147.949 ], [ 2541551.984999999869615, 1154127.112999999895692 ], [ 2541521.813999999780208, 1154098.777 ], [ 2541493.81, 1154071.941000000108033 ], [ 2541467.473000000230968, 1154047.27 ], [ 2541443.471, 1154024.933 ], [ 2541424.134999999776483, 1154009.264999999897555 ], [ 2541409.133, 1153998.263 ], [ 2541395.131, 1153989.597 ], [ 2541383.963, 1153982.762000000104308 ], [ 2541371.295, 1153977.261 ], [ 2541358.793, 1153972.427 ], [ 2541346.012000000104308, 1153968.665 ], [ 2541333.608, 1153966.169 ], [ 2541321.96100000012666, 1153964.7 ], [ 2541310.454, 1153963.759 ], [ 2541298.785000000149012, 1153963.926 ], [ 2541287.117999999783933, 1153964.426 ], [ 2541273.949, 1153965.927 ], [ 2541260.281, 1153968.426 ], [ 2541247.779, 1153970.926 ], [ 2541233.768000000156462, 1153973.71 ], [ 2541217.653, 1153976.118 ], [ 2541205.06, 1153977.414000000106171 ], [ 2541195.614, 1153977.599 ], [ 2541183.946, 1153976.859 ], [ 2541175.241, 1153976.303 ], [ 2541165.055000000167638, 1153974.450999999884516 ], [ 2541156.904, 1153972.414000000106171 ], [ 2541141.162, 1153967.043 ], [ 2541131.160999999847263, 1153962.783 ], [ 2541121.345000000204891, 1153957.597 ], [ 2541112.825999999884516, 1153952.411 ], [ 2541104.862999999895692, 1153946.854 ], [ 2541099.887000000104308, 1153942.875 ], [ 2541098.379999999888241, 1153941.668 ], [ 2541090.416000000201166, 1153934.259 ], [ 2541081.896999999880791, 1153925.370000000111759 ], [ 2541071.524000000208616, 1153913.702 ], [ 2541059.671, 1153898.7 ], [ 2541049.67, 1153885.735000000102445 ], [ 2541035.407999999821186, 1153866.289000000106171 ], [ 2541026.889, 1153853.51 ], [ 2541017.998999999836087, 1153839.987999999895692 ], [ 2541011.517, 1153829.987 ], [ 2540997.257000000216067, 1153811.653 ], [ 2540992.199, 1153806.595 ], [ 2540991.143999999854714, 1153805.54 ], [ 2540985.771999999880791, 1153801.095 ], [ 2540974.844, 1153792.946 ], [ 2540963.362999999895692, 1153786.648 ], [ 2540954.103000000119209, 1153782.945 ], [ 2540950.261, 1153781.894 ], [ 2540944.799999999813735, 1153780.401 ], [ 2540937.987999999895692, 1153779.241 ], [ 2540929.654999999795109, 1153777.944 ], [ 2540918.727, 1153777.389 ], [ 2540909.096, 1153777.759 ], [ 2540889.651, 1153779.981 ], [ 2540872.424999999813735, 1153781.834 ], [ 2540848.904, 1153784.797 ], [ 2540848.023, 1153784.909 ], [ 2540794.822999999858439, 1153791.65 ], [ 2540725.739, 1153800.54 ], [ 2540692.401999999769032, 1153805.17 ], [ 2540664.307, 1153808.743 ], [ 2540660.36200000019744, 1153809.244 ], [ 2540543.308999999891967, 1153824.801 ], [ 2540444.223000000230968, 1153837.396 ], [ 2540414.96100000012666, 1153841.285 ], [ 2540363.842999999877065, 1153848.509 ], [ 2540335.705999999772757, 1153853.784 ] ], [ [ 2540326.204, 1153854.620000000111759 ], [ 2540319.390999999828637, 1153854.620000000111759 ], [ 2540309.761, 1153856.102999999886379 ], [ 2540287.906, 1153860.547 ], [ 2540270.126999999862164, 1153865.548 ], [ 2540266.51299999980256, 1153866.805 ], [ 2540253.088, 1153871.475 ], [ 2540239.382000000216067, 1153877.401 ], [ 2540224.935, 1153885.55 ], [ 2540220.586999999824911, 1153888.579 ], [ 2540214.563999999780208, 1153892.774 ], [ 2540195.858, 1153907.404 ], [ 2540181.225999999791384, 1153920.554 ], [ 2540151.223000000230968, 1153948.151 ], [ 2540098.623000000137836, 1153997.416999999899417 ], [ 2540068.063999999780208, 1154026.308999999891967 ], [ 2540036.764, 1154055.202 ], [ 2540027.503, 1154061.314 ], [ 2540016.390000000130385, 1154067.797 ], [ 2540007.315, 1154072.241 ], [ 2539997.683999999891967, 1154075.389 ], [ 2539983.609000000171363, 1154079.278 ], [ 2539972.68099999986589, 1154080.945 ], [ 2539965.643999999854714, 1154080.945 ], [ 2539957.494, 1154080.575 ], [ 2539947.677000000141561, 1154079.278 ], [ 2539938.416999999899417, 1154077.241 ], [ 2539926.563999999780208, 1154073.908 ], [ 2539914.71100000012666, 1154070.759 ], [ 2539900.21100000012666, 1154066.742 ], [ 2539875.261, 1154059.831 ], [ 2539808.771999999880791, 1154041.682 ], [ 2539782.842000000178814, 1154034.088 ], [ 2539744.50400000018999, 1154023.345 ], [ 2539730.799000000115484, 1154019.271 ], [ 2539717.464000000152737, 1154016.122 ], [ 2539699.498999999836087, 1154013.715 ], [ 2539696.341, 1154013.452 ], [ 2539690.609000000171363, 1154012.974 ], [ 2539680.608, 1154012.232 ], [ 2539675.48700000019744, 1154012.342 ], [ 2539671.901999999769032, 1154012.419 ], [ 2539664.680000000167638, 1154012.789000000106171 ], [ 2539653.566999999806285, 1154014.642 ], [ 2539650.251999999862164, 1154015.564 ], [ 2539638.935, 1154018.714 ], [ 2539630.045, 1154021.308999999891967 ], [ 2539621.339999999850988, 1154023.717 ], [ 2539592.818, 1154032.976 ], [ 2539578.37099999981001, 1154036.495000000111759 ], [ 2539566.518999999854714, 1154039.088 ], [ 2539552.258, 1154041.125 ], [ 2539538.923, 1154042.236 ], [ 2539523.179, 1154042.236 ], [ 2539507.623000000137836, 1154041.125 ], [ 2539492.989, 1154039.088 ], [ 2539475.21, 1154034.829 ], [ 2539460.579, 1154030.012000000104308 ], [ 2539446.873999999836087, 1154024.828 ], [ 2539434.267, 1154018.381 ], [ 2539430.575000000186265, 1154016.492 ], [ 2539420.018999999854714, 1154010.382 ], [ 2539407.054, 1154000.935 ], [ 2539393.162, 1153989.823 ], [ 2539380.014, 1153978.895 ], [ 2539368.344, 1153968.893 ], [ 2539361.123000000137836, 1153962.041 ], [ 2539354.268999999854714, 1153954.263 ], [ 2539347.525, 1153945.591 ], [ 2539344.066000000108033, 1153940.583000000100583 ], [ 2539337.268000000156462, 1153930.274 ], [ 2539328.734000000171363, 1153916.818 ], [ 2539320.983, 1153904.323 ], [ 2539310.137000000104308, 1153886.435 ], [ 2539298.775, 1153866.987 ], [ 2539295.554, 1153859.947 ], [ 2539291.258, 1153847.661 ], [ 2539289.69400000013411, 1153840.132 ], [ 2539289.58600000012666, 1153833.963 ] ], [ [ 2540453.776, 1154967.359 ], [ 2540454.049999999813735, 1154967.146 ], [ 2540454.606999999843538, 1154966.821 ], [ 2540455.197000000160187, 1154966.548 ], [ 2540455.859000000171363, 1154966.321 ], [ 2540456.443, 1154966.181 ], [ 2540457.085, 1154966.089 ], [ 2540457.734999999869615, 1154966.057 ], [ 2540458.433000000193715, 1154966.094 ], [ 2540459.075999999884516, 1154966.193 ], [ 2540459.705, 1154966.352999999886379 ], [ 2540460.271999999880791, 1154966.553 ], [ 2540461.219, 1154967.026 ], [ 2540461.79, 1154967.411 ], [ 2540462.25400000018999, 1154967.793 ], [ 2540462.748999999836087, 1154968.287 ], [ 2540463.160999999847263, 1154968.789000000106171 ], [ 2540463.523, 1154969.328 ], [ 2540463.81, 1154969.854 ], [ 2540464.066000000108033, 1154970.453 ], [ 2540464.264, 1154971.071 ], [ 2540464.410000000149012, 1154971.754 ], [ 2540464.478999999817461, 1154972.352 ], [ 2540464.492, 1154973.051 ], [ 2540464.438, 1154973.698 ], [ 2540464.333999999798834, 1154974.288 ], [ 2540464.162, 1154974.916 ], [ 2540463.932, 1154975.524 ], [ 2540463.645, 1154976.107 ], [ 2540463.302999999839813, 1154976.656999999890104 ], [ 2540462.909, 1154977.175 ], [ 2540462.125, 1154977.966 ], [ 2540461.582, 1154978.384 ], [ 2540461.031, 1154978.727999999886379 ], [ 2540460.495000000111759, 1154978.996 ], [ 2540459.890000000130385, 1154979.233 ], [ 2540459.265000000130385, 1154979.411 ], [ 2540458.626000000163913, 1154979.528 ], [ 2540457.978999999817461, 1154979.583000000100583 ], [ 2540457.372, 1154979.577 ], [ 2540456.727, 1154979.513 ], [ 2540456.089000000152737, 1154979.385 ], [ 2540455.42, 1154979.181 ], [ 2540454.865000000223517, 1154978.950999999884516 ], [ 2540454.291000000201166, 1154978.649 ], [ 2540453.747, 1154978.291 ], [ 2540453.242, 1154977.884 ], [ 2540452.776999999769032, 1154977.43 ], [ 2540452.356999999843538, 1154976.933999999891967 ], [ 2540451.98700000019744, 1154976.4 ], [ 2540451.649000000208616, 1154975.788 ], [ 2540451.410000000149012, 1154975.237 ], [ 2540451.194999999832362, 1154974.571 ], [ 2540451.028, 1154973.751 ], [ 2540442.753, 1154974.022000000113621 ], [ 2540433.757000000216067, 1154973.757 ], [ 2540425.884999999776483, 1154973.492 ], [ 2540416.359999999869615, 1154973.558999999891967 ], [ 2540408.791000000201166, 1154974.087 ], [ 2540403.034, 1154974.761 ], [ 2540397.943, 1154975.357 ], [ 2540391.223000000230968, 1154976.68 ], [ 2540388.100999999791384, 1154979.379 ], [ 2540381.437, 1154984.579 ] ], [ [ 2540370.975999999791384, 1154971.277 ], [ 2540381.23, 1154984.308 ], [ 2540381.437, 1154984.579 ] ] ] } },
{ "type": "Feature", "properties": { "CADRE_NO": "10.736", "DDT_URL": null, "ETC_NOM": "Transports de la région Morges - Bière - Cossonay", "ETC_SIGLE": "MBC", "ETC_URL": "https://mbc.ch", "GO_CENTRE": 0, "HORAIR_URL": "https://www.tableaux-horaires.ch/fileadmin/fap_pdf_fields/2025/10.736.pdf", "LIGNE_NO": "736", "LIGNE_NOM": "Morges - Aclens - Bussigny", "LIGNE_SIGL": "MBC", "LIGNE_TYPE": "Bus régional", "PLAN_URL": "https://prestations.vd.ch/pub/101587/api/download/2_Cartographie_et_geodonnees/2.1_Carte_des_reseaux/Carte_des_lignes_TP/topo/ligne_10.736.pdf", "SHAPE_LEN": 16869.24 }, "geometry": { "type": "MultiLineString", "coordinates": [ ] } },
{ "type": "Feature", "properties": { "CADRE_NO": "10.058", "DDT_URL": null, "ETC_NOM": "Transports publics de la région lausannoise", "ETC_SIGLE": "TL", "ETC_URL": "https://www.t-l.ch", "GO_CENTRE": 0, "HORAIR_URL": "https://www.tableaux-horaires.ch/fileadmin/fap_pdf_fields/2025/10.058.pdf", "LIGNE_NO": "58", "LIGNE_NOM": "Renens VD - Mex VD - Cossonay-Penthalaz", "LIGNE_SIGL": null, "LIGNE_TYPE": "Bus régional", "PLAN_URL": "https://prestations.vd.ch/pub/101587/api/download/2_Cartographie_et_geodonnees/2.1_Carte_des_reseaux/Carte_des_lignes_TP/topo/ligne_10.058.pdf", "SHAPE_LEN": 16855.783 }, "geometry": { "type": "MultiLineString", "coordinates": [ [ [ 2534045.447999999858439, 1154420.432 ], [ 2534063.041999999899417, 1154409.319 ], [ 2534099.157999999821186, 1154387.652 ], [ 2534107.014, 1154383.244 ] ] ] } },
{ "type": "Feature", "properties": { "CADRE_NO": "10.031", "DDT_URL": null, "ETC_NOM": "Transports publics de la région lausannoise", "ETC_SIGLE": "TL", "ETC_URL": "https://www.t-l.ch", "GO_CENTRE": 0, "HORAIR_URL": "https://www.tableaux-horaires.ch/fileadmin/fap_pdf_fields/2025/10.031.pdf", "LIGNE_NO": "31", "LIGNE_NOM": "St-Sulpice VD - Ecublens VD - Chavannes-près-Renens - Renens VD", "LIGNE_SIGL": null, "LIGNE_TYPE": "Bus urbain", "PLAN_URL": "https://prestations.vd.ch/pub/101587/api/download/2_Cartographie_et_geodonnees/2.1_Carte_des_reseaux/Carte_des_lignes_TP/topo/ligne_10.031.pdf", "SHAPE_LEN": 6639.134 }, "geometry": { "type": "MultiLineString", "coordinates": [ [ [ 2534193.265999999828637, 1154218.819 ], [ 2534192.952, 1154218.205 ], [ 2534192.731999999843538, 1154217.646 ], [ 2534192.552999999839813, 1154217.022000000113621 ], [ 2534192.437, 1154216.382 ], [ 2534192.383, 1154215.685 ], [ 2534192.393999999854714, 1154215.085999999893829 ], [ 2534192.48, 1154214.391 ], [ 2534192.61200000019744, 1154213.806 ], [ 2534192.832, 1154213.142 ], [ 2534193.098000000230968, 1154212.55 ], [ 2534193.395, 1154212.029 ], [ 2534193.77, 1154211.497 ], [ 2534194.194999999832362, 1154211.006 ], [ 2534194.666000000201166, 1154210.558999999891967 ], [ 2534195.180000000167638, 1154210.161 ], [ 2534195.731000000145286, 1154209.817 ], [ 2534196.313999999780208, 1154209.527 ], [ 2534197.497, 1154209.141 ], [ 2534198.089999999850988, 1154209.037 ], [ 2534198.737999999895692, 1154208.986 ], [ 2534199.438, 1154209.004 ], [ 2534200.032000000122935, 1154209.078 ], [ 2534200.668, 1154209.22 ], [ 2534201.284, 1154209.424000000115484 ], [ 2534201.921999999787658, 1154209.710999999893829 ], [ 2534202.441999999806285, 1154210.009 ], [ 2534202.973000000230968, 1154210.384 ], [ 2534203.461999999824911, 1154210.811 ], [ 2534203.909, 1154211.284 ], [ 2534204.332, 1154211.839 ], [ 2534204.648, 1154212.349 ], [ 2534204.955999999772757, 1154212.979 ], [ 2534205.163000000175089, 1154213.541 ], [ 2534205.33, 1154214.169 ], [ 2534205.438, 1154214.860000000102445 ], [ 2534205.473000000230968, 1154215.459 ], [ 2534205.447000000160187, 1154216.109 ], [ 2534205.358, 1154216.753 ], [ 2534205.19, 1154217.432 ], [ 2534204.972, 1154218.041999999899417 ], [ 2534204.714999999850988, 1154218.587 ], [ 2534204.384, 1154219.145 ], [ 2534203.966, 1154219.706 ], [ 2534203.258, 1154220.437 ], [ 2534202.725, 1154220.861 ], [ 2534202.177000000141561, 1154221.210999999893829 ], [ 2534201.645, 1154221.485000000102445 ], [ 2534200.994, 1154221.741 ], [ 2534200.416999999899417, 1154221.903 ], [ 2534199.728000000119209, 1154222.027 ], [ 2534199.079, 1154222.074 ], [ 2534198.498999999836087, 1154222.062 ], [ 2534197.804, 1154221.979 ], [ 2534197.220000000204891, 1154221.849 ], [ 2534196.600999999791384, 1154221.648 ], [ 2534195.96100000012666, 1154221.367 ], [ 2534195.396999999880791, 1154221.044 ], [ 2534194.907999999821186, 1154220.698 ], [ 2534194.379999999888241, 1154220.239 ], [ 2534193.967999999877065, 1154219.802 ], [ 2534193.265999999828637, 1154218.819 ], [ 2534185.279999999795109, 1154223.742 ], [ 2534150.275, 1154233.928 ], [ 2534140.458999999798834, 1154237.632 ], [ 2534133.052000000141561, 1154240.781 ], [ 2534126.01299999980256, 1154245.04 ], [ 2534121.012000000104308, 1154248.003 ], [ 2534114.529999999795109, 1154253.931 ], [ 2534101.009999999776483, 1154264.672 ], [ 2534088.983, 1154274.969 ], [ 2534075.265000000130385, 1154286.713 ], [ 2534069.154, 1154291.712 ], [ 2534063.041999999899417, 1154294.861 ], [ 2534055.81900000013411, 1154297.824 ], [ 2534048.595000000204891, 1154299.121 ], [ 2534036.742, 1154299.121 ], [ 2534022.852, 1154300.418 ] ], [ [ 2533487.415, 1152626.502 ], [ 2533529.825999999884516, 1152626.502 ], [ 2533573.35, 1152626.687 ], [ 2533581.683999999891967, 1152628.354 ], [ 2533587.61200000019744, 1152632.057 ], [ 2533596.316000000108033, 1152644.467 ], [ 2533610.205999999772757, 1152670.025 ], [ 2533626.504999999888241, 1152698.547 ], [ 2533633.91399999987334, 1152708.362999999895692 ], [ 2533639.643999999854714, 1152714.486 ], [ 2533642.063, 1152717.069 ], [ 2533647.619, 1152721.329 ], [ 2533651.87900000018999, 1152725.031999999890104 ], [ 2533669.657999999821186, 1152739.477999999886379 ], [ 2533701.515000000130385, 1152764.852999999886379 ], [ 2533729.666999999899417, 1152785.411 ], [ 2533761.151, 1152811.34 ], [ 2533779.116, 1152826.527 ], [ 2533803.566000000108033, 1152846.9 ], [ 2533815.046999999787658, 1152856.531 ], [ 2533826.714999999850988, 1152866.162 ], [ 2533851.348000000230968, 1152887.089 ], [ 2533868.572000000160187, 1152901.721 ], [ 2533892.464999999850988, 1152921.539000000106171 ], [ 2533910.06, 1152935.985000000102445 ], [ 2533925.062, 1152947.283 ], [ 2533934.321, 1152953.766 ], [ 2533943.21100000012666, 1152958.581 ], [ 2533954.139, 1152964.322 ], [ 2533962.842999999877065, 1152968.396 ], [ 2533974.883, 1152972.471 ], [ 2533983.031, 1152974.693 ], [ 2533994.143999999854714, 1152977.102 ], [ 2534005.071, 1152978.397000000113621 ], [ 2534012.111, 1152979.509 ], [ 2534033.963, 1152981.176 ], [ 2534066.19, 1152983.029 ], [ 2534092.490000000223517, 1152984.879999999888241 ], [ 2534114.345000000204891, 1152987.288 ], [ 2534133.606999999843538, 1152990.252 ], [ 2534150.46, 1152993.585 ], [ 2534163.98, 1152996.549000000115484 ], [ 2534179.166999999899417, 1153002.475 ], [ 2534190.279999999795109, 1153008.401 ], [ 2534237.383888419251889, 1153056.63467598776333 ], [ 2534282.236472384538502, 1153164.150165072642267 ], [ 2534312.325732825323939, 1153227.451808257028461 ] ], [ [ 2533724.839999999850988, 1153727.957 ], [ 2533725.23, 1153727.384 ], [ 2533725.62900000018999, 1153726.937 ], [ 2533726.120000000111759, 1153726.51 ], [ 2533726.660999999847263, 1153726.153 ], [ 2533727.291999999899417, 1153725.85 ], [ 2533727.862999999895692, 1153725.663 ], [ 2533728.501000000163913, 1153725.543 ], [ 2533729.199, 1153725.506 ], [ 2533729.846, 1153725.561 ], [ 2533730.433000000193715, 1153725.688 ], [ 2533731.099, 1153725.926 ], [ 2533731.666999999899417, 1153726.223 ], [ 2533732.23700000019744, 1153726.628 ], [ 2533732.71100000012666, 1153727.072 ], [ 2533733.123000000137836, 1153727.575 ], [ 2533733.441000000108033, 1153728.084 ], [ 2533733.713, 1153728.672 ], [ 2533733.916999999899417, 1153729.343000000109896 ], [ 2533734.01299999980256, 1153729.933999999891967 ], [ 2533734.037, 1153730.632 ], [ 2533733.977, 1153731.229 ], [ 2533733.824, 1153731.887000000104308 ], [ 2533733.603999999817461, 1153732.471 ], [ 2533733.271999999880791, 1153733.085999999893829 ], [ 2533732.92, 1153733.572 ], [ 2533732.438, 1153734.079 ], [ 2533731.933000000193715, 1153734.486 ], [ 2533731.376000000163913, 1153734.823 ], [ 2533730.83, 1153735.066000000108033 ], [ 2533730.205999999772757, 1153735.252 ], [ 2533729.565, 1153735.354 ], [ 2533728.867, 1153735.372 ], [ 2533728.307, 1153735.312 ], [ 2533727.626999999862164, 1153735.15 ], [ 2533726.941000000108033, 1153734.878 ], [ 2533726.367999999783933, 1153734.549000000115484 ], [ 2533725.890000000130385, 1153734.186 ], [ 2533725.392, 1153733.695 ], [ 2533725.026, 1153733.22 ], [ 2533724.674000000115484, 1153732.617 ], [ 2533724.426, 1153732.014999999897555 ], [ 2533724.259999999776483, 1153731.388 ], [ 2533724.18099999986589, 1153730.791999999899417 ], [ 2533724.177999999839813, 1153730.144 ], [ 2533724.268000000156462, 1153729.45 ], [ 2533724.441999999806285, 1153728.824 ], [ 2533724.839999999850988, 1153727.957 ], [ 2533715.404999999795109, 1153722.011 ], [ 2533700.588, 1153713.491 ], [ 2533685.771999999880791, 1153704.047 ], [ 2533669.842999999877065, 1153692.007 ], [ 2533657.25, 1153681.450999999884516 ], [ 2533643.728000000119209, 1153668.671 ], [ 2533629.94, 1153654.278 ], [ 2533617.208999999798834, 1153638.772000000113621 ], [ 2533607.353000000119209, 1153624.977 ], [ 2533600.02, 1153613.664000000106171 ], [ 2533598.267, 1153610.710999999893829 ], [ 2533592.981999999843538, 1153601.81 ], [ 2533587.981999999843538, 1153591.808999999891967 ], [ 2533581.869, 1153579.03 ], [ 2533579.848000000230968, 1153574.271 ], [ 2533576.126999999862164, 1153565.51 ], [ 2533571.128, 1153552.73 ], [ 2533569.589000000152737, 1153548.119 ], [ 2533566.497, 1153538.84 ], [ 2533562.23700000019744, 1153523.467 ], [ 2533561.282999999821186, 1153519.342 ], [ 2533556.49599999981001, 1153498.649 ], [ 2533554.927000000141561, 1153491.509 ], [ 2533548.717000000178814, 1153463.275 ], [ 2533543.026, 1153437.664000000106171 ], [ 2533538.716, 1153418.269 ], [ 2533533.833000000100583, 1153396.784 ], [ 2533531.308000000193715, 1153385.672 ], [ 2533528.714999999850988, 1153371.966 ], [ 2533526.492999999783933, 1153344.741 ], [ 2533526.236, 1153339.707 ], [ 2533525.534, 1153324.016 ], [ 2533525.009, 1153312.329 ], [ 2533540.197999999858439, 1153308.81 ], [ 2533566.312, 1153302.884 ], [ 2533579.46100000012666, 1153297.513 ], [ 2533585.876000000163913, 1153294.662 ], [ 2533585.634, 1153294.105 ], [ 2533585.4, 1153293.445 ], [ 2533585.239, 1153292.868 ], [ 2533585.097, 1153292.182 ], [ 2533585.011, 1153291.538 ], [ 2533584.967000000178814, 1153290.889 ], [ 2533584.970000000204891, 1153290.24 ], [ 2533585.011, 1153289.641 ], [ 2533585.098000000230968, 1153288.998 ], [ 2533585.228999999817461, 1153288.362 ], [ 2533585.416999999899417, 1153287.687 ], [ 2533585.637000000104308, 1153287.075 ], [ 2533585.878, 1153286.526 ], [ 2533586.174999999813735, 1153285.947 ], [ 2533586.512000000104308, 1153285.392 ], [ 2533586.915, 1153284.819 ], [ 2533587.327, 1153284.318 ], [ 2533587.771999999880791, 1153283.843000000109896 ] ], [ [ 2533487.415, 1152626.502 ], [ 2533487.782999999821186, 1152597.98 ], [ 2533487.782999999821186, 1152566.124 ], [ 2533487.782999999821186, 1152555.011 ], [ 2533488.443, 1152502.877 ] ], [ [ 2533488.443, 1152502.877 ], [ 2533487.782999999821186, 1152461.110000000102445 ], [ 2533487.859000000171363, 1152436.026 ], [ 2533487.967999999877065, 1152399.25 ], [ 2533487.967999999877065, 1152359.06 ], [ 2533487.782999999821186, 1152342.761 ], [ 2533488.153, 1152332.02 ], [ 2533489.265000000130385, 1152322.574 ], [ 2533491.671999999787658, 1152312.944 ], [ 2533496.117999999783933, 1152299.053 ], [ 2533508.711999999824911, 1152265.9 ], [ 2533517.418, 1152244.971 ], [ 2533523.268000000156462, 1152230.829 ], [ 2533510.126000000163913, 1152224.886 ], [ 2533450.108, 1152197.748 ], [ 2533415.585, 1152182.072 ], [ 2533395.247, 1152173.727 ], [ 2533377.028, 1152167.74 ], [ 2533358.87900000018999, 1152163.295 ], [ 2533344.433000000193715, 1152159.589 ], [ 2533325.606000000145286, 1152156.626 ] ], [ [ 2533601.990000000223517, 1153284.757 ], [ 2533602.370000000111759, 1153285.283 ], [ 2533602.691000000108033, 1153285.791 ], [ 2533603.0, 1153286.362 ], [ 2533603.268000000156462, 1153286.955 ], [ 2533603.495000000111759, 1153287.563 ], [ 2533603.694999999832362, 1153288.233 ], [ 2533603.824, 1153288.82 ], [ 2533603.929, 1153289.511 ], [ 2533603.981999999843538, 1153290.159 ], [ 2533603.990000000223517, 1153290.758 ], [ 2533603.957, 1153291.408 ], [ 2533603.878, 1153292.049000000115484 ], [ 2533603.756, 1153292.692 ], [ 2533603.606000000145286, 1153293.273 ], [ 2533603.384, 1153293.936 ], [ 2533603.157000000122935, 1153294.491 ], [ 2533602.870000000111759, 1153295.075999999884516 ], [ 2533602.543, 1153295.638 ], [ 2533602.151999999769032, 1153296.216 ], [ 2533601.748999999836087, 1153296.727999999886379 ], [ 2533601.313999999780208, 1153297.21 ], [ 2533600.884, 1153297.627 ], [ 2533600.349, 1153298.079 ], [ 2533599.825000000186265, 1153298.463 ], [ 2533599.275, 1153298.808999999891967 ], [ 2533598.703000000212342, 1153299.117 ], [ 2533598.111, 1153299.387000000104308 ], [ 2533597.501999999862164, 1153299.614 ], [ 2533596.879999999888241, 1153299.799000000115484 ], [ 2533596.296, 1153299.932 ], [ 2533595.603999999817461, 1153300.041 ], [ 2533595.004999999888241, 1153300.092 ], [ 2533594.279, 1153300.105 ], [ 2533593.728000000119209, 1153300.079 ], [ 2533593.083999999798834, 1153300.004999999888241 ], [ 2533592.443, 1153299.888 ], [ 2533591.815, 1153299.727999999886379 ], [ 2533591.197000000160187, 1153299.525 ], [ 2533590.549999999813735, 1153299.259 ], [ 2533589.967999999877065, 1153298.972 ], [ 2533589.407000000122935, 1153298.644 ], [ 2533588.869, 1153298.278 ], [ 2533588.395, 1153297.91 ], [ 2533587.910000000149012, 1153297.477999999886379 ], [ 2533587.455999999772757, 1153297.012000000104308 ], [ 2533587.032999999821186, 1153296.52 ], [ 2533586.617999999783933, 1153295.956 ], [ 2533586.27, 1153295.406 ], [ 2533585.876000000163913, 1153294.662 ] ] ] } },
{ "type": "Feature", "properties": { "CADRE_NO": "10.019", "DDT_URL": null, "ETC_NOM": "Transports publics de la région lausannoise", "ETC_SIGLE": "TL", "ETC_URL": "https://www.t-l.ch", "GO_CENTRE": 0, "HORAIR_URL": "https://www.tableaux-horaires.ch/fileadmin/fap_pdf_fields/2025/10.019.pdf", "LIGNE_NO": "19", "LIGNE_NOM": "Lausanne - Prilly - Renens VD", "LIGNE_SIGL": null, "LIGNE_TYPE": "Bus urbain", "PLAN_URL": "https://prestations.vd.ch/pub/101587/api/download/2_Cartographie_et_geodonnees/2.1_Carte_des_reseaux/Carte_des_lignes_TP/topo/ligne_10.019.pdf", "SHAPE_LEN": 4621.06 }, "geometry": { "type": "MultiLineString", "coordinates": [ [ [ 2534816.043, 1154077.773 ], [ 2534857.929, 1154036.156999999890104 ], [ 2534894.950000000186265, 1153999.54 ], [ 2534965.481000000145286, 1153930.767 ], [ 2534975.009999999776483, 1153922.406 ], [ 2534979.454, 1153918.702 ], [ 2535035.018000000156462, 1153863.881 ], [ 2535060.197000000160187, 1153837.877 ], [ 2535063.353999999817461, 1153834.617 ], [ 2535130.029, 1153767.758 ], [ 2535145.216, 1153753.868 ], [ 2535168.921999999787658, 1153730.345 ], [ 2535189.296, 1153713.121 ], [ 2535203.742999999783933, 1153702.193 ], [ 2535212.632000000216067, 1153696.453 ], [ 2535224.115000000223517, 1153687.933 ], [ 2535245.228999999817461, 1153674.967 ], [ 2535270.787, 1153660.893 ], [ 2535314.498000000137836, 1153639.408 ], [ 2535335.424999999813735, 1153628.295 ], [ 2535359.688, 1153616.813 ], [ 2535407.287, 1153594.957 ], [ 2535447.847, 1153575.696 ], [ 2535478.037, 1153561.620000000111759 ], [ 2535564.344, 1153524.764 ], [ 2535581.92, 1153516.158 ], [ 2535599.903, 1153507.352999999886379 ], [ 2535639.353000000119209, 1153488.648 ], [ 2535692.13799999980256, 1153464.757 ], [ 2535702.509, 1153459.941000000108033 ], [ 2535723.992999999783933, 1153449.753 ], [ 2535756.96, 1153434.011 ], [ 2535778.629999999888241, 1153423.639999999897555 ], [ 2535816.412, 1153406.045 ], [ 2535852.157000000122935, 1153387.154 ], [ 2535909.017, 1153354.187 ], [ 2535942.51299999980256, 1153335.5 ], [ 2535963.608, 1153322.557 ], [ 2535964.58, 1153321.96 ], [ 2535976.964999999850988, 1153315.251 ], [ 2535997.176, 1153303.626 ], [ 2536027.736, 1153285.659 ], [ 2536071.629999999888241, 1153260.841 ], [ 2536136.639, 1153223.058999999891967 ], [ 2536172.383, 1153201.575 ], [ 2536173.406, 1153200.985000000102445 ], [ 2536199.98, 1153185.647000000113621 ], [ 2536224.983, 1153171.385 ], [ 2536228.015000000130385, 1153169.695 ], [ 2536249.24599999981001, 1153157.865 ], [ 2536263.136, 1153151.383 ], [ 2536287.583999999798834, 1153140.825999999884516 ], [ 2536314.808999999891967, 1153134.9 ], [ 2536340.367999999783933, 1153131.195 ], [ 2536389.634, 1153126.01 ], [ 2536431.261, 1153122.556 ], [ 2536516.686000000219792, 1153116.378 ], [ 2536586.375, 1153113.9 ], [ 2536594.725999999791384, 1153113.602999999886379 ], [ 2536629.44400000013411, 1153112.367 ], [ 2536657.259, 1153111.378 ], [ 2536728.751000000163913, 1153108.601 ], [ 2536794.12900000018999, 1153104.525 ], [ 2536859.322000000160187, 1153101.377 ], [ 2536883.029999999795109, 1153100.264999999897555 ], [ 2536896.92, 1153098.97 ], [ 2536898.702, 1153098.642 ], [ 2536905.99599999981001, 1153097.303 ], [ 2536918.219, 1153094.894 ], [ 2536928.961999999824911, 1153091.747 ], [ 2536943.407000000122935, 1153086.56 ], [ 2536960.816999999806285, 1153078.597 ], [ 2536967.112999999895692, 1153075.077 ], [ 2536975.264, 1153069.15 ], [ 2536994.339999999850988, 1153054.334 ], [ 2537036.01299999980256, 1153023.034 ], [ 2537036.879999999888241, 1153022.342 ], [ 2537047.609000000171363, 1153013.781999999890104 ], [ 2537068.423, 1152997.476 ], [ 2537128.986, 1152952.284 ], [ 2537184.179, 1152910.797 ], [ 2537195.662, 1152902.278 ], [ 2537203.069999999832362, 1152897.647000000113621 ], [ 2537216.219, 1152889.498 ], [ 2537224.183999999891967, 1152884.867 ], [ 2537240.481999999843538, 1152876.039000000106171 ], [ 2537257.319999999832362, 1152868.608 ], [ 2537297.674000000115484, 1152852.993 ], [ 2537351.393000000156462, 1152832.583000000100583 ], [ 2537387.784, 1152824.041 ], [ 2537388.804, 1152823.893 ], [ 2537411.254999999888241, 1152820.623 ], [ 2537441.066999999806285, 1152817.058 ], [ 2537486.489, 1152811.872 ], [ 2537531.518000000156462, 1152805.224 ], [ 2537553.629999999888241, 1152800.775 ] ], [ [ 2537553.629999999888241, 1152800.775 ], [ 2537554.231000000145286, 1152802.347 ], [ 2537554.410999999847263, 1152802.819 ], [ 2537555.83, 1152806.279 ], [ 2537560.336999999824911, 1152817.266 ] ], [ [ 2534093.021999999880791, 1154598.239 ], [ 2534142.866, 1154579.898 ], [ 2534213.43099999986589, 1154555.08 ], [ 2534263.622, 1154540.818 ], [ 2534277.142, 1154536.189 ], [ 2534290.849, 1154530.077 ] ], [ [ 2537553.629999999888241, 1152800.775 ], [ 2537562.156, 1152799.06 ], [ 2537584.970000000204891, 1152793.003 ], [ 2537631.829, 1152778.558 ], [ 2537653.498000000137836, 1152770.964 ], [ 2537655.904999999795109, 1152769.852 ], [ 2537693.133, 1152750.591 ], [ 2537714.801, 1152768.742 ], [ 2537726.285000000149012, 1152779.298 ], [ 2537733.508, 1152786.151 ], [ 2537741.842000000178814, 1152791.523 ], [ 2537748.879999999888241, 1152796.709 ], [ 2537752.77, 1152801.154 ], [ 2537754.622, 1152805.414000000106171 ], [ 2537754.622, 1152812.821 ], [ 2537752.77, 1152817.823 ], [ 2537747.583999999798834, 1152823.749 ], [ 2537746.665, 1152824.499 ], [ 2537733.001999999862164, 1152835.642 ], [ 2537720.544000000227243, 1152847.27 ], [ 2537708.319999999832362, 1152860.79 ], [ 2537700.727, 1152869.496 ], [ 2537683.132000000216067, 1152894.869 ], [ 2537679.984000000171363, 1152898.589 ], [ 2537674.981999999843538, 1152904.5 ], [ 2537669.61200000019744, 1152910.982 ], [ 2537654.608, 1152926.541 ], [ 2537645.16399999987334, 1152935.615 ], [ 2537626.086999999824911, 1152951.727 ], [ 2537620.160999999847263, 1152940.616 ], [ 2537591.637000000104308, 1152891.72 ], [ 2537584.415, 1152878.2 ], [ 2537581.852, 1152873.0 ], [ 2537578.117999999783933, 1152865.422 ], [ 2537569.782999999821186, 1152843.011 ], [ 2537560.336999999824911, 1152817.266 ] ] ] } },
{ "type": "Feature", "properties": { "CADRE_NO": "10.003", "DDT_URL": null, "ETC_NOM": "Transports publics de la région lausannoise", "ETC_SIGLE": "TL", "ETC_URL": "https://www.t-l.ch", "GO_CENTRE": 0, "HORAIR_URL": "https://www.tableaux-horaires.ch/fileadmin/fap_pdf_fields/2025/10.003.pdf", "LIGNE_NO": "3", "LIGNE_NOM": "Lausanne gare - Chauderon - casernes - Bellevaux - Le Mont-sur-Lausanne Maillefer", "LIGNE_SIGL": null, "LIGNE_TYPE": "Trolleybus", "PLAN_URL": "https://prestations.vd.ch/pub/101587/api/download/2_Cartographie_et_geodonnees/2.1_Carte_des_reseaux/Carte_des_lignes_TP/topo/ligne_10.003.pdf", "SHAPE_LEN": 5388.772 }, "geometry": { "type": "MultiLineString", "coordinates": [ [ [ 2538000.950000000186265, 1153860.547 ], [ 2537980.761, 1153875.364 ], [ 2537965.204, 1153886.847 ], [ 2537957.072999999858439, 1153890.825999999884516 ], [ 2537956.498999999836087, 1153891.106 ], [ 2537949.276999999769032, 1153894.625 ], [ 2537941.312, 1153897.958000000100583 ], [ 2537933.348000000230968, 1153899.812 ], [ 2537927.421, 1153899.997 ], [ 2537918.531, 1153898.514999999897555 ], [ 2537910.751999999862164, 1153896.293 ], [ 2537903.714999999850988, 1153893.144 ], [ 2537897.231999999843538, 1153888.144 ], [ 2537891.120000000111759, 1153882.588 ], [ 2537885.936000000219792, 1153875.549000000115484 ], [ 2537879.637000000104308, 1153866.659 ], [ 2537874.450999999884516, 1153857.954 ], [ 2537870.562, 1153849.806 ], [ 2537867.228999999817461, 1153841.656 ], [ 2537864.265000000130385, 1153832.025 ], [ 2537861.487999999895692, 1153818.69 ], [ 2537858.154, 1153797.575999999884516 ], [ 2537854.634, 1153772.203 ], [ 2537852.597, 1153760.72 ], [ 2537850.241, 1153743.303 ], [ 2537846.484999999869615, 1153715.528 ], [ 2537843.151, 1153701.083000000100583 ], [ 2537839.262000000104308, 1153686.192 ], [ 2537837.779999999795109, 1153678.302 ], [ 2537835.742999999783933, 1153673.116 ], [ 2537831.669000000227243, 1153667.004 ], [ 2537821.668, 1153650.892 ], [ 2537803.515999999828637, 1153626.629 ], [ 2537767.586999999824911, 1153577.548 ], [ 2537729.989, 1153529.764 ], [ 2537702.577, 1153494.76 ], [ 2537683.316999999806285, 1153470.127 ], [ 2537674.05599999986589, 1153457.904 ], [ 2537670.537, 1153451.607 ], [ 2537669.240000000223517, 1153447.531 ], [ 2537667.943, 1153442.346 ], [ 2537668.128, 1153437.16 ], [ 2537668.315, 1153432.159 ], [ 2537669.61200000019744, 1153426.232 ], [ 2537672.018999999854714, 1153422.158 ], [ 2537675.352, 1153416.787 ], [ 2537682.947000000160187, 1153408.268 ], [ 2537701.836999999824911, 1153386.784 ], [ 2537713.504999999888241, 1153373.262000000104308 ], [ 2537723.691999999806285, 1153362.706 ], [ 2537727.582, 1153358.261 ], [ 2537730.359000000171363, 1153353.26 ], [ 2537731.656, 1153348.629999999888241 ], [ 2537732.026, 1153346.593000000109896 ], [ 2537732.768000000156462, 1153337.703 ], [ 2537730.546, 1153326.962 ], [ 2537718.506, 1153299.735000000102445 ], [ 2537694.984999999869615, 1153245.284 ], [ 2537694.322000000160187, 1153243.803 ], [ 2537682.947000000160187, 1153218.429 ], [ 2537678.87099999981001, 1153208.798 ] ], [ [ 2538000.950000000186265, 1153860.547 ], [ 2538005.950000000186265, 1153857.213 ], [ 2538021.691999999806285, 1153846.472 ], [ 2538044.288000000175089, 1153832.395 ], [ 2538081.699, 1153808.874 ], [ 2538097.707, 1153798.585 ], [ 2538105.037, 1153793.872 ], [ 2538117.075000000186265, 1153787.945 ], [ 2538128.927999999839813, 1153783.685 ], [ 2538140.041000000201166, 1153781.463 ], [ 2538154.858, 1153780.538 ], [ 2538165.784, 1153781.834 ], [ 2538176.711999999824911, 1153785.538 ], [ 2538183.379999999888241, 1153788.872 ], [ 2538190.602, 1153792.946 ], [ 2538196.714999999850988, 1153796.835 ], [ 2538209.494, 1153807.948 ], [ 2538215.606999999843538, 1153817.022000000113621 ], [ 2538220.977, 1153827.95 ], [ 2538223.754999999888241, 1153839.987999999895692 ], [ 2538225.793, 1153849.806 ], [ 2538227.46, 1153857.954 ], [ 2538228.015000000130385, 1153864.993 ], [ 2538228.117999999783933, 1153866.796 ], [ 2538228.384999999776483, 1153871.475 ], [ 2538228.757000000216067, 1153880.179 ], [ 2538228.757000000216067, 1153911.48 ], [ 2538226.717999999877065, 1153940.002 ], [ 2538224.311000000219792, 1153984.082 ], [ 2538222.829, 1154022.79 ], [ 2538222.458999999798834, 1154043.162 ], [ 2538222.643999999854714, 1154073.166 ], [ 2538222.458999999798834, 1154105.023 ], [ 2538222.458999999798834, 1154120.395 ], [ 2538222.643999999854714, 1154131.138 ], [ 2538223.842000000178814, 1154150.208000000100583 ], [ 2538224.866, 1154166.512000000104308 ], [ 2538226.163000000175089, 1154180.587 ], [ 2538228.015000000130385, 1154196.886 ], [ 2538230.978999999817461, 1154213.556 ], [ 2538235.794000000227243, 1154232.816000000108033 ], [ 2538250.609999999869615, 1154296.714 ], [ 2538256.538000000175089, 1154328.57 ], [ 2538260.796999999787658, 1154353.017 ], [ 2538263.205999999772757, 1154372.093000000109896 ], [ 2538264.87099999981001, 1154388.393 ], [ 2538265.798, 1154406.541999999899417 ], [ 2538266.05599999986589, 1154416.541999999899417 ], [ 2538266.353999999817461, 1154428.026 ], [ 2538265.798, 1154441.176 ], [ 2538263.021000000182539, 1154469.883 ], [ 2538262.464000000152737, 1154474.329 ], [ 2538260.796999999787658, 1154484.886 ], [ 2538258.204, 1154499.703 ] ], [ [ 2537626.086999999824911, 1152951.727 ], [ 2537620.160999999847263, 1152940.616 ], [ 2537591.637000000104308, 1152891.72 ], [ 2537584.415, 1152878.2 ], [ 2537581.852, 1152873.0 ], [ 2537578.117999999783933, 1152865.422 ], [ 2537569.782999999821186, 1152843.011 ], [ 2537560.336999999824911, 1152817.266 ] ], [ [ 2537814.904, 1152123.370000000111759 ], [ 2537814.957, 1152124.034 ], [ 2537814.890000000130385, 1152124.68 ], [ 2537814.708000000100583, 1152125.304 ], [ 2537814.416000000201166, 1152125.883 ], [ 2537814.024000000208616, 1152126.401 ], [ 2537813.586999999824911, 1152126.81 ], [ 2537813.041999999899417, 1152127.166 ], [ 2537812.396999999880791, 1152127.429 ], [ 2537811.852, 1152127.549000000115484 ], [ 2537811.153, 1152127.578 ], [ 2537810.511, 1152127.482 ], [ 2537809.812, 1152127.234 ], [ 2537809.248000000137836, 1152126.899 ], [ 2537808.794000000227243, 1152126.507 ], [ 2537808.353999999817461, 1152125.964 ], [ 2537808.068, 1152125.438 ], [ 2537807.849, 1152124.773 ], [ 2537807.774000000208616, 1152123.689 ], [ 2537807.873999999836087, 1152123.09 ], [ 2537808.091, 1152122.477999999886379 ], [ 2537808.415, 1152121.916 ], [ 2537808.87099999981001, 1152121.386 ], [ 2537809.336999999824911, 1152121.008 ], [ 2537809.950000000186265, 1152120.675 ], [ 2537810.518999999854714, 1152120.487 ], [ 2537811.21100000012666, 1152120.389999999897555 ], [ 2537811.861, 1152120.421 ], [ 2537812.492999999783933, 1152120.57 ], [ 2537813.088, 1152120.829 ], [ 2537813.586999999824911, 1152121.158 ], [ 2537814.091, 1152121.642 ], [ 2537814.443, 1152122.129 ], [ 2537814.742999999783933, 1152122.76 ], [ 2537814.904, 1152123.370000000111759 ], [ 2537826.83600000012666, 1152120.258 ], [ 2537825.187, 1152113.102 ], [ 2537891.86200000019744, 1152098.842 ], [ 2537904.640999999828637, 1152097.732 ], [ 2537953.906, 1152087.544 ], [ 2537954.455, 1152091.213 ], [ 2537965.401999999769032, 1152089.348 ], [ 2537965.284, 1152088.739 ], [ 2537965.259, 1152088.039000000106171 ], [ 2537965.329, 1152087.444 ], [ 2537965.498999999836087, 1152086.817 ], [ 2537965.788000000175089, 1152086.182 ], [ 2537966.145, 1152085.638 ], [ 2537966.546, 1152085.194 ], [ 2537967.089000000152737, 1152084.751 ], [ 2537967.65, 1152084.426 ], [ 2537968.256, 1152084.191000000108033 ], [ 2537968.841, 1152084.058999999891967 ], [ 2537969.48700000019744, 1152084.011 ], [ 2537970.134, 1152084.063 ], [ 2537970.815, 1152084.227999999886379 ], [ 2537971.367999999783933, 1152084.458000000100583 ], [ 2537971.896999999880791, 1152084.773 ], [ 2537972.387000000104308, 1152085.173 ], [ 2537972.853000000119209, 1152085.695 ], [ 2537973.177999999839813, 1152086.199 ], [ 2537973.447999999858439, 1152086.791 ], [ 2537973.631, 1152087.464 ], [ 2537973.700000000186265, 1152088.352999999886379 ], [ 2537973.631, 1152089.007 ], [ 2537973.464000000152737, 1152089.633 ], [ 2537973.225999999791384, 1152090.183999999891967 ], [ 2537972.853000000119209, 1152090.774 ], [ 2537972.423, 1152091.262000000104308 ], [ 2537971.924999999813735, 1152091.678 ], [ 2537971.41399999987334, 1152091.99 ], [ 2537970.815, 1152092.243 ], [ 2537970.145, 1152092.406 ], [ 2537969.546999999787658, 1152092.459 ], [ 2537968.850999999791384, 1152092.412 ], [ 2537968.217000000178814, 1152092.266 ], [ 2537967.614, 1152092.025 ], [ 2537967.096, 1152091.724 ], [ 2537966.552999999839813, 1152091.283 ], [ 2537966.120000000111759, 1152090.799000000115484 ], [ 2537965.791000000201166, 1152090.298 ], [ 2537965.401999999769032, 1152089.348 ] ], [ [ 2537954.455, 1152091.213 ], [ 2537955.572999999858439, 1152097.360000000102445 ], [ 2537906.492999999783933, 1152107.361 ], [ 2537903.382000000216067, 1152107.95 ], [ 2537885.936000000219792, 1152111.252 ], [ 2537876.120000000111759, 1152112.177 ], [ 2537874.285000000149012, 1152112.56 ], [ 2537827.224, 1152122.362999999895692 ], [ 2537826.83600000012666, 1152120.258 ] ], [ [ 2537809.812, 1152127.234 ], [ 2537803.703000000212342, 1152137.18 ], [ 2537797.589999999850988, 1152143.106 ], [ 2537790.367999999783933, 1152148.663 ], [ 2537782.774000000208616, 1152153.849 ], [ 2537728.876999999862164, 1152187.186 ], [ 2537638.866, 1152240.341 ], [ 2537591.082, 1152270.161 ], [ 2537546.447000000160187, 1152298.497 ], [ 2537533.833000000100583, 1152306.412 ], [ 2537489.774000000208616, 1152334.058 ], [ 2537474.401999999769032, 1152343.503 ], [ 2537441.619, 1152364.432 ], [ 2537418.467000000178814, 1152378.322 ], [ 2537386.426, 1152398.324 ], [ 2537381.796, 1152402.77 ], [ 2537378.461999999824911, 1152406.844 ], [ 2537376.424999999813735, 1152411.104 ], [ 2537375.128, 1152416.105 ], [ 2537375.128, 1152422.585999999893829 ], [ 2537375.685, 1152429.44 ], [ 2537377.352, 1152437.404 ], [ 2537399.947999999858439, 1152483.705 ], [ 2537404.151, 1152492.933999999891967 ], [ 2537422.727, 1152533.712 ], [ 2537430.904, 1152551.66 ], [ 2537437.046999999787658, 1152564.784 ], [ 2537526.708000000100583, 1152744.314 ], [ 2537538.049000000115484, 1152767.69 ], [ 2537551.884999999776483, 1152796.209 ], [ 2537553.629999999888241, 1152800.775 ], [ 2537554.231000000145286, 1152802.347 ], [ 2537554.410999999847263, 1152802.819 ], [ 2537555.83, 1152806.279 ], [ 2537560.336999999824911, 1152817.266 ] ], [ [ 2537626.086999999824911, 1152951.727 ], [ 2537646.46100000012666, 1152993.77 ], [ 2537659.609999999869615, 1153020.07 ], [ 2537676.279, 1153052.296 ], [ 2537687.946, 1153076.744 ], [ 2537711.265999999828637, 1153124.554 ], [ 2537739.620000000111759, 1153182.683999999891967 ], [ 2537730.477, 1153187.146 ], [ 2537724.063, 1153190.276 ], [ 2537702.021999999880791, 1153199.538 ], [ 2537678.87099999981001, 1153208.798 ] ] ] } },
{ "type": "Feature", "properties": { "CADRE_NO": "10.008", "DDT_URL": null, "ETC_NOM": "Transports publics de la région lausannoise", "ETC_SIGLE": "TL", "ETC_URL": "https://www.t-l.ch", "GO_CENTRE": 0, "HORAIR_URL": "https://www.tableaux-horaires.ch/fileadmin/fap_pdf_fields/2025/10.008.pdf", "LIGNE_NO": "8", "LIGNE_NOM": "Le Mont-sur-Lausanne - Lausanne - Pully", "LIGNE_SIGL": null, "LIGNE_TYPE": "Trolleybus", "PLAN_URL": "https://prestations.vd.ch/pub/101587/api/download/2_Cartographie_et_geodonnees/2.1_Carte_des_reseaux/Carte_des_lignes_TP/topo/ligne_10.008.pdf", "SHAPE_LEN": 9467.741 }, "geometry": { "type": "MultiLineString", "coordinates": [ [ [ 2538049.474, 1152759.296 ], [ 2538038.361, 1152762.074 ], [ 2538028.73, 1152765.038 ], [ 2538020.582, 1152767.075 ], [ 2538012.802999999839813, 1152768.187 ], [ 2537998.171, 1152768.002 ], [ 2537978.169000000227243, 1152768.002 ], [ 2537955.94400000013411, 1152767.629999999888241 ], [ 2537947.793, 1152765.593000000109896 ], [ 2537926.311000000219792, 1152754.295 ], [ 2537921.865000000223517, 1152751.888 ], [ 2537917.42, 1152749.85 ], [ 2537913.346, 1152744.294 ], [ 2537891.86200000019744, 1152701.142 ], [ 2537875.378, 1152670.397000000113621 ], [ 2537868.525, 1152655.95 ] ], [ [ 2538398.961999999824911, 1156433.466 ], [ 2538401.926, 1156451.431 ], [ 2538402.779999999795109, 1156457.102 ], [ 2538408.796, 1156497.078 ], [ 2538410.259999999776483, 1156506.808999999891967 ], [ 2538410.771999999880791, 1156510.15 ], [ 2538413.409, 1156527.367 ], [ 2538415.392, 1156540.846 ], [ 2538419.890999999828637, 1156571.447 ], [ 2538422.112999999895692, 1156585.152 ], [ 2538426.00400000018999, 1156610.342 ], [ 2538430.386, 1156635.54 ], [ 2538434.153, 1156657.199 ], [ 2538438.041999999899417, 1156679.608 ], [ 2538439.339000000152737, 1156691.278 ], [ 2538443.597, 1156717.761 ], [ 2538443.412, 1156725.912 ], [ 2538441.562, 1156731.468000000109896 ], [ 2538437.955999999772757, 1156738.08 ], [ 2538438.524000000208616, 1156738.362 ], [ 2538439.072000000160187, 1156738.710999999893829 ], [ 2538439.620000000111759, 1156739.145 ], [ 2538440.049999999813735, 1156739.565 ], [ 2538440.466, 1156740.063 ], [ 2538440.830999999772757, 1156740.602 ], [ 2538441.134999999776483, 1156741.175 ], [ 2538441.379999999888241, 1156741.776 ], [ 2538441.572000000160187, 1156742.449 ], [ 2538441.677000000141561, 1156743.04 ], [ 2538441.728000000119209, 1156743.688 ], [ 2538441.708999999798834, 1156744.335999999893829 ], [ 2538441.614, 1156745.03 ], [ 2538441.458999999798834, 1156745.661 ], [ 2538441.237999999895692, 1156746.273 ], [ 2538440.957, 1156746.857 ], [ 2538440.616, 1156747.411 ], [ 2538440.251999999862164, 1156747.887000000104308 ], [ 2538439.773, 1156748.396 ], [ 2538439.279, 1156748.818 ], [ 2538438.744, 1156749.187 ], [ 2538437.691000000108033, 1156749.709 ], [ 2538441.004999999888241, 1156756.841 ], [ 2538443.041999999899417, 1156763.878 ], [ 2538443.597, 1156775.176 ], [ 2538442.486, 1156790.548 ], [ 2538442.37900000018999, 1156791.446 ], [ 2538440.819999999832362, 1156804.44 ], [ 2538439.151999999769032, 1156815.553 ], [ 2538436.930000000167638, 1156829.258 ], [ 2538434.895, 1156841.296 ], [ 2538430.634, 1156858.52 ], [ 2538428.224, 1156865.203 ], [ 2538426.558999999891967, 1156869.819 ], [ 2538422.855, 1156878.709 ], [ 2538419.15, 1156885.746 ], [ 2538415.631, 1156891.857 ], [ 2538412.296999999787658, 1156897.601 ], [ 2538407.298, 1156904.268 ], [ 2538402.666999999899417, 1156910.379 ], [ 2538397.852, 1156916.120000000111759 ], [ 2538390.998999999836087, 1156923.159 ], [ 2538375.99599999981001, 1156940.013 ], [ 2538362.291000000201166, 1156955.754999999888241 ], [ 2538357.477, 1156962.052 ], [ 2538352.105, 1156969.275 ], [ 2538345.992, 1156980.759 ], [ 2538342.845000000204891, 1156987.982 ], [ 2538339.882000000216067, 1156996.501 ], [ 2538337.657999999821186, 1157004.65 ], [ 2538335.80599999986589, 1157012.43 ] ], [ [ 2538482.25929375551641, 1151395.513709643157199 ], [ 2538491.904999999795109, 1151393.200999999884516 ], [ 2538503.954, 1151385.359 ], [ 2538518.241, 1151379.274 ], [ 2538675.034, 1151316.752 ], [ 2538746.140999999828637, 1151288.267 ], [ 2538764.893000000156462, 1151281.124 ], [ 2538813.708999999798834, 1151262.534 ], [ 2538895.984000000171363, 1151230.635 ], [ 2538952.165, 1151208.906999999890104 ], [ 2538963.865000000223517, 1151204.536 ], [ 2538967.21100000012666, 1151203.575999999884516 ], [ 2538975.949, 1151201.065 ], [ 2538988.80599999986589, 1151198.493 ], [ 2538998.653, 1151197.176 ], [ 2539007.446, 1151196.0 ], [ 2539024.450999999884516, 1151194.573 ], [ 2539038.858, 1151194.313 ], [ 2539055.214999999850988, 1151195.352 ], [ 2539072.739, 1151197.039000000106171 ], [ 2539117.237999999895692, 1151201.171 ], [ 2539127.258, 1151202.101 ], [ 2539164.327, 1151205.616 ], [ 2539184.762000000104308, 1151207.552 ], [ 2539234.747, 1151211.786 ], [ 2539307.060471906792372, 1151218.636527973460034 ], [ 2539313.384033422917128, 1151216.215252476977184 ], [ 2539325.641514773946255, 1151209.763679077615961 ], [ 2539335.080308080650866, 1151207.683199131861329 ], [ 2539342.047470148652792, 1151207.364727647043765 ], [ 2539346.319118694867939, 1151211.292013104073703 ], [ 2539348.365538540761918, 1151216.730651847086847 ], [ 2539348.455682128667831, 1151225.663116621784866 ], [ 2539339.569840110372752, 1151233.197265045484528 ], [ 2539334.093696993775666, 1151233.252539189066738 ], [ 2539323.599161920603365, 1151229.388098710682243 ], [ 2539307.311893789563328, 1151218.882138405693695 ] ], [ [ 2538491.904999999795109, 1151393.200999999884516 ], [ 2538485.536369510926306, 1151405.591980147873983 ] ], [ [ 2538236.904999999795109, 1153150.642 ], [ 2538257.649000000208616, 1153128.788 ], [ 2538264.6, 1153120.659 ], [ 2538278.359000000171363, 1153104.57 ], [ 2538280.615000000223517, 1153101.933 ], [ 2538285.975, 1153095.649 ], [ 2538305.606999999843538, 1153072.629999999888241 ], [ 2538307.470000000204891, 1153070.446 ], [ 2538312.173, 1153065.139999999897555 ], [ 2538340.623000000137836, 1153033.035 ], [ 2538343.615000000223517, 1153029.187 ], [ 2538354.026999999769032, 1153015.785 ], [ 2538350.555000000167638, 1153015.689 ], [ 2538340.623000000137836, 1153015.44 ], [ 2538327.287, 1153013.588 ], [ 2538322.75, 1153012.545 ], [ 2538313.582, 1153010.439 ], [ 2538296.913000000175089, 1153006.735000000102445 ], [ 2538278.578000000212342, 1152998.214 ], [ 2538269.700000000186265, 1153034.778 ], [ 2538267.65, 1153043.221 ], [ 2538257.399000000208616, 1153083.74 ], [ 2538255.796999999787658, 1153090.079 ], [ 2538250.079, 1153110.834 ], [ 2538247.276, 1153121.009 ], [ 2538236.904999999795109, 1153150.642 ], [ 2538220.791999999899417, 1153181.573 ], [ 2538203.566999999806285, 1153215.28 ], [ 2538202.938, 1153216.808999999891967 ], [ 2538189.677000000141561, 1153248.987999999895692 ], [ 2538186.713, 1153257.137000000104308 ], [ 2538177.082, 1153282.139999999897555 ], [ 2538166.71100000012666, 1153306.218000000109896 ], [ 2538156.153, 1153332.517 ], [ 2538147.079, 1153356.224 ], [ 2538129.112999999895692, 1153407.898 ], [ 2538121.890999999828637, 1153430.492 ], [ 2538118.742, 1153442.531 ], [ 2538113.0, 1153461.977999999886379 ], [ 2538107.410000000149012, 1153483.539000000106171 ], [ 2538105.222, 1153491.982 ], [ 2538091.887000000104308, 1153536.062 ], [ 2538086.515999999828637, 1153555.509 ], [ 2538082.441000000108033, 1153566.992 ], [ 2538078.921999999787658, 1153576.438 ], [ 2538075.032000000122935, 1153585.141 ], [ 2538070.032999999821186, 1153593.291999999899417 ], [ 2538065.031, 1153600.884 ], [ 2538057.623000000137836, 1153610.886 ], [ 2538048.546999999787658, 1153622.554 ], [ 2538027.804, 1153651.077 ], [ 2538007.247, 1153676.635 ], [ 2537976.316999999806285, 1153717.567 ], [ 2537944.836999999824911, 1153758.077 ], [ 2537934.764, 1153770.777 ], [ 2537931.086999999824911, 1153776.118 ], [ 2537928.348000000230968, 1153780.166 ], [ 2537925.396000000182539, 1153785.315 ], [ 2537924.696, 1153788.544 ], [ 2537923.901999999769032, 1153792.206 ], [ 2537923.162, 1153798.688 ], [ 2537923.347, 1153806.835999999893829 ], [ 2537924.457, 1153815.541999999899417 ], [ 2537926.68099999986589, 1153824.987999999895692 ], [ 2537930.199, 1153832.767 ], [ 2537935.200000000186265, 1153840.173 ], [ 2537941.497, 1153847.582 ], [ 2537950.757000000216067, 1153855.732 ], [ 2537961.5, 1153860.547 ], [ 2537969.649000000208616, 1153863.141 ], [ 2537975.575999999884516, 1153863.696 ], [ 2537983.725999999791384, 1153864.066000000108033 ], [ 2537988.546999999787658, 1153863.878 ], [ 2537994.836999999824911, 1153863.141 ], [ 2538000.950000000186265, 1153860.547 ], [ 2538005.950000000186265, 1153857.213 ], [ 2538021.691999999806285, 1153846.472 ], [ 2538044.288000000175089, 1153832.395 ], [ 2538081.699, 1153808.874 ], [ 2538097.707, 1153798.585 ], [ 2538105.037, 1153793.872 ], [ 2538117.075000000186265, 1153787.945 ], [ 2538128.927999999839813, 1153783.685 ], [ 2538140.041000000201166, 1153781.463 ], [ 2538154.858, 1153780.538 ], [ 2538165.784, 1153781.834 ], [ 2538176.711999999824911, 1153785.538 ], [ 2538183.379999999888241, 1153788.872 ], [ 2538190.602, 1153792.946 ], [ 2538196.714999999850988, 1153796.835 ], [ 2538209.494, 1153807.948 ], [ 2538215.606999999843538, 1153817.022000000113621 ], [ 2538220.977, 1153827.95 ], [ 2538223.754999999888241, 1153839.987999999895692 ], [ 2538225.793, 1153849.806 ], [ 2538227.46, 1153857.954 ], [ 2538228.015000000130385, 1153864.993 ], [ 2538228.117999999783933, 1153866.796 ], [ 2538228.384999999776483, 1153871.475 ], [ 2538228.757000000216067, 1153880.179 ], [ 2538228.757000000216067, 1153911.48 ], [ 2538226.717999999877065, 1153940.002 ], [ 2538224.311000000219792, 1153984.082 ], [ 2538222.829, 1154022.79 ], [ 2538222.458999999798834, 1154043.162 ], [ 2538222.643999999854714, 1154073.166 ], [ 2538222.458999999798834, 1154105.023 ], [ 2538222.458999999798834, 1154120.395 ], [ 2538222.643999999854714, 1154131.138 ], [ 2538223.842000000178814, 1154150.208000000100583 ], [ 2538224.866, 1154166.512000000104308 ], [ 2538226.163000000175089, 1154180.587 ], [ 2538228.015000000130385, 1154196.886 ], [ 2538230.978999999817461, 1154213.556 ], [ 2538235.794000000227243, 1154232.816000000108033 ], [ 2538250.609999999869615, 1154296.714 ], [ 2538256.538000000175089, 1154328.57 ], [ 2538260.796999999787658, 1154353.017 ], [ 2538263.205999999772757, 1154372.093000000109896 ], [ 2538264.87099999981001, 1154388.393 ], [ 2538265.798, 1154406.541999999899417 ], [ 2538266.05599999986589, 1154416.541999999899417 ], [ 2538266.353999999817461, 1154428.026 ], [ 2538265.798, 1154441.176 ], [ 2538263.021000000182539, 1154469.883 ], [ 2538262.464000000152737, 1154474.329 ], [ 2538260.796999999787658, 1154484.886 ], [ 2538258.204, 1154499.703 ], [ 2538216.482451742980629, 1154774.797374968184158 ], [ 2538186.450941149145365, 1154875.54740335047245 ], [ 2538193.025568543933332, 1154943.276516321115196 ], [ 2538194.536814965773374, 1154967.74294561217539 ], [ 2538189.749157103244215, 1154992.064846197841689 ], [ 2538138.080509343650192, 1155111.447588095441461 ], [ 2538111.229099933989346, 1155194.583606050582603 ], [ 2538117.36998451827094, 1155301.650000840192661 ], [ 2538131.569550860673189, 1155375.991194243775681 ], [ 2538136.456683651544154, 1155442.895107308635488 ], [ 2538118.286263564135879, 1155553.555197261972353 ], [ 2538100.662768117617816, 1155635.753265516832471 ], [ 2538098.739460998214781, 1155693.518704339396209 ], [ 2538117.04082247056067, 1155758.607087788172066 ], [ 2538216.501286638900638, 1155960.104588346555829 ], [ 2538350.132517507765442, 1156219.823365092277527 ], [ 2538395.806751912459731, 1156416.839865421876311 ] ], [ [ 2538437.691000000108033, 1156749.709 ], [ 2538437.099, 1156749.901 ], [ 2538436.41399999987334, 1156750.048 ], [ 2538435.818, 1156750.111 ], [ 2538435.117, 1156750.114 ], [ 2538434.521000000182539, 1156750.054 ], [ 2538433.910000000149012, 1156749.931 ], [ 2538433.241, 1156749.723 ], [ 2538432.645, 1156749.464 ], [ 2538432.122, 1156749.171 ], [ 2538431.588, 1156748.799000000115484 ], [ 2538431.097, 1156748.375 ], [ 2538430.653, 1156747.902 ], [ 2538430.258, 1156747.385 ], [ 2538429.896999999880791, 1156746.786 ], [ 2538429.642, 1156746.242 ], [ 2538429.423, 1156745.629999999888241 ], [ 2538429.26299999980256, 1156744.95 ], [ 2538429.186000000219792, 1156744.355 ], [ 2538429.165, 1156743.707 ], [ 2538429.219, 1156743.009 ], [ 2538429.336999999824911, 1156742.369 ], [ 2538429.591, 1156741.561 ], [ 2538429.859000000171363, 1156740.966 ], [ 2538430.187, 1156740.405 ], [ 2538430.568, 1156739.881 ], [ 2538431.00400000018999, 1156739.397000000113621 ], [ 2538431.447000000160187, 1156738.993 ], [ 2538432.011, 1156738.58 ], [ 2538432.528, 1156738.276 ], [ 2538433.117999999783933, 1156738.006 ], [ 2538433.782999999821186, 1156737.783 ], [ 2538434.416999999899417, 1156737.643 ], [ 2538435.062, 1156737.568 ], [ 2538435.660999999847263, 1156737.561 ], [ 2538436.359000000171363, 1156737.624 ], [ 2538436.997, 1156737.752 ], [ 2538437.955999999772757, 1156738.08 ] ], [ [ 2538485.47477728780359, 1151405.654646179173142 ], [ 2538488.447999999858439, 1151417.971 ], [ 2538488.846, 1151447.339 ], [ 2538488.052000000141561, 1151486.497 ], [ 2538486.86200000019744, 1151505.283 ], [ 2538485.142, 1151517.188 ], [ 2538482.62900000018999, 1151526.183999999891967 ], [ 2538478.526999999769032, 1151537.297 ], [ 2538472.574, 1151550.262000000104308 ], [ 2538466.356999999843538, 1151561.639999999897555 ], [ 2538459.345000000204891, 1151571.825999999884516 ], [ 2538455.049999999813735, 1151576.574 ], [ 2538451.805000000167638, 1151580.159 ], [ 2538442.717000000178814, 1151587.335 ], [ 2538441.742999999783933, 1151588.054 ], [ 2538415.006, 1151607.772000000113621 ], [ 2538397.048, 1151622.456 ], [ 2538391.839999999850988, 1151628.531999999890104 ], [ 2538388.862999999895692, 1151634.236 ], [ 2538387.5, 1151637.707 ], [ 2538387.00400000018999, 1151642.791 ], [ 2538387.376000000163913, 1151648.371 ], [ 2538389.35, 1151657.052 ], [ 2538393.541999999899417, 1151668.139999999897555 ], [ 2538405.918, 1151700.32 ], [ 2538418.943, 1151734.365 ], [ 2538441.166999999899417, 1151793.367 ], [ 2538456.077, 1151834.44 ], [ 2538456.452, 1151835.47 ], [ 2538504.910000000149012, 1151960.316000000108033 ], [ 2538524.904999999795109, 1152014.202 ], [ 2538526.702, 1152019.465 ], [ 2538530.46100000012666, 1152031.426 ], [ 2538525.369, 1152032.778 ], [ 2538529.904, 1152045.872 ], [ 2538548.241, 1152101.251 ], [ 2538564.353999999817461, 1152152.183 ], [ 2538561.946, 1152153.849 ], [ 2538508.23700000019744, 1152185.891 ], [ 2538461.008, 1152212.376 ], [ 2538420.447999999858439, 1152235.527 ], [ 2538360.470000000204891, 1152271.067 ], [ 2538312.842000000178814, 1152299.053 ], [ 2538278.021000000182539, 1152321.092 ] ], [ [ 2538049.474, 1152759.296 ], [ 2538065.957, 1152752.813 ], [ 2538080.589000000152737, 1152745.776 ], [ 2538087.441999999806285, 1152743.924000000115484 ], [ 2538094.109000000171363, 1152745.036 ], [ 2538099.295, 1152746.703 ], [ 2538103.740000000223517, 1152749.665 ], [ 2538107.629999999888241, 1152754.666999999899417 ], [ 2538111.518999999854714, 1152762.629999999888241 ], [ 2538118.187, 1152777.261 ], [ 2538118.952, 1152778.94 ], [ 2538124.853999999817461, 1152791.893 ], [ 2538132.447000000160187, 1152807.45 ], [ 2538141.708000000100583, 1152828.751 ], [ 2538154.673, 1152858.383 ], [ 2538165.969, 1152885.794 ], [ 2538181.713, 1152919.502 ], [ 2538188.937, 1152930.058999999891967 ], [ 2538198.568, 1152941.541 ], [ 2538207.642, 1152951.172 ], [ 2538215.606999999843538, 1152958.766 ], [ 2538223.94, 1152965.989 ], [ 2538232.830999999772757, 1152972.101 ], [ 2538240.795, 1152977.842 ], [ 2538252.278, 1152984.324 ], [ 2538263.94400000013411, 1152990.622 ], [ 2538278.578000000212342, 1152998.214 ] ], [ [ 2538128.188, 1152353.319 ], [ 2538141.523, 1152349.058999999891967 ], [ 2538157.044000000227243, 1152344.435 ], [ 2538158.932, 1152343.873 ], [ 2538165.615000000223517, 1152342.079 ], [ 2538181.713, 1152337.761 ], [ 2538192.169000000227243, 1152335.952 ], [ 2538216.153, 1152331.8 ], [ 2538278.021000000182539, 1152321.092 ] ], [ [ 2538128.188, 1152353.319 ], [ 2538120.03899999987334, 1152357.023 ], [ 2538114.111, 1152361.652 ], [ 2538109.481000000145286, 1152366.654 ], [ 2538084.676, 1152402.311 ], [ 2538082.811000000219792, 1152404.993 ], [ 2538070.957, 1152421.75 ], [ 2538058.365000000223517, 1152440.521 ], [ 2538057.026, 1152442.53 ], [ 2538055.964999999850988, 1152444.112999999895692 ], [ 2538030.795, 1152481.679 ], [ 2538004.768999999854714, 1152520.521 ], [ 2538001.49599999981001, 1152525.013 ], [ 2537987.614, 1152546.306 ], [ 2537977.799000000115484, 1152560.568 ], [ 2537969.649000000208616, 1152571.308999999891967 ], [ 2537961.12900000018999, 1152583.163 ], [ 2537946.869, 1152599.460999999893829 ], [ 2537939.203000000212342, 1152608.573 ], [ 2537928.532999999821186, 1152619.464 ], [ 2537923.936000000219792, 1152623.516 ], [ 2537911.308999999891967, 1152633.725 ], [ 2537868.525, 1152655.95 ] ] ] } },
{ "type": "Feature", "properties": { "CADRE_NO": "10.042", "DDT_URL": null, "ETC_NOM": "Transports publics de la région lausannoise", "ETC_SIGLE": "TL", "ETC_URL": "https://www.t-l.ch", "GO_CENTRE": 0, "HORAIR_URL": "https://www.tableaux-horaires.ch/fileadmin/fap_pdf_fields/2025/10.042.pdf", "LIGNE_NO": "42", "LIGNE_NOM": "Lausanne Foyer - Pont-de-Chailly - Sallaz", "LIGNE_SIGL": null, "LIGNE_TYPE": "Bus urbain", "PLAN_URL": "https://prestations.vd.ch/pub/101587/api/download/2_Cartographie_et_geodonnees/2.1_Carte_des_reseaux/Carte_des_lignes_TP/topo/ligne_10.042.pdf", "SHAPE_LEN": 2148.262 }, "geometry": { "type": "MultiLineString", "coordinates": [ [ [ 2539603.202, 1153120.987 ], [ 2539609.116, 1153117.675 ], [ 2539619.859000000171363, 1153109.526 ], [ 2539625.043, 1153105.082 ], [ 2539628.007000000216067, 1153101.748 ], [ 2539630.901, 1153098.5 ] ], [ [ 2540326.204, 1153854.620000000111759 ], [ 2540326.258, 1153853.931 ], [ 2540326.4, 1153853.297 ], [ 2540326.623999999836087, 1153852.688 ], [ 2540326.930000000167638, 1153852.115 ], [ 2540327.31, 1153851.589 ], [ 2540327.721, 1153851.152 ], [ 2540328.265999999828637, 1153850.712 ], [ 2540328.779, 1153850.403 ], [ 2540329.845000000204891, 1153850.0 ], [ 2540330.443, 1153849.892 ], [ 2540331.091, 1153849.861 ], [ 2540331.737999999895692, 1153849.918 ], [ 2540332.42, 1153850.077 ], [ 2540332.98, 1153850.29 ], [ 2540333.551, 1153850.598 ], [ 2540334.077, 1153850.983 ], [ 2540334.544000000227243, 1153851.433 ], [ 2540334.947000000160187, 1153851.943 ], [ 2540335.276, 1153852.501 ], [ 2540335.528, 1153853.1 ], [ 2540335.705999999772757, 1153853.784 ], [ 2540335.779999999795109, 1153854.423 ], [ 2540335.76299999980256, 1153855.121 ], [ 2540335.666000000201166, 1153855.713 ], [ 2540335.461999999824911, 1153856.383 ], [ 2540335.211999999824911, 1153856.926 ], [ 2540334.549000000115484, 1153857.862999999895692 ], [ 2540334.043, 1153858.347 ], [ 2540333.558999999891967, 1153858.698 ], [ 2540332.941999999806285, 1153859.029 ], [ 2540332.330999999772757, 1153859.253 ], [ 2540331.697000000160187, 1153859.389999999897555 ], [ 2540331.145, 1153859.44 ], [ 2540330.497, 1153859.416 ], [ 2540329.856000000145286, 1153859.306 ], [ 2540329.191000000108033, 1153859.09 ], [ 2540328.606999999843538, 1153858.805 ], [ 2540328.106999999843538, 1153858.475 ], [ 2540327.616, 1153858.048 ], [ 2540327.188, 1153857.562 ], [ 2540326.829, 1153857.018 ], [ 2540326.529, 1153856.387000000104308 ], [ 2540326.347, 1153855.816000000108033 ], [ 2540326.204, 1153854.620000000111759 ] ] ] } },
{ "type": "Feature", "properties": { "CADRE_NO": "10.007", "DDT_URL": null, "ETC_NOM": "Transports publics de la région lausannoise", "ETC_SIGLE": "TL", "ETC_URL": "https://www.t-l.ch", "GO_CENTRE": 0, "HORAIR_URL": "https://www.tableaux-horaires.ch/fileadmin/fap_pdf_fields/2025/10.007.pdf", "LIGNE_NO": "7", "LIGNE_NOM": "Prilly Galicien/Aréna - Lausanne Chauderon - Pully Rosiaz - Val-Vert", "LIGNE_SIGL": null, "LIGNE_TYPE": "Trolleybus", "PLAN_URL": "https://prestations.vd.ch/pub/101587/api/download/2_Cartographie_et_geodonnees/2.1_Carte_des_reseaux/Carte_des_lignes_TP/topo/ligne_10.007.pdf", "SHAPE_LEN": 6947.888 }, "geometry": { "type": "MultiLineString", "coordinates": [ [ [ 2535816.412, 1153406.045 ], [ 2535852.157000000122935, 1153387.154 ], [ 2535909.017, 1153354.187 ], [ 2535942.51299999980256, 1153335.5 ], [ 2535963.608, 1153322.557 ], [ 2535964.58, 1153321.96 ], [ 2535976.964999999850988, 1153315.251 ], [ 2535997.176, 1153303.626 ], [ 2536027.736, 1153285.659 ], [ 2536071.629999999888241, 1153260.841 ], [ 2536136.639, 1153223.058999999891967 ], [ 2536172.383, 1153201.575 ], [ 2536173.406, 1153200.985000000102445 ], [ 2536199.98, 1153185.647000000113621 ], [ 2536224.983, 1153171.385 ], [ 2536228.015000000130385, 1153169.695 ], [ 2536249.24599999981001, 1153157.865 ], [ 2536263.136, 1153151.383 ], [ 2536287.583999999798834, 1153140.825999999884516 ], [ 2536314.808999999891967, 1153134.9 ], [ 2536340.367999999783933, 1153131.195 ], [ 2536389.634, 1153126.01 ], [ 2536431.261, 1153122.556 ], [ 2536516.686000000219792, 1153116.378 ], [ 2536586.375, 1153113.9 ], [ 2536594.725999999791384, 1153113.602999999886379 ], [ 2536629.44400000013411, 1153112.367 ], [ 2536657.259, 1153111.378 ], [ 2536728.751000000163913, 1153108.601 ], [ 2536794.12900000018999, 1153104.525 ], [ 2536859.322000000160187, 1153101.377 ], [ 2536883.029999999795109, 1153100.264999999897555 ], [ 2536896.92, 1153098.97 ], [ 2536898.702, 1153098.642 ], [ 2536905.99599999981001, 1153097.303 ], [ 2536918.219, 1153094.894 ], [ 2536928.961999999824911, 1153091.747 ], [ 2536943.407000000122935, 1153086.56 ], [ 2536960.816999999806285, 1153078.597 ], [ 2536967.112999999895692, 1153075.077 ], [ 2536975.264, 1153069.15 ], [ 2536994.339999999850988, 1153054.334 ], [ 2537036.01299999980256, 1153023.034 ], [ 2537036.879999999888241, 1153022.342 ], [ 2537047.609000000171363, 1153013.781999999890104 ], [ 2537068.423, 1152997.476 ], [ 2537128.986, 1152952.284 ], [ 2537184.179, 1152910.797 ], [ 2537195.662, 1152902.278 ], [ 2537203.069999999832362, 1152897.647000000113621 ], [ 2537216.219, 1152889.498 ], [ 2537224.183999999891967, 1152884.867 ], [ 2537240.481999999843538, 1152876.039000000106171 ], [ 2537257.319999999832362, 1152868.608 ], [ 2537297.674000000115484, 1152852.993 ], [ 2537351.393000000156462, 1152832.583000000100583 ], [ 2537387.784, 1152824.041 ], [ 2537388.804, 1152823.893 ], [ 2537411.254999999888241, 1152820.623 ], [ 2537441.066999999806285, 1152817.058 ], [ 2537486.489, 1152811.872 ], [ 2537531.518000000156462, 1152805.224 ], [ 2537553.629999999888241, 1152800.775 ], [ 2537562.156, 1152799.06 ], [ 2537584.970000000204891, 1152793.003 ], [ 2537631.829, 1152778.558 ], [ 2537653.498000000137836, 1152770.964 ], [ 2537655.904999999795109, 1152769.852 ], [ 2537693.133, 1152750.591 ] ], [ [ 2539586.68099999986589, 1153121.308 ], [ 2539582.632000000216067, 1153119.342 ], [ 2539573.926, 1153111.749 ], [ 2539547.071, 1153077.855 ], [ 2539535.589000000152737, 1153063.409 ], [ 2539518.179, 1153041.183999999891967 ], [ 2539507.066000000108033, 1153026.737999999895692 ], [ 2539502.622, 1153020.254999999888241 ], [ 2539497.991, 1153012.661 ], [ 2539495.399000000208616, 1153008.216 ], [ 2539490.396999999880791, 1152998.214 ], [ 2539486.508, 1152989.139999999897555 ], [ 2539483.174999999813735, 1152980.436 ], [ 2539480.026, 1152969.879 ], [ 2539477.062, 1152956.914000000106171 ], [ 2539473.91399999987334, 1152943.949 ], [ 2539466.876000000163913, 1152909.5 ], [ 2539461.572000000160187, 1152879.762000000104308 ], [ 2539457.430000000167638, 1152856.531 ], [ 2539453.541000000201166, 1152836.898 ], [ 2539449.836999999824911, 1152823.749 ], [ 2539447.058999999891967, 1152814.674000000115484 ], [ 2539443.355, 1152804.673 ], [ 2539438.353999999817461, 1152794.115 ], [ 2539431.316999999806285, 1152782.077 ], [ 2539425.759999999776483, 1152772.261 ], [ 2539419.092000000178814, 1152763.926 ], [ 2539406.312, 1152748.183999999891967 ], [ 2539382.236, 1152722.995000000111759 ], [ 2539355.936000000219792, 1152697.252 ], [ 2539330.563, 1152669.84 ], [ 2539306.67, 1152645.392 ], [ 2539282.779, 1152620.019 ], [ 2539259.258, 1152597.98 ], [ 2539252.034, 1152589.831 ], [ 2539233.697999999858439, 1152576.311 ], [ 2539220.798, 1152569.897000000113621 ] ], [ [ 2538049.474, 1152759.296 ], [ 2538038.361, 1152762.074 ], [ 2538028.73, 1152765.038 ], [ 2538020.582, 1152767.075 ], [ 2538012.802999999839813, 1152768.187 ], [ 2537998.171, 1152768.002 ], [ 2537978.169000000227243, 1152768.002 ], [ 2537955.94400000013411, 1152767.629999999888241 ], [ 2537947.793, 1152765.593000000109896 ], [ 2537926.311000000219792, 1152754.295 ], [ 2537921.865000000223517, 1152751.888 ], [ 2537917.42, 1152749.85 ], [ 2537913.346, 1152744.294 ], [ 2537891.86200000019744, 1152701.142 ], [ 2537875.378, 1152670.397000000113621 ], [ 2537868.525, 1152655.95 ], [ 2537854.449, 1152664.099 ], [ 2537783.143999999854714, 1152702.807 ], [ 2537693.133, 1152750.591 ] ], [ [ 2535922.467000000178814, 1153232.347 ], [ 2535923.08600000012666, 1153232.288 ], [ 2535923.736, 1153232.287 ], [ 2535924.384, 1153232.345 ], [ 2535925.071, 1153232.473 ], [ 2535925.649000000208616, 1153232.638 ], [ 2535926.254999999888241, 1153232.868 ], [ 2535926.839000000152737, 1153233.155 ], [ 2535927.435, 1153233.521 ], [ 2535927.915, 1153233.881 ], [ 2535928.399000000208616, 1153234.315 ], [ 2535928.872, 1153234.829 ], [ 2535929.265000000130385, 1153235.348 ], [ 2535929.609000000171363, 1153235.899 ], [ 2535929.879999999888241, 1153236.433999999891967 ], [ 2535930.13799999980256, 1153237.083000000100583 ], [ 2535930.307, 1153237.66 ], [ 2535930.443, 1153238.347 ], [ 2535930.50400000018999, 1153238.943 ], [ 2535930.51299999980256, 1153239.593000000109896 ], [ 2535930.463, 1153240.239 ], [ 2535930.341, 1153240.93 ], [ 2535930.17, 1153241.557 ], [ 2535929.941999999806285, 1153242.166 ], [ 2535929.657000000122935, 1153242.748 ], [ 2535929.349, 1153243.264 ], [ 2535928.967999999877065, 1153243.79 ], [ 2535928.518999999854714, 1153244.297 ], [ 2535928.046999999787658, 1153244.743 ], [ 2535927.535999999847263, 1153245.144 ], [ 2535926.585, 1153245.712 ] ], [ [ 2535922.467000000178814, 1153232.347 ], [ 2535921.801, 1153232.47 ], [ 2535921.12900000018999, 1153232.666 ], [ 2535920.569999999832362, 1153232.884 ], [ 2535919.944999999832362, 1153233.198 ], [ 2535919.393999999854714, 1153233.543 ], [ 2535918.878, 1153233.936 ], [ 2535918.399000000208616, 1153234.376 ], [ 2535917.995000000111759, 1153234.819 ], [ 2535917.572999999858439, 1153235.377 ], [ 2535917.256, 1153235.887000000104308 ] ], [ [ 2539586.696248719003052, 1153121.241616108454764 ], [ 2539603.202, 1153120.987 ], [ 2539609.116, 1153117.675 ], [ 2539619.859000000171363, 1153109.526 ], [ 2539625.043, 1153105.082 ], [ 2539628.007000000216067, 1153101.748 ], [ 2539630.901, 1153098.5 ], [ 2539632.824, 1153093.781999999890104 ], [ 2539634.489, 1153079.522000000113621 ], [ 2539636.898, 1153050.259 ], [ 2539640.046999999787658, 1153022.291999999899417 ], [ 2539643.565, 1153000.808999999891967 ], [ 2539646.159, 1152989.139999999897555 ], [ 2539650.048, 1152976.732 ], [ 2539654.123000000137836, 1152965.619 ], [ 2539661.344, 1152953.766 ], [ 2539669.495000000111759, 1152943.764 ], [ 2539674.311000000219792, 1152938.207 ], [ 2539680.421999999787658, 1152933.763 ], [ 2539692.645, 1152927.096 ], [ 2539705.239, 1152920.058 ], [ 2539718.204, 1152911.537 ], [ 2539720.583999999798834, 1152909.573 ], [ 2539729.872, 1152901.906 ], [ 2539743.392, 1152889.870000000111759 ], [ 2539759.134, 1152870.977 ], [ 2539802.474, 1152820.415 ], [ 2539826.921, 1152794.3 ], [ 2539849.887000000104308, 1152768.927 ], [ 2539863.963, 1152754.852 ], [ 2539876.558000000193715, 1152743.369 ], [ 2539882.279999999795109, 1152738.241 ], [ 2539885.447999999858439, 1152735.403 ], [ 2539896.561000000219792, 1152727.07 ], [ 2539903.598000000230968, 1152722.625 ], [ 2539908.41399999987334, 1152719.846 ], [ 2539930.822999999858439, 1152711.328 ], [ 2539968.791000000201166, 1152698.362 ], [ 2539977.989, 1152695.049000000115484 ], [ 2540000.355, 1152686.993 ], [ 2540028.427999999839813, 1152676.879 ], [ 2540053.617999999783933, 1152667.987999999895692 ], [ 2540065.063, 1152664.197 ], [ 2540085.473000000230968, 1152656.504999999888241 ], [ 2540108.811000000219792, 1152648.171 ], [ 2540123.06900000013411, 1152644.467 ], [ 2540133.812, 1152642.615 ], [ 2540138.302999999839813, 1152642.085999999893829 ], [ 2540143.258, 1152641.503 ], [ 2540146.961999999824911, 1152641.318 ], [ 2540175.67, 1152640.022000000113621 ], [ 2540205.859000000171363, 1152639.281 ], [ 2540222.713, 1152638.54 ], [ 2540234.566000000108033, 1152637.615 ], [ 2540243.457, 1152637.43 ], [ 2540246.241, 1152637.112999999895692 ], [ 2540254.938, 1152636.133 ], [ 2540266.793, 1152633.726 ], [ 2540275.312, 1152631.687 ], [ 2540283.646999999880791, 1152629.465 ], [ 2540290.686000000219792, 1152626.687 ], [ 2540300.872, 1152621.871 ], [ 2540315.132000000216067, 1152614.648 ], [ 2540335.319999999832362, 1152602.239 ], [ 2540368.657000000122935, 1152581.866 ], [ 2540394.700000000186265, 1152565.501 ], [ 2540418.108, 1152553.159 ], [ 2540450.52, 1152533.341 ], [ 2540493.302000000141561, 1152507.227 ], [ 2540512.751000000163913, 1152495.374 ], [ 2540525.901, 1152485.928 ], [ 2540534.79, 1152478.706 ], [ 2540541.457, 1152472.223 ], [ 2540551.086999999824911, 1152461.110000000102445 ], [ 2540563.497, 1152446.479 ], [ 2540571.276, 1152438.699 ], [ 2540580.537, 1152432.217 ], [ 2540586.092999999877065, 1152429.625 ], [ 2540595.724, 1152426.106 ], [ 2540606.095000000204891, 1152423.327 ], [ 2540616.281, 1152422.772000000113621 ], [ 2540620.541999999899417, 1152422.401 ], [ 2540625.356000000145286, 1152423.142 ], [ 2540635.91399999987334, 1152425.92 ], [ 2540641.284, 1152427.403 ], [ 2540647.026999999769032, 1152429.81 ], [ 2540655.916000000201166, 1152434.997 ], [ 2540667.214000000152737, 1152441.849 ], [ 2540686.29, 1152453.331 ], [ 2540719.812, 1152473.333000000100583 ], [ 2540746.296999999787658, 1152489.447 ], [ 2540765.744, 1152500.745000000111759 ], [ 2540775.932, 1152507.597 ], [ 2540781.487999999895692, 1152512.783 ], [ 2540785.748000000137836, 1152517.044 ], [ 2540789.267, 1152524.450999999884516 ], [ 2540791.859000000171363, 1152531.675 ], [ 2540797.378, 1152546.627 ], [ 2540806.419000000227243, 1152571.119 ], [ 2540807.805000000167638, 1152576.044 ], [ 2540808.526, 1152578.604 ], [ 2540813.528, 1152600.202 ], [ 2540815.21, 1152608.294 ], [ 2540815.816000000108033, 1152608.149 ], [ 2540816.509, 1152608.06 ], [ 2540817.160999999847263, 1152608.051 ], [ 2540817.80599999986589, 1152608.112 ], [ 2540818.395, 1152608.232 ], [ 2540819.061000000219792, 1152608.444 ], [ 2540819.609999999869615, 1152608.686 ], [ 2540820.214999999850988, 1152609.036 ], [ 2540820.827, 1152609.498 ], [ 2540820.77, 1152618.631 ], [ 2540820.251000000163913, 1152619.021 ], [ 2540819.693, 1152619.352 ], [ 2540819.052999999839813, 1152619.639999999897555 ], [ 2540818.296, 1152619.873 ], [ 2540817.65, 1152619.989 ], [ 2540817.001999999862164, 1152620.034 ], [ 2540816.393000000156462, 1152620.012000000104308 ], [ 2540815.217999999877065, 1152619.789000000106171 ], [ 2540814.603999999817461, 1152619.57 ], [ 2540814.063, 1152619.311 ], [ 2540813.509, 1152618.972 ], [ 2540812.957, 1152618.541999999899417 ], [ 2540812.494, 1152618.085999999893829 ], [ 2540812.080999999772757, 1152617.585 ], [ 2540811.751000000163913, 1152617.083000000100583 ], [ 2540811.452, 1152616.506 ], [ 2540811.217000000178814, 1152615.9 ], [ 2540811.049999999813735, 1152615.272000000113621 ], [ 2540810.946, 1152614.58 ], [ 2540810.923, 1152613.981 ], [ 2540810.970000000204891, 1152613.283 ], [ 2540811.088, 1152612.644 ], [ 2540811.257000000216067, 1152612.07 ], [ 2540811.523, 1152611.423 ], [ 2540811.838, 1152610.854 ], [ 2540812.182, 1152610.362 ], [ 2540812.643999999854714, 1152609.835999999893829 ], [ 2540813.123000000137836, 1152609.399 ], [ 2540813.606999999843538, 1152609.043 ], [ 2540814.211999999824911, 1152608.691000000108033 ], [ 2540815.21, 1152608.294 ] ], [ [ 2537926.37817607074976, 1152621.460146658588201 ], [ 2537940.898525555618107, 1152644.754916540812701 ], [ 2538010.392680931370705, 1152663.714355168165639 ], [ 2538064.713772333692759, 1152697.902383340988308 ], [ 2538087.441999999806285, 1152743.924000000115484 ], [ 2538094.109000000171363, 1152745.036 ], [ 2538099.295, 1152746.703 ], [ 2538103.740000000223517, 1152749.665 ], [ 2538107.629999999888241, 1152754.666999999899417 ], [ 2538111.518999999854714, 1152762.629999999888241 ], [ 2538118.187, 1152777.261 ], [ 2538118.952, 1152778.94 ], [ 2538124.853999999817461, 1152791.893 ], [ 2538132.447000000160187, 1152807.45 ], [ 2538141.708000000100583, 1152828.751 ], [ 2538154.673, 1152858.383 ], [ 2538165.969, 1152885.794 ], [ 2538181.713, 1152919.502 ], [ 2538188.937, 1152930.058999999891967 ], [ 2538198.568, 1152941.541 ], [ 2538207.642, 1152951.172 ], [ 2538215.606999999843538, 1152958.766 ], [ 2538223.94, 1152965.989 ], [ 2538232.830999999772757, 1152972.101 ], [ 2538240.795, 1152977.842 ], [ 2538252.278, 1152984.324 ], [ 2538263.94400000013411, 1152990.622 ], [ 2538278.578000000212342, 1152998.214 ] ], [ [ 2538638.08600000012666, 1152630.319 ], [ 2538626.214000000152737, 1152630.577 ], [ 2538612.324, 1152631.502 ], [ 2538611.026, 1152631.317 ], [ 2538602.878, 1152633.726 ], [ 2538595.284, 1152637.244 ], [ 2538589.358, 1152641.318 ], [ 2538582.876000000163913, 1152648.356 ], [ 2538579.727, 1152653.913 ], [ 2538576.393000000156462, 1152660.766 ], [ 2538574.910999999847263, 1152667.618 ], [ 2538574.17, 1152674.656 ], [ 2538574.355, 1152680.583000000100583 ], [ 2538574.725999999791384, 1152687.621 ], [ 2538576.578000000212342, 1152696.139999999897555 ], [ 2538578.984999999869615, 1152705.585999999893829 ], [ 2538586.393999999854714, 1152726.7 ], [ 2538588.987999999895692, 1152735.96 ], [ 2538590.653, 1152745.960999999893829 ], [ 2538592.134999999776483, 1152757.259 ], [ 2538592.134999999776483, 1152768.187 ], [ 2538590.838, 1152777.446 ], [ 2538589.543, 1152789.67 ], [ 2538586.208999999798834, 1152799.671 ], [ 2538576.023, 1152829.121 ], [ 2538561.119, 1152874.095 ], [ 2538554.909, 1152892.832 ], [ 2538553.87900000018999, 1152895.521 ], [ 2538534.165, 1152954.321 ], [ 2538529.350999999791384, 1152966.545 ], [ 2538524.16399999987334, 1152973.213 ], [ 2538518.793, 1152977.656999999890104 ], [ 2538508.421999999787658, 1152986.362999999895692 ], [ 2538499.716, 1152992.104 ], [ 2538491.938, 1152996.177 ], [ 2538480.268999999854714, 1153002.105 ], [ 2538469.896999999880791, 1153006.179 ], [ 2538462.305000000167638, 1153008.031999999890104 ], [ 2538447.972, 1153010.524 ], [ 2538436.805000000167638, 1153011.801 ], [ 2538430.705, 1153012.368 ], [ 2538371.669000000227243, 1153014.531999999890104 ], [ 2538360.776, 1153015.207 ], [ 2538354.026999999769032, 1153015.785 ], [ 2538350.555000000167638, 1153015.689 ], [ 2538340.623000000137836, 1153015.44 ], [ 2538327.287, 1153013.588 ], [ 2538322.75, 1153012.545 ], [ 2538313.582, 1153010.439 ], [ 2538296.913000000175089, 1153006.735000000102445 ], [ 2538278.578000000212342, 1152998.214 ] ], [ [ 2538638.08600000012666, 1152630.319 ], [ 2538643.253, 1152630.207 ], [ 2538649.92, 1152630.392 ], [ 2538675.478000000119209, 1152631.131 ], [ 2538679.924000000115484, 1152630.392 ], [ 2538685.295, 1152628.354 ], [ 2538690.666999999899417, 1152625.02 ], [ 2538696.223000000230968, 1152619.279 ], [ 2538717.893000000156462, 1152590.016 ], [ 2538724.188999999780208, 1152581.681 ], [ 2538739.191000000108033, 1152561.494 ], [ 2538746.6, 1152551.493 ], [ 2538751.971, 1152545.379999999888241 ], [ 2538755.304, 1152542.416999999899417 ], [ 2538764.379999999888241, 1152538.158 ], [ 2538776.231999999843538, 1152534.452 ], [ 2538790.123999999836087, 1152530.379 ], [ 2538803.475999999791384, 1152527.469 ], [ 2538804.569999999832362, 1152527.23 ], [ 2538819.757000000216067, 1152523.710999999893829 ], [ 2538851.798, 1152516.857 ], [ 2538878.097, 1152512.413 ], [ 2538903.841, 1152508.894 ], [ 2538932.179, 1152505.561 ], [ 2538956.626999999862164, 1152503.709 ], [ 2538986.444999999832362, 1152501.672 ], [ 2539002.372, 1152500.745000000111759 ], [ 2539027.932, 1152501.3 ], [ 2539041.452, 1152502.781999999890104 ], [ 2539054.787, 1152505.004999999888241 ], [ 2539074.603999999817461, 1152510.19 ], [ 2539109.793, 1152519.636 ], [ 2539123.498999999836087, 1152524.081 ], [ 2539141.464999999850988, 1152530.007 ], [ 2539160.725999999791384, 1152538.158 ], [ 2539175.543, 1152544.825 ], [ 2539199.62099999981001, 1152557.048 ], [ 2539220.798, 1152569.897000000113621 ] ], [ [ 2535926.585, 1153245.713 ], [ 2535929.944999999832362, 1153252.136 ], [ 2535933.835, 1153260.286 ], [ 2535938.279999999795109, 1153273.806 ], [ 2535942.355, 1153287.325999999884516 ], [ 2535944.578000000212342, 1153292.513 ], [ 2535948.281, 1153300.105 ], [ 2535953.653, 1153307.699 ], [ 2535964.58, 1153321.96 ] ] ] } },
{ "type": "Feature", "properties": { "CADRE_NO": "10.064", "DDT_URL": null, "ETC_NOM": "Transports publics de la région lausannoise", "ETC_SIGLE": "TL", "ETC_URL": "https://www.t-l.ch", "GO_CENTRE": 0, "HORAIR_URL": "https://www.tableaux-horaires.ch/fileadmin/fap_pdf_fields/2025/10.064.pdf", "LIGNE_NO": "64", "LIGNE_NOM": "Epalinges - Montblesson - Lausanne", "LIGNE_SIGL": null, "LIGNE_TYPE": "Bus urbain", "PLAN_URL": "https://prestations.vd.ch/pub/101587/api/download/2_Cartographie_et_geodonnees/2.1_Carte_des_reseaux/Carte_des_lignes_TP/topo/ligne_10.064.pdf", "SHAPE_LEN": 8681.346 }, "geometry": { "type": "MultiLineString", "coordinates": [ [ [ 2540886.316999999806285, 1155101.445 ], [ 2540883.907000000122935, 1155098.668 ], [ 2540876.87099999981001, 1155092.186 ], [ 2540870.018000000156462, 1155087.555 ], [ 2540865.478999999817461, 1155085.52 ], [ 2540862.609000000171363, 1155083.85 ], [ 2540854.83, 1155080.703 ], [ 2540847.421, 1155079.406 ], [ 2540838.717999999877065, 1155079.221 ], [ 2540829.642, 1155080.146 ], [ 2540819.455999999772757, 1155082.739 ], [ 2540811.30599999986589, 1155086.073 ], [ 2540790.700999999884516, 1155095.646 ], [ 2540787.785000000149012, 1155097.0 ], [ 2540775.31, 1155102.273 ], [ 2540764.651999999769032, 1155105.634 ], [ 2540755.146000000182539, 1155107.651 ], [ 2540747.56, 1155108.322 ], [ 2540739.686000000219792, 1155108.322 ], [ 2540732.677000000141561, 1155108.129999999888241 ], [ 2540720.183999999891967, 1155106.075999999884516 ], [ 2540673.43099999986589, 1155097.953 ], [ 2540635.407000000122935, 1155091.325999999884516 ], [ 2540607.207, 1155086.628 ], [ 2540575.535000000149012, 1155081.258 ], [ 2540567.386, 1155079.591 ], [ 2540554.977, 1155077.182 ], [ 2540545.903, 1155074.22 ], [ 2540538.123999999836087, 1155070.700999999884516 ], [ 2540530.345000000204891, 1155065.700999999884516 ], [ 2540525.344, 1155061.812 ], [ 2540518.86200000019744, 1155055.514 ], [ 2540513.30599999986589, 1155049.401 ], [ 2540507.748999999836087, 1155041.253 ], [ 2540502.933999999891967, 1155031.808 ], [ 2540494.599, 1155015.323 ], [ 2540489.41399999987334, 1155007.174000000115484 ], [ 2540483.671999999787658, 1154999.950999999884516 ], [ 2540476.26299999980256, 1154992.541999999899417 ], [ 2540467.373999999836087, 1154984.023 ], [ 2540462.125, 1154977.966 ], [ 2540461.582, 1154978.384 ], [ 2540461.031, 1154978.727999999886379 ], [ 2540460.495000000111759, 1154978.996 ], [ 2540459.890000000130385, 1154979.233 ], [ 2540459.265000000130385, 1154979.411 ], [ 2540458.626000000163913, 1154979.528 ], [ 2540457.978999999817461, 1154979.583000000100583 ], [ 2540457.372, 1154979.577 ], [ 2540456.727, 1154979.513 ], [ 2540456.089000000152737, 1154979.385 ], [ 2540455.42, 1154979.181 ], [ 2540454.865000000223517, 1154978.950999999884516 ], [ 2540454.291000000201166, 1154978.649 ], [ 2540453.747, 1154978.291 ], [ 2540453.242, 1154977.884 ], [ 2540452.776999999769032, 1154977.43 ], [ 2540452.356999999843538, 1154976.933999999891967 ], [ 2540451.98700000019744, 1154976.4 ], [ 2540451.649000000208616, 1154975.788 ], [ 2540451.410000000149012, 1154975.237 ], [ 2540451.194999999832362, 1154974.571 ], [ 2540451.028, 1154973.751 ], [ 2540442.753, 1154974.022000000113621 ], [ 2540433.757000000216067, 1154973.757 ], [ 2540425.884999999776483, 1154973.492 ], [ 2540416.359999999869615, 1154973.558999999891967 ], [ 2540408.791000000201166, 1154974.087 ], [ 2540403.034, 1154974.761 ], [ 2540397.943, 1154975.357 ], [ 2540391.223000000230968, 1154976.68 ], [ 2540388.100999999791384, 1154979.379 ], [ 2540381.437, 1154984.579 ] ], [ [ 2540453.776, 1154967.359 ], [ 2540454.049999999813735, 1154967.146 ], [ 2540454.606999999843538, 1154966.821 ], [ 2540455.197000000160187, 1154966.548 ], [ 2540455.859000000171363, 1154966.321 ], [ 2540456.443, 1154966.181 ], [ 2540457.085, 1154966.089 ], [ 2540457.734999999869615, 1154966.057 ], [ 2540458.433000000193715, 1154966.094 ], [ 2540459.075999999884516, 1154966.193 ], [ 2540459.705, 1154966.352999999886379 ], [ 2540460.271999999880791, 1154966.553 ], [ 2540461.219, 1154967.026 ], [ 2540461.79, 1154967.411 ], [ 2540462.25400000018999, 1154967.793 ], [ 2540462.748999999836087, 1154968.287 ], [ 2540463.160999999847263, 1154968.789000000106171 ], [ 2540463.523, 1154969.328 ], [ 2540463.81, 1154969.854 ], [ 2540464.066000000108033, 1154970.453 ], [ 2540464.264, 1154971.071 ], [ 2540464.410000000149012, 1154971.754 ], [ 2540464.478999999817461, 1154972.352 ], [ 2540464.492, 1154973.051 ], [ 2540464.438, 1154973.698 ], [ 2540464.333999999798834, 1154974.288 ], [ 2540464.162, 1154974.916 ], [ 2540463.932, 1154975.524 ], [ 2540463.645, 1154976.107 ], [ 2540463.302999999839813, 1154976.656999999890104 ], [ 2540462.909, 1154977.175 ], [ 2540462.125, 1154977.966 ] ], [ [ 2540370.975999999791384, 1154971.277 ], [ 2540381.23, 1154984.308 ], [ 2540381.437, 1154984.579 ] ] ] } },
{ "type": "Feature", "properties": { "CADRE_NO": "10.069", "DDT_URL": null, "ETC_NOM": "Transports publics de la région lausannoise", "ETC_SIGLE": "TL", "ETC_URL": "https://www.t-l.ch", "GO_CENTRE": 0, "HORAIR_URL": "https://www.tableaux-horaires.ch/fileadmin/fap_pdf_fields/2025/10.069.pdf", "LIGNE_NO": "69", "LIGNE_NOM": "Lutry port - Croix/Lutry - Landar", "LIGNE_SIGL": null, "LIGNE_TYPE": "Bus urbain", "PLAN_URL": "https://prestations.vd.ch/pub/101587/api/download/2_Cartographie_et_geodonnees/2.1_Carte_des_reseaux/Carte_des_lignes_TP/topo/ligne_10.069.pdf", "SHAPE_LEN": 4885.975 }, "geometry": { "type": "MultiLineString", "coordinates": [ [ [ 2543282.700000000186265, 1152208.399 ], [ 2543277.200000000186265, 1152208.567 ] ] ] } },
{ "type": "Feature", "properties": { "CADRE_NO": "10.362", "DDT_URL": null, "ETC_NOM": "CarPostal", "ETC_SIGLE": "CarPostal", "ETC_URL": "https://www.postauto.ch/fr", "GO_CENTRE": 0, "HORAIR_URL": "https://www.tableaux-horaires.ch/fileadmin/fap_pdf_fields/2025/10.362.pdf", "LIGNE_NO": "362", "LIGNE_NOM": "Moudon - Mézières VD - Epalinges Croisettes", "LIGNE_SIGL": null, "LIGNE_TYPE": "Bus régional", "PLAN_URL": "https://prestations.vd.ch/pub/101587/api/download/2_Cartographie_et_geodonnees/2.1_Carte_des_reseaux/Carte_des_lignes_TP/topo/ligne_10.362.pdf", "SHAPE_LEN": 36552.551 }, "geometry": { "type": "MultiLineString", "coordinates": [ [ [ 2539279.484999999869615, 1153916.55 ], [ 2539279.483, 1153916.664000000106171 ], [ 2539281.227, 1153920.908 ], [ 2539281.450000000186265, 1153928.041999999899417 ], [ 2539281.666999999899417, 1153938.15 ], [ 2539283.890999999828637, 1153952.781 ], [ 2539286.298, 1153965.19 ], [ 2539292.03899999987334, 1153985.192 ], [ 2539300.188999999780208, 1154011.862 ], [ 2539308.707, 1154039.829 ], [ 2539320.932, 1154080.205 ], [ 2539326.487999999895692, 1154097.8 ], [ 2539330.748000000137836, 1154107.43 ], [ 2539336.489, 1154120.95 ], [ 2539343.156, 1154133.545 ], [ 2539357.233, 1154156.881 ], [ 2539360.566999999806285, 1154162.438 ], [ 2539369.825999999884516, 1154174.661 ], [ 2539382.975999999791384, 1154191.145 ], [ 2539401.683000000193715, 1154212.999 ], [ 2539410.572999999858439, 1154223.927 ], [ 2539408.186000000219792, 1154225.368 ] ], [ [ 2538049.474, 1152759.296 ], [ 2538038.361, 1152762.074 ], [ 2538028.73, 1152765.038 ], [ 2538020.582, 1152767.075 ], [ 2538012.802999999839813, 1152768.187 ], [ 2537998.171, 1152768.002 ], [ 2537978.169000000227243, 1152768.002 ], [ 2537955.94400000013411, 1152767.629999999888241 ], [ 2537947.793, 1152765.593000000109896 ], [ 2537926.311000000219792, 1152754.295 ], [ 2537921.865000000223517, 1152751.888 ], [ 2537917.42, 1152749.85 ], [ 2537913.346, 1152744.294 ], [ 2537891.86200000019744, 1152701.142 ], [ 2537875.378, 1152670.397000000113621 ], [ 2537868.525, 1152655.95 ], [ 2537854.449, 1152664.099 ], [ 2537783.143999999854714, 1152702.807 ], [ 2537693.133, 1152750.591 ] ], [ [ 2537814.904, 1152123.370000000111759 ], [ 2537814.957, 1152124.034 ], [ 2537814.890000000130385, 1152124.68 ], [ 2537814.708000000100583, 1152125.304 ], [ 2537814.416000000201166, 1152125.883 ], [ 2537814.024000000208616, 1152126.401 ], [ 2537813.586999999824911, 1152126.81 ], [ 2537813.041999999899417, 1152127.166 ], [ 2537812.396999999880791, 1152127.429 ], [ 2537811.852, 1152127.549000000115484 ], [ 2537811.153, 1152127.578 ], [ 2537810.511, 1152127.482 ], [ 2537809.812, 1152127.234 ], [ 2537809.248000000137836, 1152126.899 ], [ 2537808.794000000227243, 1152126.507 ], [ 2537808.353999999817461, 1152125.964 ], [ 2537808.068, 1152125.438 ], [ 2537807.849, 1152124.773 ], [ 2537807.774000000208616, 1152123.689 ], [ 2537807.873999999836087, 1152123.09 ], [ 2537808.091, 1152122.477999999886379 ], [ 2537808.415, 1152121.916 ], [ 2537808.87099999981001, 1152121.386 ], [ 2537809.336999999824911, 1152121.008 ], [ 2537809.950000000186265, 1152120.675 ], [ 2537810.518999999854714, 1152120.487 ], [ 2537811.21100000012666, 1152120.389999999897555 ], [ 2537811.861, 1152120.421 ], [ 2537812.492999999783933, 1152120.57 ], [ 2537813.088, 1152120.829 ], [ 2537813.586999999824911, 1152121.158 ], [ 2537814.091, 1152121.642 ], [ 2537814.443, 1152122.129 ], [ 2537814.742999999783933, 1152122.76 ], [ 2537814.904, 1152123.370000000111759 ], [ 2537826.83600000012666, 1152120.258 ], [ 2537825.187, 1152113.102 ], [ 2537891.86200000019744, 1152098.842 ], [ 2537904.640999999828637, 1152097.732 ], [ 2537953.906, 1152087.544 ], [ 2537954.455, 1152091.213 ], [ 2537965.401999999769032, 1152089.348 ], [ 2537965.284, 1152088.739 ], [ 2537965.259, 1152088.039000000106171 ], [ 2537965.329, 1152087.444 ], [ 2537965.498999999836087, 1152086.817 ], [ 2537965.788000000175089, 1152086.182 ], [ 2537966.145, 1152085.638 ], [ 2537966.546, 1152085.194 ], [ 2537967.089000000152737, 1152084.751 ], [ 2537967.65, 1152084.426 ], [ 2537968.256, 1152084.191000000108033 ], [ 2537968.841, 1152084.058999999891967 ], [ 2537969.48700000019744, 1152084.011 ], [ 2537970.134, 1152084.063 ], [ 2537970.815, 1152084.227999999886379 ], [ 2537971.367999999783933, 1152084.458000000100583 ], [ 2537971.896999999880791, 1152084.773 ], [ 2537972.387000000104308, 1152085.173 ], [ 2537972.853000000119209, 1152085.695 ], [ 2537973.177999999839813, 1152086.199 ], [ 2537973.447999999858439, 1152086.791 ], [ 2537973.631, 1152087.464 ], [ 2537973.700000000186265, 1152088.352999999886379 ], [ 2537973.631, 1152089.007 ], [ 2537973.464000000152737, 1152089.633 ], [ 2537973.225999999791384, 1152090.183999999891967 ], [ 2537972.853000000119209, 1152090.774 ], [ 2537972.423, 1152091.262000000104308 ], [ 2537971.924999999813735, 1152091.678 ], [ 2537971.41399999987334, 1152091.99 ], [ 2537970.815, 1152092.243 ], [ 2537970.145, 1152092.406 ], [ 2537969.546999999787658, 1152092.459 ], [ 2537968.850999999791384, 1152092.412 ], [ 2537968.217000000178814, 1152092.266 ], [ 2537967.614, 1152092.025 ], [ 2537967.096, 1152091.724 ], [ 2537966.552999999839813, 1152091.283 ], [ 2537966.120000000111759, 1152090.799000000115484 ], [ 2537965.791000000201166, 1152090.298 ], [ 2537965.401999999769032, 1152089.348 ] ], [ [ 2537954.455, 1152091.213 ], [ 2537955.572999999858439, 1152097.360000000102445 ], [ 2537906.492999999783933, 1152107.361 ], [ 2537903.382000000216067, 1152107.95 ], [ 2537885.936000000219792, 1152111.252 ], [ 2537876.120000000111759, 1152112.177 ], [ 2537874.285000000149012, 1152112.56 ], [ 2537827.224, 1152122.362999999895692 ], [ 2537826.83600000012666, 1152120.258 ] ], [ [ 2537809.812, 1152127.234 ], [ 2537803.703000000212342, 1152137.18 ], [ 2537797.589999999850988, 1152143.106 ], [ 2537790.367999999783933, 1152148.663 ], [ 2537782.774000000208616, 1152153.849 ], [ 2537728.876999999862164, 1152187.186 ], [ 2537638.866, 1152240.341 ], [ 2537591.082, 1152270.161 ], [ 2537546.447000000160187, 1152298.497 ], [ 2537533.833000000100583, 1152306.412 ], [ 2537489.774000000208616, 1152334.058 ], [ 2537474.401999999769032, 1152343.503 ], [ 2537441.619, 1152364.432 ], [ 2537418.467000000178814, 1152378.322 ], [ 2537386.426, 1152398.324 ], [ 2537381.796, 1152402.77 ], [ 2537378.461999999824911, 1152406.844 ], [ 2537376.424999999813735, 1152411.104 ], [ 2537375.128, 1152416.105 ], [ 2537375.128, 1152422.585999999893829 ], [ 2537375.685, 1152429.44 ], [ 2537377.352, 1152437.404 ], [ 2537399.947999999858439, 1152483.705 ], [ 2537404.151, 1152492.933999999891967 ], [ 2537422.727, 1152533.712 ], [ 2537430.904, 1152551.66 ], [ 2537437.046999999787658, 1152564.784 ], [ 2537526.708000000100583, 1152744.314 ], [ 2537538.049000000115484, 1152767.69 ], [ 2537551.884999999776483, 1152796.209 ], [ 2537553.629999999888241, 1152800.775 ], [ 2537562.156, 1152799.06 ], [ 2537584.970000000204891, 1152793.003 ], [ 2537631.829, 1152778.558 ], [ 2537653.498000000137836, 1152770.964 ], [ 2537655.904999999795109, 1152769.852 ], [ 2537693.133, 1152750.591 ] ], [ [ 2538049.474, 1152759.296 ], [ 2538065.957, 1152752.813 ], [ 2538080.589000000152737, 1152745.776 ], [ 2538087.441999999806285, 1152743.924000000115484 ], [ 2538094.109000000171363, 1152745.036 ], [ 2538099.295, 1152746.703 ], [ 2538103.740000000223517, 1152749.665 ], [ 2538107.629999999888241, 1152754.666999999899417 ], [ 2538111.518999999854714, 1152762.629999999888241 ], [ 2538118.187, 1152777.261 ], [ 2538118.952, 1152778.94 ], [ 2538124.853999999817461, 1152791.893 ], [ 2538132.447000000160187, 1152807.45 ], [ 2538141.708000000100583, 1152828.751 ], [ 2538154.673, 1152858.383 ], [ 2538165.969, 1152885.794 ], [ 2538181.713, 1152919.502 ], [ 2538188.937, 1152930.058999999891967 ], [ 2538198.568, 1152941.541 ], [ 2538207.642, 1152951.172 ], [ 2538215.606999999843538, 1152958.766 ], [ 2538223.94, 1152965.989 ], [ 2538232.830999999772757, 1152972.101 ], [ 2538240.795, 1152977.842 ], [ 2538252.278, 1152984.324 ], [ 2538263.94400000013411, 1152990.622 ], [ 2538278.578000000212342, 1152998.214 ] ], [ [ 2538638.08600000012666, 1152630.319 ], [ 2538626.214000000152737, 1152630.577 ], [ 2538612.324, 1152631.502 ], [ 2538611.026, 1152631.317 ], [ 2538602.878, 1152633.726 ], [ 2538595.284, 1152637.244 ], [ 2538589.358, 1152641.318 ], [ 2538582.876000000163913, 1152648.356 ], [ 2538579.727, 1152653.913 ], [ 2538576.393000000156462, 1152660.766 ], [ 2538574.910999999847263, 1152667.618 ], [ 2538574.17, 1152674.656 ], [ 2538574.355, 1152680.583000000100583 ], [ 2538574.725999999791384, 1152687.621 ], [ 2538576.578000000212342, 1152696.139999999897555 ], [ 2538578.984999999869615, 1152705.585999999893829 ], [ 2538586.393999999854714, 1152726.7 ], [ 2538588.987999999895692, 1152735.96 ], [ 2538590.653, 1152745.960999999893829 ], [ 2538592.134999999776483, 1152757.259 ], [ 2538592.134999999776483, 1152768.187 ], [ 2538590.838, 1152777.446 ], [ 2538589.543, 1152789.67 ], [ 2538586.208999999798834, 1152799.671 ], [ 2538576.023, 1152829.121 ], [ 2538561.119, 1152874.095 ], [ 2538554.909, 1152892.832 ], [ 2538553.87900000018999, 1152895.521 ], [ 2538534.165, 1152954.321 ], [ 2538529.350999999791384, 1152966.545 ], [ 2538524.16399999987334, 1152973.213 ], [ 2538518.793, 1152977.656999999890104 ], [ 2538508.421999999787658, 1152986.362999999895692 ], [ 2538499.716, 1152992.104 ], [ 2538491.938, 1152996.177 ], [ 2538480.268999999854714, 1153002.105 ], [ 2538469.896999999880791, 1153006.179 ], [ 2538462.305000000167638, 1153008.031999999890104 ], [ 2538447.972, 1153010.524 ], [ 2538436.805000000167638, 1153011.801 ], [ 2538430.705, 1153012.368 ], [ 2538371.669000000227243, 1153014.531999999890104 ], [ 2538360.776, 1153015.207 ], [ 2538354.026999999769032, 1153015.785 ], [ 2538350.555000000167638, 1153015.689 ], [ 2538340.623000000137836, 1153015.44 ], [ 2538327.287, 1153013.588 ], [ 2538322.75, 1153012.545 ], [ 2538313.582, 1153010.439 ], [ 2538296.913000000175089, 1153006.735000000102445 ], [ 2538278.578000000212342, 1152998.214 ] ], [ [ 2538638.08600000012666, 1152630.319 ], [ 2538643.253, 1152630.207 ], [ 2538649.92, 1152630.392 ], [ 2538675.478000000119209, 1152631.131 ], [ 2538679.924000000115484, 1152630.392 ], [ 2538685.295, 1152628.354 ], [ 2538690.666999999899417, 1152625.02 ], [ 2538696.223000000230968, 1152619.279 ], [ 2538717.893000000156462, 1152590.016 ], [ 2538724.188999999780208, 1152581.681 ], [ 2538733.853999999817461, 1152576.075 ], [ 2538739.328000000212342, 1152573.812 ], [ 2538744.728999999817461, 1152572.57 ], [ 2538750.42, 1152572.206 ], [ 2538756.48, 1152573.009 ], [ 2538762.392, 1152574.76 ], [ 2538767.208999999798834, 1152577.243 ], [ 2538771.660999999847263, 1152580.6 ], [ 2538775.603000000119209, 1152585.126 ], [ 2538778.668, 1152590.016 ], [ 2538780.71100000012666, 1152594.248 ], [ 2538782.025, 1152598.628 ], [ 2538783.265000000130385, 1152604.904 ], [ 2538784.87099999981001, 1152627.456 ], [ 2538786.136, 1152647.058999999891967 ], [ 2538787.941999999806285, 1152674.283 ], [ 2538789.33, 1152692.343000000109896 ], [ 2538789.775, 1152697.406 ], [ 2538791.199, 1152713.556 ], [ 2538792.600999999791384, 1152732.713 ], [ 2538793.62900000018999, 1152748.227999999886379 ], [ 2538793.35, 1152757.852999999886379 ], [ 2538792.694999999832362, 1152763.928 ], [ 2538791.666999999899417, 1152769.254999999888241 ], [ 2538789.984000000171363, 1152775.235000000102445 ], [ 2538788.114, 1152780.656 ], [ 2538785.686000000219792, 1152787.104 ], [ 2538782.134999999776483, 1152795.608 ], [ 2538776.528, 1152807.944 ], [ 2538771.574, 1152818.598 ], [ 2538769.986, 1152822.243 ], [ 2538767.089000000152737, 1152828.784 ], [ 2538765.220000000204891, 1152834.486 ], [ 2538764.191000000108033, 1152838.316000000108033 ], [ 2538763.629999999888241, 1152842.896 ], [ 2538763.44400000013411, 1152847.379999999888241 ], [ 2538763.723000000230968, 1152852.989 ], [ 2538764.285999999847263, 1152858.316000000108033 ], [ 2538765.781, 1152864.764999999897555 ], [ 2538768.21, 1152873.924000000115484 ], [ 2538776.06, 1152904.108 ], [ 2538782.696, 1152930.274 ], [ 2538788.396000000182539, 1152953.358 ], [ 2538791.87900000018999, 1152965.629 ], [ 2538795.498999999836087, 1152980.271 ], [ 2538797.46, 1152989.525 ], [ 2538799.799000000115484, 1153000.737999999895692 ], [ 2538802.69400000013411, 1153017.654 ], [ 2538807.705999999772757, 1153046.347 ], [ 2538808.021000000182539, 1153048.306 ], [ 2538818.275, 1153108.601 ], [ 2538819.065, 1153112.876 ], [ 2538824.756, 1153143.656999999890104 ], [ 2538825.654, 1153148.597 ], [ 2538829.974, 1153170.193 ], [ 2538832.378, 1153181.009 ], [ 2538835.278, 1153192.675 ], [ 2538840.119, 1153209.171 ], [ 2538846.166000000201166, 1153228.455 ], [ 2538851.541000000201166, 1153244.224 ], [ 2538854.299999999813735, 1153252.004 ], [ 2538856.774000000208616, 1153258.579 ], [ 2538861.157999999821186, 1153267.84 ], [ 2538864.833999999798834, 1153274.913 ], [ 2538868.015999999828637, 1153280.358 ], [ 2538872.330999999772757, 1153287.499 ], [ 2538876.643000000156462, 1153293.721 ], [ 2538881.169000000227243, 1153299.237999999895692 ], [ 2538887.839000000152737, 1153308.399 ], [ 2538896.123999999836087, 1153317.038 ], [ 2538905.754999999888241, 1153326.669 ], [ 2538918.773, 1153338.628 ], [ 2538939.938999999780208, 1153358.631 ], [ 2538955.508, 1153373.289000000106171 ], [ 2538972.535999999847263, 1153389.216 ], [ 2538984.069999999832362, 1153400.541 ], [ 2539003.651999999769032, 1153418.427 ], [ 2539023.125, 1153436.418 ], [ 2539033.578000000212342, 1153445.774 ], [ 2539046.938, 1153458.327 ], [ 2539060.694999999832362, 1153471.344 ], [ 2539077.205, 1153486.69 ], [ 2539095.089999999850988, 1153503.306 ], [ 2539107.898, 1153514.946 ], [ 2539115.518000000156462, 1153522.462 ], [ 2539119.645, 1153526.694 ], [ 2539122.291000000201166, 1153529.552 ], [ 2539125.737999999895692, 1153534.519 ], [ 2539129.403, 1153540.53 ], [ 2539134.134, 1153551.04 ], [ 2539218.108157117851079, 1153632.515224367147312 ] ], [ [ 2539410.572999999858439, 1154223.926 ], [ 2539427.154, 1154243.253 ], [ 2539431.501999999862164, 1154248.373 ], [ 2539451.275, 1154272.929 ], [ 2539460.640000000130385, 1154285.198 ], [ 2539469.083000000100583, 1154299.869 ], [ 2539486.693, 1154329.866 ], [ 2539512.225, 1154372.999 ], [ 2539523.196, 1154391.491 ], [ 2539550.589000000152737, 1154434.879 ], [ 2539580.24599999981001, 1154481.881 ], [ 2539584.969, 1154489.365 ], [ 2539596.151999999769032, 1154506.741 ], [ 2539628.748999999836087, 1154556.745000000111759 ], [ 2539642.464999999850988, 1154577.319 ], [ 2539645.049000000115484, 1154581.195 ], [ 2539658.56900000013411, 1154598.233 ], [ 2539664.308999999891967, 1154604.901 ], [ 2539676.163000000175089, 1154618.236 ], [ 2539687.646000000182539, 1154630.275 ], [ 2539692.089999999850988, 1154635.275 ], [ 2539716.907999999821186, 1154655.278 ], [ 2539730.614, 1154664.168 ], [ 2539746.910999999847263, 1154672.689 ], [ 2539760.802999999839813, 1154679.355 ], [ 2539770.534, 1154682.796 ], [ 2539788.673, 1154689.21 ], [ 2539793.228000000119209, 1154690.82 ], [ 2539815.245000000111759, 1154698.605 ], [ 2539854.889, 1154709.727999999886379 ], [ 2539860.075000000186265, 1154711.58 ], [ 2539882.85, 1154717.716 ], [ 2539911.038000000175089, 1154726.007 ], [ 2539951.56900000013411, 1154737.695 ], [ 2539967.833999999798834, 1154742.416999999899417 ], [ 2539974.535000000149012, 1154744.362999999895692 ], [ 2539990.119, 1154748.71 ], [ 2539994.166000000201166, 1154750.105 ], [ 2540008.796, 1154753.994 ], [ 2540044.728000000119209, 1154763.81 ], [ 2540090.166000000201166, 1154776.861 ], [ 2540118.660000000149012, 1154785.045 ], [ 2540134.739, 1154789.74 ], [ 2540190.301, 1154807.705 ], [ 2540200.673, 1154812.335 ], [ 2540217.529, 1154821.225 ], [ 2540232.344, 1154830.485000000102445 ], [ 2540251.42, 1154845.301 ], [ 2540265.311000000219792, 1154858.081 ], [ 2540280.153, 1154873.143 ], [ 2540314.438999999780208, 1154907.166 ], [ 2540334.916999999899417, 1154929.331 ], [ 2540340.054, 1154934.889999999897555 ], [ 2540359.342999999877065, 1154956.499 ], [ 2540368.802999999839813, 1154968.514999999897555 ], [ 2540370.975999999791384, 1154971.277 ], [ 2540381.23, 1154984.308 ], [ 2540381.437, 1154984.579 ] ], [ [ 2540453.776, 1154967.359 ], [ 2540454.049999999813735, 1154967.146 ], [ 2540454.606999999843538, 1154966.821 ], [ 2540455.197000000160187, 1154966.548 ], [ 2540455.859000000171363, 1154966.321 ], [ 2540456.443, 1154966.181 ], [ 2540457.085, 1154966.089 ], [ 2540457.734999999869615, 1154966.057 ], [ 2540458.433000000193715, 1154966.094 ], [ 2540459.075999999884516, 1154966.193 ], [ 2540459.705, 1154966.352999999886379 ], [ 2540460.271999999880791, 1154966.553 ], [ 2540461.219, 1154967.026 ], [ 2540461.79, 1154967.411 ], [ 2540462.25400000018999, 1154967.793 ], [ 2540462.748999999836087, 1154968.287 ], [ 2540463.160999999847263, 1154968.789000000106171 ], [ 2540463.523, 1154969.328 ], [ 2540463.81, 1154969.854 ], [ 2540464.066000000108033, 1154970.453 ], [ 2540464.264, 1154971.071 ], [ 2540464.410000000149012, 1154971.754 ], [ 2540464.478999999817461, 1154972.352 ], [ 2540464.492, 1154973.051 ], [ 2540464.438, 1154973.698 ], [ 2540464.333999999798834, 1154974.288 ], [ 2540464.162, 1154974.916 ], [ 2540463.932, 1154975.524 ], [ 2540463.645, 1154976.107 ], [ 2540463.302999999839813, 1154976.656999999890104 ], [ 2540462.909, 1154977.175 ], [ 2540462.125, 1154977.966 ], [ 2540461.582, 1154978.384 ], [ 2540461.031, 1154978.727999999886379 ], [ 2540460.495000000111759, 1154978.996 ], [ 2540459.890000000130385, 1154979.233 ], [ 2540459.265000000130385, 1154979.411 ], [ 2540458.626000000163913, 1154979.528 ], [ 2540457.978999999817461, 1154979.583000000100583 ], [ 2540457.372, 1154979.577 ], [ 2540456.727, 1154979.513 ], [ 2540456.089000000152737, 1154979.385 ], [ 2540455.42, 1154979.181 ], [ 2540454.865000000223517, 1154978.950999999884516 ], [ 2540454.291000000201166, 1154978.649 ], [ 2540453.747, 1154978.291 ], [ 2540453.242, 1154977.884 ], [ 2540452.776999999769032, 1154977.43 ], [ 2540452.356999999843538, 1154976.933999999891967 ], [ 2540451.98700000019744, 1154976.4 ], [ 2540451.649000000208616, 1154975.788 ], [ 2540451.410000000149012, 1154975.237 ], [ 2540451.194999999832362, 1154974.571 ], [ 2540451.028, 1154973.751 ], [ 2540442.753, 1154974.022000000113621 ], [ 2540433.757000000216067, 1154973.757 ], [ 2540425.884999999776483, 1154973.492 ], [ 2540416.359999999869615, 1154973.558999999891967 ], [ 2540408.791000000201166, 1154974.087 ], [ 2540403.034, 1154974.761 ], [ 2540397.943, 1154975.357 ], [ 2540391.223000000230968, 1154976.68 ], [ 2540388.100999999791384, 1154979.379 ], [ 2540381.437, 1154984.579 ] ] ] } },
{ "type": "Feature", "properties": { "CADRE_NO": "10.056", "DDT_URL": null, "ETC_NOM": "Transports publics de la région lausannoise", "ETC_SIGLE": "TL", "ETC_URL": "https://www.t-l.ch", "GO_CENTRE": 0, "HORAIR_URL": "https://www.tableaux-horaires.ch/fileadmin/fap_pdf_fields/2025/10.056.pdf", "LIGNE_NO": "56", "LIGNE_NOM": "Bussigny - Mex VD - Vufflens-la-Ville", "LIGNE_SIGL": null, "LIGNE_TYPE": "Bus régional", "PLAN_URL": "https://prestations.vd.ch/pub/101587/api/download/2_Cartographie_et_geodonnees/2.1_Carte_des_reseaux/Carte_des_lignes_TP/topo/ligne_10.056.pdf", "SHAPE_LEN": 7817.935 }, "geometry": { "type": "MultiLineString", "coordinates": [ ] } },
{ "type": "Feature", "properties": { "CADRE_NO": "10.018", "DDT_URL": null, "ETC_NOM": "Transports publics de la région lausannoise", "ETC_SIGLE": "TL", "ETC_URL": "https://www.t-l.ch", "GO_CENTRE": 0, "HORAIR_URL": "https://www.tableaux-horaires.ch/fileadmin/fap_pdf_fields/2025/10.018.pdf", "LIGNE_NO": "18", "LIGNE_NOM": "Lausanne Clochatte - Prilly - Renens VD - Crissier", "LIGNE_SIGL": null, "LIGNE_TYPE": "Bus urbain", "PLAN_URL": "https://prestations.vd.ch/pub/101587/api/download/2_Cartographie_et_geodonnees/2.1_Carte_des_reseaux/Carte_des_lignes_TP/topo/ligne_10.018.pdf", "SHAPE_LEN": 10630.516 }, "geometry": { "type": "MultiLineString", "coordinates": [ [ [ 2534094.342000000178814, 1155802.275 ], [ 2534100.825000000186265, 1155788.199 ] ], [ [ 2538224.866, 1154166.512000000104308 ], [ 2538226.163000000175089, 1154180.587 ], [ 2538228.015000000130385, 1154196.886 ], [ 2538230.978999999817461, 1154213.556 ], [ 2538235.794000000227243, 1154232.816000000108033 ], [ 2538250.609999999869615, 1154296.714 ], [ 2538256.538000000175089, 1154328.57 ], [ 2538260.796999999787658, 1154353.017 ], [ 2538263.205999999772757, 1154372.093000000109896 ], [ 2538264.87099999981001, 1154388.393 ], [ 2538265.798, 1154406.541999999899417 ], [ 2538266.05599999986589, 1154416.541999999899417 ], [ 2538266.353999999817461, 1154428.026 ], [ 2538265.798, 1154441.176 ], [ 2538263.021000000182539, 1154469.883 ], [ 2538262.464000000152737, 1154474.329 ], [ 2538260.796999999787658, 1154484.886 ], [ 2538258.204, 1154499.703 ] ], [ [ 2535564.344, 1153524.764 ], [ 2535581.92, 1153516.158 ], [ 2535599.903, 1153507.352999999886379 ], [ 2535639.353000000119209, 1153488.648 ], [ 2535692.13799999980256, 1153464.757 ], [ 2535702.509, 1153459.941000000108033 ], [ 2535723.992999999783933, 1153449.753 ], [ 2535756.96, 1153434.011 ], [ 2535778.629999999888241, 1153423.639999999897555 ], [ 2535816.412, 1153406.045 ], [ 2535852.157000000122935, 1153387.154 ], [ 2535909.017, 1153354.187 ], [ 2535942.51299999980256, 1153335.5 ], [ 2535963.608, 1153322.557 ], [ 2535964.58, 1153321.96 ], [ 2535976.964999999850988, 1153315.251 ], [ 2535997.176, 1153303.626 ], [ 2536027.736, 1153285.659 ], [ 2536071.629999999888241, 1153260.841 ], [ 2536136.639, 1153223.058999999891967 ], [ 2536172.383, 1153201.575 ], [ 2536173.406, 1153200.985000000102445 ], [ 2536199.98, 1153185.647000000113621 ], [ 2536224.983, 1153171.385 ], [ 2536228.015000000130385, 1153169.695 ], [ 2536249.24599999981001, 1153157.865 ], [ 2536263.136, 1153151.383 ], [ 2536287.583999999798834, 1153140.825999999884516 ], [ 2536314.808999999891967, 1153134.9 ], [ 2536340.367999999783933, 1153131.195 ], [ 2536389.634, 1153126.01 ], [ 2536431.261, 1153122.556 ], [ 2536516.686000000219792, 1153116.378 ], [ 2536586.375, 1153113.9 ], [ 2536594.725999999791384, 1153113.602999999886379 ], [ 2536629.44400000013411, 1153112.367 ], [ 2536657.259, 1153111.378 ], [ 2536728.751000000163913, 1153108.601 ], [ 2536794.12900000018999, 1153104.525 ], [ 2536859.322000000160187, 1153101.377 ], [ 2536883.029999999795109, 1153100.264999999897555 ], [ 2536896.92, 1153098.97 ], [ 2536898.702, 1153098.642 ], [ 2536905.99599999981001, 1153097.303 ], [ 2536918.219, 1153094.894 ], [ 2536928.961999999824911, 1153091.747 ], [ 2536943.407000000122935, 1153086.56 ], [ 2536960.816999999806285, 1153078.597 ], [ 2536967.112999999895692, 1153075.077 ], [ 2536975.264, 1153069.15 ], [ 2536994.339999999850988, 1153054.334 ], [ 2537036.01299999980256, 1153023.034 ], [ 2537036.879999999888241, 1153022.342 ], [ 2537047.609000000171363, 1153013.781999999890104 ], [ 2537068.423, 1152997.476 ], [ 2537128.986, 1152952.284 ], [ 2537184.179, 1152910.797 ], [ 2537195.662, 1152902.278 ], [ 2537203.069999999832362, 1152897.647000000113621 ], [ 2537216.219, 1152889.498 ], [ 2537224.183999999891967, 1152884.867 ], [ 2537240.481999999843538, 1152876.039000000106171 ], [ 2537257.319999999832362, 1152868.608 ], [ 2537297.674000000115484, 1152852.993 ], [ 2537351.393000000156462, 1152832.583000000100583 ], [ 2537387.784, 1152824.041 ], [ 2537388.804, 1152823.893 ], [ 2537411.254999999888241, 1152820.623 ], [ 2537441.066999999806285, 1152817.058 ], [ 2537486.489, 1152811.872 ], [ 2537531.518000000156462, 1152805.224 ], [ 2537553.629999999888241, 1152800.775 ], [ 2537562.156, 1152799.06 ], [ 2537584.970000000204891, 1152793.003 ], [ 2537631.829, 1152778.558 ], [ 2537653.498000000137836, 1152770.964 ], [ 2537655.904999999795109, 1152769.852 ], [ 2537693.133, 1152750.591 ] ], [ [ 2538049.474, 1152759.296 ], [ 2538038.361, 1152762.074 ], [ 2538028.73, 1152765.038 ], [ 2538020.582, 1152767.075 ], [ 2538012.802999999839813, 1152768.187 ], [ 2537998.171, 1152768.002 ], [ 2537978.169000000227243, 1152768.002 ], [ 2537955.94400000013411, 1152767.629999999888241 ], [ 2537947.793, 1152765.593000000109896 ], [ 2537926.311000000219792, 1152754.295 ], [ 2537921.865000000223517, 1152751.888 ], [ 2537917.42, 1152749.85 ], [ 2537913.346, 1152744.294 ], [ 2537891.86200000019744, 1152701.142 ], [ 2537875.378, 1152670.397000000113621 ], [ 2537868.525, 1152655.95 ], [ 2537854.449, 1152664.099 ], [ 2537783.143999999854714, 1152702.807 ], [ 2537693.133, 1152750.591 ] ], [ [ 2538633.066999999806285, 1154916.977999999886379 ], [ 2538622.953000000212342, 1154903.4 ], [ 2538612.509, 1154889.381 ], [ 2538601.256, 1154874.074 ], [ 2538590.421999999787658, 1154859.543 ], [ 2538576.933999999891967, 1154842.297 ], [ 2538568.282000000122935, 1154830.887000000104308 ], [ 2538539.722, 1154791.221 ], [ 2538530.646000000182539, 1154777.514999999897555 ] ], [ [ 2538236.904999999795109, 1153150.642 ], [ 2538257.649000000208616, 1153128.788 ], [ 2538264.6, 1153120.659 ], [ 2538278.359000000171363, 1153104.57 ], [ 2538280.615000000223517, 1153101.933 ], [ 2538285.975, 1153095.649 ], [ 2538305.606999999843538, 1153072.629999999888241 ], [ 2538307.470000000204891, 1153070.446 ], [ 2538312.173, 1153065.139999999897555 ], [ 2538340.623000000137836, 1153033.035 ], [ 2538343.615000000223517, 1153029.187 ], [ 2538354.026999999769032, 1153015.785 ], [ 2538350.555000000167638, 1153015.689 ], [ 2538340.623000000137836, 1153015.44 ], [ 2538327.287, 1153013.588 ], [ 2538322.75, 1153012.545 ], [ 2538313.582, 1153010.439 ], [ 2538296.913000000175089, 1153006.735000000102445 ], [ 2538278.578000000212342, 1152998.214 ], [ 2538269.700000000186265, 1153034.778 ], [ 2538267.65, 1153043.221 ], [ 2538257.399000000208616, 1153083.74 ], [ 2538255.796999999787658, 1153090.079 ], [ 2538250.079, 1153110.834 ], [ 2538247.276, 1153121.009 ], [ 2538236.904999999795109, 1153150.642 ], [ 2538220.791999999899417, 1153181.573 ], [ 2538203.566999999806285, 1153215.28 ], [ 2538202.938, 1153216.808999999891967 ], [ 2538189.677000000141561, 1153248.987999999895692 ], [ 2538186.713, 1153257.137000000104308 ], [ 2538177.082, 1153282.139999999897555 ], [ 2538166.71100000012666, 1153306.218000000109896 ], [ 2538156.153, 1153332.517 ], [ 2538147.079, 1153356.224 ], [ 2538129.112999999895692, 1153407.898 ], [ 2538121.890999999828637, 1153430.492 ], [ 2538118.742, 1153442.531 ], [ 2538113.0, 1153461.977999999886379 ], [ 2538107.410000000149012, 1153483.539000000106171 ], [ 2538105.222, 1153491.982 ], [ 2538091.887000000104308, 1153536.062 ], [ 2538086.515999999828637, 1153555.509 ], [ 2538082.441000000108033, 1153566.992 ], [ 2538078.921999999787658, 1153576.438 ], [ 2538075.032000000122935, 1153585.141 ], [ 2538070.032999999821186, 1153593.291999999899417 ], [ 2538065.031, 1153600.884 ], [ 2538057.623000000137836, 1153610.886 ], [ 2538048.546999999787658, 1153622.554 ], [ 2538027.804, 1153651.077 ], [ 2538007.247, 1153676.635 ], [ 2537976.316999999806285, 1153717.567 ], [ 2537944.836999999824911, 1153758.077 ], [ 2537934.764, 1153770.777 ], [ 2537931.086999999824911, 1153776.118 ], [ 2537928.348000000230968, 1153780.166 ], [ 2537925.396000000182539, 1153785.315 ], [ 2537924.696, 1153788.544 ], [ 2537923.901999999769032, 1153792.206 ], [ 2537923.162, 1153798.688 ], [ 2537923.347, 1153806.835999999893829 ], [ 2537924.457, 1153815.541999999899417 ], [ 2537926.68099999986589, 1153824.987999999895692 ], [ 2537930.199, 1153832.767 ], [ 2537935.200000000186265, 1153840.173 ], [ 2537941.497, 1153847.582 ], [ 2537950.757000000216067, 1153855.732 ], [ 2537961.5, 1153860.547 ], [ 2537969.649000000208616, 1153863.141 ], [ 2537975.575999999884516, 1153863.696 ], [ 2537983.725999999791384, 1153864.066000000108033 ], [ 2537988.546999999787658, 1153863.878 ], [ 2537994.836999999824911, 1153863.141 ], [ 2538000.950000000186265, 1153860.547 ], [ 2538005.950000000186265, 1153857.213 ], [ 2538021.691999999806285, 1153846.472 ], [ 2538044.288000000175089, 1153832.395 ], [ 2538081.699, 1153808.874 ], [ 2538097.707, 1153798.585 ], [ 2538105.037, 1153793.872 ], [ 2538117.075000000186265, 1153787.945 ], [ 2538128.927999999839813, 1153783.685 ], [ 2538140.041000000201166, 1153781.463 ], [ 2538154.858, 1153780.538 ], [ 2538165.784, 1153781.834 ], [ 2538176.711999999824911, 1153785.538 ], [ 2538183.379999999888241, 1153788.872 ], [ 2538190.602, 1153792.946 ], [ 2538196.714999999850988, 1153796.835 ], [ 2538209.494, 1153807.948 ], [ 2538215.606999999843538, 1153817.022000000113621 ], [ 2538220.977, 1153827.95 ], [ 2538223.754999999888241, 1153839.987999999895692 ], [ 2538225.793, 1153849.806 ], [ 2538227.46, 1153857.954 ], [ 2538228.015000000130385, 1153864.993 ], [ 2538228.117999999783933, 1153866.796 ], [ 2538228.384999999776483, 1153871.475 ], [ 2538228.757000000216067, 1153880.179 ], [ 2538228.757000000216067, 1153911.48 ], [ 2538226.717999999877065, 1153940.002 ], [ 2538224.311000000219792, 1153984.082 ], [ 2538222.829, 1154022.79 ], [ 2538222.458999999798834, 1154043.162 ], [ 2538222.643999999854714, 1154073.166 ], [ 2538222.458999999798834, 1154105.023 ], [ 2538222.458999999798834, 1154120.395 ], [ 2538222.643999999854714, 1154131.138 ], [ 2538223.842000000178814, 1154150.208000000100583 ] ], [ [ 2538049.474, 1152759.296 ], [ 2538065.957, 1152752.813 ], [ 2538080.589000000152737, 1152745.776 ], [ 2538087.441999999806285, 1152743.924000000115484 ], [ 2538094.109000000171363, 1152745.036 ], [ 2538099.295, 1152746.703 ], [ 2538103.740000000223517, 1152749.665 ], [ 2538107.629999999888241, 1152754.666999999899417 ], [ 2538111.518999999854714, 1152762.629999999888241 ], [ 2538118.187, 1152777.261 ], [ 2538118.952, 1152778.94 ], [ 2538124.853999999817461, 1152791.893 ], [ 2538132.447000000160187, 1152807.45 ], [ 2538141.708000000100583, 1152828.751 ], [ 2538154.673, 1152858.383 ], [ 2538165.969, 1152885.794 ], [ 2538181.713, 1152919.502 ], [ 2538188.937, 1152930.058999999891967 ], [ 2538198.568, 1152941.541 ], [ 2538207.642, 1152951.172 ], [ 2538215.606999999843538, 1152958.766 ], [ 2538223.94, 1152965.989 ], [ 2538232.830999999772757, 1152972.101 ], [ 2538240.795, 1152977.842 ], [ 2538252.278, 1152984.324 ], [ 2538263.94400000013411, 1152990.622 ], [ 2538278.578000000212342, 1152998.214 ] ] ] } },
{ "type": "Feature", "properties": { "CADRE_NO": "10.044", "DDT_URL": null, "ETC_NOM": "Transports publics de la région lausannoise", "ETC_SIGLE": "TL", "ETC_URL": "https://www.t-l.ch", "GO_CENTRE": 0, "HORAIR_URL": "https://www.tableaux-horaires.ch/fileadmin/fap_pdf_fields/2025/10.044.pdf", "LIGNE_NO": "44", "LIGNE_NOM": "Epalinges Croisettes - Montéclard - Ballègue", "LIGNE_SIGL": null, "LIGNE_TYPE": "Bus urbain", "PLAN_URL": "https://prestations.vd.ch/pub/101587/api/download/2_Cartographie_et_geodonnees/2.1_Carte_des_reseaux/Carte_des_lignes_TP/topo/ligne_10.044.pdf", "SHAPE_LEN": 2948.159 }, "geometry": { "type": "MultiLineString", "coordinates": [ [ [ 2540453.776, 1154967.359 ], [ 2540454.049999999813735, 1154967.146 ], [ 2540454.606999999843538, 1154966.821 ], [ 2540455.197000000160187, 1154966.548 ], [ 2540455.859000000171363, 1154966.321 ], [ 2540456.443, 1154966.181 ], [ 2540457.085, 1154966.089 ], [ 2540457.734999999869615, 1154966.057 ], [ 2540458.433000000193715, 1154966.094 ], [ 2540459.075999999884516, 1154966.193 ], [ 2540459.705, 1154966.352999999886379 ], [ 2540460.271999999880791, 1154966.553 ], [ 2540461.219, 1154967.026 ], [ 2540461.79, 1154967.411 ], [ 2540462.25400000018999, 1154967.793 ], [ 2540462.748999999836087, 1154968.287 ], [ 2540463.160999999847263, 1154968.789000000106171 ], [ 2540463.523, 1154969.328 ], [ 2540463.81, 1154969.854 ], [ 2540464.066000000108033, 1154970.453 ], [ 2540464.264, 1154971.071 ], [ 2540464.410000000149012, 1154971.754 ], [ 2540464.478999999817461, 1154972.352 ], [ 2540464.492, 1154973.051 ], [ 2540464.438, 1154973.698 ], [ 2540464.333999999798834, 1154974.288 ], [ 2540464.162, 1154974.916 ], [ 2540463.932, 1154975.524 ], [ 2540463.645, 1154976.107 ], [ 2540463.302999999839813, 1154976.656999999890104 ], [ 2540462.909, 1154977.175 ], [ 2540462.125, 1154977.966 ], [ 2540461.582, 1154978.384 ], [ 2540461.031, 1154978.727999999886379 ], [ 2540460.495000000111759, 1154978.996 ], [ 2540459.890000000130385, 1154979.233 ], [ 2540459.265000000130385, 1154979.411 ], [ 2540458.626000000163913, 1154979.528 ], [ 2540457.978999999817461, 1154979.583000000100583 ], [ 2540457.372, 1154979.577 ], [ 2540456.727, 1154979.513 ], [ 2540456.089000000152737, 1154979.385 ], [ 2540455.42, 1154979.181 ], [ 2540454.865000000223517, 1154978.950999999884516 ], [ 2540454.291000000201166, 1154978.649 ], [ 2540453.747, 1154978.291 ], [ 2540453.242, 1154977.884 ], [ 2540452.776999999769032, 1154977.43 ], [ 2540452.356999999843538, 1154976.933999999891967 ], [ 2540451.98700000019744, 1154976.4 ], [ 2540451.649000000208616, 1154975.788 ], [ 2540451.410000000149012, 1154975.237 ], [ 2540451.194999999832362, 1154974.571 ], [ 2540451.028, 1154973.751 ], [ 2540442.753, 1154974.022000000113621 ], [ 2540433.757000000216067, 1154973.757 ], [ 2540425.884999999776483, 1154973.492 ], [ 2540416.359999999869615, 1154973.558999999891967 ], [ 2540408.791000000201166, 1154974.087 ], [ 2540403.034, 1154974.761 ], [ 2540397.943, 1154975.357 ], [ 2540391.223000000230968, 1154976.68 ], [ 2540388.100999999791384, 1154979.379 ], [ 2540381.437, 1154984.579 ] ], [ [ 2540370.975999999791384, 1154971.277 ], [ 2540381.23, 1154984.308 ], [ 2540381.437, 1154984.579 ] ] ] } },
{ "type": "Feature", "properties": { "CADRE_NO": "10.049", "DDT_URL": null, "ETC_NOM": "Transports publics de la région lausannoise", "ETC_SIGLE": "TL", "ETC_URL": "https://www.t-l.ch", "GO_CENTRE": 0, "HORAIR_URL": "https://www.tableaux-horaires.ch/fileadmin/fap_pdf_fields/2025/10.049.pdf", "LIGNE_NO": "49", "LIGNE_NOM": "Pully - Belmont-sur-Lausanne", "LIGNE_SIGL": null, "LIGNE_TYPE": "Bus urbain", "PLAN_URL": "https://prestations.vd.ch/pub/101587/api/download/2_Cartographie_et_geodonnees/2.1_Carte_des_reseaux/Carte_des_lignes_TP/topo/ligne_10.049.pdf", "SHAPE_LEN": 3244.429 }, "geometry": { "type": "MultiLineString", "coordinates": [ [ [ 2540540.984999999869615, 1151592.098 ], [ 2540542.992, 1151587.752 ], [ 2540544.830999999772757, 1151582.236 ], [ 2540546.33600000012666, 1151574.379 ], [ 2540546.669000000227243, 1151563.179 ], [ 2540545.498999999836087, 1151550.975 ], [ 2540542.824, 1151537.268 ], [ 2540539.313999999780208, 1151526.401 ], [ 2540534.467000000178814, 1151515.200999999884516 ], [ 2540527.779, 1151504.669 ], [ 2540517.413000000175089, 1151492.467 ], [ 2540510.469, 1151485.57 ], [ 2540493.341, 1151468.558999999891967 ], [ 2540481.973000000230968, 1151459.367 ], [ 2540473.949, 1151454.352 ], [ 2540462.75, 1151448.333000000100583 ], [ 2540448.802000000141561, 1151442.652 ], [ 2540433.997, 1151436.296 ], [ 2540427.643999999854714, 1151432.618 ], [ 2540424.430000000167638, 1151430.323 ], [ 2540420.623000000137836, 1151427.602999999886379 ], [ 2540412.599, 1151420.583000000100583 ], [ 2540401.231000000145286, 1151407.041 ], [ 2540390.312, 1151392.074 ] ] ] } },
{ "type": "Feature", "properties": { "CADRE_NO": "10.361", "DDT_URL": null, "ETC_NOM": "CarPostal", "ETC_SIGLE": "CarPostal", "ETC_URL": "https://www.postauto.ch/fr", "GO_CENTRE": 0, "HORAIR_URL": "https://www.tableaux-horaires.ch/fileadmin/fap_pdf_fields/2025/10.361.pdf", "LIGNE_NO": "361", "LIGNE_NOM": "Lucens - Moudon- Epalinges (direct)", "LIGNE_SIGL": null, "LIGNE_TYPE": "Bus régional", "PLAN_URL": "https://prestations.vd.ch/pub/101587/api/download/2_Cartographie_et_geodonnees/2.1_Carte_des_reseaux/Carte_des_lignes_TP/topo/ligne_10.361.pdf", "SHAPE_LEN": 26091.673 }, "geometry": { "type": "MultiLineString", "coordinates": [ [ [ 2540453.776, 1154967.359 ], [ 2540454.049999999813735, 1154967.146 ], [ 2540454.606999999843538, 1154966.821 ], [ 2540455.197000000160187, 1154966.548 ], [ 2540455.859000000171363, 1154966.321 ], [ 2540456.443, 1154966.181 ], [ 2540457.085, 1154966.089 ], [ 2540457.734999999869615, 1154966.057 ], [ 2540458.433000000193715, 1154966.094 ], [ 2540459.075999999884516, 1154966.193 ], [ 2540459.705, 1154966.352999999886379 ], [ 2540460.271999999880791, 1154966.553 ], [ 2540461.219, 1154967.026 ], [ 2540461.79, 1154967.411 ], [ 2540462.25400000018999, 1154967.793 ], [ 2540462.748999999836087, 1154968.287 ], [ 2540463.160999999847263, 1154968.789000000106171 ], [ 2540463.523, 1154969.328 ], [ 2540463.81, 1154969.854 ], [ 2540464.066000000108033, 1154970.453 ], [ 2540464.264, 1154971.071 ], [ 2540464.410000000149012, 1154971.754 ], [ 2540464.478999999817461, 1154972.352 ], [ 2540464.492, 1154973.051 ], [ 2540464.438, 1154973.698 ], [ 2540464.333999999798834, 1154974.288 ], [ 2540464.162, 1154974.916 ], [ 2540463.932, 1154975.524 ], [ 2540463.645, 1154976.107 ], [ 2540463.302999999839813, 1154976.656999999890104 ], [ 2540462.909, 1154977.175 ], [ 2540462.125, 1154977.966 ], [ 2540461.582, 1154978.384 ], [ 2540461.031, 1154978.727999999886379 ], [ 2540460.495000000111759, 1154978.996 ], [ 2540459.890000000130385, 1154979.233 ], [ 2540459.265000000130385, 1154979.411 ], [ 2540458.626000000163913, 1154979.528 ], [ 2540457.978999999817461, 1154979.583000000100583 ], [ 2540457.372, 1154979.577 ], [ 2540456.727, 1154979.513 ], [ 2540456.089000000152737, 1154979.385 ], [ 2540455.42, 1154979.181 ], [ 2540454.865000000223517, 1154978.950999999884516 ], [ 2540454.291000000201166, 1154978.649 ], [ 2540453.747, 1154978.291 ], [ 2540453.242, 1154977.884 ], [ 2540452.776999999769032, 1154977.43 ], [ 2540452.356999999843538, 1154976.933999999891967 ], [ 2540451.98700000019744, 1154976.4 ], [ 2540451.649000000208616, 1154975.788 ], [ 2540451.410000000149012, 1154975.237 ], [ 2540451.194999999832362, 1154974.571 ], [ 2540451.028, 1154973.751 ], [ 2540442.753, 1154974.022000000113621 ], [ 2540433.757000000216067, 1154973.757 ], [ 2540425.884999999776483, 1154973.492 ], [ 2540416.359999999869615, 1154973.558999999891967 ], [ 2540408.791000000201166, 1154974.087 ], [ 2540403.034, 1154974.761 ], [ 2540397.943, 1154975.357 ], [ 2540391.223000000230968, 1154976.68 ], [ 2540388.100999999791384, 1154979.379 ], [ 2540381.437, 1154984.579 ] ], [ [ 2540370.975999999791384, 1154971.277 ], [ 2540381.23, 1154984.308 ], [ 2540381.437, 1154984.579 ] ] ] } },
{ "type": "Feature", "properties": { "CADRE_NO": "10.702", "DDT_URL": null, "ETC_NOM": "Transports de la région Morges - Bière - Cossonay", "ETC_SIGLE": "MBC", "ETC_URL": "https://mbc.ch", "GO_CENTRE": 0, "HORAIR_URL": "https://www.tableaux-horaires.ch/fileadmin/fap_pdf_fields/2025/10.702.pdf", "LIGNE_NO": "702", "LIGNE_NOM": "Tolochenaz - Morges - Lonay - Echandens - Bussigny", "LIGNE_SIGL": "TPM", "LIGNE_TYPE": "Bus urbain", "PLAN_URL": "https://prestations.vd.ch/pub/101587/api/download/2_Cartographie_et_geodonnees/2.1_Carte_des_reseaux/Carte_des_lignes_TP/topo/ligne_10.702.pdf", "SHAPE_LEN": 13319.045 }, "geometry": { "type": "MultiLineString", "coordinates": [ ] } },
{ "type": "Feature", "properties": { "CADRE_NO": "10.905", "DDT_URL": null, "ETC_NOM": "Transports publics de la région lausannoise", "ETC_SIGLE": "TL", "ETC_URL": "https://www.t-l.ch", "GO_CENTRE": 0, "HORAIR_URL": "https://www.tableaux-horaires.ch/fileadmin/fap_pdf_fields/2025/10.905.pdf", "LIGNE_NO": "N5", "LIGNE_NOM": "Lausanne St-François - St-Sulpice VD Venoge sud (N5)", "LIGNE_SIGL": null, "LIGNE_TYPE": "Bus nocturne", "PLAN_URL": "https://prestations.vd.ch/pub/101587/api/download/2_Cartographie_et_geodonnees/2.1_Carte_des_reseaux/Carte_des_lignes_TP/topo/ligne_10.905.pdf", "SHAPE_LEN": 21851.074 }, "geometry": { "type": "MultiLineString", "coordinates": [ [ [ 2534646.68099999986589, 1153769.987 ], [ 2534653.856999999843538, 1153769.054 ], [ 2534664.228999999817461, 1153770.165 ], [ 2534673.859999999869615, 1153772.573 ], [ 2534685.529, 1153777.017 ], [ 2534695.714999999850988, 1153779.796 ], [ 2534705.160000000149012, 1153779.611 ], [ 2534714.791000000201166, 1153778.686 ], [ 2534725.719, 1153776.277 ], [ 2534735.904999999795109, 1153772.203 ], [ 2534745.165, 1153767.758 ], [ 2534755.538000000175089, 1153760.349 ], [ 2534765.724, 1153751.646 ], [ 2534774.983, 1153746.459 ], [ 2534788.703000000212342, 1153741.602 ] ], [ [ 2533041.771999999880791, 1153458.825 ], [ 2533037.841, 1153458.666999999899417 ], [ 2533029.656, 1153458.749 ], [ 2533026.054, 1153459.456 ], [ 2533021.427999999839813, 1153460.681 ], [ 2533012.538000000175089, 1153463.83 ], [ 2533001.61200000019744, 1153468.46 ], [ 2532974.200000000186265, 1153481.24 ], [ 2532958.086999999824911, 1153486.981 ], [ 2532938.824, 1153493.278 ], [ 2532925.489, 1153498.094 ], [ 2532918.822000000160187, 1153500.131 ], [ 2532909.006, 1153502.354 ], [ 2532899.375, 1153503.835 ], [ 2532887.523, 1153504.946 ], [ 2532868.259, 1153505.503 ], [ 2532842.146000000182539, 1153505.316000000108033 ], [ 2532831.96, 1153504.946 ], [ 2532817.883, 1153504.205 ], [ 2532807.697000000160187, 1153504.02 ], [ 2532804.362999999895692, 1153504.02 ], [ 2532799.177999999839813, 1153504.391 ], [ 2532791.213, 1153505.688 ], [ 2532779.545, 1153507.168 ], [ 2532764.359000000171363, 1153509.762000000104308 ], [ 2532747.221, 1153512.323 ], [ 2532744.541000000201166, 1153512.726 ], [ 2532732.133, 1153515.133 ], [ 2532724.353999999817461, 1153518.096 ], [ 2532705.463, 1153525.134 ], [ 2532697.497, 1153528.097 ], [ 2532688.978999999817461, 1153529.209 ], [ 2532682.029, 1153528.621 ], [ 2532681.884, 1153529.291 ], [ 2532681.646000000182539, 1153529.897000000113621 ], [ 2532681.346, 1153530.416 ], [ 2532680.938999999780208, 1153530.921 ], [ 2532680.46, 1153531.358 ], [ 2532679.918, 1153531.717 ], [ 2532679.151999999769032, 1153532.043 ], [ 2532678.557, 1153532.18 ], [ 2532677.910000000149012, 1153532.23 ], [ 2532677.214000000152737, 1153532.17 ], [ 2532676.583999999798834, 1153532.008 ], [ 2532675.98700000019744, 1153531.753 ], [ 2532675.078000000212342, 1153531.102999999886379 ], [ 2532674.654, 1153530.639999999897555 ], [ 2532674.271999999880791, 1153530.056 ], [ 2532674.026, 1153529.509 ], [ 2532673.849, 1153528.883 ], [ 2532673.774000000208616, 1153528.188 ], [ 2532673.802999999839813, 1153527.589 ], [ 2532673.929, 1153526.952 ], [ 2532674.157000000122935, 1153526.343000000109896 ], [ 2532674.474, 1153525.778 ], [ 2532674.876999999862164, 1153525.268 ], [ 2532675.393999999854714, 1153524.797 ], [ 2532675.893999999854714, 1153524.468000000109896 ], [ 2532676.484000000171363, 1153524.196 ], [ 2532677.142, 1153524.012000000104308 ] ], [ [ 2537422.727, 1152533.712 ], [ 2537430.904, 1152551.66 ], [ 2537437.046999999787658, 1152564.784 ], [ 2537526.708000000100583, 1152744.314 ], [ 2537538.049000000115484, 1152767.69 ], [ 2537551.884999999776483, 1152796.209 ], [ 2537553.629999999888241, 1152800.775 ], [ 2537562.156, 1152799.06 ], [ 2537584.970000000204891, 1152793.003 ], [ 2537631.829, 1152778.558 ], [ 2537653.498000000137836, 1152770.964 ], [ 2537655.904999999795109, 1152769.852 ], [ 2537693.133, 1152750.591 ] ], [ [ 2533487.967999999877065, 1152359.06 ], [ 2533487.782999999821186, 1152342.761 ], [ 2533488.153, 1152332.02 ], [ 2533489.265000000130385, 1152322.574 ], [ 2533491.671999999787658, 1152312.944 ], [ 2533496.117999999783933, 1152299.053 ], [ 2533508.711999999824911, 1152265.9 ], [ 2533517.418, 1152244.971 ], [ 2533523.268000000156462, 1152230.829 ] ], [ [ 2534193.265999999828637, 1154218.819 ], [ 2534192.952, 1154218.205 ], [ 2534192.731999999843538, 1154217.646 ], [ 2534192.552999999839813, 1154217.022000000113621 ], [ 2534192.437, 1154216.382 ], [ 2534192.383, 1154215.685 ], [ 2534192.393999999854714, 1154215.085999999893829 ], [ 2534192.48, 1154214.391 ], [ 2534192.61200000019744, 1154213.806 ], [ 2534192.832, 1154213.142 ], [ 2534193.098000000230968, 1154212.55 ], [ 2534193.395, 1154212.029 ], [ 2534193.77, 1154211.497 ], [ 2534194.194999999832362, 1154211.006 ], [ 2534194.666000000201166, 1154210.558999999891967 ], [ 2534195.180000000167638, 1154210.161 ], [ 2534195.731000000145286, 1154209.817 ], [ 2534196.313999999780208, 1154209.527 ], [ 2534197.497, 1154209.141 ], [ 2534198.089999999850988, 1154209.037 ], [ 2534198.737999999895692, 1154208.986 ], [ 2534199.438, 1154209.004 ], [ 2534200.032000000122935, 1154209.078 ], [ 2534200.668, 1154209.22 ], [ 2534201.284, 1154209.424000000115484 ], [ 2534201.921999999787658, 1154209.710999999893829 ], [ 2534202.441999999806285, 1154210.009 ], [ 2534202.973000000230968, 1154210.384 ], [ 2534203.461999999824911, 1154210.811 ], [ 2534203.909, 1154211.284 ], [ 2534204.332, 1154211.839 ], [ 2534204.648, 1154212.349 ], [ 2534204.955999999772757, 1154212.979 ], [ 2534205.163000000175089, 1154213.541 ], [ 2534205.33, 1154214.169 ], [ 2534205.438, 1154214.860000000102445 ], [ 2534205.473000000230968, 1154215.459 ], [ 2534205.447000000160187, 1154216.109 ], [ 2534205.358, 1154216.753 ], [ 2534205.19, 1154217.432 ], [ 2534204.972, 1154218.041999999899417 ], [ 2534204.714999999850988, 1154218.587 ], [ 2534204.384, 1154219.145 ], [ 2534203.966, 1154219.706 ], [ 2534203.258, 1154220.437 ], [ 2534202.725, 1154220.861 ], [ 2534202.177000000141561, 1154221.210999999893829 ], [ 2534201.645, 1154221.485000000102445 ], [ 2534200.994, 1154221.741 ], [ 2534200.416999999899417, 1154221.903 ], [ 2534199.728000000119209, 1154222.027 ], [ 2534199.079, 1154222.074 ], [ 2534198.498999999836087, 1154222.062 ], [ 2534197.804, 1154221.979 ], [ 2534197.220000000204891, 1154221.849 ], [ 2534196.600999999791384, 1154221.648 ], [ 2534195.96100000012666, 1154221.367 ], [ 2534195.396999999880791, 1154221.044 ], [ 2534194.907999999821186, 1154220.698 ], [ 2534194.379999999888241, 1154220.239 ], [ 2534193.967999999877065, 1154219.802 ], [ 2534193.265999999828637, 1154218.819 ], [ 2534185.279999999795109, 1154223.742 ], [ 2534150.275, 1154233.928 ], [ 2534140.458999999798834, 1154237.632 ], [ 2534133.052000000141561, 1154240.781 ], [ 2534126.01299999980256, 1154245.04 ], [ 2534121.012000000104308, 1154248.003 ], [ 2534114.529999999795109, 1154253.931 ], [ 2534101.009999999776483, 1154264.672 ], [ 2534088.983, 1154274.969 ], [ 2534075.265000000130385, 1154286.713 ], [ 2534069.154, 1154291.712 ], [ 2534063.041999999899417, 1154294.861 ], [ 2534055.81900000013411, 1154297.824 ], [ 2534048.595000000204891, 1154299.121 ], [ 2534036.742, 1154299.121 ], [ 2534022.852, 1154300.418 ] ], [ [ 2533733.824, 1153731.887000000104308 ], [ 2533740.963, 1153733.864 ], [ 2533782.822000000160187, 1153747.014 ], [ 2533814.869, 1153756.808999999891967 ], [ 2533825.233, 1153759.979 ], [ 2533840.23700000019744, 1153766.831 ], [ 2533858.756, 1153777.574 ], [ 2533872.461999999824911, 1153787.018 ], [ 2533882.092000000178814, 1153795.169 ], [ 2533890.05599999986589, 1153803.132 ], [ 2533897.279999999795109, 1153812.023 ], [ 2533903.021000000182539, 1153821.839 ], [ 2533907.899000000208616, 1153833.227 ], [ 2533919.282999999821186, 1153865.006 ], [ 2533930.802999999839813, 1153894.811 ], [ 2533940.619, 1153914.814 ], [ 2533950.435, 1153943.707 ], [ 2533952.842000000178814, 1153948.891 ], [ 2533955.80599999986589, 1153953.708000000100583 ] ], [ [ 2535969.116, 1152106.943 ], [ 2535967.848000000230968, 1152111.039000000106171 ], [ 2535965.508, 1152117.182 ], [ 2535963.168, 1152121.862 ], [ 2535960.342000000178814, 1152126.153 ], [ 2535958.682, 1152128.493 ], [ 2535956.145, 1152131.24 ], [ 2535955.727, 1152131.71 ], [ 2535955.253, 1152132.227 ], [ 2535954.812, 1152132.702 ], [ 2535954.398, 1152133.138 ], [ 2535953.909, 1152133.639 ], [ 2535953.450000000186265, 1152134.1 ], [ 2535952.986, 1152134.554 ], [ 2535952.517, 1152135.004999999888241 ], [ 2535952.044000000227243, 1152135.45 ], [ 2535951.602, 1152135.857 ], [ 2535951.082, 1152136.325 ], [ 2535950.595000000204891, 1152136.754999999888241 ], [ 2535950.100999999791384, 1152137.179 ], [ 2535949.603999999817461, 1152137.598 ], [ 2535949.140999999828637, 1152137.977999999886379 ], [ 2535948.634999999776483, 1152138.388 ], [ 2535948.126000000163913, 1152138.789000000106171 ], [ 2535947.569999999832362, 1152139.217 ], [ 2535947.091, 1152139.577 ], [ 2535946.526999999769032, 1152139.992 ], [ 2535946.04, 1152140.343000000109896 ], [ 2535945.467999999877065, 1152140.745000000111759 ], [ 2535944.932, 1152141.112999999895692 ], [ 2535944.433000000193715, 1152141.448 ], [ 2535943.890000000130385, 1152141.803 ], [ 2535943.342000000178814, 1152142.154 ], [ 2535942.791000000201166, 1152142.498 ], [ 2535942.236, 1152142.835999999893829 ], [ 2535941.677999999839813, 1152143.168 ], [ 2535941.116, 1152143.493 ], [ 2535940.549000000115484, 1152143.814 ], [ 2535939.981000000145286, 1152144.127 ], [ 2535939.407000000122935, 1152144.435 ], [ 2535938.83, 1152144.736 ], [ 2535938.251000000163913, 1152145.031999999890104 ], [ 2535937.668, 1152145.319 ], [ 2535937.083000000100583, 1152145.602 ], [ 2535936.449, 1152145.898 ], [ 2535935.856999999843538, 1152146.166 ], [ 2535935.26299999980256, 1152146.428 ], [ 2535935.034, 1152146.526 ], [ 2535934.711999999824911, 1152146.664000000106171 ], [ 2535934.109999999869615, 1152146.915 ], [ 2535933.507000000216067, 1152147.156 ], [ 2535932.901999999769032, 1152147.392 ], [ 2535932.293, 1152147.623 ], [ 2535931.636, 1152147.862999999895692 ], [ 2535931.071, 1152148.061 ], [ 2535930.407999999821186, 1152148.287 ], [ 2535929.79, 1152148.487999999895692 ], [ 2535929.217000000178814, 1152148.67 ], [ 2535928.597, 1152148.858 ], [ 2535927.924000000115484, 1152149.055 ], [ 2535927.296999999787658, 1152149.23 ], [ 2535926.67, 1152149.399 ], [ 2535926.089000000152737, 1152149.547 ], [ 2535925.409, 1152149.714 ], [ 2535924.776, 1152149.861 ], [ 2535924.191000000108033, 1152149.992 ], [ 2535923.481999999843538, 1152150.139999999897555 ], [ 2535918.813999999780208, 1152151.149 ], [ 2535912.154999999795109, 1152152.029 ], [ 2535905.370000000111759, 1152151.778 ], [ 2535899.969, 1152151.149 ], [ 2535892.304, 1152149.014 ], [ 2535886.023, 1152146.25 ], [ 2535879.992, 1152142.858 ], [ 2535876.154999999795109, 1152139.565 ], [ 2535875.620000000111759, 1152139.162 ], [ 2535875.105, 1152138.764999999897555 ], [ 2535874.595000000204891, 1152138.362 ], [ 2535874.088, 1152137.954 ], [ 2535873.626999999862164, 1152137.572 ], [ 2535873.092000000178814, 1152137.120000000111759 ], [ 2535872.637000000104308, 1152136.727999999886379 ], [ 2535872.112999999895692, 1152136.264999999897555 ], [ 2535871.666999999899417, 1152135.864 ], [ 2535871.188999999780208, 1152135.423 ], [ 2535870.679, 1152134.942 ], [ 2535870.21100000012666, 1152134.493 ], [ 2535869.784, 1152134.071 ], [ 2535869.29, 1152133.575 ], [ 2535868.836999999824911, 1152133.109 ], [ 2535868.423, 1152132.673 ], [ 2535867.98, 1152132.197 ], [ 2535867.508, 1152131.68 ], [ 2535867.077, 1152131.194 ], [ 2535866.682, 1152130.743 ], [ 2535866.261, 1152130.247 ], [ 2535865.844, 1152129.749 ], [ 2535865.403, 1152129.207 ], [ 2535865.028, 1152128.736 ], [ 2535864.599, 1152128.186 ], [ 2535864.234000000171363, 1152127.708000000100583 ], [ 2535863.818, 1152127.147000000113621 ], [ 2535863.433999999891967, 1152126.621 ], [ 2535863.058000000193715, 1152126.09 ], [ 2535862.716, 1152125.598 ], [ 2535862.352, 1152125.06 ], [ 2535861.964000000152737, 1152124.476 ], [ 2535861.61200000019744, 1152123.93 ], [ 2535861.191999999806285, 1152123.262000000104308 ], [ 2535857.756, 1152118.132 ], [ 2535855.327, 1152112.634 ], [ 2535853.282000000122935, 1152104.963 ], [ 2535852.131, 1152098.57 ], [ 2535851.876000000163913, 1152092.051 ], [ 2535852.122, 1152085.656999999890104 ], [ 2535854.688, 1152075.557 ], [ 2535857.416999999899417, 1152067.839 ], [ 2535857.704, 1152067.200999999884516 ], [ 2535857.978999999817461, 1152066.612 ], [ 2535858.259999999776483, 1152066.025 ], [ 2535858.526, 1152065.487 ], [ 2535858.842000000178814, 1152064.862 ], [ 2535859.119, 1152064.33 ], [ 2535859.447999999858439, 1152063.713 ], [ 2535859.736, 1152063.188 ], [ 2535860.05599999986589, 1152062.620000000111759 ], [ 2535860.404999999795109, 1152062.014 ], [ 2535860.736, 1152061.456 ], [ 2535861.048, 1152060.943 ], [ 2535861.390000000130385, 1152060.389999999897555 ], [ 2535861.765999999828637, 1152059.8 ], [ 2535862.123000000137836, 1152059.254999999888241 ], [ 2535862.457, 1152058.756 ], [ 2535862.852, 1152058.179 ], [ 2535863.194999999832362, 1152057.688 ], [ 2535863.602, 1152057.119 ], [ 2535863.987999999895692, 1152056.595 ], [ 2535864.37900000018999, 1152056.075 ], [ 2535864.775, 1152055.56 ], [ 2535865.145, 1152055.088 ], [ 2535865.583999999798834, 1152054.541999999899417 ], [ 2535865.964000000152737, 1152054.079 ], [ 2535866.382000000216067, 1152053.582 ], [ 2535866.805000000167638, 1152053.088 ], [ 2535867.268000000156462, 1152052.562 ], [ 2535867.702, 1152052.078 ], [ 2535868.140999999828637, 1152051.599 ], [ 2535868.586999999824911, 1152051.125 ], [ 2535869.001999999862164, 1152050.692 ], [ 2535869.455999999772757, 1152050.227999999886379 ], [ 2535869.916999999899417, 1152049.769 ], [ 2535870.418, 1152049.28 ], [ 2535870.81900000013411, 1152048.896 ], [ 2535871.294000000227243, 1152048.450999999884516 ], [ 2535871.773, 1152048.011 ], [ 2535872.293, 1152047.545 ], [ 2535872.745000000111759, 1152047.149 ], [ 2535873.239, 1152046.726 ], [ 2535873.775, 1152046.276 ], [ 2535874.278, 1152045.865 ], [ 2535874.785000000149012, 1152045.459 ], [ 2535875.257000000216067, 1152045.089 ], [ 2535875.813999999780208, 1152044.663 ], [ 2535876.294000000227243, 1152044.303 ], [ 2535876.858, 1152043.889 ], [ 2535877.387000000104308, 1152043.512000000104308 ], [ 2535877.92, 1152043.139 ], [ 2535878.458000000100583, 1152042.773 ], [ 2535878.955999999772757, 1152042.44 ], [ 2535879.501000000163913, 1152042.085999999893829 ], [ 2535880.049000000115484, 1152041.736 ], [ 2535880.643999999854714, 1152041.367 ], [ 2535881.200000000186265, 1152041.031999999890104 ], [ 2535881.717999999877065, 1152040.726 ], [ 2535882.279999999795109, 1152040.401 ], [ 2535882.892, 1152040.058999999891967 ], [ 2535883.418, 1152039.772000000113621 ], [ 2535884.035999999847263, 1152039.442 ], [ 2535884.612999999895692, 1152039.142 ], [ 2535885.193, 1152038.849 ], [ 2535885.731999999843538, 1152038.585999999893829 ], [ 2535886.316999999806285, 1152038.304 ], [ 2535886.953000000212342, 1152038.01 ], [ 2535887.546, 1152037.743 ], [ 2535888.094, 1152037.503 ], [ 2535888.691999999806285, 1152037.248 ], [ 2535889.294000000227243, 1152037.0 ], [ 2535889.94400000013411, 1152036.74 ], [ 2535890.501999999862164, 1152036.524 ], [ 2535891.159, 1152036.279 ], [ 2535891.77, 1152036.058 ], [ 2535892.336999999824911, 1152035.860000000102445 ], [ 2535892.998999999836087, 1152035.637000000104308 ], [ 2535893.617, 1152035.436 ], [ 2535894.239, 1152035.242 ], [ 2535894.812, 1152035.068 ], [ 2535895.437, 1152034.888 ], [ 2535896.063999999780208, 1152034.714 ], [ 2535896.740000000223517, 1152034.535 ], [ 2535897.37099999981001, 1152034.375 ], [ 2535897.953000000212342, 1152034.233 ], [ 2535898.58600000012666, 1152034.088 ], [ 2535899.271000000182539, 1152033.938 ], [ 2535899.906, 1152033.805 ], [ 2535900.546, 1152033.68 ], [ 2535901.136, 1152033.572 ], [ 2535901.775, 1152033.46 ], [ 2535902.466, 1152033.348 ], [ 2535903.108, 1152033.251 ], [ 2535903.753, 1152033.161 ], [ 2535904.398, 1152033.079 ], [ 2535905.041999999899417, 1152033.002 ], [ 2535905.688999999780208, 1152032.933999999891967 ], [ 2535906.285999999847263, 1152032.877 ], [ 2535906.984000000171363, 1152032.819 ], [ 2535907.633, 1152032.772000000113621 ], [ 2535908.281, 1152032.73 ], [ 2535908.929, 1152032.698 ], [ 2535909.529999999795109, 1152032.674000000115484 ], [ 2535910.180000000167638, 1152032.654 ], [ 2535910.829, 1152032.641 ], [ 2535911.478999999817461, 1152032.637000000104308 ], [ 2535912.179, 1152032.639 ], [ 2535912.828000000212342, 1152032.648 ], [ 2535913.478000000119209, 1152032.666 ], [ 2535914.128, 1152032.689 ], [ 2535914.778, 1152032.72 ], [ 2535915.426, 1152032.757 ], [ 2535916.025, 1152032.798 ], [ 2535916.723000000230968, 1152032.855 ], [ 2535917.370000000111759, 1152032.913 ], [ 2535918.017, 1152032.98 ], [ 2535918.662, 1152033.053 ], [ 2535919.308000000193715, 1152033.135 ], [ 2535919.952, 1152033.222 ], [ 2535920.595000000204891, 1152033.317 ], [ 2535921.236, 1152033.419 ], [ 2535921.878, 1152033.528 ], [ 2535922.467000000178814, 1152033.633 ], [ 2535923.154999999795109, 1152033.766 ], [ 2535923.793, 1152033.895 ], [ 2535924.93099999986589, 1152034.145 ], [ 2535929.375, 1152035.285 ], [ 2535934.708999999798834, 1152037.178 ], [ 2535939.009999999776483, 1152039.243 ], [ 2535942.882000000216067, 1152041.221 ], [ 2535947.526999999769032, 1152044.06 ], [ 2535951.569999999832362, 1152047.587 ], [ 2535955.724, 1152051.977 ], [ 2535957.812, 1152054.705 ], [ 2535958.204, 1152055.198 ], [ 2535958.634999999776483, 1152055.75 ], [ 2535959.029, 1152056.267 ], [ 2535959.387000000104308, 1152056.748 ], [ 2535959.77, 1152057.272000000113621 ], [ 2535960.177000000141561, 1152057.842 ], [ 2535960.546999999787658, 1152058.377 ], [ 2535960.913000000175089, 1152058.914000000106171 ], [ 2535961.273, 1152059.456 ], [ 2535961.625, 1152060.001 ], [ 2535961.972, 1152060.551 ], [ 2535962.313999999780208, 1152061.104 ], [ 2535962.649000000208616, 1152061.661 ], [ 2535962.953000000212342, 1152062.178 ], [ 2535963.301, 1152062.786 ], [ 2535963.617, 1152063.354 ], [ 2535964.041999999899417, 1152064.139 ] ], [ [ 2533487.415, 1152626.502 ], [ 2533529.825999999884516, 1152626.502 ], [ 2533573.35, 1152626.687 ], [ 2533581.683999999891967, 1152628.354 ], [ 2533587.61200000019744, 1152632.057 ], [ 2533596.316000000108033, 1152644.467 ], [ 2533610.205999999772757, 1152670.025 ], [ 2533626.504999999888241, 1152698.547 ], [ 2533633.91399999987334, 1152708.362999999895692 ], [ 2533639.643999999854714, 1152714.486 ], [ 2533642.063, 1152717.069 ], [ 2533647.619, 1152721.329 ], [ 2533651.87900000018999, 1152725.031999999890104 ], [ 2533669.657999999821186, 1152739.477999999886379 ], [ 2533701.515000000130385, 1152764.852999999886379 ], [ 2533729.666999999899417, 1152785.411 ], [ 2533761.151, 1152811.34 ], [ 2533779.116, 1152826.527 ], [ 2533803.566000000108033, 1152846.9 ], [ 2533815.046999999787658, 1152856.531 ], [ 2533826.714999999850988, 1152866.162 ], [ 2533851.348000000230968, 1152887.089 ], [ 2533868.572000000160187, 1152901.721 ], [ 2533892.464999999850988, 1152921.539000000106171 ], [ 2533910.06, 1152935.985000000102445 ], [ 2533925.062, 1152947.283 ], [ 2533934.321, 1152953.766 ], [ 2533943.21100000012666, 1152958.581 ], [ 2533954.139, 1152964.322 ], [ 2533962.842999999877065, 1152968.396 ], [ 2533974.883, 1152972.471 ], [ 2533983.031, 1152974.693 ], [ 2533994.143999999854714, 1152977.102 ], [ 2534005.071, 1152978.397000000113621 ], [ 2534012.111, 1152979.509 ], [ 2534033.963, 1152981.176 ], [ 2534066.19, 1152983.029 ], [ 2534092.490000000223517, 1152984.879999999888241 ], [ 2534114.345000000204891, 1152987.288 ], [ 2534133.606999999843538, 1152990.252 ], [ 2534150.46, 1152993.585 ], [ 2534163.98, 1152996.549000000115484 ], [ 2534179.166999999899417, 1153002.475 ], [ 2534190.279999999795109, 1153008.401 ] ], [ [ 2534646.68099999986589, 1153769.987 ], [ 2534646.757000000216067, 1153770.583000000100583 ], [ 2534646.776999999769032, 1153771.281999999890104 ], [ 2534646.734000000171363, 1153771.931 ], [ 2534646.639, 1153772.522000000113621 ], [ 2534646.463, 1153773.2 ], [ 2534646.257000000216067, 1153773.764 ], [ 2534645.957, 1153774.395 ], [ 2534645.620000000111759, 1153774.950999999884516 ], [ 2534645.265000000130385, 1153775.433 ], [ 2534644.799000000115484, 1153775.957 ], [ 2534644.31900000013411, 1153776.395 ], [ 2534643.842999999877065, 1153776.759 ], [ 2534643.291999999899417, 1153777.102999999886379 ], [ 2534642.71100000012666, 1153777.395 ], [ 2534642.105, 1153777.631 ], [ 2534641.48, 1153777.807 ], [ 2534640.841, 1153777.922 ], [ 2534640.143000000156462, 1153777.979 ], [ 2534639.494, 1153777.966 ], [ 2534638.927999999839813, 1153777.906 ], [ 2534638.291999999899417, 1153777.781 ], [ 2534637.62099999981001, 1153777.577 ], [ 2534637.021000000182539, 1153777.328 ], [ 2534636.492, 1153777.048 ], [ 2534635.946, 1153776.694 ], [ 2534635.437, 1153776.29 ], [ 2534634.933999999891967, 1153775.802 ], [ 2534634.384, 1153775.129999999888241 ], [ 2534634.017, 1153774.558999999891967 ], [ 2534633.719, 1153773.981 ], [ 2534633.477, 1153773.378 ], [ 2534633.294000000227243, 1153772.754 ], [ 2534633.171, 1153772.116 ], [ 2534633.109999999869615, 1153771.469 ], [ 2534633.106999999843538, 1153770.869 ], [ 2534633.171, 1153770.172 ], [ 2534633.282000000122935, 1153769.582 ], [ 2534633.475999999791384, 1153768.912 ], [ 2534633.717999999877065, 1153768.307 ], [ 2534634.015000000130385, 1153767.73 ], [ 2534634.365000000223517, 1153767.182 ], [ 2534634.733, 1153766.709 ], [ 2534635.177999999839813, 1153766.235000000102445 ], [ 2534635.704, 1153765.773 ], [ 2534636.435, 1153765.272000000113621 ], [ 2534635.336999999824911, 1153763.312 ], [ 2534629.594, 1153756.09 ], [ 2534620.890000000130385, 1153751.089 ], [ 2534605.88799999980256, 1153746.088 ], [ 2534589.034, 1153741.088 ], [ 2534584.037, 1153739.449 ], [ 2534556.254999999888241, 1153730.339 ], [ 2534531.989, 1153722.381 ], [ 2534474.390999999828637, 1153702.193 ] ], [ [ 2533733.824, 1153731.887000000104308 ], [ 2533733.603999999817461, 1153732.471 ], [ 2533733.271999999880791, 1153733.085999999893829 ], [ 2533732.92, 1153733.572 ], [ 2533732.438, 1153734.079 ], [ 2533731.933000000193715, 1153734.486 ], [ 2533731.376000000163913, 1153734.823 ], [ 2533730.83, 1153735.066000000108033 ], [ 2533730.205999999772757, 1153735.252 ], [ 2533729.565, 1153735.354 ], [ 2533728.867, 1153735.372 ], [ 2533728.307, 1153735.312 ], [ 2533727.626999999862164, 1153735.15 ], [ 2533726.941000000108033, 1153734.878 ] ], [ [ 2536265.86200000019744, 1152277.627 ], [ 2536265.506, 1152278.174000000115484 ], [ 2536265.106999999843538, 1152278.687 ], [ 2536264.666000000201166, 1152279.162 ], [ 2536264.182, 1152279.598 ], [ 2536263.663000000175089, 1152279.989 ], [ 2536263.154999999795109, 1152280.308 ], [ 2536262.578000000212342, 1152280.605 ], [ 2536261.975999999791384, 1152280.851 ], [ 2536261.355, 1152281.043 ], [ 2536260.720000000204891, 1152281.18 ], [ 2536260.025, 1152281.264999999897555 ], [ 2536259.426, 1152281.284 ], [ 2536258.813, 1152281.253 ], [ 2536258.119, 1152281.156999999890104 ], [ 2536257.48700000019744, 1152281.01 ], [ 2536256.869, 1152280.806 ], [ 2536256.273, 1152280.549000000115484 ], [ 2536255.700000000186265, 1152280.242 ], [ 2536255.157000000122935, 1152279.885 ], [ 2536254.646999999880791, 1152279.481 ], [ 2536254.174999999813735, 1152279.036 ], [ 2536253.745000000111759, 1152278.549000000115484 ], [ 2536253.387000000104308, 1152278.068 ], [ 2536253.018999999854714, 1152277.472 ], [ 2536252.75, 1152276.936 ], [ 2536252.492, 1152276.285 ], [ 2536252.31, 1152275.661 ], [ 2536252.128, 1152274.57 ], [ 2536252.096, 1152273.929 ], [ 2536252.126000000163913, 1152273.231 ], [ 2536252.214000000152737, 1152272.587 ], [ 2536252.358, 1152271.953 ], [ 2536252.55599999986589, 1152271.334 ], [ 2536252.808000000193715, 1152270.733 ], [ 2536253.08600000012666, 1152270.203 ], [ 2536253.535000000149012, 1152269.518 ], [ 2536253.930000000167638, 1152269.026 ], [ 2536254.416999999899417, 1152268.523 ], [ 2536254.907999999821186, 1152268.099 ], [ 2536255.393999999854714, 1152267.746 ], [ 2536255.992999999783933, 1152267.387000000104308 ], [ 2536256.579, 1152267.105 ], [ 2536257.188, 1152266.877 ], [ 2536257.765000000130385, 1152266.712 ], [ 2536258.403, 1152266.589 ], [ 2536259.098000000230968, 1152266.52 ], [ 2536259.75, 1152266.514999999897555 ], [ 2536260.347, 1152266.562 ], [ 2536261.038000000175089, 1152266.675 ], [ 2536261.666999999899417, 1152266.84 ], [ 2536262.278, 1152267.058999999891967 ], [ 2536262.822000000160187, 1152267.308999999891967 ], [ 2536263.432, 1152267.653 ], [ 2536264.262000000104308, 1152268.262000000104308 ], [ 2536276.100999999791384, 1152254.602 ], [ 2536302.461999999824911, 1152226.236 ], [ 2536341.85, 1152183.852 ], [ 2536370.001999999862164, 1152153.294 ], [ 2536390.373999999836087, 1152130.327 ], [ 2536410.007000000216067, 1152110.51 ], [ 2536420.748999999836087, 1152101.251 ], [ 2536435.936000000219792, 1152089.026 ], [ 2536444.271000000182539, 1152083.099 ], [ 2536457.605, 1152074.581 ], [ 2536479.342000000178814, 1152058.302 ], [ 2536468.162, 1152059.207 ] ], [ [ 2535734.364, 1152882.46 ], [ 2535719.364, 1152889.683 ], [ 2535712.71100000012666, 1152893.046 ], [ 2535702.879999999888241, 1152898.017 ], [ 2535687.137000000104308, 1152905.055 ], [ 2535615.461999999824911, 1152935.058999999891967 ], [ 2535574.160000000149012, 1152953.766 ], [ 2535551.009, 1152963.212 ], [ 2535515.818, 1152979.509 ], [ 2535491.098000000230968, 1152991.799000000115484 ], [ 2535483.778, 1152995.437 ], [ 2535449.699, 1153012.661 ], [ 2535404.322999999858439, 1153037.109 ], [ 2535391.361, 1153044.675 ], [ 2535378.69400000013411, 1153052.069 ], [ 2535373.498999999836087, 1153055.101 ], [ 2535303.194999999832362, 1153098.085 ], [ 2535296.901999999769032, 1153101.933 ], [ 2535267.083999999798834, 1153120.639 ], [ 2535230.967999999877065, 1153143.79 ], [ 2535183.555000000167638, 1153173.422 ], [ 2535118.916000000201166, 1153213.798 ], [ 2535062.687, 1153246.776 ], [ 2535059.725, 1153248.514 ], [ 2535031.126999999862164, 1153265.286 ], [ 2534997.048, 1153288.067 ], [ 2534973.899000000208616, 1153302.142 ], [ 2534968.413000000175089, 1153305.823 ], [ 2534959.267, 1153311.958000000100583 ], [ 2534954.265999999828637, 1153316.589 ], [ 2534948.078000000212342, 1153323.638 ], [ 2534943.523, 1153331.591 ], [ 2534940.19, 1153339.0 ], [ 2534931.299999999813735, 1153357.892 ], [ 2534920.372, 1153383.45 ], [ 2534913.890000000130385, 1153398.822 ], [ 2534905.372, 1153416.972 ], [ 2534896.666000000201166, 1153432.9 ], [ 2534895.49599999981001, 1153434.779 ], [ 2534889.62900000018999, 1153444.198 ], [ 2534880.739, 1153457.531999999890104 ], [ 2534868.329, 1153475.313 ], [ 2534860.180000000167638, 1153487.536 ], [ 2534845.733, 1153509.392 ], [ 2534842.029999999795109, 1153517.355 ], [ 2534839.992999999783933, 1153522.912 ], [ 2534837.214000000152737, 1153531.246 ], [ 2534835.546999999787658, 1153537.914000000106171 ], [ 2534834.447000000160187, 1153541.902 ], [ 2534831.842000000178814, 1153558.843000000109896 ], [ 2534830.731999999843538, 1153574.4 ], [ 2534829.620000000111759, 1153591.808999999891967 ], [ 2534828.879999999888241, 1153600.699 ], [ 2534827.768999999854714, 1153609.775 ], [ 2534823.324, 1153624.036 ], [ 2534819.619, 1153638.111 ], [ 2534811.100999999791384, 1153666.449 ], [ 2534809.062, 1153677.562 ], [ 2534804.347, 1153698.647000000113621 ], [ 2534800.291000000201166, 1153716.242 ], [ 2534797.387000000104308, 1153731.446 ], [ 2534797.995000000111759, 1153731.604 ], [ 2534798.653, 1153731.837 ], [ 2534799.242999999783933, 1153732.109 ], [ 2534799.808999999891967, 1153732.429 ], [ 2534800.305000000167638, 1153732.767 ], [ 2534800.81, 1153733.175 ], [ 2534801.279, 1153733.625 ], [ 2534801.705999999772757, 1153734.114 ], [ 2534802.120000000111759, 1153734.678 ], [ 2534802.453000000212342, 1153735.236 ], [ 2534802.740000000223517, 1153735.821 ], [ 2534802.958999999798834, 1153736.377 ], [ 2534803.146999999880791, 1153736.999 ], [ 2534803.279, 1153737.636 ], [ 2534803.358, 1153738.281999999890104 ], [ 2534803.378, 1153738.981 ], [ 2534803.342000000178814, 1153739.629 ], [ 2534803.248999999836087, 1153740.272000000113621 ], [ 2534803.102, 1153740.906 ], [ 2534802.876999999862164, 1153741.583000000100583 ], [ 2534802.626999999862164, 1153742.168 ], [ 2534802.31900000013411, 1153742.74 ], [ 2534801.933999999891967, 1153743.324 ], [ 2534801.531, 1153743.834 ], [ 2534801.12099999981001, 1153744.273 ], [ 2534800.600999999791384, 1153744.741 ], [ 2534800.123000000137836, 1153745.102 ], [ 2534799.532000000122935, 1153745.475 ], [ 2534798.997, 1153745.75 ], [ 2534798.398, 1153746.0 ], [ 2534797.728999999817461, 1153746.209 ], [ 2534797.145, 1153746.341 ], [ 2534796.452, 1153746.433999999891967 ], [ 2534795.853000000119209, 1153746.463 ], [ 2534795.193, 1153746.438 ], [ 2534794.598000000230968, 1153746.368 ], [ 2534793.912, 1153746.227 ], [ 2534793.33600000012666, 1153746.056 ], [ 2534792.685, 1153745.8 ], [ 2534792.146999999880791, 1153745.533 ], [ 2534791.591, 1153745.198 ], [ 2534791.066000000108033, 1153744.816000000108033 ], [ 2534790.53899999987334, 1153744.357 ], [ 2534790.089000000152737, 1153743.888 ], [ 2534789.68099999986589, 1153743.383 ], [ 2534789.316000000108033, 1153742.844 ], [ 2534789.021999999880791, 1153742.322 ], [ 2534788.703000000212342, 1153741.602 ] ], [ [ 2535865.862999999895692, 1152169.406999999890104 ], [ 2535886.964000000152737, 1152163.319 ], [ 2535892.304, 1152149.014 ] ], [ [ 2533487.415, 1152626.502 ], [ 2533487.782999999821186, 1152597.98 ], [ 2533487.782999999821186, 1152566.124 ], [ 2533487.782999999821186, 1152555.011 ], [ 2533488.443, 1152502.877 ], [ 2533487.782999999821186, 1152461.110000000102445 ], [ 2533487.859000000171363, 1152436.026 ], [ 2533487.967999999877065, 1152399.25 ], [ 2533487.967999999877065, 1152359.06 ] ], [ [ 2538128.188, 1152353.319 ], [ 2538141.523, 1152349.058999999891967 ], [ 2538157.044000000227243, 1152344.435 ], [ 2538158.932, 1152343.873 ], [ 2538165.615000000223517, 1152342.079 ], [ 2538181.713, 1152337.761 ], [ 2538192.169000000227243, 1152335.952 ], [ 2538216.153, 1152331.8 ], [ 2538278.021000000182539, 1152321.092 ] ], [ [ 2533523.268000000156462, 1152230.829 ], [ 2533510.126000000163913, 1152224.886 ], [ 2533450.108, 1152197.748 ], [ 2533415.585, 1152182.072 ], [ 2533395.247, 1152173.727 ], [ 2533377.028, 1152167.74 ], [ 2533358.87900000018999, 1152163.295 ], [ 2533344.433000000193715, 1152159.589 ], [ 2533325.606000000145286, 1152156.626 ] ], [ [ 2534309.740000000223517, 1153229.172 ], [ 2534356.598000000230968, 1153213.243 ], [ 2534406.974, 1153192.871 ], [ 2534413.98, 1153189.833000000100583 ], [ 2534444.571, 1153176.571 ], [ 2534478.835, 1153161.384 ], [ 2534534.028, 1153134.344 ], [ 2534590.515999999828637, 1153104.525 ], [ 2534643.486, 1153075.077 ], [ 2534704.975, 1153040.999 ], [ 2534736.832, 1153022.849 ], [ 2534763.687, 1153008.216 ], [ 2534817.768000000156462, 1152978.212 ], [ 2534821.938, 1152975.785 ], [ 2534849.981999999843538, 1152959.464 ], [ 2534911.668, 1152926.169 ], [ 2535026.075999999884516, 1152867.504999999888241 ], [ 2535029.401, 1152865.8 ], [ 2535052.06900000013411, 1152851.205 ] ], [ [ 2536265.859999999869615, 1152277.627 ], [ 2536277.396999999880791, 1152283.866 ], [ 2536335.367999999783933, 1152312.203 ], [ 2536350.924999999813735, 1152320.352 ], [ 2536370.001999999862164, 1152329.241 ], [ 2536376.853999999817461, 1152332.575 ], [ 2536389.81900000013411, 1152338.504 ], [ 2536397.598000000230968, 1152341.835999999893829 ], [ 2536407.228999999817461, 1152344.43 ], [ 2536418.71100000012666, 1152346.837 ], [ 2536440.009999999776483, 1152349.8 ], [ 2536464.38799999980256, 1152352.327 ], [ 2536475.754999999888241, 1152353.504 ], [ 2536497.055000000167638, 1152356.283 ], [ 2536512.05599999986589, 1152357.579 ], [ 2536545.625, 1152361.519 ], [ 2536554.654999999795109, 1152362.579 ], [ 2536589.947000000160187, 1152367.065 ], [ 2536595.254999999888241, 1152368.764 ], [ 2536604.677000000141561, 1152372.715 ], [ 2536611.163000000175089, 1152376.464 ], [ 2536616.43099999986589, 1152379.909 ], [ 2536620.687, 1152383.253 ], [ 2536624.639, 1152387.306 ], [ 2536627.779999999795109, 1152391.966 ], [ 2536630.819999999832362, 1152397.439 ], [ 2536632.344, 1152401.528 ], [ 2536632.745000000111759, 1152402.607 ], [ 2536633.555000000167638, 1152407.976 ], [ 2536636.696, 1152429.558999999891967 ], [ 2536639.23, 1152442.021 ], [ 2536642.878, 1152455.903 ], [ 2536647.335, 1152474.345 ], [ 2536649.262000000104308, 1152481.639 ], [ 2536650.475, 1152485.794 ], [ 2536652.50400000018999, 1152490.455 ], [ 2536658.186000000219792, 1152498.893 ] ], [ [ 2534940.375, 1152790.966 ], [ 2534900.555000000167638, 1152784.299000000115484 ], [ 2534881.109000000171363, 1152780.595 ], [ 2534867.589000000152737, 1152778.003 ], [ 2534862.401999999769032, 1152776.52 ], [ 2534859.438, 1152773.743 ], [ 2534859.089999999850988, 1152772.868 ], [ 2534857.588, 1152769.112 ], [ 2534858.143000000156462, 1152764.483 ], [ 2534859.253, 1152760.593000000109896 ], [ 2534865.115000000223517, 1152750.589 ], [ 2534887.778, 1152763.084 ], [ 2534940.375, 1152790.966 ], [ 2534972.683000000193715, 1152810.333000000100583 ], [ 2534991.73, 1152820.46 ], [ 2535009.373000000137836, 1152829.644 ], [ 2535021.846, 1152836.375 ], [ 2535027.348000000230968, 1152839.231 ], [ 2535052.06900000013411, 1152851.205 ], [ 2535079.242, 1152835.811 ], [ 2535131.696, 1152805.785 ], [ 2535176.776999999769032, 1152779.579 ], [ 2535214.856000000145286, 1152757.444 ], [ 2535239.449, 1152740.902 ], [ 2535296.171, 1152702.754999999888241 ], [ 2535298.56900000013411, 1152701.142 ], [ 2535350.981999999843538, 1152669.655 ], [ 2535362.096, 1152662.061 ], [ 2535380.617, 1152648.171 ], [ 2535397.100999999791384, 1152633.726 ], [ 2535407.102, 1152624.278 ], [ 2535417.103000000119209, 1152612.982 ], [ 2535423.96, 1152605.207 ], [ 2535443.403, 1152583.163 ], [ 2535473.776999999769032, 1152547.416999999899417 ], [ 2535527.389, 1152485.077 ], [ 2535561.379999999888241, 1152445.552 ], [ 2535628.33, 1152365.832 ], [ 2535629.352, 1152364.617 ], [ 2535641.02, 1152348.503 ], [ 2535653.245000000111759, 1152333.132 ], [ 2535661.021999999880791, 1152320.906999999890104 ], [ 2535666.579, 1152311.091 ], [ 2535686.582, 1152285.533 ], [ 2535708.80599999986589, 1152260.713 ], [ 2535731.031, 1152237.377 ], [ 2535744.506, 1152225.496 ], [ 2535762.15, 1152213.678 ], [ 2535764.924999999813735, 1152211.819 ], [ 2535778.815, 1152202.189 ], [ 2535789.001000000163913, 1152196.262000000104308 ], [ 2535800.484999999869615, 1152189.78 ], [ 2535814.004999999888241, 1152184.037 ], [ 2535830.304, 1152178.297 ], [ 2535865.862999999895692, 1152169.406999999890104 ], [ 2535869.878, 1152166.213 ], [ 2535872.293, 1152161.386 ], [ 2535873.828000000212342, 1152155.517 ], [ 2535876.154999999795109, 1152139.565 ] ], [ [ 2536105.038234648760408, 1152835.433410182129592 ], [ 2535990.713078015483916, 1152866.373901579994708 ], [ 2535891.63168883183971, 1152869.523404738167301 ], [ 2535779.883, 1152837.223 ], [ 2535770.842000000178814, 1152831.471 ], [ 2535767.913000000175089, 1152828.869 ], [ 2535762.5, 1152824.924000000115484 ], [ 2535744.225999999791384, 1152814.882 ], [ 2535729.645, 1152807.246 ], [ 2535719.583999999798834, 1152802.751 ], [ 2535711.390999999828637, 1152799.534 ], [ 2535706.188, 1152797.49 ], [ 2535690.768000000156462, 1152792.383 ], [ 2535677.398, 1152788.941000000108033 ], [ 2535662.302000000141561, 1152785.698 ], [ 2535645.849, 1152783.378 ], [ 2535639.225, 1152782.808 ], [ 2535633.523, 1152782.316000000108033 ], [ 2535622.864, 1152781.915 ], [ 2535612.572000000160187, 1152781.977999999886379 ], [ 2535601.111, 1152782.633 ], [ 2535586.259, 1152784.28 ], [ 2535577.386, 1152785.599 ], [ 2535570.608, 1152786.85 ], [ 2535561.734000000171363, 1152788.698 ], [ 2535550.640000000130385, 1152791.733 ], [ 2535542.074, 1152794.24 ], [ 2535522.108, 1152800.841 ], [ 2535497.950999999884516, 1152808.891 ], [ 2535472.251000000163913, 1152817.67 ], [ 2535425.723000000230968, 1152833.509 ], [ 2535394.970000000204891, 1152843.870000000111759 ], [ 2535383.313999999780208, 1152847.885 ], [ 2535365.636, 1152853.971 ], [ 2535339.321, 1152862.946 ], [ 2535307.521000000182539, 1152873.374 ], [ 2535294.825999999884516, 1152877.333000000100583 ], [ 2535281.946, 1152881.03 ], [ 2535277.896000000182539, 1152882.082 ], [ 2535273.565, 1152883.205 ], [ 2535262.659, 1152885.514 ], [ 2535250.395, 1152887.624 ], [ 2535237.700999999884516, 1152889.139999999897555 ], [ 2535225.19, 1152890.323 ], [ 2535214.467999999877065, 1152890.849 ], [ 2535199.494, 1152890.974 ], [ 2535194.194999999832362, 1152890.838 ], [ 2535182.486, 1152889.778 ], [ 2535170.841, 1152888.056 ], [ 2535162.890999999828637, 1152886.928 ], [ 2535150.815, 1152884.744 ], [ 2535138.367999999783933, 1152882.226 ], [ 2535127.4, 1152879.514 ], [ 2535116.741, 1152876.338 ], [ 2535108.853999999817461, 1152873.824 ], [ 2535097.330999999772757, 1152869.59 ], [ 2535083.719, 1152863.860000000102445 ], [ 2535078.503, 1152861.479 ], [ 2535071.294000000227243, 1152858.27 ], [ 2535070.798, 1152859.585 ], [ 2535052.06900000013411, 1152851.205 ] ], [ [ 2533603.87900000018999, 1153292.049000000115484 ], [ 2533626.319999999832362, 1153294.92 ], [ 2533637.802999999839813, 1153295.66 ], [ 2533684.845000000204891, 1153294.92 ], [ 2533740.594, 1153296.585999999893829 ], [ 2533818.566000000108033, 1153298.624 ], [ 2533841.717999999877065, 1153298.808999999891967 ], [ 2533870.054, 1153298.994 ], [ 2533880.619, 1153298.704 ], [ 2533903.76299999980256, 1153298.069 ], [ 2533931.813999999780208, 1153297.294 ], [ 2533969.370000000111759, 1153294.626 ], [ 2533986.095000000204891, 1153293.234 ], [ 2533988.94, 1153292.953 ], [ 2533997.426, 1153292.126 ], [ 2534017.765999999828637, 1153290.151 ], [ 2534060.895, 1153284.785 ], [ 2534138.421, 1153271.399 ], [ 2534196.76299999980256, 1153259.175 ], [ 2534235.096, 1153250.079 ], [ 2534251.399000000208616, 1153246.21 ], [ 2534278.25400000018999, 1153238.801 ], [ 2534309.740000000223517, 1153229.171 ] ], [ [ 2533601.990000000223517, 1153284.757 ], [ 2533602.370000000111759, 1153285.283 ], [ 2533602.691000000108033, 1153285.791 ], [ 2533603.0, 1153286.362 ], [ 2533603.268000000156462, 1153286.955 ], [ 2533603.495000000111759, 1153287.563 ], [ 2533603.694999999832362, 1153288.233 ], [ 2533603.824, 1153288.82 ], [ 2533603.929, 1153289.511 ], [ 2533603.981999999843538, 1153290.159 ], [ 2533603.990000000223517, 1153290.758 ], [ 2533603.957, 1153291.408 ], [ 2533603.878, 1153292.049000000115484 ] ], [ [ 2538128.188, 1152353.319 ], [ 2538120.03899999987334, 1152357.023 ], [ 2538114.111, 1152361.652 ], [ 2538109.481000000145286, 1152366.654 ], [ 2538084.676, 1152402.311 ], [ 2538082.811000000219792, 1152404.993 ], [ 2538070.957, 1152421.75 ], [ 2538058.365000000223517, 1152440.521 ], [ 2538057.026, 1152442.53 ], [ 2538055.964999999850988, 1152444.112999999895692 ], [ 2538030.795, 1152481.679 ], [ 2538004.768999999854714, 1152520.521 ], [ 2538001.49599999981001, 1152525.013 ], [ 2537987.614, 1152546.306 ], [ 2537977.799000000115484, 1152560.568 ], [ 2537969.649000000208616, 1152571.308999999891967 ], [ 2537961.12900000018999, 1152583.163 ], [ 2537946.869, 1152599.460999999893829 ], [ 2537939.203000000212342, 1152608.573 ], [ 2537928.532999999821186, 1152619.464 ], [ 2537923.936000000219792, 1152623.516 ], [ 2537911.308999999891967, 1152633.725 ], [ 2537868.525, 1152655.95 ], [ 2537854.449, 1152664.099 ], [ 2537783.143999999854714, 1152702.807 ], [ 2537693.133, 1152750.591 ] ], [ [ 2537422.727, 1152533.712 ], [ 2537373.899000000208616, 1152534.082 ], [ 2537373.833000000100583, 1152534.082 ], [ 2537329.938, 1152537.231 ], [ 2537304.058999999891967, 1152537.727999999886379 ], [ 2537301.045, 1152537.786 ], [ 2537289.933000000193715, 1152536.859 ], [ 2537275.116, 1152535.194 ], [ 2537220.407999999821186, 1152527.158 ], [ 2537167.702, 1152519.435 ], [ 2537151.006, 1152517.191000000108033 ], [ 2537139.793, 1152516.319 ], [ 2537113.003, 1152516.194 ], [ 2537087.83600000012666, 1152515.54 ], [ 2537065.032999999821186, 1152514.947 ], [ 2537030.27, 1152513.523 ], [ 2536972.579, 1152511.709 ], [ 2536961.913000000175089, 1152511.91 ], [ 2536926.350999999791384, 1152512.582 ], [ 2536894.454, 1152516.692 ], [ 2536884.796999999787658, 1152518.533 ], [ 2536831.390000000130385, 1152529.598 ], [ 2536815.236, 1152533.606 ], [ 2536795.981000000145286, 1152539.639 ], [ 2536782.830999999772757, 1152530.192 ], [ 2536779.126999999862164, 1152528.712 ], [ 2536774.683000000193715, 1152527.97 ], [ 2536770.052999999839813, 1152526.673 ], [ 2536759.495000000111759, 1152526.305 ], [ 2536745.42, 1152526.305 ], [ 2536731.528, 1152525.193 ], [ 2536723.009, 1152524.636 ], [ 2536710.600999999791384, 1152522.784 ], [ 2536697.634, 1152519.636 ], [ 2536693.737999999895692, 1152518.183999999891967 ], [ 2536685.967999999877065, 1152514.822 ], [ 2536676.708000000100583, 1152510.931 ], [ 2536667.446, 1152505.561 ], [ 2536658.186000000219792, 1152498.893 ] ] ] } },
{ "type": "Feature", "properties": { "CADRE_NO": "10.025", "DDT_URL": null, "ETC_NOM": "Transports publics de la région lausannoise", "ETC_SIGLE": "TL", "ETC_URL": "https://www.t-l.ch", "GO_CENTRE": 0, "HORAIR_URL": "https://www.tableaux-horaires.ch/fileadmin/fap_pdf_fields/2025/10.025.pdf", "LIGNE_NO": "25", "LIGNE_NOM": "Chavannes-près-Renens - Renens VD - Lausanne - Pully", "LIGNE_SIGL": null, "LIGNE_TYPE": "Trolleybus", "PLAN_URL": "https://prestations.vd.ch/pub/101587/api/download/2_Cartographie_et_geodonnees/2.1_Carte_des_reseaux/Carte_des_lignes_TP/topo/ligne_10.025.pdf", "SHAPE_LEN": 8765.666 }, "geometry": { "type": "MultiLineString", "coordinates": [ [ [ 2533979.143000000156462, 1154288.565 ], [ 2534022.997256821487099, 1154300.10337418015115 ] ], [ [ 2538491.904999999795109, 1151393.200999999884516 ], [ 2538503.954, 1151385.359 ], [ 2538518.241, 1151379.274 ], [ 2538675.034, 1151316.752 ], [ 2538746.140999999828637, 1151288.267 ], [ 2538764.893000000156462, 1151281.124 ], [ 2538813.708999999798834, 1151262.534 ], [ 2538895.984000000171363, 1151230.635 ], [ 2538952.165, 1151208.906999999890104 ], [ 2538963.865000000223517, 1151204.536 ], [ 2538967.21100000012666, 1151203.575999999884516 ], [ 2538975.949, 1151201.065 ], [ 2538988.80599999986589, 1151198.493 ], [ 2538998.653, 1151197.176 ], [ 2539007.446, 1151196.0 ], [ 2539024.450999999884516, 1151194.573 ], [ 2539038.858, 1151194.313 ], [ 2539055.214999999850988, 1151195.352 ], [ 2539072.739, 1151197.039000000106171 ], [ 2539117.237999999895692, 1151201.171 ], [ 2539127.258, 1151202.101 ], [ 2539164.327, 1151205.616 ], [ 2539184.762000000104308, 1151207.552 ], [ 2539234.747, 1151211.786 ], [ 2539306.129999999888241, 1151218.35 ] ], [ [ 2538468.023, 1151397.908 ], [ 2538463.126000000163913, 1151397.374 ] ], [ [ 2538338.521000000182539, 1151232.768 ], [ 2538335.741, 1151237.305 ], [ 2538336.177999999839813, 1151246.575 ], [ 2538337.998999999836087, 1151259.662 ], [ 2538340.501999999862164, 1151273.092 ], [ 2538344.143000000156462, 1151288.455 ], [ 2538348.81, 1151304.812 ], [ 2538353.275, 1151316.947 ], [ 2538358.433999999891967, 1151328.722 ], [ 2538364.123000000137836, 1151338.247 ], [ 2538371.003, 1151347.639 ], [ 2538380.528, 1151358.355 ], [ 2538388.200000000186265, 1151365.764 ], [ 2538397.858, 1151372.378 ], [ 2538402.724, 1151375.24 ], [ 2538410.396999999880791, 1151379.737999999895692 ], [ 2538417.276, 1151382.781 ], [ 2538424.42, 1151385.293 ], [ 2538438.575000000186265, 1151389.793 ], [ 2538463.126000000163913, 1151397.374 ], [ 2538468.023, 1151397.908 ], [ 2538482.136109169572592, 1151395.639041986549273 ] ], [ [ 2534193.265999999828637, 1154218.819 ], [ 2534192.952, 1154218.205 ], [ 2534192.731999999843538, 1154217.646 ], [ 2534192.552999999839813, 1154217.022000000113621 ], [ 2534192.437, 1154216.382 ], [ 2534192.383, 1154215.685 ], [ 2534192.393999999854714, 1154215.085999999893829 ], [ 2534192.48, 1154214.391 ], [ 2534192.61200000019744, 1154213.806 ], [ 2534192.832, 1154213.142 ], [ 2534193.098000000230968, 1154212.55 ], [ 2534193.395, 1154212.029 ], [ 2534193.77, 1154211.497 ], [ 2534194.194999999832362, 1154211.006 ], [ 2534194.666000000201166, 1154210.558999999891967 ], [ 2534195.180000000167638, 1154210.161 ], [ 2534195.731000000145286, 1154209.817 ], [ 2534196.313999999780208, 1154209.527 ], [ 2534197.497, 1154209.141 ], [ 2534198.089999999850988, 1154209.037 ], [ 2534198.737999999895692, 1154208.986 ], [ 2534199.438, 1154209.004 ], [ 2534200.032000000122935, 1154209.078 ], [ 2534200.668, 1154209.22 ], [ 2534201.284, 1154209.424000000115484 ], [ 2534201.921999999787658, 1154209.710999999893829 ], [ 2534202.441999999806285, 1154210.009 ], [ 2534202.973000000230968, 1154210.384 ], [ 2534203.461999999824911, 1154210.811 ], [ 2534203.909, 1154211.284 ], [ 2534204.332, 1154211.839 ], [ 2534204.648, 1154212.349 ], [ 2534204.955999999772757, 1154212.979 ], [ 2534205.163000000175089, 1154213.541 ], [ 2534205.33, 1154214.169 ], [ 2534205.438, 1154214.860000000102445 ], [ 2534205.473000000230968, 1154215.459 ], [ 2534205.447000000160187, 1154216.109 ], [ 2534205.358, 1154216.753 ], [ 2534205.19, 1154217.432 ], [ 2534204.972, 1154218.041999999899417 ], [ 2534204.714999999850988, 1154218.587 ], [ 2534204.384, 1154219.145 ], [ 2534203.966, 1154219.706 ], [ 2534203.258, 1154220.437 ], [ 2534202.725, 1154220.861 ], [ 2534202.177000000141561, 1154221.210999999893829 ], [ 2534201.645, 1154221.485000000102445 ], [ 2534200.994, 1154221.741 ], [ 2534200.416999999899417, 1154221.903 ], [ 2534199.728000000119209, 1154222.027 ], [ 2534199.079, 1154222.074 ], [ 2534198.498999999836087, 1154222.062 ], [ 2534197.804, 1154221.979 ], [ 2534197.220000000204891, 1154221.849 ], [ 2534196.600999999791384, 1154221.648 ], [ 2534195.96100000012666, 1154221.367 ], [ 2534195.396999999880791, 1154221.044 ], [ 2534194.907999999821186, 1154220.698 ], [ 2534194.379999999888241, 1154220.239 ], [ 2534193.967999999877065, 1154219.802 ], [ 2534193.265999999828637, 1154218.819 ], [ 2534185.279999999795109, 1154223.742 ], [ 2534150.275, 1154233.928 ], [ 2534140.458999999798834, 1154237.632 ], [ 2534133.052000000141561, 1154240.781 ], [ 2534126.01299999980256, 1154245.04 ], [ 2534121.012000000104308, 1154248.003 ], [ 2534114.529999999795109, 1154253.931 ], [ 2534101.009999999776483, 1154264.672 ], [ 2534088.983, 1154274.969 ], [ 2534075.265000000130385, 1154286.713 ], [ 2534069.154, 1154291.712 ], [ 2534063.041999999899417, 1154294.861 ], [ 2534055.81900000013411, 1154297.824 ], [ 2534048.595000000204891, 1154299.121 ], [ 2534036.742, 1154299.121 ], [ 2534022.852, 1154300.418 ] ], [ [ 2535969.116, 1152106.943 ], [ 2535967.848000000230968, 1152111.039000000106171 ], [ 2535965.508, 1152117.182 ], [ 2535963.168, 1152121.862 ], [ 2535960.342000000178814, 1152126.153 ], [ 2535958.682, 1152128.493 ], [ 2535956.145, 1152131.24 ], [ 2535955.727, 1152131.71 ], [ 2535955.253, 1152132.227 ], [ 2535954.812, 1152132.702 ], [ 2535954.398, 1152133.138 ], [ 2535953.909, 1152133.639 ], [ 2535953.450000000186265, 1152134.1 ], [ 2535952.986, 1152134.554 ], [ 2535952.517, 1152135.004999999888241 ], [ 2535952.044000000227243, 1152135.45 ], [ 2535951.602, 1152135.857 ], [ 2535951.082, 1152136.325 ], [ 2535950.595000000204891, 1152136.754999999888241 ], [ 2535950.100999999791384, 1152137.179 ], [ 2535949.603999999817461, 1152137.598 ], [ 2535949.140999999828637, 1152137.977999999886379 ], [ 2535948.634999999776483, 1152138.388 ], [ 2535948.126000000163913, 1152138.789000000106171 ], [ 2535947.569999999832362, 1152139.217 ], [ 2535947.091, 1152139.577 ], [ 2535946.526999999769032, 1152139.992 ], [ 2535946.04, 1152140.343000000109896 ], [ 2535945.467999999877065, 1152140.745000000111759 ], [ 2535944.932, 1152141.112999999895692 ], [ 2535944.433000000193715, 1152141.448 ], [ 2535943.890000000130385, 1152141.803 ], [ 2535943.342000000178814, 1152142.154 ], [ 2535942.791000000201166, 1152142.498 ], [ 2535942.236, 1152142.835999999893829 ], [ 2535941.677999999839813, 1152143.168 ], [ 2535941.116, 1152143.493 ], [ 2535940.549000000115484, 1152143.814 ], [ 2535939.981000000145286, 1152144.127 ], [ 2535939.407000000122935, 1152144.435 ], [ 2535938.83, 1152144.736 ], [ 2535938.251000000163913, 1152145.031999999890104 ], [ 2535937.668, 1152145.319 ], [ 2535937.083000000100583, 1152145.602 ], [ 2535936.449, 1152145.898 ], [ 2535935.856999999843538, 1152146.166 ], [ 2535935.26299999980256, 1152146.428 ], [ 2535935.034, 1152146.526 ], [ 2535934.711999999824911, 1152146.664000000106171 ], [ 2535934.109999999869615, 1152146.915 ], [ 2535933.507000000216067, 1152147.156 ], [ 2535932.901999999769032, 1152147.392 ], [ 2535932.293, 1152147.623 ], [ 2535931.636, 1152147.862999999895692 ], [ 2535931.071, 1152148.061 ], [ 2535930.407999999821186, 1152148.287 ], [ 2535929.79, 1152148.487999999895692 ], [ 2535929.217000000178814, 1152148.67 ], [ 2535928.597, 1152148.858 ], [ 2535927.924000000115484, 1152149.055 ], [ 2535927.296999999787658, 1152149.23 ], [ 2535926.67, 1152149.399 ], [ 2535926.089000000152737, 1152149.547 ], [ 2535925.409, 1152149.714 ], [ 2535924.776, 1152149.861 ], [ 2535924.191000000108033, 1152149.992 ], [ 2535923.481999999843538, 1152150.139999999897555 ], [ 2535918.813999999780208, 1152151.149 ], [ 2535912.154999999795109, 1152152.029 ], [ 2535905.370000000111759, 1152151.778 ], [ 2535899.969, 1152151.149 ], [ 2535892.304, 1152149.014 ] ], [ [ 2536479.342000000178814, 1152058.302 ], [ 2536495.186000000219792, 1152057.02 ], [ 2536495.149000000208616, 1152056.398 ], [ 2536495.194999999832362, 1152055.748 ], [ 2536495.333999999798834, 1152055.063 ], [ 2536495.531, 1152054.498 ], [ 2536495.844, 1152053.872 ], [ 2536496.177999999839813, 1152053.373 ], [ 2536496.640000000130385, 1152052.849 ], [ 2536497.129999999888241, 1152052.422 ], [ 2536497.62900000018999, 1152052.088 ], [ 2536498.25400000018999, 1152051.778 ], [ 2536498.87099999981001, 1152051.569 ], [ 2536499.507000000216067, 1152051.443 ], [ 2536500.688, 1152051.427 ], [ 2536501.295, 1152051.529 ], [ 2536501.964000000152737, 1152051.733 ], [ 2536502.554, 1152052.004 ], [ 2536503.063999999780208, 1152052.321 ], [ 2536503.605, 1152052.764 ], [ 2536504.049000000115484, 1152053.239 ], [ 2536504.622, 1152054.112 ], [ 2536504.884, 1152054.709 ], [ 2536505.054, 1152055.285 ], [ 2536505.159, 1152055.926 ], [ 2536505.180000000167638, 1152056.574 ], [ 2536505.117, 1152057.221 ], [ 2536504.958000000100583, 1152057.903 ], [ 2536504.745000000111759, 1152058.464 ], [ 2536504.244, 1152059.337 ], [ 2536503.839000000152737, 1152059.832 ], [ 2536503.328000000212342, 1152060.31 ], [ 2536502.796999999787658, 1152060.686 ], [ 2536502.268999999854714, 1152060.97 ], [ 2536501.662, 1152061.204 ], [ 2536501.031, 1152061.356 ], [ 2536500.33600000012666, 1152061.429 ], [ 2536499.719, 1152061.412 ], [ 2536499.126000000163913, 1152061.323 ], [ 2536498.501000000163913, 1152061.148 ], [ 2536497.859000000171363, 1152060.870000000111759 ], [ 2536497.344, 1152060.562 ], [ 2536496.794000000227243, 1152060.128 ], [ 2536496.342999999877065, 1152059.662 ], [ 2536495.955, 1152059.142 ], [ 2536495.637000000104308, 1152058.574 ], [ 2536495.413000000175089, 1152058.018 ], [ 2536495.186000000219792, 1152057.02 ] ], [ [ 2536479.342000000178814, 1152058.302 ], [ 2536468.162, 1152059.207 ] ], [ [ 2536504.622, 1152054.112 ], [ 2536521.131, 1152044.761 ], [ 2536529.651, 1152041.797 ], [ 2536551.134999999776483, 1152036.056 ], [ 2536570.396999999880791, 1152029.759 ], [ 2536597.437, 1152020.499 ], [ 2536612.739, 1152014.487999999895692 ], [ 2536618.18099999986589, 1152012.35 ], [ 2536643.739, 1152002.162 ], [ 2536675.1, 1151988.9 ], [ 2536680.6, 1151986.5 ], [ 2536708.299999999813735, 1151974.2 ], [ 2536714.066999999806285, 1151971.666 ], [ 2536738.785999999847263, 1151959.629999999888241 ], [ 2536770.436000000219792, 1151945.221 ], [ 2536805.758, 1151929.08 ], [ 2536822.029999999795109, 1151922.200999999884516 ], [ 2536828.247, 1151919.82 ], [ 2536836.450999999884516, 1151917.968000000109896 ], [ 2536848.224, 1151916.247 ], [ 2536890.401999999769032, 1151914.441000000108033 ], [ 2536894.145, 1151914.266 ], [ 2536930.222, 1151912.587 ], [ 2536938.410999999847263, 1151912.398 ], [ 2536946.274000000208616, 1151911.241 ], [ 2536948.083000000100583, 1151911.266 ], [ 2536962.370000000111759, 1151907.693 ], [ 2537006.159, 1151894.73 ], [ 2537013.278, 1151892.277 ], [ 2537023.199, 1151887.25 ], [ 2537035.372, 1151879.843000000109896 ], [ 2537078.76299999980256, 1151849.15 ], [ 2537101.46100000012666, 1151832.902 ], [ 2537143.089000000152737, 1151803.104 ], [ 2537159.683999999891967, 1151792.388 ], [ 2537169.077, 1151784.713 ], [ 2537177.278, 1151775.983 ], [ 2537203.603999999817461, 1151747.937 ], [ 2537226.623000000137836, 1151721.743 ], [ 2537239.455, 1151708.118 ], [ 2537253.875, 1151693.83 ], [ 2537261.282999999821186, 1151687.082 ], [ 2537271.258, 1151677.601 ], [ 2537284.884, 1151665.299000000115484 ], [ 2537298.378, 1151654.054 ], [ 2537312.136, 1151643.206 ], [ 2537324.969, 1151633.681 ], [ 2537341.771000000182539, 1151621.51 ], [ 2537358.83600000012666, 1151610.264999999897555 ], [ 2537374.313999999780208, 1151600.74 ], [ 2537389.26299999980256, 1151592.406 ], [ 2537396.873000000137836, 1151588.16 ], [ 2537414.234000000171363, 1151580.455 ], [ 2537427.464000000152737, 1151576.619 ], [ 2537450.003, 1151570.866 ], [ 2537452.864, 1151570.136 ], [ 2537464.240000000223517, 1151567.359 ], [ 2537522.846, 1151555.585 ], [ 2537546.785000000149012, 1151550.438 ], [ 2537615.048, 1151535.887000000104308 ] ], [ [ 2535865.862999999895692, 1152169.406999999890104 ], [ 2535886.964000000152737, 1152163.319 ], [ 2535892.304, 1152149.014 ] ], [ [ 2534309.740000000223517, 1153229.172 ], [ 2534356.598000000230968, 1153213.243 ], [ 2534406.974, 1153192.871 ], [ 2534413.98, 1153189.833000000100583 ], [ 2534444.571, 1153176.571 ], [ 2534478.835, 1153161.384 ], [ 2534534.028, 1153134.344 ], [ 2534590.515999999828637, 1153104.525 ], [ 2534643.486, 1153075.077 ], [ 2534704.975, 1153040.999 ], [ 2534736.832, 1153022.849 ], [ 2534763.687, 1153008.216 ], [ 2534817.768000000156462, 1152978.212 ], [ 2534821.938, 1152975.785 ], [ 2534849.981999999843538, 1152959.464 ], [ 2534911.668, 1152926.169 ], [ 2535026.075999999884516, 1152867.504999999888241 ], [ 2535029.401, 1152865.8 ], [ 2535052.06900000013411, 1152851.205 ], [ 2535079.242, 1152835.811 ], [ 2535131.696, 1152805.785 ], [ 2535176.776999999769032, 1152779.579 ], [ 2535214.856000000145286, 1152757.444 ], [ 2535239.449, 1152740.902 ], [ 2535296.171, 1152702.754999999888241 ], [ 2535298.56900000013411, 1152701.142 ], [ 2535350.981999999843538, 1152669.655 ], [ 2535362.096, 1152662.061 ], [ 2535380.617, 1152648.171 ], [ 2535397.100999999791384, 1152633.726 ], [ 2535407.102, 1152624.278 ], [ 2535417.103000000119209, 1152612.982 ], [ 2535423.96, 1152605.207 ], [ 2535443.403, 1152583.163 ], [ 2535473.776999999769032, 1152547.416999999899417 ], [ 2535527.389, 1152485.077 ], [ 2535561.379999999888241, 1152445.552 ], [ 2535628.33, 1152365.832 ], [ 2535629.352, 1152364.617 ], [ 2535641.02, 1152348.503 ], [ 2535653.245000000111759, 1152333.132 ], [ 2535661.021999999880791, 1152320.906999999890104 ], [ 2535666.579, 1152311.091 ], [ 2535686.582, 1152285.533 ], [ 2535708.80599999986589, 1152260.713 ], [ 2535731.031, 1152237.377 ], [ 2535744.506, 1152225.496 ], [ 2535762.15, 1152213.678 ], [ 2535764.924999999813735, 1152211.819 ], [ 2535778.815, 1152202.189 ], [ 2535789.001000000163913, 1152196.262000000104308 ], [ 2535800.484999999869615, 1152189.78 ], [ 2535814.004999999888241, 1152184.037 ], [ 2535830.304, 1152178.297 ], [ 2535865.862999999895692, 1152169.406999999890104 ], [ 2535869.878, 1152166.213 ], [ 2535872.293, 1152161.386 ], [ 2535873.828000000212342, 1152155.517 ], [ 2535876.154999999795109, 1152139.565 ], [ 2535875.620000000111759, 1152139.162 ], [ 2535875.105, 1152138.764999999897555 ], [ 2535874.595000000204891, 1152138.362 ], [ 2535874.088, 1152137.954 ], [ 2535873.626999999862164, 1152137.572 ], [ 2535873.092000000178814, 1152137.120000000111759 ], [ 2535872.637000000104308, 1152136.727999999886379 ], [ 2535872.112999999895692, 1152136.264999999897555 ], [ 2535871.666999999899417, 1152135.864 ], [ 2535871.188999999780208, 1152135.423 ], [ 2535870.679, 1152134.942 ], [ 2535870.21100000012666, 1152134.493 ], [ 2535869.784, 1152134.071 ], [ 2535869.29, 1152133.575 ], [ 2535868.836999999824911, 1152133.109 ], [ 2535868.423, 1152132.673 ], [ 2535867.98, 1152132.197 ], [ 2535867.508, 1152131.68 ], [ 2535867.077, 1152131.194 ], [ 2535866.682, 1152130.743 ], [ 2535866.261, 1152130.247 ], [ 2535865.844, 1152129.749 ], [ 2535865.403, 1152129.207 ], [ 2535865.028, 1152128.736 ], [ 2535864.599, 1152128.186 ], [ 2535864.234000000171363, 1152127.708000000100583 ], [ 2535863.818, 1152127.147000000113621 ], [ 2535863.433999999891967, 1152126.621 ], [ 2535863.058000000193715, 1152126.09 ], [ 2535862.716, 1152125.598 ], [ 2535862.352, 1152125.06 ], [ 2535861.964000000152737, 1152124.476 ], [ 2535861.61200000019744, 1152123.93 ], [ 2535861.191999999806285, 1152123.262000000104308 ], [ 2535857.756, 1152118.132 ], [ 2535855.327, 1152112.634 ], [ 2535853.282000000122935, 1152104.963 ], [ 2535852.131, 1152098.57 ], [ 2535851.876000000163913, 1152092.051 ], [ 2535852.122, 1152085.656999999890104 ], [ 2535854.688, 1152075.557 ], [ 2535857.416999999899417, 1152067.839 ], [ 2535857.704, 1152067.200999999884516 ], [ 2535857.978999999817461, 1152066.612 ], [ 2535858.259999999776483, 1152066.025 ], [ 2535858.526, 1152065.487 ], [ 2535858.842000000178814, 1152064.862 ], [ 2535859.119, 1152064.33 ], [ 2535859.447999999858439, 1152063.713 ], [ 2535859.736, 1152063.188 ], [ 2535860.05599999986589, 1152062.620000000111759 ], [ 2535860.404999999795109, 1152062.014 ], [ 2535860.736, 1152061.456 ], [ 2535861.048, 1152060.943 ], [ 2535861.390000000130385, 1152060.389999999897555 ], [ 2535861.765999999828637, 1152059.8 ], [ 2535862.123000000137836, 1152059.254999999888241 ], [ 2535862.457, 1152058.756 ], [ 2535862.852, 1152058.179 ], [ 2535863.194999999832362, 1152057.688 ], [ 2535863.602, 1152057.119 ], [ 2535863.987999999895692, 1152056.595 ], [ 2535864.37900000018999, 1152056.075 ], [ 2535864.775, 1152055.56 ], [ 2535865.145, 1152055.088 ], [ 2535865.583999999798834, 1152054.541999999899417 ], [ 2535865.964000000152737, 1152054.079 ], [ 2535866.382000000216067, 1152053.582 ], [ 2535866.805000000167638, 1152053.088 ], [ 2535867.268000000156462, 1152052.562 ], [ 2535867.702, 1152052.078 ], [ 2535868.140999999828637, 1152051.599 ], [ 2535868.586999999824911, 1152051.125 ], [ 2535869.001999999862164, 1152050.692 ], [ 2535869.455999999772757, 1152050.227999999886379 ], [ 2535869.916999999899417, 1152049.769 ], [ 2535870.418, 1152049.28 ], [ 2535870.81900000013411, 1152048.896 ], [ 2535871.294000000227243, 1152048.450999999884516 ], [ 2535871.773, 1152048.011 ], [ 2535872.293, 1152047.545 ], [ 2535872.745000000111759, 1152047.149 ], [ 2535873.239, 1152046.726 ], [ 2535873.775, 1152046.276 ], [ 2535874.278, 1152045.865 ], [ 2535874.785000000149012, 1152045.459 ], [ 2535875.257000000216067, 1152045.089 ], [ 2535875.813999999780208, 1152044.663 ], [ 2535876.294000000227243, 1152044.303 ], [ 2535876.858, 1152043.889 ], [ 2535877.387000000104308, 1152043.512000000104308 ], [ 2535877.92, 1152043.139 ], [ 2535878.458000000100583, 1152042.773 ], [ 2535878.955999999772757, 1152042.44 ], [ 2535879.501000000163913, 1152042.085999999893829 ], [ 2535880.049000000115484, 1152041.736 ], [ 2535880.643999999854714, 1152041.367 ], [ 2535881.200000000186265, 1152041.031999999890104 ], [ 2535881.717999999877065, 1152040.726 ], [ 2535882.279999999795109, 1152040.401 ], [ 2535882.892, 1152040.058999999891967 ], [ 2535883.418, 1152039.772000000113621 ], [ 2535884.035999999847263, 1152039.442 ], [ 2535884.612999999895692, 1152039.142 ], [ 2535885.193, 1152038.849 ], [ 2535885.731999999843538, 1152038.585999999893829 ], [ 2535886.316999999806285, 1152038.304 ], [ 2535886.953000000212342, 1152038.01 ], [ 2535887.546, 1152037.743 ], [ 2535888.094, 1152037.503 ], [ 2535888.691999999806285, 1152037.248 ], [ 2535889.294000000227243, 1152037.0 ], [ 2535889.94400000013411, 1152036.74 ], [ 2535890.501999999862164, 1152036.524 ], [ 2535891.159, 1152036.279 ], [ 2535891.77, 1152036.058 ], [ 2535892.336999999824911, 1152035.860000000102445 ], [ 2535892.998999999836087, 1152035.637000000104308 ], [ 2535893.617, 1152035.436 ], [ 2535894.239, 1152035.242 ], [ 2535894.812, 1152035.068 ], [ 2535895.437, 1152034.888 ], [ 2535896.063999999780208, 1152034.714 ], [ 2535896.740000000223517, 1152034.535 ], [ 2535897.37099999981001, 1152034.375 ], [ 2535897.953000000212342, 1152034.233 ], [ 2535898.58600000012666, 1152034.088 ], [ 2535899.271000000182539, 1152033.938 ], [ 2535899.906, 1152033.805 ], [ 2535900.546, 1152033.68 ], [ 2535901.136, 1152033.572 ], [ 2535901.775, 1152033.46 ], [ 2535902.466, 1152033.348 ], [ 2535903.108, 1152033.251 ], [ 2535903.753, 1152033.161 ], [ 2535904.398, 1152033.079 ], [ 2535905.041999999899417, 1152033.002 ], [ 2535905.688999999780208, 1152032.933999999891967 ], [ 2535906.285999999847263, 1152032.877 ], [ 2535906.984000000171363, 1152032.819 ], [ 2535907.633, 1152032.772000000113621 ], [ 2535908.281, 1152032.73 ], [ 2535908.929, 1152032.698 ], [ 2535909.529999999795109, 1152032.674000000115484 ], [ 2535910.180000000167638, 1152032.654 ], [ 2535910.829, 1152032.641 ], [ 2535911.478999999817461, 1152032.637000000104308 ], [ 2535912.179, 1152032.639 ], [ 2535912.828000000212342, 1152032.648 ], [ 2535913.478000000119209, 1152032.666 ], [ 2535914.128, 1152032.689 ], [ 2535914.778, 1152032.72 ], [ 2535915.426, 1152032.757 ], [ 2535916.025, 1152032.798 ], [ 2535916.723000000230968, 1152032.855 ], [ 2535917.370000000111759, 1152032.913 ], [ 2535918.017, 1152032.98 ], [ 2535918.662, 1152033.053 ], [ 2535919.308000000193715, 1152033.135 ], [ 2535919.952, 1152033.222 ], [ 2535920.595000000204891, 1152033.317 ], [ 2535921.236, 1152033.419 ], [ 2535921.878, 1152033.528 ], [ 2535922.467000000178814, 1152033.633 ], [ 2535923.154999999795109, 1152033.766 ], [ 2535923.793, 1152033.895 ], [ 2535924.93099999986589, 1152034.145 ], [ 2535929.375, 1152035.285 ], [ 2535934.708999999798834, 1152037.178 ], [ 2535939.009999999776483, 1152039.243 ], [ 2535942.882000000216067, 1152041.221 ], [ 2535947.526999999769032, 1152044.06 ], [ 2535951.569999999832362, 1152047.587 ], [ 2535955.724, 1152051.977 ], [ 2535957.812, 1152054.705 ], [ 2535958.204, 1152055.198 ], [ 2535958.634999999776483, 1152055.75 ], [ 2535959.029, 1152056.267 ], [ 2535959.387000000104308, 1152056.748 ], [ 2535959.77, 1152057.272000000113621 ], [ 2535960.177000000141561, 1152057.842 ], [ 2535960.546999999787658, 1152058.377 ], [ 2535960.913000000175089, 1152058.914000000106171 ], [ 2535961.273, 1152059.456 ], [ 2535961.625, 1152060.001 ], [ 2535961.972, 1152060.551 ], [ 2535962.313999999780208, 1152061.104 ], [ 2535962.649000000208616, 1152061.661 ], [ 2535962.953000000212342, 1152062.178 ], [ 2535963.301, 1152062.786 ], [ 2535963.617, 1152063.354 ], [ 2535964.041999999899417, 1152064.139 ] ], [ [ 2534474.390999999828637, 1153702.193 ], [ 2534481.242999999783933, 1153684.784 ], [ 2534482.725, 1153675.153 ], [ 2534483.279999999795109, 1153668.486 ], [ 2534484.947000000160187, 1153661.818 ], [ 2534489.021000000182539, 1153647.002 ], [ 2534494.947999999858439, 1153625.702 ], [ 2534497.171999999787658, 1153618.85 ], [ 2534499.393999999854714, 1153613.664000000106171 ], [ 2534501.061000000219792, 1153610.146 ], [ 2534514.025, 1153600.144 ], [ 2534520.740000000223517, 1153595.71 ], [ 2534533.100999999791384, 1153587.55 ], [ 2534542.36200000019744, 1153582.364 ], [ 2534549.955, 1153576.993 ], [ 2534552.733, 1153572.362999999895692 ], [ 2534559.613973441068083, 1153568.431043705902994 ], [ 2534567.975149307865649, 1153564.991208149585873 ], [ 2534576.281644160859287, 1153556.52881117304787 ], [ 2534608.019640653859824, 1153540.276580645237118 ], [ 2534636.471579898148775, 1153530.757814479526132 ], [ 2534718.223263413179666, 1153479.63691100012511 ], [ 2534744.987012030091137, 1153469.299709083745256 ], [ 2534813.726512365974486, 1153534.692472791997716 ], [ 2534834.875077237375081, 1153548.695393702946603 ] ] ] } },
{ "type": "Feature", "properties": { "CADRE_NO": "10.004", "DDT_URL": null, "ETC_NOM": "Transports publics de la région lausannoise", "ETC_SIGLE": "TL", "ETC_URL": "https://www.t-l.ch", "GO_CENTRE": 0, "HORAIR_URL": "https://www.tableaux-horaires.ch/fileadmin/fap_pdf_fields/2025/10.004.pdf", "LIGNE_NO": "4", "LIGNE_NOM": "Lausanne Faverges - Prilly Coudraie", "LIGNE_SIGL": null, "LIGNE_TYPE": "Trolleybus", "PLAN_URL": "https://prestations.vd.ch/pub/101587/api/download/2_Cartographie_et_geodonnees/2.1_Carte_des_reseaux/Carte_des_lignes_TP/topo/ligne_10.004.pdf", "SHAPE_LEN": 6990.031 }, "geometry": { "type": "MultiLineString", "coordinates": [ [ [ 2537553.629999999888241, 1152800.775 ], [ 2537554.231000000145286, 1152802.347 ], [ 2537554.410999999847263, 1152802.819 ], [ 2537555.83, 1152806.279 ], [ 2537560.336999999824911, 1152817.266 ] ], [ [ 2538564.353999999817461, 1152152.183 ], [ 2538561.946, 1152153.849 ], [ 2538508.23700000019744, 1152185.891 ], [ 2538461.008, 1152212.376 ], [ 2538420.447999999858439, 1152235.527 ], [ 2538360.470000000204891, 1152271.067 ], [ 2538312.842000000178814, 1152299.053 ], [ 2538278.021000000182539, 1152321.092 ] ], [ [ 2537553.629999999888241, 1152800.775 ], [ 2537562.156, 1152799.06 ], [ 2537584.970000000204891, 1152793.003 ], [ 2537631.829, 1152778.558 ], [ 2537653.498000000137836, 1152770.964 ], [ 2537655.904999999795109, 1152769.852 ], [ 2537693.133, 1152750.591 ], [ 2537714.801, 1152768.742 ], [ 2537726.285000000149012, 1152779.298 ], [ 2537733.508, 1152786.151 ], [ 2537741.842000000178814, 1152791.523 ], [ 2537748.879999999888241, 1152796.709 ], [ 2537752.77, 1152801.154 ], [ 2537754.622, 1152805.414000000106171 ], [ 2537754.622, 1152812.821 ], [ 2537752.77, 1152817.823 ], [ 2537747.583999999798834, 1152823.749 ], [ 2537746.665, 1152824.499 ], [ 2537733.001999999862164, 1152835.642 ], [ 2537720.544000000227243, 1152847.27 ], [ 2537708.319999999832362, 1152860.79 ], [ 2537700.727, 1152869.496 ], [ 2537683.132000000216067, 1152894.869 ], [ 2537679.984000000171363, 1152898.589 ], [ 2537674.981999999843538, 1152904.5 ], [ 2537669.61200000019744, 1152910.982 ], [ 2537654.608, 1152926.541 ], [ 2537645.16399999987334, 1152935.615 ], [ 2537626.086999999824911, 1152951.727 ], [ 2537613.308000000193715, 1152962.285 ], [ 2537596.27, 1152976.547 ], [ 2537574.228999999817461, 1152991.547 ], [ 2537528.11200000019744, 1153030.813 ], [ 2537520.889, 1153036.183999999891967 ], [ 2537499.96, 1153051.186 ], [ 2537455.509999999776483, 1153083.411 ], [ 2537440.508, 1153093.969 ], [ 2537421.986, 1153107.859 ], [ 2537406.984999999869615, 1153120.454 ], [ 2537400.503, 1153127.676 ], [ 2537391.796999999787658, 1153137.862999999895692 ], [ 2537379.944999999832362, 1153153.235000000102445 ], [ 2537368.333000000100583, 1153170.744 ], [ 2537344.200000000186265, 1153208.798 ], [ 2537342.903, 1153210.465 ], [ 2537336.049999999813735, 1153220.651 ], [ 2537332.379999999888241, 1153225.727 ], [ 2537306.046999999787658, 1153262.137000000104308 ], [ 2537279.932, 1153298.994 ], [ 2537278.848000000230968, 1153300.494 ], [ 2537267.893999999854714, 1153315.662 ], [ 2537244.558000000193715, 1153341.222 ], [ 2537241.00400000018999, 1153344.557 ], [ 2537220.108, 1153367.337 ], [ 2537192.51299999980256, 1153396.043 ], [ 2537183.066999999806285, 1153404.564 ], [ 2537166.028, 1153415.861 ], [ 2537162.139, 1153413.082 ], [ 2537157.509, 1153411.602 ], [ 2537146.765999999828637, 1153410.120000000111759 ], [ 2537134.358, 1153409.008 ], [ 2537127.875, 1153409.933 ], [ 2537118.244, 1153412.156999999890104 ], [ 2537096.944999999832362, 1153419.565 ], [ 2537075.091, 1153427.344 ], [ 2537058.791999999899417, 1153432.9 ], [ 2537016.751000000163913, 1153448.088 ], [ 2536975.079, 1153462.903 ], [ 2536963.410999999847263, 1153467.534 ], [ 2536946.557, 1153471.609 ], [ 2536953.964999999850988, 1153457.719 ], [ 2536965.447999999858439, 1153431.604 ], [ 2536972.856999999843538, 1153416.601 ], [ 2536977.271999999880791, 1153406.062 ], [ 2536986.747, 1153383.45 ], [ 2536997.117999999783933, 1153361.779 ], [ 2537002.304, 1153352.335 ], [ 2537008.045, 1153344.0 ], [ 2537014.157000000122935, 1153335.110000000102445 ], [ 2537021.009, 1153326.777 ], [ 2537027.492, 1153320.294 ], [ 2537034.344, 1153314.182 ], [ 2537044.162, 1153304.549000000115484 ], [ 2537049.532999999821186, 1153299.735000000102445 ], [ 2537069.160999999847263, 1153281.382 ], [ 2537092.315, 1153259.73 ], [ 2537110.279999999795109, 1153242.877 ], [ 2537131.654999999795109, 1153222.536 ], [ 2537144.731000000145286, 1153210.095 ], [ 2537172.696, 1153185.091 ], [ 2537185.228000000119209, 1153173.171 ], [ 2537187.883, 1153170.645 ], [ 2537192.085, 1153166.693 ], [ 2537239.339999999850988, 1153122.272000000113621 ], [ 2537255.856000000145286, 1153106.747 ], [ 2537285.859000000171363, 1153078.04 ], [ 2537318.640000000130385, 1153047.110000000102445 ], [ 2537331.79, 1153035.997 ], [ 2537343.088, 1153024.516 ], [ 2537345.794000000227243, 1153021.912 ], [ 2537356.128, 1153011.972 ], [ 2537367.350999999791384, 1153001.18 ], [ 2537380.501999999862164, 1152986.654 ], [ 2537446.805000000167638, 1152923.207 ], [ 2537455.325000000186265, 1152914.871 ], [ 2537499.217999999877065, 1152874.866 ], [ 2537560.336999999824911, 1152817.266 ] ], [ [ 2538128.188, 1152353.319 ], [ 2538141.523, 1152349.058999999891967 ], [ 2538157.044000000227243, 1152344.435 ], [ 2538158.932, 1152343.873 ], [ 2538165.615000000223517, 1152342.079 ], [ 2538181.713, 1152337.761 ], [ 2538192.169000000227243, 1152335.952 ], [ 2538216.153, 1152331.8 ], [ 2538278.021000000182539, 1152321.092 ] ], [ [ 2536458.80599999986589, 1154592.976 ], [ 2536405.933000000193715, 1154681.208000000100583 ] ], [ [ 2536436.876000000163913, 1154630.95 ], [ 2536443.344, 1154620.274 ], [ 2536453.901999999769032, 1154601.752 ], [ 2536458.852, 1154593.002 ], [ 2536461.864, 1154587.677 ], [ 2536465.029, 1154582.433 ], [ 2536489.46100000012666, 1154541.93 ], [ 2536502.611, 1154517.666999999899417 ], [ 2536516.873000000137836, 1154489.887000000104308 ], [ 2536526.687, 1154469.143 ], [ 2536531.444999999832362, 1154458.007 ], [ 2536534.838, 1154450.066000000108033 ], [ 2536540.764, 1154435.621 ], [ 2536543.541999999899417, 1154428.210999999893829 ], [ 2536557.989, 1154391.355 ], [ 2536574.842999999877065, 1154344.683 ], [ 2536587.992999999783933, 1154309.307 ], [ 2536600.955999999772757, 1154275.043 ], [ 2536606.223000000230968, 1154257.665 ], [ 2536606.51299999980256, 1154256.709 ], [ 2536610.401999999769032, 1154243.189 ], [ 2536617.99599999981001, 1154222.26 ], [ 2536631.515999999828637, 1154191.7 ], [ 2536655.594, 1154127.804 ], [ 2536656.333999999798834, 1154125.767 ], [ 2536660.23, 1154115.952 ], [ 2536669.484000000171363, 1154090.575999999884516 ], [ 2536690.842999999877065, 1154035.704 ], [ 2536692.265000000130385, 1154032.049000000115484 ], [ 2536704.487999999895692, 1154006.862999999895692 ], [ 2536724.491, 1153962.783 ], [ 2536732.455, 1153945.187 ], [ 2536760.978000000119209, 1153883.883 ], [ 2536763.754999999888241, 1153877.771 ], [ 2536776.768000000156462, 1153844.061 ], [ 2536792.276999999769032, 1153809.429 ], [ 2536815.427999999839813, 1153758.313 ], [ 2536852.654, 1153676.82 ], [ 2536887.660000000149012, 1153600.885 ], [ 2536913.151, 1153544.709 ], [ 2536917.66399999987334, 1153534.764999999897555 ], [ 2536929.517, 1153508.465 ], [ 2536946.557, 1153471.609 ] ], [ [ 2538128.188, 1152353.319 ], [ 2538120.03899999987334, 1152357.023 ], [ 2538114.111, 1152361.652 ], [ 2538109.481000000145286, 1152366.654 ], [ 2538084.676, 1152402.311 ], [ 2538082.811000000219792, 1152404.993 ], [ 2538070.957, 1152421.75 ], [ 2538058.365000000223517, 1152440.521 ], [ 2538057.026, 1152442.53 ], [ 2538055.964999999850988, 1152444.112999999895692 ], [ 2538030.795, 1152481.679 ], [ 2538004.768999999854714, 1152520.521 ], [ 2538001.49599999981001, 1152525.013 ], [ 2537987.614, 1152546.306 ], [ 2537977.799000000115484, 1152560.568 ], [ 2537969.649000000208616, 1152571.308999999891967 ], [ 2537961.12900000018999, 1152583.163 ], [ 2537946.869, 1152599.460999999893829 ], [ 2537939.203000000212342, 1152608.573 ], [ 2537928.532999999821186, 1152619.464 ], [ 2537923.936000000219792, 1152623.516 ], [ 2537911.308999999891967, 1152633.725 ], [ 2537868.525, 1152655.95 ], [ 2537854.449, 1152664.099 ], [ 2537783.143999999854714, 1152702.807 ], [ 2537693.133, 1152750.591 ] ], [ [ 2538564.353999999817461, 1152152.183 ], [ 2538627.509, 1152116.436 ], [ 2538684.554, 1152083.099 ], [ 2538688.813, 1152080.506 ], [ 2538736.969, 1152053.28 ], [ 2538816.608, 1152004.386 ], [ 2538843.685, 1151988.899 ], [ 2538849.383, 1151985.572 ], [ 2538901.96100000012666, 1151954.881 ], [ 2538954.433999999891967, 1151924.05 ], [ 2538978.742, 1151912.785 ], [ 2538999.492999999783933, 1151905.373 ], [ 2539016.242999999783933, 1151900.926 ], [ 2539031.955, 1151898.259 ], [ 2539047.072999999858439, 1151896.479 ], [ 2539058.852, 1151895.816000000108033 ], [ 2539075.452, 1151897.297 ], [ 2539092.646999999880791, 1151900.855 ], [ 2539111.37099999981001, 1151904.968000000109896 ], [ 2539118.29, 1151906.487999999895692 ], [ 2539130.274000000208616, 1151910.460999999893829 ], [ 2539146.453000000212342, 1151915.825999999884516 ], [ 2539168.242999999783933, 1151923.83 ], [ 2539180.396000000182539, 1151927.388 ], [ 2539191.174000000115484, 1151929.543 ], [ 2539197.441999999806285, 1151930.796 ], [ 2539207.907000000122935, 1151932.008 ], [ 2539222.73, 1151932.6 ], [ 2539244.865000000223517, 1151931.414000000106171 ], [ 2539280.521000000182539, 1151927.544 ], [ 2539330.441000000108033, 1151922.125 ], [ 2539363.248000000137836, 1151916.591 ], [ 2539380.910999999847263, 1151912.367 ], [ 2539395.140000000130385, 1151907.624 ], [ 2539411.148, 1151901.547 ], [ 2539428.342999999877065, 1151893.098 ], [ 2539444.220000000204891, 1151883.895 ], [ 2539449.799000000115484, 1151880.338 ], [ 2539458.396999999880791, 1151874.385 ], [ 2539471.36200000019744, 1151864.198 ], [ 2539507.346, 1151835.227999999886379 ], [ 2539510.853000000119209, 1151832.346 ], [ 2539540.296999999787658, 1151808.154 ], [ 2539551.078000000212342, 1151800.554 ], [ 2539556.716, 1151797.021 ] ] ] } },
{ "type": "Feature", "properties": { "CADRE_NO": "10.060", "DDT_URL": null, "ETC_NOM": "Transports publics de la région lausannoise", "ETC_SIGLE": "TL", "ETC_URL": "https://www.t-l.ch", "GO_CENTRE": 0, "HORAIR_URL": "https://www.tableaux-horaires.ch/fileadmin/fap_pdf_fields/2025/10.060.pdf", "LIGNE_NO": "60", "LIGNE_NOM": "Lausanne - Cugy VD - Bottens - Froideville", "LIGNE_SIGL": null, "LIGNE_TYPE": "Bus régional", "PLAN_URL": "https://prestations.vd.ch/pub/101587/api/download/2_Cartographie_et_geodonnees/2.1_Carte_des_reseaux/Carte_des_lignes_TP/topo/ligne_10.060.pdf", "SHAPE_LEN": 19960.168 }, "geometry": { "type": "MultiLineString", "coordinates": [ [ [ 2537814.904, 1152123.370000000111759 ], [ 2537814.957, 1152124.034 ], [ 2537814.890000000130385, 1152124.68 ], [ 2537814.708000000100583, 1152125.304 ], [ 2537814.416000000201166, 1152125.883 ], [ 2537814.024000000208616, 1152126.401 ], [ 2537813.586999999824911, 1152126.81 ], [ 2537813.041999999899417, 1152127.166 ], [ 2537812.396999999880791, 1152127.429 ], [ 2537811.852, 1152127.549000000115484 ], [ 2537811.153, 1152127.578 ], [ 2537810.511, 1152127.482 ], [ 2537809.812, 1152127.234 ], [ 2537809.248000000137836, 1152126.899 ], [ 2537808.794000000227243, 1152126.507 ], [ 2537808.353999999817461, 1152125.964 ], [ 2537808.068, 1152125.438 ], [ 2537807.849, 1152124.773 ], [ 2537807.774000000208616, 1152123.689 ], [ 2537807.873999999836087, 1152123.09 ], [ 2537808.091, 1152122.477999999886379 ], [ 2537808.415, 1152121.916 ], [ 2537808.87099999981001, 1152121.386 ], [ 2537809.336999999824911, 1152121.008 ], [ 2537809.950000000186265, 1152120.675 ], [ 2537810.518999999854714, 1152120.487 ], [ 2537811.21100000012666, 1152120.389999999897555 ], [ 2537811.861, 1152120.421 ], [ 2537812.492999999783933, 1152120.57 ], [ 2537813.088, 1152120.829 ], [ 2537813.586999999824911, 1152121.158 ], [ 2537814.091, 1152121.642 ], [ 2537814.443, 1152122.129 ], [ 2537814.742999999783933, 1152122.76 ], [ 2537814.904, 1152123.370000000111759 ], [ 2537826.83600000012666, 1152120.258 ], [ 2537825.187, 1152113.102 ], [ 2537891.86200000019744, 1152098.842 ], [ 2537904.640999999828637, 1152097.732 ], [ 2537953.906, 1152087.544 ], [ 2537954.455, 1152091.213 ], [ 2537965.401999999769032, 1152089.348 ], [ 2537965.284, 1152088.739 ], [ 2537965.259, 1152088.039000000106171 ], [ 2537965.329, 1152087.444 ], [ 2537965.498999999836087, 1152086.817 ], [ 2537965.788000000175089, 1152086.182 ], [ 2537966.145, 1152085.638 ], [ 2537966.546, 1152085.194 ], [ 2537967.089000000152737, 1152084.751 ], [ 2537967.65, 1152084.426 ], [ 2537968.256, 1152084.191000000108033 ], [ 2537968.841, 1152084.058999999891967 ], [ 2537969.48700000019744, 1152084.011 ], [ 2537970.134, 1152084.063 ], [ 2537970.815, 1152084.227999999886379 ], [ 2537971.367999999783933, 1152084.458000000100583 ], [ 2537971.896999999880791, 1152084.773 ], [ 2537972.387000000104308, 1152085.173 ], [ 2537972.853000000119209, 1152085.695 ], [ 2537973.177999999839813, 1152086.199 ], [ 2537973.447999999858439, 1152086.791 ], [ 2537973.631, 1152087.464 ], [ 2537973.700000000186265, 1152088.352999999886379 ], [ 2537973.631, 1152089.007 ], [ 2537973.464000000152737, 1152089.633 ], [ 2537973.225999999791384, 1152090.183999999891967 ], [ 2537972.853000000119209, 1152090.774 ], [ 2537972.423, 1152091.262000000104308 ], [ 2537971.924999999813735, 1152091.678 ], [ 2537971.41399999987334, 1152091.99 ], [ 2537970.815, 1152092.243 ], [ 2537970.145, 1152092.406 ], [ 2537969.546999999787658, 1152092.459 ], [ 2537968.850999999791384, 1152092.412 ], [ 2537968.217000000178814, 1152092.266 ], [ 2537967.614, 1152092.025 ], [ 2537967.096, 1152091.724 ], [ 2537966.552999999839813, 1152091.283 ], [ 2537966.120000000111759, 1152090.799000000115484 ], [ 2537965.791000000201166, 1152090.298 ], [ 2537965.401999999769032, 1152089.348 ] ], [ [ 2537954.455, 1152091.213 ], [ 2537955.572999999858439, 1152097.360000000102445 ], [ 2537906.492999999783933, 1152107.361 ], [ 2537903.382000000216067, 1152107.95 ], [ 2537885.936000000219792, 1152111.252 ], [ 2537876.120000000111759, 1152112.177 ], [ 2537874.285000000149012, 1152112.56 ], [ 2537827.224, 1152122.362999999895692 ], [ 2537826.83600000012666, 1152120.258 ] ], [ [ 2537809.812, 1152127.234 ], [ 2537803.703000000212342, 1152137.18 ], [ 2537797.589999999850988, 1152143.106 ], [ 2537790.367999999783933, 1152148.663 ], [ 2537782.774000000208616, 1152153.849 ], [ 2537728.876999999862164, 1152187.186 ], [ 2537638.866, 1152240.341 ], [ 2537591.082, 1152270.161 ], [ 2537546.447000000160187, 1152298.497 ], [ 2537533.833000000100583, 1152306.412 ], [ 2537489.774000000208616, 1152334.058 ], [ 2537474.401999999769032, 1152343.503 ], [ 2537441.619, 1152364.432 ], [ 2537418.467000000178814, 1152378.322 ], [ 2537386.426, 1152398.324 ], [ 2537381.796, 1152402.77 ], [ 2537378.461999999824911, 1152406.844 ], [ 2537376.424999999813735, 1152411.104 ], [ 2537375.128, 1152416.105 ], [ 2537375.128, 1152422.585999999893829 ], [ 2537375.685, 1152429.44 ], [ 2537377.352, 1152437.404 ], [ 2537399.947999999858439, 1152483.705 ], [ 2537404.151, 1152492.933999999891967 ], [ 2537422.727, 1152533.712 ], [ 2537430.904, 1152551.66 ], [ 2537437.046999999787658, 1152564.784 ], [ 2537526.708000000100583, 1152744.314 ], [ 2537538.049000000115484, 1152767.69 ], [ 2537551.884999999776483, 1152796.209 ], [ 2537553.629999999888241, 1152800.775 ], [ 2537562.156, 1152799.06 ], [ 2537584.970000000204891, 1152793.003 ], [ 2537631.829, 1152778.558 ], [ 2537653.498000000137836, 1152770.964 ], [ 2537655.904999999795109, 1152769.852 ], [ 2537693.133, 1152750.591 ] ], [ [ 2538437.691000000108033, 1156749.709 ], [ 2538441.004999999888241, 1156756.841 ], [ 2538443.041999999899417, 1156763.878 ], [ 2538443.597, 1156775.176 ], [ 2538442.486, 1156790.548 ], [ 2538442.37900000018999, 1156791.446 ], [ 2538440.819999999832362, 1156804.44 ], [ 2538439.151999999769032, 1156815.553 ], [ 2538436.930000000167638, 1156829.258 ], [ 2538434.895, 1156841.296 ], [ 2538430.634, 1156858.52 ], [ 2538428.224, 1156865.203 ], [ 2538426.558999999891967, 1156869.819 ], [ 2538422.855, 1156878.709 ], [ 2538419.15, 1156885.746 ], [ 2538415.631, 1156891.857 ], [ 2538412.296999999787658, 1156897.601 ], [ 2538407.298, 1156904.268 ], [ 2538402.666999999899417, 1156910.379 ], [ 2538397.852, 1156916.120000000111759 ], [ 2538390.998999999836087, 1156923.159 ], [ 2538375.99599999981001, 1156940.013 ], [ 2538362.291000000201166, 1156955.754999999888241 ], [ 2538357.477, 1156962.052 ], [ 2538352.105, 1156969.275 ], [ 2538345.992, 1156980.759 ], [ 2538342.845000000204891, 1156987.982 ], [ 2538339.882000000216067, 1156996.501 ], [ 2538337.657999999821186, 1157004.65 ], [ 2538335.80599999986589, 1157012.43 ] ], [ [ 2538000.950000000186265, 1153860.547 ], [ 2538005.950000000186265, 1153857.213 ], [ 2538021.691999999806285, 1153846.472 ], [ 2538044.288000000175089, 1153832.395 ], [ 2538081.699, 1153808.874 ], [ 2538097.707, 1153798.585 ], [ 2538105.037, 1153793.872 ], [ 2538117.075000000186265, 1153787.945 ], [ 2538128.927999999839813, 1153783.685 ], [ 2538140.041000000201166, 1153781.463 ], [ 2538154.858, 1153780.538 ], [ 2538165.784, 1153781.834 ], [ 2538176.711999999824911, 1153785.538 ], [ 2538183.379999999888241, 1153788.872 ], [ 2538190.602, 1153792.946 ], [ 2538196.714999999850988, 1153796.835 ], [ 2538209.494, 1153807.948 ], [ 2538215.606999999843538, 1153817.022000000113621 ], [ 2538220.977, 1153827.95 ], [ 2538223.754999999888241, 1153839.987999999895692 ], [ 2538225.793, 1153849.806 ], [ 2538227.46, 1153857.954 ], [ 2538228.015000000130385, 1153864.993 ], [ 2538228.117999999783933, 1153866.796 ], [ 2538228.384999999776483, 1153871.475 ], [ 2538228.757000000216067, 1153880.179 ], [ 2538228.757000000216067, 1153911.48 ], [ 2538226.717999999877065, 1153940.002 ], [ 2538224.311000000219792, 1153984.082 ], [ 2538222.829, 1154022.79 ], [ 2538222.458999999798834, 1154043.162 ], [ 2538222.643999999854714, 1154073.166 ], [ 2538222.458999999798834, 1154105.023 ], [ 2538222.458999999798834, 1154120.395 ], [ 2538222.643999999854714, 1154131.138 ], [ 2538223.842000000178814, 1154150.208000000100583 ], [ 2538224.866, 1154166.512000000104308 ], [ 2538226.163000000175089, 1154180.587 ], [ 2538228.015000000130385, 1154196.886 ], [ 2538230.978999999817461, 1154213.556 ], [ 2538235.794000000227243, 1154232.816000000108033 ], [ 2538250.609999999869615, 1154296.714 ], [ 2538256.538000000175089, 1154328.57 ], [ 2538260.796999999787658, 1154353.017 ], [ 2538263.205999999772757, 1154372.093000000109896 ], [ 2538264.87099999981001, 1154388.393 ], [ 2538265.798, 1154406.541999999899417 ], [ 2538266.05599999986589, 1154416.541999999899417 ], [ 2538266.353999999817461, 1154428.026 ], [ 2538265.798, 1154441.176 ], [ 2538263.021000000182539, 1154469.883 ], [ 2538262.464000000152737, 1154474.329 ], [ 2538260.796999999787658, 1154484.886 ], [ 2538258.204, 1154499.703 ] ], [ [ 2538236.904999999795109, 1153150.642 ], [ 2538220.791999999899417, 1153181.573 ], [ 2538203.566999999806285, 1153215.28 ], [ 2538202.938, 1153216.808999999891967 ], [ 2538189.677000000141561, 1153248.987999999895692 ], [ 2538186.713, 1153257.137000000104308 ], [ 2538177.082, 1153282.139999999897555 ], [ 2538166.71100000012666, 1153306.218000000109896 ], [ 2538156.153, 1153332.517 ], [ 2538147.079, 1153356.224 ], [ 2538129.112999999895692, 1153407.898 ], [ 2538121.890999999828637, 1153430.492 ], [ 2538118.742, 1153442.531 ], [ 2538113.0, 1153461.977999999886379 ], [ 2538107.410000000149012, 1153483.539000000106171 ], [ 2538105.222, 1153491.982 ], [ 2538091.887000000104308, 1153536.062 ], [ 2538086.515999999828637, 1153555.509 ], [ 2538082.441000000108033, 1153566.992 ], [ 2538078.921999999787658, 1153576.438 ], [ 2538075.032000000122935, 1153585.141 ], [ 2538070.032999999821186, 1153593.291999999899417 ], [ 2538065.031, 1153600.884 ], [ 2538057.623000000137836, 1153610.886 ], [ 2538048.546999999787658, 1153622.554 ], [ 2538027.804, 1153651.077 ], [ 2538007.247, 1153676.635 ], [ 2537976.316999999806285, 1153717.567 ], [ 2537944.836999999824911, 1153758.077 ], [ 2537934.764, 1153770.777 ], [ 2537931.086999999824911, 1153776.118 ], [ 2537928.348000000230968, 1153780.166 ], [ 2537925.396000000182539, 1153785.315 ], [ 2537924.696, 1153788.544 ], [ 2537923.901999999769032, 1153792.206 ], [ 2537923.162, 1153798.688 ], [ 2537923.347, 1153806.835999999893829 ], [ 2537924.457, 1153815.541999999899417 ], [ 2537926.68099999986589, 1153824.987999999895692 ], [ 2537930.199, 1153832.767 ], [ 2537935.200000000186265, 1153840.173 ], [ 2537941.497, 1153847.582 ], [ 2537950.757000000216067, 1153855.732 ], [ 2537961.5, 1153860.547 ], [ 2537969.649000000208616, 1153863.141 ], [ 2537975.575999999884516, 1153863.696 ], [ 2537983.725999999791384, 1153864.066000000108033 ], [ 2537988.546999999787658, 1153863.878 ], [ 2537994.836999999824911, 1153863.141 ], [ 2538000.950000000186265, 1153860.547 ], [ 2537980.761, 1153875.364 ], [ 2537965.204, 1153886.847 ], [ 2537957.072999999858439, 1153890.825999999884516 ], [ 2537956.498999999836087, 1153891.106 ], [ 2537949.276999999769032, 1153894.625 ], [ 2537941.312, 1153897.958000000100583 ], [ 2537933.348000000230968, 1153899.812 ], [ 2537927.421, 1153899.997 ], [ 2537918.531, 1153898.514999999897555 ], [ 2537910.751999999862164, 1153896.293 ], [ 2537903.714999999850988, 1153893.144 ], [ 2537897.231999999843538, 1153888.144 ], [ 2537891.120000000111759, 1153882.588 ], [ 2537885.936000000219792, 1153875.549000000115484 ], [ 2537879.637000000104308, 1153866.659 ], [ 2537874.450999999884516, 1153857.954 ], [ 2537870.562, 1153849.806 ], [ 2537867.228999999817461, 1153841.656 ], [ 2537864.265000000130385, 1153832.025 ], [ 2537861.487999999895692, 1153818.69 ], [ 2537858.154, 1153797.575999999884516 ], [ 2537854.634, 1153772.203 ], [ 2537852.597, 1153760.72 ], [ 2537850.241, 1153743.303 ], [ 2537846.484999999869615, 1153715.528 ], [ 2537843.151, 1153701.083000000100583 ], [ 2537839.262000000104308, 1153686.192 ], [ 2537837.779999999795109, 1153678.302 ], [ 2537835.742999999783933, 1153673.116 ], [ 2537831.669000000227243, 1153667.004 ], [ 2537821.668, 1153650.892 ], [ 2537803.515999999828637, 1153626.629 ], [ 2537767.586999999824911, 1153577.548 ], [ 2537729.989, 1153529.764 ], [ 2537770.734999999869615, 1153499.206 ], [ 2537783.265000000130385, 1153491.687 ], [ 2537805.924999999813735, 1153478.091 ], [ 2537822.778, 1153467.905 ], [ 2537833.977, 1153460.973 ], [ 2537834.446, 1153460.681 ], [ 2537844.26299999980256, 1153454.94 ], [ 2537876.302999999839813, 1153432.715 ], [ 2537902.603999999817461, 1153414.751 ], [ 2537911.122, 1153406.6 ], [ 2537949.461999999824911, 1153370.115 ], [ 2537980.207, 1153338.628 ], [ 2537997.986, 1153321.034 ], [ 2538011.136, 1153307.329 ], [ 2538018.543, 1153298.624 ], [ 2538026.69400000013411, 1153289.179 ], [ 2538033.546999999787658, 1153277.879 ], [ 2538040.214000000152737, 1153264.916 ], [ 2538043.548, 1153258.249 ], [ 2538045.028, 1153254.915 ], [ 2538048.546999999787658, 1153244.357 ], [ 2538051.325999999884516, 1153233.431 ], [ 2538053.734000000171363, 1153219.17 ], [ 2538054.474, 1153206.206 ], [ 2538054.474, 1153194.166 ], [ 2538054.474, 1153181.758 ], [ 2538053.549000000115484, 1153168.237999999895692 ], [ 2538049.659, 1153143.048 ], [ 2538047.622, 1153127.861 ], [ 2538047.066999999806285, 1153117.49 ], [ 2538044.103000000119209, 1153085.079 ], [ 2538042.80599999986589, 1153068.964 ], [ 2538041.509, 1153052.666 ], [ 2538039.842999999877065, 1153028.405 ], [ 2538038.731000000145286, 1153007.29 ], [ 2538037.80599999986589, 1152979.509 ], [ 2538037.762000000104308, 1152975.247 ], [ 2538037.436000000219792, 1152944.504999999888241 ], [ 2538037.065, 1152935.8 ], [ 2538034.287, 1152925.429 ], [ 2538048.919000000227243, 1152910.982 ], [ 2538061.844, 1152896.944 ], [ 2538070.403, 1152887.646 ], [ 2538084.108, 1152872.274 ], [ 2538091.146999999880791, 1152864.123 ], [ 2538095.035999999847263, 1152856.531 ], [ 2538097.072999999858439, 1152847.825999999884516 ], [ 2538097.072999999858439, 1152841.899 ], [ 2538093.739, 1152833.195 ], [ 2538083.183000000193715, 1152815.229 ], [ 2538069.660999999847263, 1152792.078 ], [ 2538056.325999999884516, 1152770.224 ], [ 2538049.474, 1152759.296 ], [ 2538038.361, 1152762.074 ], [ 2538028.73, 1152765.038 ], [ 2538020.582, 1152767.075 ], [ 2538012.802999999839813, 1152768.187 ], [ 2537998.171, 1152768.002 ], [ 2537978.169000000227243, 1152768.002 ], [ 2537955.94400000013411, 1152767.629999999888241 ], [ 2537947.793, 1152765.593000000109896 ], [ 2537926.311000000219792, 1152754.295 ], [ 2537921.865000000223517, 1152751.888 ], [ 2537917.42, 1152749.85 ], [ 2537913.346, 1152744.294 ], [ 2537891.86200000019744, 1152701.142 ], [ 2537875.378, 1152670.397000000113621 ], [ 2537868.525, 1152655.95 ], [ 2537854.449, 1152664.099 ], [ 2537783.143999999854714, 1152702.807 ], [ 2537693.133, 1152750.591 ] ], [ [ 2538398.961999999824911, 1156433.466 ], [ 2538401.926, 1156451.431 ], [ 2538402.779999999795109, 1156457.102 ], [ 2538408.796, 1156497.078 ], [ 2538410.259999999776483, 1156506.808999999891967 ], [ 2538410.771999999880791, 1156510.15 ], [ 2538413.409, 1156527.367 ], [ 2538415.392, 1156540.846 ], [ 2538419.890999999828637, 1156571.447 ], [ 2538422.112999999895692, 1156585.152 ], [ 2538426.00400000018999, 1156610.342 ], [ 2538430.386, 1156635.54 ], [ 2538434.153, 1156657.199 ], [ 2538438.041999999899417, 1156679.608 ], [ 2538439.339000000152737, 1156691.278 ], [ 2538443.597, 1156717.761 ], [ 2538443.412, 1156725.912 ], [ 2538441.562, 1156731.468000000109896 ], [ 2538437.955999999772757, 1156738.08 ] ], [ [ 2538236.904999999795109, 1153150.642 ], [ 2538257.649000000208616, 1153128.788 ], [ 2538264.6, 1153120.659 ], [ 2538278.359000000171363, 1153104.57 ], [ 2538280.615000000223517, 1153101.933 ], [ 2538285.975, 1153095.649 ], [ 2538305.606999999843538, 1153072.629999999888241 ], [ 2538307.470000000204891, 1153070.446 ], [ 2538312.173, 1153065.139999999897555 ], [ 2538340.623000000137836, 1153033.035 ], [ 2538343.615000000223517, 1153029.187 ], [ 2538354.026999999769032, 1153015.785 ], [ 2538350.555000000167638, 1153015.689 ], [ 2538340.623000000137836, 1153015.44 ], [ 2538327.287, 1153013.588 ], [ 2538322.75, 1153012.545 ], [ 2538313.582, 1153010.439 ], [ 2538296.913000000175089, 1153006.735000000102445 ], [ 2538278.578000000212342, 1152998.214 ] ], [ [ 2538049.474, 1152759.296 ], [ 2538065.957, 1152752.813 ], [ 2538080.589000000152737, 1152745.776 ], [ 2538087.441999999806285, 1152743.924000000115484 ], [ 2538094.109000000171363, 1152745.036 ], [ 2538099.295, 1152746.703 ], [ 2538103.740000000223517, 1152749.665 ], [ 2538107.629999999888241, 1152754.666999999899417 ], [ 2538111.518999999854714, 1152762.629999999888241 ], [ 2538118.187, 1152777.261 ], [ 2538118.952, 1152778.94 ], [ 2538124.853999999817461, 1152791.893 ], [ 2538132.447000000160187, 1152807.45 ], [ 2538141.708000000100583, 1152828.751 ], [ 2538154.673, 1152858.383 ], [ 2538165.969, 1152885.794 ], [ 2538181.713, 1152919.502 ], [ 2538188.937, 1152930.058999999891967 ], [ 2538198.568, 1152941.541 ], [ 2538207.642, 1152951.172 ], [ 2538215.606999999843538, 1152958.766 ], [ 2538223.94, 1152965.989 ], [ 2538232.830999999772757, 1152972.101 ], [ 2538240.795, 1152977.842 ], [ 2538252.278, 1152984.324 ], [ 2538263.94400000013411, 1152990.622 ], [ 2538278.578000000212342, 1152998.214 ] ] ] } },
{ "type": "Feature", "properties": { "CADRE_NO": "10.009", "DDT_URL": null, "ETC_NOM": "Transports publics de la région lausannoise", "ETC_SIGLE": "TL", "ETC_URL": "https://www.t-l.ch", "GO_CENTRE": 0, "HORAIR_URL": "https://www.tableaux-horaires.ch/fileadmin/fap_pdf_fields/2025/10.009.pdf", "LIGNE_NO": "9", "LIGNE_NOM": "Lutry - Paudex - Pully - Lausanne - Prilly", "LIGNE_SIGL": null, "LIGNE_TYPE": "Trolleybus", "PLAN_URL": "https://prestations.vd.ch/pub/101587/api/download/2_Cartographie_et_geodonnees/2.1_Carte_des_reseaux/Carte_des_lignes_TP/topo/ligne_10.009.pdf", "SHAPE_LEN": 9374.154 }, "geometry": { "type": "MultiLineString", "coordinates": [ [ [ 2541612.006, 1150669.056 ], [ 2541611.177999999839813, 1150667.735000000102445 ], [ 2541624.037, 1150657.226 ] ], [ [ 2538564.353999999817461, 1152152.183 ], [ 2538561.946, 1152153.849 ], [ 2538508.23700000019744, 1152185.891 ], [ 2538461.008, 1152212.376 ], [ 2538420.447999999858439, 1152235.527 ], [ 2538360.470000000204891, 1152271.067 ], [ 2538312.842000000178814, 1152299.053 ], [ 2538278.021000000182539, 1152321.092 ] ], [ [ 2539791.834745852276683, 1151739.635721465805545 ], [ 2539806.603999999817461, 1151711.993 ], [ 2539822.579, 1151682.089 ] ], [ [ 2539826.227, 1151674.002 ], [ 2539838.822999999858439, 1151650.469 ], [ 2539853.611, 1151628.061 ], [ 2539867.802999999839813, 1151608.194 ], [ 2539882.890999999828637, 1151588.924000000115484 ], [ 2539902.5, 1151564.815 ], [ 2539917.778, 1151547.178 ], [ 2539927.981999999843538, 1151537.612 ], [ 2539938.291999999899417, 1151530.171 ], [ 2539945.092999999877065, 1151526.450999999884516 ], [ 2539949.771000000182539, 1151524.432 ], [ 2539957.267, 1151522.325 ], [ 2539969.171, 1151520.732 ], [ 2539984.37099999981001, 1151520.519 ], [ 2540008.924000000115484, 1151522.644 ], [ 2540053.779, 1151527.534 ], [ 2540086.461999999824911, 1151531.31 ], [ 2540100.707, 1151532.161 ], [ 2540113.992, 1151532.268 ], [ 2540130.785999999847263, 1151531.416999999899417 ], [ 2540147.793, 1151529.291 ], [ 2540182.123999999836087, 1151522.807 ], [ 2540193.815, 1151520.257 ], [ 2540205.626000000163913, 1151516.695 ], [ 2540216.909, 1151512.718000000109896 ], [ 2540226.404999999795109, 1151508.497 ], [ 2540236.957, 1151503.045 ], [ 2540248.213, 1151495.659 ], [ 2540373.253, 1151404.737999999895692 ], [ 2540390.312, 1151392.074 ] ], [ [ 2540397.333999999798834, 1151387.102 ], [ 2540422.55599999986589, 1151369.245000000111759 ], [ 2540493.879999999888241, 1151318.748 ], [ 2540501.673, 1151313.107 ], [ 2540523.603999999817461, 1151297.227999999886379 ], [ 2540550.335, 1151277.355 ], [ 2540581.111, 1151253.437 ], [ 2540623.846, 1151217.562 ], [ 2540665.759, 1151178.791 ] ], [ [ 2540675.228000000119209, 1151172.287 ], [ 2540689.850999999791384, 1151164.974 ], [ 2540712.026, 1151155.726 ], [ 2540725.484999999869615, 1151150.112 ], [ 2540733.829, 1151147.408 ], [ 2540749.972, 1151142.175 ], [ 2540768.548, 1151138.967 ], [ 2540786.617999999783933, 1151137.277 ], [ 2540802.153, 1151136.433 ], [ 2540819.041999999899417, 1151137.109 ], [ 2540838.125, 1151139.135 ], [ 2540858.051, 1151141.332 ], [ 2540870.549000000115484, 1151142.006 ], [ 2540885.916000000201166, 1151141.837 ], [ 2540899.764, 1151139.98 ], [ 2540916.146000000182539, 1151135.588 ], [ 2540930.33, 1151130.354 ], [ 2540940.969, 1151125.456 ], [ 2540954.312, 1151117.688 ], [ 2540969.171999999787658, 1151107.556 ], [ 2540979.648, 1151098.852999999886379 ], [ 2540998.169000000227243, 1151081.258 ], [ 2541032.910999999847263, 1151045.729 ], [ 2541035.646999999880791, 1151043.119 ], [ 2541052.78899999987334, 1151026.773 ], [ 2541066.96100000012666, 1151013.26 ], [ 2541145.239, 1150938.315 ], [ 2541158.204, 1150926.144 ], [ 2541163.279, 1150922.03 ], [ 2541179.129999999888241, 1150910.644 ], [ 2541196.194999999832362, 1150899.133 ], [ 2541212.335, 1150889.212 ], [ 2541232.42, 1150877.996 ], [ 2541248.582, 1150868.971 ], [ 2541310.602, 1150834.802 ], [ 2541355.765999999828637, 1150810.504 ], [ 2541414.52, 1150778.09 ], [ 2541444.714000000152737, 1150761.433 ], [ 2541520.91399999987334, 1150720.027 ], [ 2541594.071, 1150680.074 ], [ 2541612.006, 1150669.056 ] ], [ [ 2541612.83, 1150670.213 ], [ 2541612.006, 1150669.056 ] ], [ [ 2536070.640000000130385, 1154029.995000000111759 ], [ 2536071.079, 1154030.511 ], [ 2536071.426, 1154031.0 ], [ 2536071.756, 1154031.56 ], [ 2536072.054, 1154032.192 ], [ 2536072.275, 1154032.804 ], [ 2536072.44, 1154033.432 ], [ 2536072.541999999899417, 1154034.024 ], [ 2536072.599, 1154034.722 ], [ 2536072.591, 1154035.371 ], [ 2536072.534, 1154035.967 ], [ 2536072.415, 1154036.607 ], [ 2536072.225999999791384, 1154037.28 ], [ 2536072.011, 1154037.84 ], [ 2536071.704, 1154038.469 ], [ 2536071.225999999791384, 1154039.224 ], [ 2536070.81900000013411, 1154039.737999999895692 ], [ 2536070.406, 1154040.174000000115484 ], [ 2536069.921999999787658, 1154040.607 ], [ 2536069.359999999869615, 1154041.022000000113621 ], [ 2536068.801, 1154041.357 ], [ 2536068.217000000178814, 1154041.641 ], [ 2536067.609999999869615, 1154041.873 ], [ 2536067.034, 1154042.036 ], [ 2536066.346, 1154042.166999999899417 ], [ 2536065.748999999836087, 1154042.227 ], [ 2536065.146999999880791, 1154042.236 ], [ 2536064.450999999884516, 1154042.186 ], [ 2536063.808000000193715, 1154042.078 ], [ 2536063.228000000119209, 1154041.928 ], [ 2536062.615000000223517, 1154041.714 ], [ 2536061.98, 1154041.421 ], [ 2536061.458999999798834, 1154041.124 ], [ 2536060.642, 1154040.528 ] ], [ [ 2538128.188, 1152353.319 ], [ 2538141.523, 1152349.058999999891967 ], [ 2538157.044000000227243, 1152344.435 ], [ 2538158.932, 1152343.873 ], [ 2538165.615000000223517, 1152342.079 ], [ 2538181.713, 1152337.761 ], [ 2538192.169000000227243, 1152335.952 ], [ 2538216.153, 1152331.8 ], [ 2538278.021000000182539, 1152321.092 ] ], [ [ 2540675.228000000119209, 1151172.287 ], [ 2540665.759, 1151178.791 ] ], [ [ 2535593.498999999836087, 1154499.922 ], [ 2535600.282999999821186, 1154509.133 ], [ 2535601.341, 1154511.845 ], [ 2535601.275, 1154514.358 ], [ 2535600.349, 1154517.732 ], [ 2535597.796, 1154520.477 ], [ 2535587.041000000201166, 1154528.743 ], [ 2535578.779, 1154535.095 ], [ 2535576.265000000130385, 1154536.418 ], [ 2535571.966, 1154536.749 ], [ 2535568.393999999854714, 1154535.492 ], [ 2535564.954, 1154532.383 ], [ 2535558.622, 1154524.114 ], [ 2535593.498999999836087, 1154499.922 ], [ 2535626.38799999980256, 1154475.254999999888241 ], [ 2535648.614, 1154459.327 ], [ 2535673.802000000141561, 1154440.065 ], [ 2535690.656, 1154426.73 ], [ 2535708.62099999981001, 1154412.84 ], [ 2535763.813999999780208, 1154370.798 ], [ 2535813.264, 1154333.014999999897555 ], [ 2535843.779999999795109, 1154310.378 ], [ 2535843.785000000149012, 1154310.375 ], [ 2535846.973000000230968, 1154308.012000000104308 ], [ 2535864.382000000216067, 1154294.676 ], [ 2535881.977, 1154279.304 ], [ 2535892.903, 1154269.487999999895692 ], [ 2535901.978999999817461, 1154260.227999999886379 ], [ 2535925.872, 1154234.668 ], [ 2535931.427999999839813, 1154226.334 ], [ 2535951.058999999891967, 1154197.997 ], [ 2535975.506, 1154160.4 ], [ 2535995.879999999888241, 1154131.138 ], [ 2535998.046999999787658, 1154127.649 ], [ 2536017.92, 1154096.689 ], [ 2536037.367, 1154069.832 ], [ 2536051.626999999862164, 1154051.127 ], [ 2536060.642, 1154040.528 ], [ 2536060.173, 1154040.095 ], [ 2536059.704, 1154039.575999999884516 ], [ 2536059.315, 1154039.056 ], [ 2536058.998000000137836, 1154038.546 ], [ 2536058.683999999891967, 1154037.921 ], [ 2536058.446, 1154037.317 ], [ 2536058.276, 1154036.741 ], [ 2536058.137000000104308, 1154036.055 ], [ 2536058.072999999858439, 1154035.459 ], [ 2536058.058999999891967, 1154034.759 ], [ 2536058.099, 1154034.161 ], [ 2536058.211999999824911, 1154033.47 ], [ 2536058.372, 1154032.842 ], [ 2536058.589999999850988, 1154032.229 ], [ 2536058.838, 1154031.682 ], [ 2536059.185, 1154031.073 ], [ 2536059.526, 1154030.581 ], [ 2536059.973000000230968, 1154030.045 ], [ 2536060.798, 1154029.277 ], [ 2536061.302000000141561, 1154028.909 ], [ 2536061.856999999843538, 1154028.574 ], [ 2536062.487999999895692, 1154028.27 ], [ 2536063.097, 1154028.043 ], [ 2536063.724, 1154027.872 ], [ 2536064.362999999895692, 1154027.757 ], [ 2536065.009999999776483, 1154027.699 ], [ 2536065.660000000149012, 1154027.7 ], [ 2536066.307, 1154027.757 ], [ 2536066.896999999880791, 1154027.862999999895692 ], [ 2536067.525, 1154028.031 ], [ 2536068.136, 1154028.254999999888241 ], [ 2536068.724, 1154028.531999999890104 ], [ 2536069.284, 1154028.861 ], [ 2536069.813, 1154029.237 ], [ 2536070.640000000130385, 1154029.995000000111759 ], [ 2536082.372, 1154018.899 ], [ 2536098.856000000145286, 1154006.491 ], [ 2536117.748000000137836, 1153992.045 ], [ 2536127.748999999836087, 1153985.749 ], [ 2536141.639, 1153976.859 ], [ 2536162.197000000160187, 1153967.598 ], [ 2536201.646999999880791, 1153948.706 ], [ 2536223.686000000219792, 1153935.371 ], [ 2536240.910999999847263, 1153927.038 ], [ 2536255.543, 1153919.444 ], [ 2536270.358, 1153911.293 ], [ 2536292.214000000152737, 1153897.403 ], [ 2536302.214999999850988, 1153890.736 ], [ 2536313.671999999787658, 1153882.144 ], [ 2536318.514, 1153878.513 ], [ 2536335.367999999783933, 1153865.548 ], [ 2536340.367999999783933, 1153861.287 ], [ 2536363.333999999798834, 1153839.987999999895692 ], [ 2536370.521999999880791, 1153832.732 ], [ 2536420.933999999891967, 1153781.834 ], [ 2536463.903, 1153738.124 ], [ 2536477.608, 1153724.234 ], [ 2536496.313999999780208, 1153704.787 ], [ 2536503.907999999821186, 1153696.267 ], [ 2536513.058999999891967, 1153687.276 ], [ 2536525.021999999880791, 1153675.523 ], [ 2536551.856000000145286, 1153648.833000000100583 ], [ 2536559.099, 1153641.629 ], [ 2536577.992, 1153622.369 ], [ 2536615.589000000152737, 1153583.846 ], [ 2536648.0, 1153548.47 ], [ 2536655.779, 1153539.581 ], [ 2536684.486, 1153508.837 ], [ 2536702.137000000104308, 1153490.319 ], [ 2536706.844, 1153485.388 ], [ 2536723.009, 1153468.46 ], [ 2536741.529999999795109, 1153440.679 ], [ 2536758.383, 1153420.491 ], [ 2536776.535000000149012, 1153400.489 ], [ 2536784.869, 1153390.673 ], [ 2536798.575000000186265, 1153377.338 ], [ 2536822.281, 1153356.965 ], [ 2536849.136, 1153338.443 ], [ 2536860.248999999836087, 1153330.48 ], [ 2536882.103999999817461, 1153315.477 ], [ 2536897.660999999847263, 1153305.106 ], [ 2536935.259, 1153279.733 ], [ 2536989.71100000012666, 1153241.95 ], [ 2537007.304, 1153226.578 ], [ 2537019.728999999817461, 1153214.788 ], [ 2537032.679, 1153202.5 ], [ 2537052.495000000111759, 1153182.498 ], [ 2537084.537, 1153146.197 ], [ 2537111.947000000160187, 1153114.898 ], [ 2537143.558000000193715, 1153076.139 ], [ 2537148.805000000167638, 1153069.706 ], [ 2537169.731999999843538, 1153045.628 ], [ 2537180.29, 1153034.887000000104308 ], [ 2537193.995000000111759, 1153021.182 ], [ 2537209.921999999787658, 1153006.365 ], [ 2537218.072999999858439, 1152999.698 ], [ 2537235.668, 1152985.065 ], [ 2537253.447000000160187, 1152972.101 ], [ 2537313.268999999854714, 1152922.65 ], [ 2537361.608, 1152883.941000000108033 ], [ 2537409.566999999806285, 1152847.525 ], [ 2537417.878, 1152842.788 ], [ 2537428.844, 1152836.539000000106171 ], [ 2537460.762000000104308, 1152820.587 ], [ 2537486.489, 1152811.872 ], [ 2537531.518000000156462, 1152805.224 ], [ 2537553.629999999888241, 1152800.775 ], [ 2537562.156, 1152799.06 ], [ 2537584.970000000204891, 1152793.003 ], [ 2537631.829, 1152778.558 ], [ 2537653.498000000137836, 1152770.964 ], [ 2537655.904999999795109, 1152769.852 ], [ 2537693.133, 1152750.591 ] ], [ [ 2538128.188, 1152353.319 ], [ 2538120.03899999987334, 1152357.023 ], [ 2538114.111, 1152361.652 ], [ 2538109.481000000145286, 1152366.654 ], [ 2538084.676, 1152402.311 ], [ 2538082.811000000219792, 1152404.993 ], [ 2538070.957, 1152421.75 ], [ 2538058.365000000223517, 1152440.521 ], [ 2538057.026, 1152442.53 ], [ 2538055.964999999850988, 1152444.112999999895692 ], [ 2538030.795, 1152481.679 ], [ 2538004.768999999854714, 1152520.521 ], [ 2538001.49599999981001, 1152525.013 ], [ 2537987.614, 1152546.306 ], [ 2537977.799000000115484, 1152560.568 ], [ 2537969.649000000208616, 1152571.308999999891967 ], [ 2537961.12900000018999, 1152583.163 ], [ 2537946.869, 1152599.460999999893829 ], [ 2537939.203000000212342, 1152608.573 ], [ 2537928.532999999821186, 1152619.464 ], [ 2537923.936000000219792, 1152623.516 ], [ 2537911.308999999891967, 1152633.725 ], [ 2537868.525, 1152655.95 ], [ 2537854.449, 1152664.099 ], [ 2537783.143999999854714, 1152702.807 ], [ 2537693.133, 1152750.591 ] ], [ [ 2538564.353999999817461, 1152152.183 ], [ 2538627.509, 1152116.436 ], [ 2538684.554, 1152083.099 ], [ 2538688.813, 1152080.506 ], [ 2538736.969, 1152053.28 ], [ 2538816.608, 1152004.386 ], [ 2538843.685, 1151988.899 ], [ 2538849.383, 1151985.572 ], [ 2538901.96100000012666, 1151954.881 ], [ 2538954.433999999891967, 1151924.05 ], [ 2538978.742, 1151912.785 ], [ 2538999.492999999783933, 1151905.373 ], [ 2539016.242999999783933, 1151900.926 ], [ 2539031.955, 1151898.259 ], [ 2539047.072999999858439, 1151896.479 ], [ 2539058.852, 1151895.816000000108033 ], [ 2539075.452, 1151897.297 ], [ 2539092.646999999880791, 1151900.855 ], [ 2539111.37099999981001, 1151904.968000000109896 ], [ 2539118.29, 1151906.487999999895692 ], [ 2539130.274000000208616, 1151910.460999999893829 ], [ 2539146.453000000212342, 1151915.825999999884516 ], [ 2539168.242999999783933, 1151923.83 ], [ 2539180.396000000182539, 1151927.388 ], [ 2539191.174000000115484, 1151929.543 ], [ 2539197.441999999806285, 1151930.796 ], [ 2539207.907000000122935, 1151932.008 ], [ 2539222.73, 1151932.6 ], [ 2539244.865000000223517, 1151931.414000000106171 ], [ 2539280.521000000182539, 1151927.544 ], [ 2539330.441000000108033, 1151922.125 ], [ 2539363.248000000137836, 1151916.591 ], [ 2539380.910999999847263, 1151912.367 ], [ 2539395.140000000130385, 1151907.624 ], [ 2539411.148, 1151901.547 ], [ 2539428.342999999877065, 1151893.098 ], [ 2539444.220000000204891, 1151883.895 ], [ 2539449.799000000115484, 1151880.338 ], [ 2539458.396999999880791, 1151874.385 ], [ 2539471.36200000019744, 1151864.198 ], [ 2539507.346, 1151835.227999999886379 ], [ 2539510.853000000119209, 1151832.346 ], [ 2539540.296999999787658, 1151808.154 ], [ 2539551.078000000212342, 1151800.554 ], [ 2539556.716, 1151797.021 ], [ 2539562.475, 1151793.415 ], [ 2539566.142, 1151790.878 ], [ 2539572.501000000163913, 1151787.285 ], [ 2539583.611, 1151782.742 ], [ 2539596.981999999843538, 1151778.078 ], [ 2539609.835, 1151774.345 ], [ 2539625.487999999895692, 1151771.443 ], [ 2539642.282000000122935, 1151770.095 ], [ 2539682.177000000141561, 1151769.745000000111759 ], [ 2539723.849, 1151769.822 ], [ 2539731.856999999843538, 1151769.512000000104308 ], [ 2539738.308999999891967, 1151768.656999999890104 ], [ 2539744.0, 1151767.523 ], [ 2539767.734000000171363, 1151756.635 ], [ 2539783.419000000227243, 1151748.567 ], [ 2539786.390999999828637, 1151746.233 ], [ 2539791.852, 1151739.607 ] ] ] } },
{ "type": "Feature", "properties": { "CADRE_NO": "10.906", "DDT_URL": null, "ETC_NOM": "Transports publics de la région lausannoise", "ETC_SIGLE": "TL", "ETC_URL": "https://www.t-l.ch", "GO_CENTRE": 0, "HORAIR_URL": "https://www.tableaux-horaires.ch/fileadmin/fap_pdf_fields/2025/10.906.pdf", "LIGNE_NO": "N6", "LIGNE_NOM": "Lausanne St-François - Grandvaux Pra Grana (N6)", "LIGNE_SIGL": null, "LIGNE_TYPE": "Bus nocturne", "PLAN_URL": "https://prestations.vd.ch/pub/101587/api/download/2_Cartographie_et_geodonnees/2.1_Carte_des_reseaux/Carte_des_lignes_TP/topo/ligne_10.906.pdf", "SHAPE_LEN": 20792.375 }, "geometry": { "type": "MultiLineString", "coordinates": [ [ [ 2539603.202, 1153120.987 ], [ 2539609.116, 1153117.675 ], [ 2539619.859000000171363, 1153109.526 ], [ 2539625.043, 1153105.082 ], [ 2539628.007000000216067, 1153101.748 ], [ 2539630.901, 1153098.5 ], [ 2539632.824, 1153093.781999999890104 ], [ 2539634.489, 1153079.522000000113621 ], [ 2539636.898, 1153050.259 ], [ 2539640.046999999787658, 1153022.291999999899417 ], [ 2539643.565, 1153000.808999999891967 ], [ 2539646.159, 1152989.139999999897555 ], [ 2539650.048, 1152976.732 ], [ 2539654.123000000137836, 1152965.619 ], [ 2539661.344, 1152953.766 ], [ 2539669.495000000111759, 1152943.764 ], [ 2539674.311000000219792, 1152938.207 ], [ 2539680.421999999787658, 1152933.763 ], [ 2539692.645, 1152927.096 ], [ 2539705.239, 1152920.058 ], [ 2539718.204, 1152911.537 ], [ 2539720.583999999798834, 1152909.573 ], [ 2539729.872, 1152901.906 ], [ 2539743.392, 1152889.870000000111759 ], [ 2539759.134, 1152870.977 ], [ 2539802.474, 1152820.415 ], [ 2539826.921, 1152794.3 ], [ 2539849.887000000104308, 1152768.927 ], [ 2539863.963, 1152754.852 ], [ 2539876.558000000193715, 1152743.369 ], [ 2539882.279999999795109, 1152738.241 ], [ 2539885.447999999858439, 1152735.403 ], [ 2539896.561000000219792, 1152727.07 ], [ 2539903.598000000230968, 1152722.625 ], [ 2539908.41399999987334, 1152719.846 ], [ 2539930.822999999858439, 1152711.328 ], [ 2539968.791000000201166, 1152698.362 ], [ 2539977.989, 1152695.049000000115484 ], [ 2540000.355, 1152686.993 ], [ 2540028.427999999839813, 1152676.879 ], [ 2540053.617999999783933, 1152667.987999999895692 ], [ 2540065.063, 1152664.197 ], [ 2540085.473000000230968, 1152656.504999999888241 ], [ 2540108.811000000219792, 1152648.171 ], [ 2540123.06900000013411, 1152644.467 ], [ 2540133.812, 1152642.615 ], [ 2540138.302999999839813, 1152642.085999999893829 ], [ 2540143.258, 1152641.503 ], [ 2540146.961999999824911, 1152641.318 ], [ 2540175.67, 1152640.022000000113621 ], [ 2540205.859000000171363, 1152639.281 ], [ 2540222.713, 1152638.54 ], [ 2540234.566000000108033, 1152637.615 ], [ 2540243.457, 1152637.43 ], [ 2540246.241, 1152637.112999999895692 ], [ 2540254.938, 1152636.133 ], [ 2540266.793, 1152633.726 ], [ 2540275.312, 1152631.687 ], [ 2540283.646999999880791, 1152629.465 ], [ 2540290.686000000219792, 1152626.687 ], [ 2540300.872, 1152621.871 ], [ 2540315.132000000216067, 1152614.648 ], [ 2540335.319999999832362, 1152602.239 ], [ 2540368.657000000122935, 1152581.866 ], [ 2540394.700000000186265, 1152565.501 ], [ 2540418.108, 1152553.159 ], [ 2540450.52, 1152533.341 ], [ 2540493.302000000141561, 1152507.227 ], [ 2540512.751000000163913, 1152495.374 ], [ 2540525.901, 1152485.928 ], [ 2540534.79, 1152478.706 ], [ 2540541.457, 1152472.223 ], [ 2540551.086999999824911, 1152461.110000000102445 ], [ 2540563.497, 1152446.479 ], [ 2540571.276, 1152438.699 ], [ 2540580.537, 1152432.217 ], [ 2540586.092999999877065, 1152429.625 ], [ 2540595.724, 1152426.106 ], [ 2540606.095000000204891, 1152423.327 ], [ 2540616.281, 1152422.772000000113621 ], [ 2540620.541999999899417, 1152422.401 ], [ 2540625.356000000145286, 1152423.142 ], [ 2540635.91399999987334, 1152425.92 ], [ 2540641.284, 1152427.403 ], [ 2540647.026999999769032, 1152429.81 ], [ 2540655.916000000201166, 1152434.997 ], [ 2540667.214000000152737, 1152441.849 ], [ 2540686.29, 1152453.331 ], [ 2540719.812, 1152473.333000000100583 ], [ 2540746.296999999787658, 1152489.447 ], [ 2540765.744, 1152500.745000000111759 ], [ 2540775.932, 1152507.597 ], [ 2540781.487999999895692, 1152512.783 ], [ 2540785.748000000137836, 1152517.044 ], [ 2540789.267, 1152524.450999999884516 ], [ 2540791.859000000171363, 1152531.675 ], [ 2540797.378, 1152546.627 ], [ 2540806.419000000227243, 1152571.119 ], [ 2540807.805000000167638, 1152576.044 ], [ 2540808.526, 1152578.604 ], [ 2540813.528, 1152600.202 ], [ 2540815.21, 1152608.294 ] ], [ [ 2539586.68099999986589, 1153121.308 ], [ 2539582.632000000216067, 1153119.342 ], [ 2539573.926, 1153111.749 ], [ 2539547.071, 1153077.855 ], [ 2539535.589000000152737, 1153063.409 ], [ 2539518.179, 1153041.183999999891967 ], [ 2539507.066000000108033, 1153026.737999999895692 ], [ 2539502.622, 1153020.254999999888241 ], [ 2539497.991, 1153012.661 ], [ 2539495.399000000208616, 1153008.216 ], [ 2539490.396999999880791, 1152998.214 ], [ 2539486.508, 1152989.139999999897555 ], [ 2539483.174999999813735, 1152980.436 ], [ 2539480.026, 1152969.879 ], [ 2539477.062, 1152956.914000000106171 ], [ 2539473.91399999987334, 1152943.949 ], [ 2539466.876000000163913, 1152909.5 ], [ 2539461.572000000160187, 1152879.762000000104308 ], [ 2539457.430000000167638, 1152856.531 ], [ 2539453.541000000201166, 1152836.898 ], [ 2539449.836999999824911, 1152823.749 ], [ 2539447.058999999891967, 1152814.674000000115484 ], [ 2539443.355, 1152804.673 ], [ 2539438.353999999817461, 1152794.115 ], [ 2539431.316999999806285, 1152782.077 ], [ 2539425.759999999776483, 1152772.261 ], [ 2539419.092000000178814, 1152763.926 ], [ 2539406.312, 1152748.183999999891967 ], [ 2539382.236, 1152722.995000000111759 ], [ 2539355.936000000219792, 1152697.252 ], [ 2539330.563, 1152669.84 ], [ 2539306.67, 1152645.392 ], [ 2539282.779, 1152620.019 ], [ 2539259.258, 1152597.98 ], [ 2539252.034, 1152589.831 ], [ 2539233.697999999858439, 1152576.311 ], [ 2539220.798, 1152569.897000000113621 ] ], [ [ 2537378.461999999824911, 1152406.844 ], [ 2537376.424999999813735, 1152411.104 ], [ 2537375.128, 1152416.105 ], [ 2537375.128, 1152422.585999999893829 ], [ 2537375.685, 1152429.44 ], [ 2537377.352, 1152437.404 ], [ 2537399.947999999858439, 1152483.705 ], [ 2537404.151, 1152492.933999999891967 ] ], [ [ 2537404.151, 1152492.933999999891967 ], [ 2537422.727, 1152533.712 ], [ 2537430.904, 1152551.66 ], [ 2537437.046999999787658, 1152564.784 ], [ 2537526.708000000100583, 1152744.314 ], [ 2537538.049000000115484, 1152767.69 ], [ 2537551.884999999776483, 1152796.209 ], [ 2537553.629999999888241, 1152800.775 ], [ 2537562.156, 1152799.06 ], [ 2537584.970000000204891, 1152793.003 ], [ 2537631.829, 1152778.558 ], [ 2537653.498000000137836, 1152770.964 ], [ 2537655.904999999795109, 1152769.852 ], [ 2537693.133, 1152750.591 ] ], [ [ 2541554.626999999862164, 1152832.736 ], [ 2541561.569999999832362, 1152845.266 ], [ 2541570.375, 1152858.305 ], [ 2541577.318, 1152866.941000000108033 ], [ 2541588.324, 1152878.964 ], [ 2541602.549000000115484, 1152891.663 ], [ 2541622.870000000111759, 1152905.209 ], [ 2541644.02, 1152916.592 ], [ 2541680.200000000186265, 1152940.4 ], [ 2541727.696, 1152976.319 ], [ 2541737.169000000227243, 1152986.49 ], [ 2541741.910999999847263, 1152993.602999999886379 ], [ 2541745.128, 1153003.592 ], [ 2541745.805000000167638, 1153010.537 ], [ 2541744.111, 1153019.849 ], [ 2541740.387000000104308, 1153026.791999999899417 ], [ 2541735.645, 1153031.702 ], [ 2541730.227, 1153035.09 ], [ 2541719.896000000182539, 1153037.798 ], [ 2541703.471, 1153038.138 ], [ 2541692.973000000230968, 1153038.645 ], [ 2541685.708000000100583, 1153040.055 ], [ 2541681.628, 1153040.846 ], [ 2541670.282000000122935, 1153044.232 ], [ 2541661.815, 1153044.91 ], [ 2541653.887000000104308, 1153043.905 ], [ 2541653.12099999981001, 1153043.808 ], [ 2541649.793, 1153043.386 ], [ 2541644.562, 1153040.992 ], [ 2541635.737999999895692, 1153036.952 ], [ 2541625.409, 1153030.857 ], [ 2541616.603000000119209, 1153026.452 ], [ 2541607.120000000111759, 1153025.438 ], [ 2541583.583000000100583, 1153027.638 ], [ 2541570.204, 1153031.364 ], [ 2541559.029999999795109, 1153033.734 ], [ 2541546.160000000149012, 1153034.412 ], [ 2541529.396999999880791, 1153032.379 ], [ 2541512.971, 1153030.009 ], [ 2541501.188, 1153028.879999999888241 ], [ 2541500.609999999869615, 1153028.824 ], [ 2541488.079, 1153030.348 ], [ 2541478.597, 1153034.072 ], [ 2541472.836999999824911, 1153037.939 ], [ 2541471.890000000130385, 1153038.575 ], [ 2541466.742, 1153042.031 ], [ 2541456.41399999987334, 1153053.377 ], [ 2541450.486, 1153063.199 ], [ 2541446.762000000104308, 1153075.221 ], [ 2541444.390999999828637, 1153090.8 ], [ 2541441.174000000115484, 1153103.162 ], [ 2541437.447999999858439, 1153112.137000000104308 ], [ 2541433.045, 1153118.909 ], [ 2541427.457, 1153125.852 ], [ 2541420.683000000193715, 1153130.593000000109896 ], [ 2541411.37099999981001, 1153135.843000000109896 ], [ 2541370.813, 1153153.476 ], [ 2541364.634999999776483, 1153156.163 ], [ 2541355.490000000223517, 1153158.872 ], [ 2541349.05599999986589, 1153159.887000000104308 ], [ 2541338.558000000193715, 1153159.041 ], [ 2541326.026, 1153156.163 ], [ 2541324.563999999780208, 1153155.703 ], [ 2541307.737999999895692, 1153150.405 ], [ 2541296.901, 1153147.358 ], [ 2541289.78899999987334, 1153146.341 ], [ 2541282.508, 1153146.172 ], [ 2541268.452, 1153147.526 ], [ 2541249.48700000019744, 1153148.374 ], [ 2541244.646999999880791, 1153148.639999999897555 ], [ 2541235.248999999836087, 1153149.161 ], [ 2541220.617, 1153149.716 ], [ 2541201.599, 1153148.9 ], [ 2541193.793, 1153147.999 ], [ 2541177.666999999899417, 1153143.909 ], [ 2541163.887000000104308, 1153137.766 ], [ 2541151.617999999783933, 1153130.391 ], [ 2541141.273, 1153122.346 ], [ 2541130.791000000201166, 1153111.008 ], [ 2541123.197000000160187, 1153101.748 ], [ 2541116.529, 1153091.375 ], [ 2541109.492, 1153076.744 ], [ 2541105.048, 1153065.446 ], [ 2541102.454, 1153056.0 ], [ 2541099.491, 1153039.518 ], [ 2541098.379999999888241, 1153029.886 ], [ 2541097.083999999798834, 1153008.216 ], [ 2541094.305000000167638, 1152974.139999999897555 ], [ 2541088.563999999780208, 1152931.911 ], [ 2541085.785999999847263, 1152919.317 ], [ 2541083.376999999862164, 1152912.649 ], [ 2541079.487999999895692, 1152906.352999999886379 ], [ 2541074.858, 1152900.795 ], [ 2541046.33600000012666, 1152876.903 ], [ 2541037.816999999806285, 1152871.162 ], [ 2541031.518999999854714, 1152865.422 ], [ 2541027.815, 1152860.05 ], [ 2541026.518999999854714, 1152854.308999999891967 ], [ 2541025.037, 1152844.308 ], [ 2541025.407000000122935, 1152837.083000000100583 ], [ 2541026.518999999854714, 1152830.231 ], [ 2541030.037, 1152821.156 ], [ 2541035.225, 1152812.452 ], [ 2541038.742, 1152803.746 ], [ 2541043.001999999862164, 1152794.487 ], [ 2541044.669000000227243, 1152786.892 ], [ 2541045.594, 1152778.743 ], [ 2541045.594, 1152770.779 ], [ 2541043.742, 1152762.259 ], [ 2541040.779999999795109, 1152754.852 ], [ 2541036.705, 1152747.073 ], [ 2541032.074, 1152740.96 ], [ 2541025.592000000178814, 1152735.59 ], [ 2541018.924999999813735, 1152731.516 ], [ 2541010.220000000204891, 1152726.514 ], [ 2540993.923, 1152718.921 ], [ 2540977.808999999891967, 1152711.882 ], [ 2540952.805000000167638, 1152700.77 ], [ 2540950.140000000130385, 1152699.391 ], [ 2540881.507000000216067, 1152663.862 ], [ 2540863.719, 1152654.653 ], [ 2540845.384999999776483, 1152644.281999999890104 ], [ 2540833.554, 1152636.146 ], [ 2540825.75400000018999, 1152630.063 ], [ 2540821.697999999858439, 1152625.537 ], [ 2540818.296, 1152619.873 ], [ 2540817.65, 1152619.989 ], [ 2540817.001999999862164, 1152620.034 ], [ 2540816.393000000156462, 1152620.012000000104308 ], [ 2540815.217999999877065, 1152619.789000000106171 ], [ 2540814.603999999817461, 1152619.57 ], [ 2540814.063, 1152619.311 ], [ 2540813.509, 1152618.972 ], [ 2540812.957, 1152618.541999999899417 ], [ 2540812.494, 1152618.085999999893829 ], [ 2540812.080999999772757, 1152617.585 ], [ 2540811.751000000163913, 1152617.083000000100583 ], [ 2540811.452, 1152616.506 ], [ 2540811.217000000178814, 1152615.9 ], [ 2540811.049999999813735, 1152615.272000000113621 ], [ 2540810.946, 1152614.58 ], [ 2540810.923, 1152613.981 ], [ 2540810.970000000204891, 1152613.283 ], [ 2540811.088, 1152612.644 ], [ 2540811.257000000216067, 1152612.07 ], [ 2540811.523, 1152611.423 ], [ 2540811.838, 1152610.854 ], [ 2540812.182, 1152610.362 ], [ 2540812.643999999854714, 1152609.835999999893829 ], [ 2540813.123000000137836, 1152609.399 ], [ 2540813.606999999843538, 1152609.043 ], [ 2540814.211999999824911, 1152608.691000000108033 ], [ 2540815.21, 1152608.294 ] ], [ [ 2538768.454, 1152274.42 ], [ 2538745.302000000141561, 1152293.312 ], [ 2538733.075999999884516, 1152301.431 ], [ 2538722.151999999769032, 1152308.683999999891967 ], [ 2538676.961999999824911, 1152336.28 ], [ 2538641.171999999787658, 1152357.944 ], [ 2538621.583999999798834, 1152369.803 ], [ 2538617.921, 1152372.284 ], [ 2538615.842999999877065, 1152373.691000000108033 ], [ 2538567.503, 1152401.473 ], [ 2538559.26299999980256, 1152407.578 ], [ 2538555.649000000208616, 1152410.178 ], [ 2538543.08, 1152419.73 ], [ 2538539.072999999858439, 1152422.474 ], [ 2538530.579, 1152430.331 ], [ 2538519.308000000193715, 1152441.365 ], [ 2538511.052999999839813, 1152450.81 ], [ 2538503.083000000100583, 1152460.291999999899417 ], [ 2538503.234999999869615, 1152460.74 ] ], [ [ 2537814.904, 1152123.370000000111759 ], [ 2537826.83600000012666, 1152120.258 ] ], [ [ 2537954.455, 1152091.213 ], [ 2537965.401999999769032, 1152089.348 ] ], [ [ 2537814.904, 1152123.370000000111759 ], [ 2537814.957, 1152124.034 ], [ 2537814.890000000130385, 1152124.68 ], [ 2537814.708000000100583, 1152125.304 ], [ 2537814.416000000201166, 1152125.883 ], [ 2537814.024000000208616, 1152126.401 ], [ 2537813.586999999824911, 1152126.81 ], [ 2537813.041999999899417, 1152127.166 ], [ 2537812.396999999880791, 1152127.429 ], [ 2537811.852, 1152127.549000000115484 ], [ 2537811.153, 1152127.578 ], [ 2537810.511, 1152127.482 ], [ 2537809.812, 1152127.234 ], [ 2537803.703000000212342, 1152137.18 ], [ 2537797.589999999850988, 1152143.106 ], [ 2537790.367999999783933, 1152148.663 ], [ 2537782.774000000208616, 1152153.849 ], [ 2537728.876999999862164, 1152187.186 ], [ 2537638.866, 1152240.341 ], [ 2537591.082, 1152270.161 ], [ 2537546.447000000160187, 1152298.497 ], [ 2537533.833000000100583, 1152306.412 ], [ 2537489.774000000208616, 1152334.058 ], [ 2537474.401999999769032, 1152343.503 ], [ 2537441.619, 1152364.432 ], [ 2537418.467000000178814, 1152378.322 ], [ 2537386.426, 1152398.324 ], [ 2537381.796, 1152402.77 ], [ 2537378.461999999824911, 1152406.844 ] ], [ [ 2537954.455, 1152091.213 ], [ 2537955.572999999858439, 1152097.360000000102445 ], [ 2537906.492999999783933, 1152107.361 ], [ 2537903.382000000216067, 1152107.95 ], [ 2537885.936000000219792, 1152111.252 ], [ 2537876.120000000111759, 1152112.177 ], [ 2537874.285000000149012, 1152112.56 ], [ 2537827.224, 1152122.362999999895692 ], [ 2537826.83600000012666, 1152120.258 ] ], [ [ 2538525.369, 1152032.778 ], [ 2538529.904, 1152045.872 ], [ 2538548.241, 1152101.251 ], [ 2538564.353999999817461, 1152152.183 ], [ 2538561.946, 1152153.849 ], [ 2538508.23700000019744, 1152185.891 ], [ 2538461.008, 1152212.376 ], [ 2538420.447999999858439, 1152235.527 ], [ 2538360.470000000204891, 1152271.067 ], [ 2538312.842000000178814, 1152299.053 ], [ 2538278.021000000182539, 1152321.092 ] ], [ [ 2543282.700000000186265, 1152208.399 ], [ 2543277.200000000186265, 1152208.567 ] ], [ [ 2538525.369, 1152032.778 ], [ 2538514.719, 1152035.129999999888241 ], [ 2538478.788000000175089, 1152039.76 ], [ 2538462.674999999813735, 1152041.242 ], [ 2538395.072999999858439, 1152047.169 ], [ 2538319.69400000013411, 1152054.578 ], [ 2538319.008, 1152054.647000000113621 ], [ 2538234.682, 1152063.096 ], [ 2538173.017, 1152070.145 ], [ 2538163.376999999862164, 1152071.247 ], [ 2538112.629999999888241, 1152076.246 ], [ 2538062.254999999888241, 1152081.535 ], [ 2538038.546, 1152084.025 ], [ 2538000.579, 1152086.432 ], [ 2537973.700000000186265, 1152088.352999999886379 ], [ 2537973.631, 1152089.007 ], [ 2537973.464000000152737, 1152089.633 ], [ 2537973.225999999791384, 1152090.183999999891967 ], [ 2537972.853000000119209, 1152090.774 ], [ 2537972.423, 1152091.262000000104308 ], [ 2537971.924999999813735, 1152091.678 ], [ 2537971.41399999987334, 1152091.99 ], [ 2537970.815, 1152092.243 ], [ 2537970.145, 1152092.406 ], [ 2537969.546999999787658, 1152092.459 ], [ 2537968.850999999791384, 1152092.412 ], [ 2537968.217000000178814, 1152092.266 ], [ 2537967.614, 1152092.025 ], [ 2537967.096, 1152091.724 ], [ 2537966.552999999839813, 1152091.283 ], [ 2537966.120000000111759, 1152090.799000000115484 ], [ 2537965.791000000201166, 1152090.298 ], [ 2537965.401999999769032, 1152089.348 ] ], [ [ 2540675.228000000119209, 1151172.287 ], [ 2540689.850999999791384, 1151164.974 ], [ 2540712.026, 1151155.726 ], [ 2540725.484999999869615, 1151150.112 ], [ 2540733.829, 1151147.408 ], [ 2540749.972, 1151142.175 ], [ 2540768.548, 1151138.967 ], [ 2540786.617999999783933, 1151137.277 ], [ 2540802.153, 1151136.433 ], [ 2540819.041999999899417, 1151137.109 ], [ 2540838.125, 1151139.135 ], [ 2540858.051, 1151141.332 ], [ 2540870.549000000115484, 1151142.006 ], [ 2540885.916000000201166, 1151141.837 ], [ 2540899.764, 1151139.98 ], [ 2540916.146000000182539, 1151135.588 ], [ 2540930.33, 1151130.354 ], [ 2540940.969, 1151125.456 ], [ 2540954.312, 1151117.688 ], [ 2540969.171999999787658, 1151107.556 ], [ 2540979.648, 1151098.852999999886379 ], [ 2540998.169000000227243, 1151081.258 ], [ 2541032.910999999847263, 1151045.729 ], [ 2541035.646999999880791, 1151043.119 ], [ 2541052.78899999987334, 1151026.773 ], [ 2541066.96100000012666, 1151013.26 ], [ 2541145.239, 1150938.315 ], [ 2541158.204, 1150926.144 ], [ 2541163.279, 1150922.03 ], [ 2541179.129999999888241, 1150910.644 ], [ 2541196.194999999832362, 1150899.133 ], [ 2541212.335, 1150889.212 ], [ 2541232.42, 1150877.996 ], [ 2541248.582, 1150868.971 ], [ 2541310.602, 1150834.802 ], [ 2541355.765999999828637, 1150810.504 ], [ 2541414.52, 1150778.09 ], [ 2541444.714000000152737, 1150761.433 ], [ 2541520.91399999987334, 1150720.027 ], [ 2541594.071, 1150680.074 ], [ 2541612.006, 1150669.056 ], [ 2541611.177999999839813, 1150667.735000000102445 ], [ 2541624.037, 1150657.226 ] ], [ [ 2538128.188, 1152353.319 ], [ 2538141.523, 1152349.058999999891967 ], [ 2538157.044000000227243, 1152344.435 ], [ 2538158.932, 1152343.873 ], [ 2538165.615000000223517, 1152342.079 ], [ 2538148.079656880814582, 1152371.323970211436972 ], [ 2538153.505881058052182, 1152388.433733772020787 ], [ 2538174.598860167898238, 1152397.42747351503931 ], [ 2538205.68048687139526, 1152397.52643492189236 ], [ 2538232.788797256071121, 1152378.826120868325233 ], [ 2538250.758300655987114, 1152349.543563368497416 ], [ 2538244.856422176584601, 1152326.995696444064379 ], [ 2538181.713, 1152337.761 ], [ 2538192.169000000227243, 1152335.952 ], [ 2538216.153, 1152331.8 ], [ 2538278.021000000182539, 1152321.092 ] ], [ [ 2538128.188, 1152353.319 ], [ 2538120.03899999987334, 1152357.023 ], [ 2538114.111, 1152361.652 ], [ 2538109.481000000145286, 1152366.654 ], [ 2538084.676, 1152402.311 ], [ 2538082.811000000219792, 1152404.993 ], [ 2538070.957, 1152421.75 ], [ 2538058.365000000223517, 1152440.521 ], [ 2538057.026, 1152442.53 ], [ 2538055.964999999850988, 1152444.112999999895692 ], [ 2538030.795, 1152481.679 ], [ 2538004.768999999854714, 1152520.521 ], [ 2538001.49599999981001, 1152525.013 ], [ 2537987.614, 1152546.306 ], [ 2537977.799000000115484, 1152560.568 ], [ 2537969.649000000208616, 1152571.308999999891967 ], [ 2537961.12900000018999, 1152583.163 ], [ 2537946.869, 1152599.460999999893829 ], [ 2537939.203000000212342, 1152608.573 ], [ 2537928.532999999821186, 1152619.464 ], [ 2537923.936000000219792, 1152623.516 ], [ 2537911.308999999891967, 1152633.725 ], [ 2537868.525, 1152655.95 ], [ 2537854.449, 1152664.099 ], [ 2537783.143999999854714, 1152702.807 ], [ 2537693.133, 1152750.591 ] ], [ [ 2538564.353999999817461, 1152152.183 ], [ 2538627.509, 1152116.436 ], [ 2538684.554, 1152083.099 ], [ 2538688.813, 1152080.506 ], [ 2538736.969, 1152053.28 ], [ 2538816.608, 1152004.386 ], [ 2538843.685, 1151988.899 ], [ 2538849.383, 1151985.572 ], [ 2538901.96100000012666, 1151954.881 ], [ 2538954.433999999891967, 1151924.05 ], [ 2538978.742, 1151912.785 ], [ 2538999.492999999783933, 1151905.373 ], [ 2539016.242999999783933, 1151900.926 ], [ 2539031.955, 1151898.259 ], [ 2539047.072999999858439, 1151896.479 ], [ 2539058.852, 1151895.816000000108033 ], [ 2539075.452, 1151897.297 ], [ 2539092.646999999880791, 1151900.855 ], [ 2539111.37099999981001, 1151904.968000000109896 ], [ 2539118.29, 1151906.487999999895692 ], [ 2539130.274000000208616, 1151910.460999999893829 ], [ 2539146.453000000212342, 1151915.825999999884516 ], [ 2539168.242999999783933, 1151923.83 ], [ 2539180.396000000182539, 1151927.388 ], [ 2539191.174000000115484, 1151929.543 ], [ 2539197.441999999806285, 1151930.796 ], [ 2539207.907000000122935, 1151932.008 ], [ 2539222.73, 1151932.6 ], [ 2539244.865000000223517, 1151931.414000000106171 ], [ 2539280.521000000182539, 1151927.544 ], [ 2539330.441000000108033, 1151922.125 ], [ 2539363.248000000137836, 1151916.591 ], [ 2539380.910999999847263, 1151912.367 ], [ 2539395.140000000130385, 1151907.624 ], [ 2539411.148, 1151901.547 ], [ 2539428.342999999877065, 1151893.098 ], [ 2539444.220000000204891, 1151883.895 ], [ 2539449.799000000115484, 1151880.338 ], [ 2539458.396999999880791, 1151874.385 ], [ 2539471.36200000019744, 1151864.198 ], [ 2539507.346, 1151835.227999999886379 ], [ 2539510.853000000119209, 1151832.346 ], [ 2539540.296999999787658, 1151808.154 ], [ 2539551.078000000212342, 1151800.554 ], [ 2539556.716, 1151797.021 ], [ 2539562.475, 1151793.415 ], [ 2539566.142, 1151790.878 ], [ 2539572.501000000163913, 1151787.285 ], [ 2539583.611, 1151782.742 ], [ 2539596.981999999843538, 1151778.078 ], [ 2539609.835, 1151774.345 ], [ 2539625.487999999895692, 1151771.443 ], [ 2539642.282000000122935, 1151770.095 ], [ 2539682.177000000141561, 1151769.745000000111759 ], [ 2539723.849, 1151769.822 ], [ 2539731.856999999843538, 1151769.512000000104308 ], [ 2539738.308999999891967, 1151768.656999999890104 ], [ 2539744.0, 1151767.523 ], [ 2539767.734000000171363, 1151756.635 ], [ 2539783.419000000227243, 1151748.567 ], [ 2539786.390999999828637, 1151746.233 ], [ 2539791.852, 1151739.607 ], [ 2539806.603999999817461, 1151711.993 ], [ 2539822.579, 1151682.089 ], [ 2539826.227, 1151674.002 ], [ 2539838.822999999858439, 1151650.469 ], [ 2539853.611, 1151628.061 ], [ 2539867.802999999839813, 1151608.194 ], [ 2539882.890999999828637, 1151588.924000000115484 ], [ 2539902.5, 1151564.815 ], [ 2539917.778, 1151547.178 ], [ 2539927.981999999843538, 1151537.612 ], [ 2539938.291999999899417, 1151530.171 ], [ 2539945.092999999877065, 1151526.450999999884516 ], [ 2539949.771000000182539, 1151524.432 ], [ 2539957.267, 1151522.325 ], [ 2539969.171, 1151520.732 ], [ 2539984.37099999981001, 1151520.519 ], [ 2540008.924000000115484, 1151522.644 ], [ 2540053.779, 1151527.534 ], [ 2540086.461999999824911, 1151531.31 ], [ 2540100.707, 1151532.161 ], [ 2540113.992, 1151532.268 ], [ 2540130.785999999847263, 1151531.416999999899417 ], [ 2540147.793, 1151529.291 ], [ 2540182.123999999836087, 1151522.807 ], [ 2540193.815, 1151520.257 ], [ 2540205.626000000163913, 1151516.695 ], [ 2540216.909, 1151512.718000000109896 ], [ 2540226.404999999795109, 1151508.497 ], [ 2540236.957, 1151503.045 ], [ 2540248.213, 1151495.659 ], [ 2540373.253, 1151404.737999999895692 ], [ 2540390.312, 1151392.074 ], [ 2540397.333999999798834, 1151387.102 ], [ 2540422.55599999986589, 1151369.245000000111759 ], [ 2540493.879999999888241, 1151318.748 ], [ 2540501.673, 1151313.107 ], [ 2540523.603999999817461, 1151297.227999999886379 ], [ 2540550.335, 1151277.355 ], [ 2540581.111, 1151253.437 ], [ 2540623.846, 1151217.562 ], [ 2540665.759, 1151178.791 ] ], [ [ 2538503.083000000100583, 1152460.291999999899417 ], [ 2538503.234999999869615, 1152460.74 ], [ 2538493.418, 1152470.741 ], [ 2538519.903, 1152492.411 ], [ 2538530.830999999772757, 1152503.522000000113621 ], [ 2538540.276999999769032, 1152510.376 ], [ 2538548.05599999986589, 1152514.635 ], [ 2538556.205999999772757, 1152516.857 ], [ 2538570.466, 1152520.006 ], [ 2538590.282999999821186, 1152523.154 ], [ 2538605.470000000204891, 1152526.673 ], [ 2538614.916000000201166, 1152531.119 ], [ 2538622.139, 1152536.674000000115484 ], [ 2538628.066000000108033, 1152542.602999999886379 ], [ 2538631.77, 1152548.159 ], [ 2538633.992, 1152552.974 ], [ 2538637.511, 1152560.197 ], [ 2538638.807, 1152565.568 ], [ 2538639.364, 1152571.123 ], [ 2538639.549000000115484, 1152573.162 ], [ 2538639.364, 1152578.533 ], [ 2538637.882000000216067, 1152600.017 ], [ 2538637.916000000201166, 1152614.127 ], [ 2538638.066999999806285, 1152620.574 ], [ 2538638.08600000012666, 1152630.319 ], [ 2538643.253, 1152630.207 ], [ 2538649.92, 1152630.392 ], [ 2538675.478000000119209, 1152631.131 ], [ 2538679.924000000115484, 1152630.392 ], [ 2538685.295, 1152628.354 ], [ 2538690.666999999899417, 1152625.02 ], [ 2538696.223000000230968, 1152619.279 ], [ 2538717.893000000156462, 1152590.016 ], [ 2538724.188999999780208, 1152581.681 ], [ 2538739.191000000108033, 1152561.494 ], [ 2538746.6, 1152551.493 ], [ 2538751.971, 1152545.379999999888241 ], [ 2538755.304, 1152542.416999999899417 ], [ 2538764.379999999888241, 1152538.158 ], [ 2538776.231999999843538, 1152534.452 ], [ 2538790.123999999836087, 1152530.379 ], [ 2538803.475999999791384, 1152527.469 ], [ 2538804.569999999832362, 1152527.23 ], [ 2538819.757000000216067, 1152523.710999999893829 ], [ 2538851.798, 1152516.857 ], [ 2538878.097, 1152512.413 ], [ 2538903.841, 1152508.894 ], [ 2538932.179, 1152505.561 ], [ 2538956.626999999862164, 1152503.709 ], [ 2538986.444999999832362, 1152501.672 ], [ 2539002.372, 1152500.745000000111759 ], [ 2539027.932, 1152501.3 ], [ 2539041.452, 1152502.781999999890104 ], [ 2539054.787, 1152505.004999999888241 ], [ 2539074.603999999817461, 1152510.19 ], [ 2539109.793, 1152519.636 ], [ 2539123.498999999836087, 1152524.081 ], [ 2539141.464999999850988, 1152530.007 ], [ 2539160.725999999791384, 1152538.158 ], [ 2539175.543, 1152544.825 ], [ 2539199.62099999981001, 1152557.048 ], [ 2539220.798, 1152569.897000000113621 ] ] ] } },
{ "type": "Feature", "properties": { "CADRE_NO": "10.365", "DDT_URL": null, "ETC_NOM": "CarPostal", "ETC_SIGLE": "CarPostal", "ETC_URL": "https://www.postauto.ch/fr", "GO_CENTRE": 0, "HORAIR_URL": "https://www.tableaux-horaires.ch/fileadmin/fap_pdf_fields/2025/10.365.pdf", "LIGNE_NO": "365", "LIGNE_NOM": "(Moudon -) Mézières VD - Forel (Lavaux) - Savigny - Lausanne Sallaz", "LIGNE_SIGL": null, "LIGNE_TYPE": "Bus régional", "PLAN_URL": "https://prestations.vd.ch/pub/101587/api/download/2_Cartographie_et_geodonnees/2.1_Carte_des_reseaux/Carte_des_lignes_TP/topo/ligne_10.365.pdf", "SHAPE_LEN": 33411.636 }, "geometry": { "type": "MultiLineString", "coordinates": [ [ [ 2538049.474, 1152759.296 ], [ 2538038.361, 1152762.074 ], [ 2538028.73, 1152765.038 ], [ 2538020.582, 1152767.075 ], [ 2538012.802999999839813, 1152768.187 ], [ 2537998.171, 1152768.002 ], [ 2537978.169000000227243, 1152768.002 ], [ 2537955.94400000013411, 1152767.629999999888241 ], [ 2537947.793, 1152765.593000000109896 ], [ 2537926.311000000219792, 1152754.295 ], [ 2537921.865000000223517, 1152751.888 ], [ 2537917.42, 1152749.85 ], [ 2537913.346, 1152744.294 ], [ 2537891.86200000019744, 1152701.142 ], [ 2537875.378, 1152670.397000000113621 ], [ 2537868.525, 1152655.95 ], [ 2537854.449, 1152664.099 ], [ 2537783.143999999854714, 1152702.807 ], [ 2537693.133, 1152750.591 ] ], [ [ 2537814.904, 1152123.370000000111759 ], [ 2537814.957, 1152124.034 ], [ 2537814.890000000130385, 1152124.68 ], [ 2537814.708000000100583, 1152125.304 ], [ 2537814.416000000201166, 1152125.883 ], [ 2537814.024000000208616, 1152126.401 ], [ 2537813.586999999824911, 1152126.81 ], [ 2537813.041999999899417, 1152127.166 ], [ 2537812.396999999880791, 1152127.429 ], [ 2537811.852, 1152127.549000000115484 ], [ 2537811.153, 1152127.578 ], [ 2537810.511, 1152127.482 ], [ 2537809.812, 1152127.234 ], [ 2537809.248000000137836, 1152126.899 ], [ 2537808.794000000227243, 1152126.507 ], [ 2537808.353999999817461, 1152125.964 ], [ 2537808.068, 1152125.438 ], [ 2537807.849, 1152124.773 ], [ 2537807.774000000208616, 1152123.689 ], [ 2537807.873999999836087, 1152123.09 ], [ 2537808.091, 1152122.477999999886379 ], [ 2537808.415, 1152121.916 ], [ 2537808.87099999981001, 1152121.386 ], [ 2537809.336999999824911, 1152121.008 ], [ 2537809.950000000186265, 1152120.675 ], [ 2537810.518999999854714, 1152120.487 ], [ 2537811.21100000012666, 1152120.389999999897555 ], [ 2537811.861, 1152120.421 ], [ 2537812.492999999783933, 1152120.57 ], [ 2537813.088, 1152120.829 ], [ 2537813.586999999824911, 1152121.158 ], [ 2537814.091, 1152121.642 ], [ 2537814.443, 1152122.129 ], [ 2537814.742999999783933, 1152122.76 ], [ 2537814.904, 1152123.370000000111759 ], [ 2537826.83600000012666, 1152120.258 ], [ 2537825.187, 1152113.102 ], [ 2537891.86200000019744, 1152098.842 ], [ 2537904.640999999828637, 1152097.732 ], [ 2537953.906, 1152087.544 ], [ 2537954.455, 1152091.213 ], [ 2537965.401999999769032, 1152089.348 ], [ 2537965.284, 1152088.739 ], [ 2537965.259, 1152088.039000000106171 ], [ 2537965.329, 1152087.444 ], [ 2537965.498999999836087, 1152086.817 ], [ 2537965.788000000175089, 1152086.182 ], [ 2537966.145, 1152085.638 ], [ 2537966.546, 1152085.194 ], [ 2537967.089000000152737, 1152084.751 ], [ 2537967.65, 1152084.426 ], [ 2537968.256, 1152084.191000000108033 ], [ 2537968.841, 1152084.058999999891967 ], [ 2537969.48700000019744, 1152084.011 ], [ 2537970.134, 1152084.063 ], [ 2537970.815, 1152084.227999999886379 ], [ 2537971.367999999783933, 1152084.458000000100583 ], [ 2537971.896999999880791, 1152084.773 ], [ 2537972.387000000104308, 1152085.173 ], [ 2537972.853000000119209, 1152085.695 ], [ 2537973.177999999839813, 1152086.199 ], [ 2537973.447999999858439, 1152086.791 ], [ 2537973.631, 1152087.464 ], [ 2537973.700000000186265, 1152088.352999999886379 ], [ 2537973.631, 1152089.007 ], [ 2537973.464000000152737, 1152089.633 ], [ 2537973.225999999791384, 1152090.183999999891967 ], [ 2537972.853000000119209, 1152090.774 ], [ 2537972.423, 1152091.262000000104308 ], [ 2537971.924999999813735, 1152091.678 ], [ 2537971.41399999987334, 1152091.99 ], [ 2537970.815, 1152092.243 ], [ 2537970.145, 1152092.406 ], [ 2537969.546999999787658, 1152092.459 ], [ 2537968.850999999791384, 1152092.412 ], [ 2537968.217000000178814, 1152092.266 ], [ 2537967.614, 1152092.025 ], [ 2537967.096, 1152091.724 ], [ 2537966.552999999839813, 1152091.283 ], [ 2537966.120000000111759, 1152090.799000000115484 ], [ 2537965.791000000201166, 1152090.298 ], [ 2537965.401999999769032, 1152089.348 ] ], [ [ 2537954.455, 1152091.213 ], [ 2537955.572999999858439, 1152097.360000000102445 ], [ 2537906.492999999783933, 1152107.361 ], [ 2537903.382000000216067, 1152107.95 ], [ 2537885.936000000219792, 1152111.252 ], [ 2537876.120000000111759, 1152112.177 ], [ 2537874.285000000149012, 1152112.56 ], [ 2537827.224, 1152122.362999999895692 ], [ 2537826.83600000012666, 1152120.258 ] ], [ [ 2537809.812, 1152127.234 ], [ 2537803.703000000212342, 1152137.18 ], [ 2537797.589999999850988, 1152143.106 ], [ 2537790.367999999783933, 1152148.663 ], [ 2537782.774000000208616, 1152153.849 ], [ 2537728.876999999862164, 1152187.186 ], [ 2537638.866, 1152240.341 ], [ 2537591.082, 1152270.161 ], [ 2537546.447000000160187, 1152298.497 ], [ 2537533.833000000100583, 1152306.412 ], [ 2537489.774000000208616, 1152334.058 ], [ 2537474.401999999769032, 1152343.503 ], [ 2537441.619, 1152364.432 ], [ 2537418.467000000178814, 1152378.322 ], [ 2537386.426, 1152398.324 ], [ 2537381.796, 1152402.77 ], [ 2537378.461999999824911, 1152406.844 ], [ 2537376.424999999813735, 1152411.104 ], [ 2537375.128, 1152416.105 ], [ 2537375.128, 1152422.585999999893829 ], [ 2537375.685, 1152429.44 ], [ 2537377.352, 1152437.404 ], [ 2537399.947999999858439, 1152483.705 ], [ 2537404.151, 1152492.933999999891967 ], [ 2537422.727, 1152533.712 ], [ 2537430.904, 1152551.66 ], [ 2537437.046999999787658, 1152564.784 ], [ 2537526.708000000100583, 1152744.314 ], [ 2537538.049000000115484, 1152767.69 ], [ 2537551.884999999776483, 1152796.209 ], [ 2537553.629999999888241, 1152800.775 ], [ 2537562.156, 1152799.06 ], [ 2537584.970000000204891, 1152793.003 ], [ 2537631.829, 1152778.558 ], [ 2537653.498000000137836, 1152770.964 ], [ 2537655.904999999795109, 1152769.852 ], [ 2537693.133, 1152750.591 ] ], [ [ 2538049.474, 1152759.296 ], [ 2538065.957, 1152752.813 ], [ 2538080.589000000152737, 1152745.776 ], [ 2538087.441999999806285, 1152743.924000000115484 ], [ 2538094.109000000171363, 1152745.036 ], [ 2538099.295, 1152746.703 ], [ 2538103.740000000223517, 1152749.665 ], [ 2538107.629999999888241, 1152754.666999999899417 ], [ 2538111.518999999854714, 1152762.629999999888241 ], [ 2538118.187, 1152777.261 ], [ 2538118.952, 1152778.94 ], [ 2538124.853999999817461, 1152791.893 ], [ 2538132.447000000160187, 1152807.45 ], [ 2538141.708000000100583, 1152828.751 ], [ 2538154.673, 1152858.383 ], [ 2538165.969, 1152885.794 ], [ 2538181.713, 1152919.502 ], [ 2538188.937, 1152930.058999999891967 ], [ 2538198.568, 1152941.541 ], [ 2538207.642, 1152951.172 ], [ 2538215.606999999843538, 1152958.766 ], [ 2538223.94, 1152965.989 ], [ 2538232.830999999772757, 1152972.101 ], [ 2538240.795, 1152977.842 ], [ 2538252.278, 1152984.324 ], [ 2538263.94400000013411, 1152990.622 ], [ 2538278.578000000212342, 1152998.214 ] ], [ [ 2538638.08600000012666, 1152630.319 ], [ 2538626.214000000152737, 1152630.577 ], [ 2538612.324, 1152631.502 ], [ 2538611.026, 1152631.317 ], [ 2538602.878, 1152633.726 ], [ 2538595.284, 1152637.244 ], [ 2538589.358, 1152641.318 ], [ 2538582.876000000163913, 1152648.356 ], [ 2538579.727, 1152653.913 ], [ 2538576.393000000156462, 1152660.766 ], [ 2538574.910999999847263, 1152667.618 ], [ 2538574.17, 1152674.656 ], [ 2538574.355, 1152680.583000000100583 ], [ 2538574.725999999791384, 1152687.621 ], [ 2538576.578000000212342, 1152696.139999999897555 ], [ 2538578.984999999869615, 1152705.585999999893829 ], [ 2538586.393999999854714, 1152726.7 ], [ 2538588.987999999895692, 1152735.96 ], [ 2538590.653, 1152745.960999999893829 ], [ 2538592.134999999776483, 1152757.259 ], [ 2538592.134999999776483, 1152768.187 ], [ 2538590.838, 1152777.446 ], [ 2538589.543, 1152789.67 ], [ 2538586.208999999798834, 1152799.671 ], [ 2538576.023, 1152829.121 ], [ 2538561.119, 1152874.095 ], [ 2538554.909, 1152892.832 ], [ 2538553.87900000018999, 1152895.521 ], [ 2538534.165, 1152954.321 ], [ 2538529.350999999791384, 1152966.545 ], [ 2538524.16399999987334, 1152973.213 ], [ 2538518.793, 1152977.656999999890104 ], [ 2538508.421999999787658, 1152986.362999999895692 ], [ 2538499.716, 1152992.104 ], [ 2538491.938, 1152996.177 ], [ 2538480.268999999854714, 1153002.105 ], [ 2538469.896999999880791, 1153006.179 ], [ 2538462.305000000167638, 1153008.031999999890104 ], [ 2538447.972, 1153010.524 ], [ 2538436.805000000167638, 1153011.801 ], [ 2538430.705, 1153012.368 ], [ 2538371.669000000227243, 1153014.531999999890104 ], [ 2538360.776, 1153015.207 ], [ 2538354.026999999769032, 1153015.785 ], [ 2538350.555000000167638, 1153015.689 ], [ 2538340.623000000137836, 1153015.44 ], [ 2538327.287, 1153013.588 ], [ 2538322.75, 1153012.545 ], [ 2538313.582, 1153010.439 ], [ 2538296.913000000175089, 1153006.735000000102445 ], [ 2538278.578000000212342, 1152998.214 ] ], [ [ 2538638.08600000012666, 1152630.319 ], [ 2538643.253, 1152630.207 ], [ 2538649.92, 1152630.392 ], [ 2538675.478000000119209, 1152631.131 ], [ 2538679.924000000115484, 1152630.392 ], [ 2538685.295, 1152628.354 ], [ 2538690.666999999899417, 1152625.02 ], [ 2538696.223000000230968, 1152619.279 ], [ 2538717.893000000156462, 1152590.016 ], [ 2538724.188999999780208, 1152581.681 ], [ 2538733.853999999817461, 1152576.075 ], [ 2538739.328000000212342, 1152573.812 ], [ 2538744.728999999817461, 1152572.57 ], [ 2538750.42, 1152572.206 ], [ 2538756.48, 1152573.009 ], [ 2538762.392, 1152574.76 ], [ 2538767.208999999798834, 1152577.243 ], [ 2538771.660999999847263, 1152580.6 ], [ 2538775.603000000119209, 1152585.126 ], [ 2538778.668, 1152590.016 ], [ 2538780.71100000012666, 1152594.248 ], [ 2538782.025, 1152598.628 ], [ 2538783.265000000130385, 1152604.904 ], [ 2538784.87099999981001, 1152627.456 ], [ 2538786.136, 1152647.058999999891967 ], [ 2538787.941999999806285, 1152674.283 ], [ 2538789.33, 1152692.343000000109896 ], [ 2538789.775, 1152697.406 ], [ 2538791.199, 1152713.556 ], [ 2538792.600999999791384, 1152732.713 ], [ 2538793.62900000018999, 1152748.227999999886379 ], [ 2538793.35, 1152757.852999999886379 ], [ 2538792.694999999832362, 1152763.928 ], [ 2538791.666999999899417, 1152769.254999999888241 ], [ 2538789.984000000171363, 1152775.235000000102445 ], [ 2538788.114, 1152780.656 ], [ 2538785.686000000219792, 1152787.104 ], [ 2538782.134999999776483, 1152795.608 ], [ 2538776.528, 1152807.944 ], [ 2538771.574, 1152818.598 ], [ 2538769.986, 1152822.243 ], [ 2538767.089000000152737, 1152828.784 ], [ 2538765.220000000204891, 1152834.486 ], [ 2538764.191000000108033, 1152838.316000000108033 ], [ 2538763.629999999888241, 1152842.896 ], [ 2538763.44400000013411, 1152847.379999999888241 ], [ 2538763.723000000230968, 1152852.989 ], [ 2538764.285999999847263, 1152858.316000000108033 ], [ 2538765.781, 1152864.764999999897555 ], [ 2538768.21, 1152873.924000000115484 ], [ 2538776.06, 1152904.108 ], [ 2538782.696, 1152930.274 ], [ 2538788.396000000182539, 1152953.358 ], [ 2538791.87900000018999, 1152965.629 ], [ 2538795.498999999836087, 1152980.271 ], [ 2538797.46, 1152989.525 ], [ 2538799.799000000115484, 1153000.737999999895692 ], [ 2538802.69400000013411, 1153017.654 ], [ 2538807.705999999772757, 1153046.347 ], [ 2538808.021000000182539, 1153048.306 ], [ 2538818.275, 1153108.601 ], [ 2538819.065, 1153112.876 ], [ 2538824.756, 1153143.656999999890104 ], [ 2538825.654, 1153148.597 ], [ 2538829.974, 1153170.193 ], [ 2538832.378, 1153181.009 ], [ 2538835.278, 1153192.675 ], [ 2538840.119, 1153209.171 ], [ 2538846.166000000201166, 1153228.455 ], [ 2538851.541000000201166, 1153244.224 ], [ 2538854.299999999813735, 1153252.004 ], [ 2538856.774000000208616, 1153258.579 ], [ 2538861.157999999821186, 1153267.84 ], [ 2538864.833999999798834, 1153274.913 ], [ 2538868.015999999828637, 1153280.358 ], [ 2538872.330999999772757, 1153287.499 ], [ 2538876.643000000156462, 1153293.721 ], [ 2538881.169000000227243, 1153299.237999999895692 ], [ 2538887.839000000152737, 1153308.399 ], [ 2538896.123999999836087, 1153317.038 ], [ 2538905.754999999888241, 1153326.669 ], [ 2538918.773, 1153338.628 ], [ 2538939.938999999780208, 1153358.631 ], [ 2538955.508, 1153373.289000000106171 ], [ 2538972.535999999847263, 1153389.216 ], [ 2538984.069999999832362, 1153400.541 ], [ 2539003.651999999769032, 1153418.427 ], [ 2539023.125, 1153436.418 ], [ 2539033.578000000212342, 1153445.774 ], [ 2539046.938, 1153458.327 ], [ 2539060.694999999832362, 1153471.344 ], [ 2539077.205, 1153486.69 ], [ 2539095.089999999850988, 1153503.306 ], [ 2539107.898, 1153514.946 ], [ 2539115.518000000156462, 1153522.462 ], [ 2539119.645, 1153526.694 ], [ 2539122.291000000201166, 1153529.552 ], [ 2539125.737999999895692, 1153534.519 ], [ 2539129.403, 1153540.53 ], [ 2539136.412486188113689, 1153547.531696791527793 ], [ 2539218.108157117851079, 1153632.515224367147312 ], [ 2539247.582524893339723, 1153723.468019301304594 ], [ 2539282.938625229988247, 1153804.419014768209308 ] ], [ [ 2539276.160999999847263, 1153868.619 ], [ 2539279.725, 1153886.624 ], [ 2539282.332, 1153899.799000000115484 ], [ 2539283.524000000208616, 1153905.933 ], [ 2539282.796999999787658, 1153910.827 ], [ 2539281.275, 1153913.936 ], [ 2539279.484999999869615, 1153916.55 ] ], [ [ 2541573.653, 1154147.949 ], [ 2541551.984999999869615, 1154127.112999999895692 ], [ 2541521.813999999780208, 1154098.777 ], [ 2541493.81, 1154071.941000000108033 ], [ 2541467.473000000230968, 1154047.27 ], [ 2541443.471, 1154024.933 ], [ 2541424.134999999776483, 1154009.264999999897555 ], [ 2541409.133, 1153998.263 ], [ 2541395.131, 1153989.597 ], [ 2541383.963, 1153982.762000000104308 ], [ 2541371.295, 1153977.261 ], [ 2541358.793, 1153972.427 ], [ 2541346.012000000104308, 1153968.665 ], [ 2541333.608, 1153966.169 ], [ 2541321.96100000012666, 1153964.7 ], [ 2541310.454, 1153963.759 ], [ 2541298.785000000149012, 1153963.926 ], [ 2541287.117999999783933, 1153964.426 ], [ 2541273.949, 1153965.927 ], [ 2541260.281, 1153968.426 ], [ 2541247.779, 1153970.926 ], [ 2541233.768000000156462, 1153973.71 ], [ 2541217.653, 1153976.118 ], [ 2541205.06, 1153977.414000000106171 ], [ 2541195.614, 1153977.599 ], [ 2541183.946, 1153976.859 ], [ 2541175.241, 1153976.303 ], [ 2541165.055000000167638, 1153974.450999999884516 ], [ 2541156.904, 1153972.414000000106171 ], [ 2541141.162, 1153967.043 ], [ 2541131.160999999847263, 1153962.783 ], [ 2541121.345000000204891, 1153957.597 ], [ 2541112.825999999884516, 1153952.411 ], [ 2541104.862999999895692, 1153946.854 ], [ 2541099.887000000104308, 1153942.875 ], [ 2541098.379999999888241, 1153941.668 ], [ 2541090.416000000201166, 1153934.259 ], [ 2541081.896999999880791, 1153925.370000000111759 ], [ 2541071.524000000208616, 1153913.702 ], [ 2541059.671, 1153898.7 ], [ 2541049.67, 1153885.735000000102445 ], [ 2541035.407999999821186, 1153866.289000000106171 ], [ 2541026.889, 1153853.51 ], [ 2541017.998999999836087, 1153839.987999999895692 ], [ 2541011.517, 1153829.987 ], [ 2540997.257000000216067, 1153811.653 ], [ 2540992.199, 1153806.595 ], [ 2540991.143999999854714, 1153805.54 ], [ 2540985.771999999880791, 1153801.095 ], [ 2540974.844, 1153792.946 ], [ 2540963.362999999895692, 1153786.648 ], [ 2540954.103000000119209, 1153782.945 ], [ 2540950.261, 1153781.894 ], [ 2540944.799999999813735, 1153780.401 ], [ 2540937.987999999895692, 1153779.241 ], [ 2540929.654999999795109, 1153777.944 ], [ 2540918.727, 1153777.389 ], [ 2540909.096, 1153777.759 ], [ 2540889.651, 1153779.981 ], [ 2540872.424999999813735, 1153781.834 ], [ 2540848.904, 1153784.797 ], [ 2540848.023, 1153784.909 ], [ 2540794.822999999858439, 1153791.65 ], [ 2540725.739, 1153800.54 ], [ 2540692.401999999769032, 1153805.17 ], [ 2540664.307, 1153808.743 ], [ 2540660.36200000019744, 1153809.244 ], [ 2540543.308999999891967, 1153824.801 ], [ 2540444.223000000230968, 1153837.396 ], [ 2540414.96100000012666, 1153841.285 ], [ 2540363.842999999877065, 1153848.509 ], [ 2540335.705999999772757, 1153853.784 ], [ 2540335.779999999795109, 1153854.423 ], [ 2540335.76299999980256, 1153855.121 ], [ 2540335.666000000201166, 1153855.713 ], [ 2540335.461999999824911, 1153856.383 ], [ 2540335.211999999824911, 1153856.926 ], [ 2540334.549000000115484, 1153857.862999999895692 ] ], [ [ 2540326.204, 1153854.620000000111759 ], [ 2540319.390999999828637, 1153854.620000000111759 ], [ 2540309.761, 1153856.102999999886379 ], [ 2540287.906, 1153860.547 ], [ 2540270.126999999862164, 1153865.548 ], [ 2540266.51299999980256, 1153866.805 ], [ 2540253.088, 1153871.475 ], [ 2540239.382000000216067, 1153877.401 ], [ 2540224.935, 1153885.55 ], [ 2540220.586999999824911, 1153888.579 ], [ 2540214.563999999780208, 1153892.774 ], [ 2540195.858, 1153907.404 ], [ 2540181.225999999791384, 1153920.554 ], [ 2540151.223000000230968, 1153948.151 ], [ 2540098.623000000137836, 1153997.416999999899417 ], [ 2540068.063999999780208, 1154026.308999999891967 ], [ 2540036.764, 1154055.202 ], [ 2540027.503, 1154061.314 ], [ 2540016.390000000130385, 1154067.797 ], [ 2540007.315, 1154072.241 ], [ 2539997.683999999891967, 1154075.389 ], [ 2539983.609000000171363, 1154079.278 ], [ 2539972.68099999986589, 1154080.945 ], [ 2539965.643999999854714, 1154080.945 ], [ 2539957.494, 1154080.575 ], [ 2539947.677000000141561, 1154079.278 ], [ 2539938.416999999899417, 1154077.241 ], [ 2539926.563999999780208, 1154073.908 ], [ 2539914.71100000012666, 1154070.759 ], [ 2539900.21100000012666, 1154066.742 ], [ 2539875.261, 1154059.831 ], [ 2539808.771999999880791, 1154041.682 ], [ 2539782.842000000178814, 1154034.088 ], [ 2539744.50400000018999, 1154023.345 ], [ 2539730.799000000115484, 1154019.271 ], [ 2539717.464000000152737, 1154016.122 ], [ 2539699.498999999836087, 1154013.715 ], [ 2539696.341, 1154013.452 ], [ 2539690.609000000171363, 1154012.974 ], [ 2539680.608, 1154012.232 ], [ 2539675.48700000019744, 1154012.342 ] ], [ [ 2539675.48700000019744, 1154012.342 ], [ 2539671.901999999769032, 1154012.419 ], [ 2539664.680000000167638, 1154012.789000000106171 ], [ 2539653.566999999806285, 1154014.642 ], [ 2539650.251999999862164, 1154015.564 ], [ 2539638.935, 1154018.714 ], [ 2539630.045, 1154021.308999999891967 ], [ 2539621.339999999850988, 1154023.717 ], [ 2539592.818, 1154032.976 ], [ 2539578.37099999981001, 1154036.495000000111759 ], [ 2539566.518999999854714, 1154039.088 ], [ 2539552.258, 1154041.125 ], [ 2539538.923, 1154042.236 ], [ 2539523.179, 1154042.236 ], [ 2539507.623000000137836, 1154041.125 ], [ 2539492.989, 1154039.088 ], [ 2539475.21, 1154034.829 ], [ 2539460.579, 1154030.012000000104308 ], [ 2539446.873999999836087, 1154024.828 ], [ 2539434.267, 1154018.381 ], [ 2539430.575000000186265, 1154016.492 ], [ 2539420.018999999854714, 1154010.382 ], [ 2539407.054, 1154000.935 ], [ 2539393.162, 1153989.823 ], [ 2539380.014, 1153978.895 ], [ 2539368.344, 1153968.893 ], [ 2539361.123000000137836, 1153962.041 ], [ 2539354.268999999854714, 1153954.263 ], [ 2539347.525, 1153945.591 ], [ 2539344.066000000108033, 1153940.583000000100583 ], [ 2539337.268000000156462, 1153930.274 ], [ 2539328.734000000171363, 1153916.818 ], [ 2539320.983, 1153904.323 ], [ 2539310.137000000104308, 1153886.435 ], [ 2539298.775, 1153866.987 ], [ 2539295.554, 1153859.947 ], [ 2539291.258, 1153847.661 ], [ 2539289.69400000013411, 1153840.132 ], [ 2539289.58600000012666, 1153833.963 ] ], [ [ 2540326.204, 1153854.620000000111759 ], [ 2540326.258, 1153853.931 ], [ 2540326.4, 1153853.297 ], [ 2540326.623999999836087, 1153852.688 ], [ 2540326.930000000167638, 1153852.115 ], [ 2540327.31, 1153851.589 ], [ 2540327.721, 1153851.152 ], [ 2540328.265999999828637, 1153850.712 ], [ 2540328.779, 1153850.403 ], [ 2540329.845000000204891, 1153850.0 ], [ 2540330.443, 1153849.892 ], [ 2540331.091, 1153849.861 ], [ 2540331.737999999895692, 1153849.918 ], [ 2540332.42, 1153850.077 ], [ 2540332.98, 1153850.29 ], [ 2540333.551, 1153850.598 ], [ 2540334.077, 1153850.983 ], [ 2540334.544000000227243, 1153851.433 ], [ 2540334.947000000160187, 1153851.943 ], [ 2540335.276, 1153852.501 ], [ 2540335.528, 1153853.1 ], [ 2540335.705999999772757, 1153853.784 ] ] ] } },
{ "type": "Feature", "properties": { "CADRE_NO": "10.369", "DDT_URL": null, "ETC_NOM": "CarPostal", "ETC_SIGLE": "CarPostal", "ETC_URL": "https://www.postauto.ch/fr", "GO_CENTRE": 0, "HORAIR_URL": "https://www.tableaux-horaires.ch/fileadmin/fap_pdf_fields/2025/10.369.pdf", "LIGNE_NO": "-> groupe", "LIGNE_NOM": "Moudon - Mézières VD - Epalinges Croisettes - Lausanne Sallaz // (Lignes 360, 361, 362, 365)", "LIGNE_SIGL": "CarPostal", "LIGNE_TYPE": "Bus régional", "PLAN_URL": "https://prestations.vd.ch/pub/101587/api/download/2_Cartographie_et_geodonnees/2.1_Carte_des_reseaux/Carte_des_lignes_TP/topo/ligne_10.369.pdf", "SHAPE_LEN": 58920.988 }, "geometry": { "type": "MultiLineString", "coordinates": [ [ [ 2541573.653, 1154147.949 ], [ 2541551.984999999869615, 1154127.112999999895692 ], [ 2541521.813999999780208, 1154098.777 ], [ 2541493.81, 1154071.941000000108033 ], [ 2541467.473000000230968, 1154047.27 ], [ 2541443.471, 1154024.933 ], [ 2541424.134999999776483, 1154009.264999999897555 ], [ 2541409.133, 1153998.263 ], [ 2541395.131, 1153989.597 ], [ 2541383.963, 1153982.762000000104308 ], [ 2541371.295, 1153977.261 ], [ 2541358.793, 1153972.427 ], [ 2541346.012000000104308, 1153968.665 ], [ 2541333.608, 1153966.169 ], [ 2541321.96100000012666, 1153964.7 ], [ 2541310.454, 1153963.759 ], [ 2541298.785000000149012, 1153963.926 ], [ 2541287.117999999783933, 1153964.426 ], [ 2541273.949, 1153965.927 ], [ 2541260.281, 1153968.426 ], [ 2541247.779, 1153970.926 ], [ 2541233.768000000156462, 1153973.71 ], [ 2541217.653, 1153976.118 ], [ 2541205.06, 1153977.414000000106171 ], [ 2541195.614, 1153977.599 ], [ 2541183.946, 1153976.859 ], [ 2541175.241, 1153976.303 ], [ 2541165.055000000167638, 1153974.450999999884516 ], [ 2541156.904, 1153972.414000000106171 ], [ 2541141.162, 1153967.043 ], [ 2541131.160999999847263, 1153962.783 ], [ 2541121.345000000204891, 1153957.597 ], [ 2541112.825999999884516, 1153952.411 ], [ 2541104.862999999895692, 1153946.854 ], [ 2541099.887000000104308, 1153942.875 ], [ 2541098.379999999888241, 1153941.668 ], [ 2541090.416000000201166, 1153934.259 ], [ 2541081.896999999880791, 1153925.370000000111759 ], [ 2541071.524000000208616, 1153913.702 ], [ 2541059.671, 1153898.7 ], [ 2541049.67, 1153885.735000000102445 ], [ 2541035.407999999821186, 1153866.289000000106171 ], [ 2541026.889, 1153853.51 ], [ 2541017.998999999836087, 1153839.987999999895692 ], [ 2541011.517, 1153829.987 ], [ 2540997.257000000216067, 1153811.653 ], [ 2540992.199, 1153806.595 ], [ 2540991.143999999854714, 1153805.54 ], [ 2540985.771999999880791, 1153801.095 ], [ 2540974.844, 1153792.946 ], [ 2540963.362999999895692, 1153786.648 ], [ 2540954.103000000119209, 1153782.945 ], [ 2540950.261, 1153781.894 ], [ 2540944.799999999813735, 1153780.401 ], [ 2540937.987999999895692, 1153779.241 ], [ 2540929.654999999795109, 1153777.944 ], [ 2540918.727, 1153777.389 ], [ 2540909.096, 1153777.759 ], [ 2540889.651, 1153779.981 ], [ 2540872.424999999813735, 1153781.834 ], [ 2540848.904, 1153784.797 ], [ 2540848.023, 1153784.909 ], [ 2540794.822999999858439, 1153791.65 ], [ 2540725.739, 1153800.54 ], [ 2540692.401999999769032, 1153805.17 ], [ 2540664.307, 1153808.743 ], [ 2540660.36200000019744, 1153809.244 ], [ 2540543.308999999891967, 1153824.801 ], [ 2540444.223000000230968, 1153837.396 ], [ 2540414.96100000012666, 1153841.285 ], [ 2540363.842999999877065, 1153848.509 ], [ 2540335.705999999772757, 1153853.784 ], [ 2540335.779999999795109, 1153854.423 ], [ 2540335.76299999980256, 1153855.121 ], [ 2540335.666000000201166, 1153855.713 ], [ 2540335.461999999824911, 1153856.383 ], [ 2540335.211999999824911, 1153856.926 ], [ 2540334.549000000115484, 1153857.862999999895692 ] ], [ [ 2540326.204, 1153854.620000000111759 ], [ 2540319.390999999828637, 1153854.620000000111759 ], [ 2540309.761, 1153856.102999999886379 ], [ 2540287.906, 1153860.547 ], [ 2540270.126999999862164, 1153865.548 ], [ 2540266.51299999980256, 1153866.805 ], [ 2540253.088, 1153871.475 ], [ 2540239.382000000216067, 1153877.401 ], [ 2540224.935, 1153885.55 ], [ 2540220.586999999824911, 1153888.579 ], [ 2540214.563999999780208, 1153892.774 ], [ 2540195.858, 1153907.404 ], [ 2540181.225999999791384, 1153920.554 ], [ 2540151.223000000230968, 1153948.151 ], [ 2540098.623000000137836, 1153997.416999999899417 ], [ 2540068.063999999780208, 1154026.308999999891967 ], [ 2540036.764, 1154055.202 ], [ 2540027.503, 1154061.314 ], [ 2540016.390000000130385, 1154067.797 ], [ 2540007.315, 1154072.241 ], [ 2539997.683999999891967, 1154075.389 ], [ 2539983.609000000171363, 1154079.278 ], [ 2539972.68099999986589, 1154080.945 ], [ 2539965.643999999854714, 1154080.945 ], [ 2539957.494, 1154080.575 ], [ 2539947.677000000141561, 1154079.278 ], [ 2539938.416999999899417, 1154077.241 ], [ 2539926.563999999780208, 1154073.908 ], [ 2539914.71100000012666, 1154070.759 ], [ 2539900.21100000012666, 1154066.742 ], [ 2539875.261, 1154059.831 ], [ 2539808.771999999880791, 1154041.682 ], [ 2539782.842000000178814, 1154034.088 ], [ 2539744.50400000018999, 1154023.345 ], [ 2539730.799000000115484, 1154019.271 ], [ 2539717.464000000152737, 1154016.122 ], [ 2539699.498999999836087, 1154013.715 ], [ 2539696.341, 1154013.452 ], [ 2539690.609000000171363, 1154012.974 ], [ 2539680.608, 1154012.232 ], [ 2539675.48700000019744, 1154012.342 ], [ 2539671.901999999769032, 1154012.419 ], [ 2539664.680000000167638, 1154012.789000000106171 ], [ 2539653.566999999806285, 1154014.642 ], [ 2539650.251999999862164, 1154015.564 ], [ 2539638.935, 1154018.714 ], [ 2539630.045, 1154021.308999999891967 ], [ 2539621.339999999850988, 1154023.717 ], [ 2539592.818, 1154032.976 ], [ 2539578.37099999981001, 1154036.495000000111759 ], [ 2539566.518999999854714, 1154039.088 ], [ 2539552.258, 1154041.125 ], [ 2539538.923, 1154042.236 ], [ 2539523.179, 1154042.236 ], [ 2539507.623000000137836, 1154041.125 ], [ 2539492.989, 1154039.088 ], [ 2539475.21, 1154034.829 ], [ 2539460.579, 1154030.012000000104308 ], [ 2539446.873999999836087, 1154024.828 ], [ 2539434.267, 1154018.381 ], [ 2539430.575000000186265, 1154016.492 ], [ 2539420.018999999854714, 1154010.382 ], [ 2539407.054, 1154000.935 ], [ 2539393.162, 1153989.823 ], [ 2539380.014, 1153978.895 ], [ 2539368.344, 1153968.893 ], [ 2539361.123000000137836, 1153962.041 ], [ 2539354.268999999854714, 1153954.263 ], [ 2539347.525, 1153945.591 ], [ 2539344.066000000108033, 1153940.583000000100583 ], [ 2539337.268000000156462, 1153930.274 ], [ 2539328.734000000171363, 1153916.818 ], [ 2539320.983, 1153904.323 ], [ 2539310.137000000104308, 1153886.435 ], [ 2539298.775, 1153866.987 ], [ 2539295.554, 1153859.947 ], [ 2539291.258, 1153847.661 ], [ 2539289.69400000013411, 1153840.132 ], [ 2539289.58600000012666, 1153833.963 ] ], [ [ 2540326.204, 1153854.620000000111759 ], [ 2540326.258, 1153853.931 ], [ 2540326.4, 1153853.297 ], [ 2540326.623999999836087, 1153852.688 ], [ 2540326.930000000167638, 1153852.115 ], [ 2540327.31, 1153851.589 ], [ 2540327.721, 1153851.152 ], [ 2540328.265999999828637, 1153850.712 ], [ 2540328.779, 1153850.403 ], [ 2540329.845000000204891, 1153850.0 ], [ 2540330.443, 1153849.892 ], [ 2540331.091, 1153849.861 ], [ 2540331.737999999895692, 1153849.918 ], [ 2540332.42, 1153850.077 ], [ 2540332.98, 1153850.29 ], [ 2540333.551, 1153850.598 ], [ 2540334.077, 1153850.983 ], [ 2540334.544000000227243, 1153851.433 ], [ 2540334.947000000160187, 1153851.943 ], [ 2540335.276, 1153852.501 ], [ 2540335.528, 1153853.1 ], [ 2540335.705999999772757, 1153853.784 ] ], [ [ 2540451.028, 1154973.751 ], [ 2540450.970000000204891, 1154973.092 ], [ 2540450.973000000230968, 1154972.492 ], [ 2540451.035999999847263, 1154971.845 ], [ 2540451.173, 1154971.158 ], [ 2540451.346, 1154970.584 ], [ 2540451.589000000152737, 1154969.983 ], [ 2540451.916000000201166, 1154969.362999999895692 ], [ 2540452.245000000111759, 1154968.861 ], [ 2540452.651999999769032, 1154968.354 ], [ 2540453.140000000130385, 1154967.854 ], [ 2540453.776, 1154967.359 ], [ 2540454.049999999813735, 1154967.146 ], [ 2540454.606999999843538, 1154966.821 ], [ 2540455.197000000160187, 1154966.548 ], [ 2540455.859000000171363, 1154966.321 ], [ 2540456.443, 1154966.181 ], [ 2540457.085, 1154966.089 ], [ 2540457.734999999869615, 1154966.057 ], [ 2540458.433000000193715, 1154966.094 ], [ 2540459.075999999884516, 1154966.193 ], [ 2540459.705, 1154966.352999999886379 ], [ 2540460.271999999880791, 1154966.553 ], [ 2540461.219, 1154967.026 ], [ 2540461.79, 1154967.411 ], [ 2540462.25400000018999, 1154967.793 ], [ 2540462.748999999836087, 1154968.287 ], [ 2540463.160999999847263, 1154968.789000000106171 ], [ 2540463.523, 1154969.328 ], [ 2540463.81, 1154969.854 ], [ 2540464.066000000108033, 1154970.453 ], [ 2540464.264, 1154971.071 ], [ 2540464.410000000149012, 1154971.754 ], [ 2540464.478999999817461, 1154972.352 ], [ 2540464.492, 1154973.051 ], [ 2540464.438, 1154973.698 ], [ 2540464.333999999798834, 1154974.288 ], [ 2540464.162, 1154974.916 ], [ 2540463.932, 1154975.524 ], [ 2540463.645, 1154976.107 ], [ 2540463.302999999839813, 1154976.656999999890104 ], [ 2540462.909, 1154977.175 ], [ 2540462.125, 1154977.966 ], [ 2540461.582, 1154978.384 ], [ 2540461.031, 1154978.727999999886379 ], [ 2540460.495000000111759, 1154978.996 ], [ 2540459.890000000130385, 1154979.233 ], [ 2540459.265000000130385, 1154979.411 ], [ 2540458.626000000163913, 1154979.528 ], [ 2540457.978999999817461, 1154979.583000000100583 ], [ 2540457.372, 1154979.577 ], [ 2540456.727, 1154979.513 ], [ 2540456.089000000152737, 1154979.385 ], [ 2540455.42, 1154979.181 ], [ 2540454.865000000223517, 1154978.950999999884516 ], [ 2540454.291000000201166, 1154978.649 ], [ 2540453.747, 1154978.291 ], [ 2540453.242, 1154977.884 ], [ 2540452.776999999769032, 1154977.43 ], [ 2540452.356999999843538, 1154976.933999999891967 ], [ 2540451.98700000019744, 1154976.4 ], [ 2540451.649000000208616, 1154975.788 ], [ 2540451.410000000149012, 1154975.237 ], [ 2540451.194999999832362, 1154974.571 ], [ 2540451.028, 1154973.751 ], [ 2540442.753, 1154974.022000000113621 ], [ 2540433.757000000216067, 1154973.757 ], [ 2540425.884999999776483, 1154973.492 ], [ 2540416.359999999869615, 1154973.558999999891967 ], [ 2540408.791000000201166, 1154974.087 ], [ 2540403.034, 1154974.761 ], [ 2540397.943, 1154975.357 ], [ 2540391.223000000230968, 1154976.68 ], [ 2540388.100999999791384, 1154979.379 ], [ 2540381.437, 1154984.579 ] ], [ [ 2538049.474, 1152759.296 ], [ 2538038.361, 1152762.074 ], [ 2538028.73, 1152765.038 ], [ 2538020.582, 1152767.075 ], [ 2538012.802999999839813, 1152768.187 ], [ 2537998.171, 1152768.002 ], [ 2537978.169000000227243, 1152768.002 ], [ 2537955.94400000013411, 1152767.629999999888241 ], [ 2537947.793, 1152765.593000000109896 ], [ 2537926.311000000219792, 1152754.295 ], [ 2537921.865000000223517, 1152751.888 ], [ 2537917.42, 1152749.85 ], [ 2537913.346, 1152744.294 ], [ 2537891.86200000019744, 1152701.142 ], [ 2537875.378, 1152670.397000000113621 ], [ 2537868.525, 1152655.95 ], [ 2537854.449, 1152664.099 ], [ 2537783.143999999854714, 1152702.807 ], [ 2537693.133, 1152750.591 ] ], [ [ 2537814.904, 1152123.370000000111759 ], [ 2537826.83600000012666, 1152120.258 ] ], [ [ 2537814.904, 1152123.370000000111759 ], [ 2537814.957, 1152124.034 ], [ 2537814.890000000130385, 1152124.68 ], [ 2537814.708000000100583, 1152125.304 ], [ 2537814.416000000201166, 1152125.883 ], [ 2537814.024000000208616, 1152126.401 ], [ 2537813.586999999824911, 1152126.81 ], [ 2537813.041999999899417, 1152127.166 ], [ 2537812.396999999880791, 1152127.429 ], [ 2537811.852, 1152127.549000000115484 ], [ 2537811.153, 1152127.578 ], [ 2537810.511, 1152127.482 ], [ 2537809.812, 1152127.234 ], [ 2537809.248000000137836, 1152126.899 ], [ 2537808.794000000227243, 1152126.507 ], [ 2537808.353999999817461, 1152125.964 ], [ 2537808.068, 1152125.438 ], [ 2537807.849, 1152124.773 ], [ 2537807.774000000208616, 1152123.689 ], [ 2537807.873999999836087, 1152123.09 ], [ 2537808.091, 1152122.477999999886379 ], [ 2537808.415, 1152121.916 ], [ 2537808.87099999981001, 1152121.386 ], [ 2537809.336999999824911, 1152121.008 ], [ 2537809.950000000186265, 1152120.675 ], [ 2537810.518999999854714, 1152120.487 ], [ 2537811.21100000012666, 1152120.389999999897555 ], [ 2537811.861, 1152120.421 ], [ 2537812.492999999783933, 1152120.57 ], [ 2537813.088, 1152120.829 ], [ 2537813.586999999824911, 1152121.158 ], [ 2537814.091, 1152121.642 ], [ 2537814.443, 1152122.129 ], [ 2537814.742999999783933, 1152122.76 ], [ 2537814.904, 1152123.370000000111759 ] ], [ [ 2537954.455, 1152091.213 ], [ 2537955.572999999858439, 1152097.360000000102445 ], [ 2537906.492999999783933, 1152107.361 ], [ 2537903.382000000216067, 1152107.95 ], [ 2537885.936000000219792, 1152111.252 ], [ 2537876.120000000111759, 1152112.177 ], [ 2537874.285000000149012, 1152112.56 ], [ 2537827.224, 1152122.362999999895692 ], [ 2537826.83600000012666, 1152120.258 ], [ 2537825.187, 1152113.102 ], [ 2537891.86200000019744, 1152098.842 ], [ 2537904.640999999828637, 1152097.732 ], [ 2537953.906, 1152087.544 ], [ 2537954.455, 1152091.213 ], [ 2537965.401999999769032, 1152089.348 ], [ 2537965.284, 1152088.739 ], [ 2537965.259, 1152088.039000000106171 ], [ 2537965.329, 1152087.444 ], [ 2537965.498999999836087, 1152086.817 ], [ 2537965.788000000175089, 1152086.182 ], [ 2537966.145, 1152085.638 ], [ 2537966.546, 1152085.194 ], [ 2537967.089000000152737, 1152084.751 ], [ 2537967.65, 1152084.426 ], [ 2537968.256, 1152084.191000000108033 ], [ 2537968.841, 1152084.058999999891967 ], [ 2537969.48700000019744, 1152084.011 ], [ 2537970.134, 1152084.063 ], [ 2537970.815, 1152084.227999999886379 ], [ 2537971.367999999783933, 1152084.458000000100583 ], [ 2537971.896999999880791, 1152084.773 ], [ 2537972.387000000104308, 1152085.173 ], [ 2537972.853000000119209, 1152085.695 ], [ 2537973.177999999839813, 1152086.199 ], [ 2537973.447999999858439, 1152086.791 ], [ 2537973.631, 1152087.464 ], [ 2537973.700000000186265, 1152088.352999999886379 ], [ 2537973.631, 1152089.007 ], [ 2537973.464000000152737, 1152089.633 ], [ 2537973.225999999791384, 1152090.183999999891967 ], [ 2537972.853000000119209, 1152090.774 ], [ 2537972.423, 1152091.262000000104308 ], [ 2537971.924999999813735, 1152091.678 ], [ 2537971.41399999987334, 1152091.99 ], [ 2537970.815, 1152092.243 ], [ 2537970.145, 1152092.406 ], [ 2537969.546999999787658, 1152092.459 ], [ 2537968.850999999791384, 1152092.412 ], [ 2537968.217000000178814, 1152092.266 ], [ 2537967.614, 1152092.025 ], [ 2537967.096, 1152091.724 ], [ 2537966.552999999839813, 1152091.283 ], [ 2537966.120000000111759, 1152090.799000000115484 ], [ 2537965.791000000201166, 1152090.298 ], [ 2537965.401999999769032, 1152089.348 ] ], [ [ 2537809.812, 1152127.234 ], [ 2537803.703000000212342, 1152137.18 ], [ 2537797.589999999850988, 1152143.106 ], [ 2537790.367999999783933, 1152148.663 ], [ 2537782.774000000208616, 1152153.849 ], [ 2537728.876999999862164, 1152187.186 ], [ 2537638.866, 1152240.341 ], [ 2537591.082, 1152270.161 ], [ 2537546.447000000160187, 1152298.497 ], [ 2537533.833000000100583, 1152306.412 ], [ 2537489.774000000208616, 1152334.058 ], [ 2537474.401999999769032, 1152343.503 ], [ 2537441.619, 1152364.432 ], [ 2537418.467000000178814, 1152378.322 ], [ 2537386.426, 1152398.324 ], [ 2537381.796, 1152402.77 ], [ 2537378.461999999824911, 1152406.844 ], [ 2537376.424999999813735, 1152411.104 ], [ 2537375.128, 1152416.105 ], [ 2537375.128, 1152422.585999999893829 ], [ 2537375.685, 1152429.44 ], [ 2537377.352, 1152437.404 ], [ 2537399.947999999858439, 1152483.705 ], [ 2537404.151, 1152492.933999999891967 ], [ 2537422.727, 1152533.712 ], [ 2537430.904, 1152551.66 ], [ 2537437.046999999787658, 1152564.784 ], [ 2537526.708000000100583, 1152744.314 ], [ 2537538.049000000115484, 1152767.69 ], [ 2537551.884999999776483, 1152796.209 ], [ 2537553.629999999888241, 1152800.775 ], [ 2537562.156, 1152799.06 ], [ 2537584.970000000204891, 1152793.003 ], [ 2537631.829, 1152778.558 ], [ 2537653.498000000137836, 1152770.964 ], [ 2537655.904999999795109, 1152769.852 ], [ 2537693.133, 1152750.591 ] ], [ [ 2538049.474, 1152759.296 ], [ 2538065.957, 1152752.813 ], [ 2538080.589000000152737, 1152745.776 ], [ 2538087.441999999806285, 1152743.924000000115484 ], [ 2538094.109000000171363, 1152745.036 ], [ 2538099.295, 1152746.703 ], [ 2538103.740000000223517, 1152749.665 ], [ 2538107.629999999888241, 1152754.666999999899417 ], [ 2538111.518999999854714, 1152762.629999999888241 ], [ 2538118.187, 1152777.261 ], [ 2538118.952, 1152778.94 ], [ 2538124.853999999817461, 1152791.893 ], [ 2538132.447000000160187, 1152807.45 ], [ 2538141.708000000100583, 1152828.751 ], [ 2538154.673, 1152858.383 ], [ 2538165.969, 1152885.794 ], [ 2538181.713, 1152919.502 ], [ 2538188.937, 1152930.058999999891967 ], [ 2538198.568, 1152941.541 ], [ 2538207.642, 1152951.172 ], [ 2538215.606999999843538, 1152958.766 ], [ 2538223.94, 1152965.989 ], [ 2538232.830999999772757, 1152972.101 ], [ 2538240.795, 1152977.842 ], [ 2538252.278, 1152984.324 ], [ 2538263.94400000013411, 1152990.622 ], [ 2538278.578000000212342, 1152998.214 ] ], [ [ 2538638.08600000012666, 1152630.319 ], [ 2538626.214000000152737, 1152630.577 ], [ 2538612.324, 1152631.502 ], [ 2538611.026, 1152631.317 ], [ 2538602.878, 1152633.726 ], [ 2538595.284, 1152637.244 ], [ 2538589.358, 1152641.318 ], [ 2538582.876000000163913, 1152648.356 ], [ 2538579.727, 1152653.913 ], [ 2538576.393000000156462, 1152660.766 ], [ 2538574.910999999847263, 1152667.618 ], [ 2538574.17, 1152674.656 ], [ 2538574.355, 1152680.583000000100583 ], [ 2538574.725999999791384, 1152687.621 ], [ 2538576.578000000212342, 1152696.139999999897555 ], [ 2538578.984999999869615, 1152705.585999999893829 ], [ 2538586.393999999854714, 1152726.7 ], [ 2538588.987999999895692, 1152735.96 ], [ 2538590.653, 1152745.960999999893829 ], [ 2538592.134999999776483, 1152757.259 ], [ 2538592.134999999776483, 1152768.187 ], [ 2538590.838, 1152777.446 ], [ 2538589.543, 1152789.67 ], [ 2538586.208999999798834, 1152799.671 ], [ 2538576.023, 1152829.121 ], [ 2538561.119, 1152874.095 ], [ 2538554.909, 1152892.832 ], [ 2538553.87900000018999, 1152895.521 ], [ 2538534.165, 1152954.321 ], [ 2538529.350999999791384, 1152966.545 ], [ 2538524.16399999987334, 1152973.213 ], [ 2538518.793, 1152977.656999999890104 ], [ 2538508.421999999787658, 1152986.362999999895692 ], [ 2538499.716, 1152992.104 ], [ 2538491.938, 1152996.177 ], [ 2538480.268999999854714, 1153002.105 ], [ 2538469.896999999880791, 1153006.179 ], [ 2538462.305000000167638, 1153008.031999999890104 ], [ 2538447.972, 1153010.524 ], [ 2538436.805000000167638, 1153011.801 ], [ 2538430.705, 1153012.368 ], [ 2538371.669000000227243, 1153014.531999999890104 ], [ 2538360.776, 1153015.207 ], [ 2538354.026999999769032, 1153015.785 ], [ 2538350.555000000167638, 1153015.689 ], [ 2538340.623000000137836, 1153015.44 ], [ 2538327.287, 1153013.588 ], [ 2538322.75, 1153012.545 ], [ 2538313.582, 1153010.439 ], [ 2538296.913000000175089, 1153006.735000000102445 ], [ 2538278.578000000212342, 1152998.214 ] ], [ [ 2538638.08600000012666, 1152630.319 ], [ 2538643.253, 1152630.207 ], [ 2538649.92, 1152630.392 ], [ 2538675.478000000119209, 1152631.131 ], [ 2538679.924000000115484, 1152630.392 ], [ 2538685.295, 1152628.354 ], [ 2538690.666999999899417, 1152625.02 ], [ 2538696.223000000230968, 1152619.279 ], [ 2538717.893000000156462, 1152590.016 ], [ 2538724.188999999780208, 1152581.681 ], [ 2538733.853999999817461, 1152576.075 ], [ 2538739.328000000212342, 1152573.812 ], [ 2538744.728999999817461, 1152572.57 ], [ 2538750.42, 1152572.206 ], [ 2538756.48, 1152573.009 ], [ 2538762.392, 1152574.76 ], [ 2538767.208999999798834, 1152577.243 ], [ 2538771.660999999847263, 1152580.6 ], [ 2538775.603000000119209, 1152585.126 ], [ 2538778.668, 1152590.016 ], [ 2538780.71100000012666, 1152594.248 ], [ 2538782.025, 1152598.628 ], [ 2538783.265000000130385, 1152604.904 ], [ 2538784.87099999981001, 1152627.456 ], [ 2538786.136, 1152647.058999999891967 ], [ 2538787.941999999806285, 1152674.283 ], [ 2538789.33, 1152692.343000000109896 ], [ 2538789.775, 1152697.406 ], [ 2538791.199, 1152713.556 ], [ 2538792.600999999791384, 1152732.713 ], [ 2538793.62900000018999, 1152748.227999999886379 ], [ 2538793.35, 1152757.852999999886379 ], [ 2538792.694999999832362, 1152763.928 ], [ 2538791.666999999899417, 1152769.254999999888241 ], [ 2538789.984000000171363, 1152775.235000000102445 ], [ 2538788.114, 1152780.656 ], [ 2538785.686000000219792, 1152787.104 ], [ 2538782.134999999776483, 1152795.608 ], [ 2538776.528, 1152807.944 ], [ 2538771.574, 1152818.598 ], [ 2538769.986, 1152822.243 ], [ 2538767.089000000152737, 1152828.784 ], [ 2538765.220000000204891, 1152834.486 ], [ 2538764.191000000108033, 1152838.316000000108033 ], [ 2538763.629999999888241, 1152842.896 ], [ 2538763.44400000013411, 1152847.379999999888241 ], [ 2538763.723000000230968, 1152852.989 ], [ 2538764.285999999847263, 1152858.316000000108033 ], [ 2538765.781, 1152864.764999999897555 ], [ 2538768.21, 1152873.924000000115484 ], [ 2538776.06, 1152904.108 ], [ 2538782.696, 1152930.274 ], [ 2538788.396000000182539, 1152953.358 ], [ 2538791.87900000018999, 1152965.629 ], [ 2538795.498999999836087, 1152980.271 ], [ 2538797.46, 1152989.525 ], [ 2538799.799000000115484, 1153000.737999999895692 ], [ 2538802.69400000013411, 1153017.654 ], [ 2538807.705999999772757, 1153046.347 ], [ 2538808.021000000182539, 1153048.306 ], [ 2538818.275, 1153108.601 ], [ 2538819.065, 1153112.876 ] ], [ [ 2538819.065, 1153112.876 ], [ 2538824.756, 1153143.656999999890104 ], [ 2538825.654, 1153148.597 ], [ 2538829.974, 1153170.193 ], [ 2538832.378, 1153181.009 ], [ 2538835.278, 1153192.675 ], [ 2538840.119, 1153209.171 ], [ 2538846.166000000201166, 1153228.455 ], [ 2538851.541000000201166, 1153244.224 ], [ 2538854.299999999813735, 1153252.004 ], [ 2538856.774000000208616, 1153258.579 ], [ 2538861.157999999821186, 1153267.84 ], [ 2538864.833999999798834, 1153274.913 ], [ 2538868.015999999828637, 1153280.358 ], [ 2538872.330999999772757, 1153287.499 ], [ 2538876.643000000156462, 1153293.721 ], [ 2538881.169000000227243, 1153299.237999999895692 ], [ 2538887.839000000152737, 1153308.399 ], [ 2538896.123999999836087, 1153317.038 ], [ 2538905.754999999888241, 1153326.669 ], [ 2538918.773, 1153338.628 ], [ 2538939.938999999780208, 1153358.631 ], [ 2538955.508, 1153373.289000000106171 ], [ 2538972.535999999847263, 1153389.216 ], [ 2538984.069999999832362, 1153400.541 ], [ 2539003.651999999769032, 1153418.427 ], [ 2539023.125, 1153436.418 ], [ 2539033.578000000212342, 1153445.774 ], [ 2539046.938, 1153458.327 ], [ 2539060.694999999832362, 1153471.344 ], [ 2539077.205, 1153486.69 ], [ 2539095.089999999850988, 1153503.306 ], [ 2539107.898, 1153514.946 ], [ 2539115.518000000156462, 1153522.462 ], [ 2539119.645, 1153526.694 ], [ 2539122.291000000201166, 1153529.552 ], [ 2539125.737999999895692, 1153534.519 ], [ 2539129.403, 1153540.53 ], [ 2539134.134, 1153551.04 ], [ 2539218.108157117851079, 1153632.515224367147312 ] ], [ [ 2539282.936510211322457, 1153804.209749421104789 ], [ 2539281.053978716954589, 1153825.680627191672102 ], [ 2539267.547210502438247, 1153829.165733107365668 ], [ 2539276.160999999847263, 1153868.619 ], [ 2539279.725, 1153886.624 ], [ 2539282.332, 1153899.799000000115484 ], [ 2539283.524000000208616, 1153905.933 ], [ 2539282.796999999787658, 1153910.827 ], [ 2539281.275, 1153913.936 ], [ 2539279.484999999869615, 1153916.55 ], [ 2539279.483, 1153916.664000000106171 ], [ 2539281.227, 1153920.908 ], [ 2539281.450000000186265, 1153928.041999999899417 ], [ 2539281.666999999899417, 1153938.15 ], [ 2539283.890999999828637, 1153952.781 ], [ 2539286.298, 1153965.19 ], [ 2539292.03899999987334, 1153985.192 ], [ 2539300.188999999780208, 1154011.862 ], [ 2539308.707, 1154039.829 ], [ 2539320.932, 1154080.205 ], [ 2539326.487999999895692, 1154097.8 ], [ 2539330.748000000137836, 1154107.43 ], [ 2539336.489, 1154120.95 ], [ 2539343.156, 1154133.545 ], [ 2539357.233, 1154156.881 ], [ 2539360.566999999806285, 1154162.438 ], [ 2539369.825999999884516, 1154174.661 ], [ 2539382.975999999791384, 1154191.145 ], [ 2539401.683000000193715, 1154212.999 ], [ 2539410.572999999858439, 1154223.927 ], [ 2539408.186000000219792, 1154225.368 ] ], [ [ 2539410.572999999858439, 1154223.926 ], [ 2539427.154, 1154243.253 ], [ 2539431.501999999862164, 1154248.373 ], [ 2539451.275, 1154272.929 ], [ 2539460.640000000130385, 1154285.198 ], [ 2539469.083000000100583, 1154299.869 ], [ 2539486.693, 1154329.866 ], [ 2539512.225, 1154372.999 ], [ 2539523.196, 1154391.491 ], [ 2539550.589000000152737, 1154434.879 ], [ 2539580.24599999981001, 1154481.881 ], [ 2539584.969, 1154489.365 ], [ 2539596.151999999769032, 1154506.741 ], [ 2539628.748999999836087, 1154556.745000000111759 ], [ 2539642.464999999850988, 1154577.319 ], [ 2539645.049000000115484, 1154581.195 ], [ 2539658.56900000013411, 1154598.233 ], [ 2539664.308999999891967, 1154604.901 ], [ 2539676.163000000175089, 1154618.236 ], [ 2539687.646000000182539, 1154630.275 ], [ 2539692.089999999850988, 1154635.275 ], [ 2539716.907999999821186, 1154655.278 ], [ 2539730.614, 1154664.168 ], [ 2539746.910999999847263, 1154672.689 ], [ 2539760.802999999839813, 1154679.355 ], [ 2539770.534, 1154682.796 ], [ 2539788.673, 1154689.21 ], [ 2539793.228000000119209, 1154690.82 ], [ 2539815.245000000111759, 1154698.605 ], [ 2539854.889, 1154709.727999999886379 ], [ 2539860.075000000186265, 1154711.58 ], [ 2539882.85, 1154717.716 ], [ 2539911.038000000175089, 1154726.007 ], [ 2539951.56900000013411, 1154737.695 ], [ 2539967.833999999798834, 1154742.416999999899417 ], [ 2539974.535000000149012, 1154744.362999999895692 ], [ 2539990.119, 1154748.71 ], [ 2539994.166000000201166, 1154750.105 ], [ 2540008.796, 1154753.994 ], [ 2540044.728000000119209, 1154763.81 ], [ 2540090.166000000201166, 1154776.861 ], [ 2540118.660000000149012, 1154785.045 ], [ 2540134.739, 1154789.74 ], [ 2540190.301, 1154807.705 ], [ 2540200.673, 1154812.335 ], [ 2540217.529, 1154821.225 ], [ 2540232.344, 1154830.485000000102445 ], [ 2540251.42, 1154845.301 ], [ 2540265.311000000219792, 1154858.081 ], [ 2540280.153, 1154873.143 ], [ 2540314.438999999780208, 1154907.166 ], [ 2540334.916999999899417, 1154929.331 ], [ 2540340.054, 1154934.889999999897555 ], [ 2540359.342999999877065, 1154956.499 ], [ 2540368.802999999839813, 1154968.514999999897555 ], [ 2540370.975999999791384, 1154971.277 ], [ 2540381.23, 1154984.308 ], [ 2540381.437, 1154984.579 ] ] ] } },
{ "type": "Feature", "properties": { "CADRE_NO": "10.054", "DDT_URL": null, "ETC_NOM": "Transports publics de la région lausannoise", "ETC_SIGLE": "TL", "ETC_URL": "https://www.t-l.ch", "GO_CENTRE": 0, "HORAIR_URL": "https://www.tableaux-horaires.ch/fileadmin/fap_pdf_fields/2025/10.054.pdf", "LIGNE_NO": "54", "LIGNE_NOM": "Renens VD - Cheseaux-sur-Lausanne - Le Mont-sur-Lausanne (- Epalinges dès le 15.09.2025)", "LIGNE_SIGL": null, "LIGNE_TYPE": "Bus régional", "PLAN_URL": "https://prestations.vd.ch/pub/101587/api/download/2_Cartographie_et_geodonnees/2.1_Carte_des_reseaux/Carte_des_lignes_TP/topo/ligne_10.054.pdf", "SHAPE_LEN": 23832.922 }, "geometry": { "type": "MultiLineString", "coordinates": [ [ [ 2534045.447999999858439, 1154420.432 ], [ 2534063.041999999899417, 1154409.319 ], [ 2534099.157999999821186, 1154387.652 ], [ 2534129.744502611923963, 1154366.422281440580264 ] ], [ [ 2540370.975999999791384, 1154971.277 ], [ 2540381.23, 1154984.308 ], [ 2540381.437, 1154984.579 ] ], [ [ 2540451.028, 1154973.751 ], [ 2540450.970000000204891, 1154973.092 ], [ 2540450.973000000230968, 1154972.492 ], [ 2540451.035999999847263, 1154971.845 ], [ 2540451.173, 1154971.158 ], [ 2540451.346, 1154970.584 ], [ 2540451.589000000152737, 1154969.983 ], [ 2540451.916000000201166, 1154969.362999999895692 ], [ 2540452.245000000111759, 1154968.861 ], [ 2540452.651999999769032, 1154968.354 ], [ 2540453.140000000130385, 1154967.854 ], [ 2540453.776, 1154967.359 ], [ 2540454.049999999813735, 1154967.146 ], [ 2540454.606999999843538, 1154966.821 ], [ 2540455.197000000160187, 1154966.548 ], [ 2540455.859000000171363, 1154966.321 ], [ 2540456.443, 1154966.181 ], [ 2540457.085, 1154966.089 ], [ 2540457.734999999869615, 1154966.057 ], [ 2540458.433000000193715, 1154966.094 ], [ 2540459.075999999884516, 1154966.193 ], [ 2540459.705, 1154966.352999999886379 ], [ 2540460.271999999880791, 1154966.553 ], [ 2540461.219, 1154967.026 ], [ 2540461.79, 1154967.411 ], [ 2540462.25400000018999, 1154967.793 ], [ 2540462.748999999836087, 1154968.287 ], [ 2540463.160999999847263, 1154968.789000000106171 ], [ 2540463.523, 1154969.328 ], [ 2540463.81, 1154969.854 ], [ 2540464.066000000108033, 1154970.453 ], [ 2540464.264, 1154971.071 ], [ 2540464.410000000149012, 1154971.754 ], [ 2540464.478999999817461, 1154972.352 ], [ 2540464.492, 1154973.051 ], [ 2540464.438, 1154973.698 ], [ 2540464.333999999798834, 1154974.288 ], [ 2540464.162, 1154974.916 ], [ 2540463.932, 1154975.524 ], [ 2540463.645, 1154976.107 ], [ 2540463.302999999839813, 1154976.656999999890104 ], [ 2540462.909, 1154977.175 ], [ 2540462.125, 1154977.966 ], [ 2540461.582, 1154978.384 ], [ 2540461.031, 1154978.727999999886379 ], [ 2540460.495000000111759, 1154978.996 ], [ 2540459.890000000130385, 1154979.233 ], [ 2540459.265000000130385, 1154979.411 ], [ 2540458.626000000163913, 1154979.528 ], [ 2540457.978999999817461, 1154979.583000000100583 ], [ 2540457.372, 1154979.577 ], [ 2540456.727, 1154979.513 ], [ 2540456.089000000152737, 1154979.385 ], [ 2540455.42, 1154979.181 ], [ 2540454.865000000223517, 1154978.950999999884516 ], [ 2540454.291000000201166, 1154978.649 ], [ 2540453.747, 1154978.291 ], [ 2540453.242, 1154977.884 ], [ 2540452.776999999769032, 1154977.43 ], [ 2540452.356999999843538, 1154976.933999999891967 ], [ 2540451.98700000019744, 1154976.4 ], [ 2540451.649000000208616, 1154975.788 ], [ 2540451.410000000149012, 1154975.237 ], [ 2540451.194999999832362, 1154974.571 ], [ 2540451.028, 1154973.751 ], [ 2540442.753, 1154974.022000000113621 ], [ 2540433.757000000216067, 1154973.757 ], [ 2540425.884999999776483, 1154973.492 ], [ 2540416.359999999869615, 1154973.558999999891967 ], [ 2540408.791000000201166, 1154974.087 ], [ 2540403.034, 1154974.761 ], [ 2540397.943, 1154975.357 ], [ 2540391.223000000230968, 1154976.68 ], [ 2540388.100999999791384, 1154979.379 ], [ 2540381.437, 1154984.579 ] ] ] } },
{ "type": "Feature", "properties": { "CADRE_NO": "10.901", "DDT_URL": null, "ETC_NOM": "Transports publics de la région lausannoise", "ETC_SIGLE": "TL", "ETC_URL": "https://www.t-l.ch", "GO_CENTRE": 0, "HORAIR_URL": "https://www.tableaux-horaires.ch/fileadmin/fap_pdf_fields/2025/10.901.pdf", "LIGNE_NO": "N1", "LIGNE_NOM": "Lausanne St-François - Le Mont-sur-Lausanne - Grand-Mont (N1)", "LIGNE_SIGL": null, "LIGNE_TYPE": "Bus nocturne", "PLAN_URL": "https://prestations.vd.ch/pub/101587/api/download/2_Cartographie_et_geodonnees/2.1_Carte_des_reseaux/Carte_des_lignes_TP/topo/ligne_10.901.pdf", "SHAPE_LEN": 11976.905 }, "geometry": { "type": "MultiLineString", "coordinates": [ [ [ 2538000.950000000186265, 1153860.547 ], [ 2537980.761, 1153875.364 ], [ 2537965.204, 1153886.847 ], [ 2537957.072999999858439, 1153890.825999999884516 ], [ 2537956.498999999836087, 1153891.106 ], [ 2537949.276999999769032, 1153894.625 ], [ 2537941.312, 1153897.958000000100583 ], [ 2537933.348000000230968, 1153899.812 ], [ 2537927.421, 1153899.997 ], [ 2537918.531, 1153898.514999999897555 ], [ 2537910.751999999862164, 1153896.293 ], [ 2537903.714999999850988, 1153893.144 ], [ 2537897.231999999843538, 1153888.144 ], [ 2537891.120000000111759, 1153882.588 ], [ 2537885.936000000219792, 1153875.549000000115484 ], [ 2537879.637000000104308, 1153866.659 ], [ 2537874.450999999884516, 1153857.954 ], [ 2537870.562, 1153849.806 ], [ 2537867.228999999817461, 1153841.656 ], [ 2537864.265000000130385, 1153832.025 ], [ 2537861.487999999895692, 1153818.69 ], [ 2537858.154, 1153797.575999999884516 ], [ 2537854.634, 1153772.203 ], [ 2537852.597, 1153760.72 ], [ 2537850.241, 1153743.303 ], [ 2537846.484999999869615, 1153715.528 ], [ 2537843.151, 1153701.083000000100583 ], [ 2537839.262000000104308, 1153686.192 ], [ 2537827.964000000152737, 1153695.156 ], [ 2537815.739, 1153704.787 ], [ 2537779.068, 1153733.124 ], [ 2537770.549999999813735, 1153741.088 ], [ 2537759.437, 1153751.831 ], [ 2537749.62099999981001, 1153762.942 ], [ 2537732.953000000212342, 1153783.685 ], [ 2537719.061000000219792, 1153803.874 ], [ 2537708.133, 1153821.654 ], [ 2537701.466, 1153834.062 ], [ 2537696.651999999769032, 1153844.433999999891967 ], [ 2537693.318, 1153854.435 ], [ 2537690.541000000201166, 1153865.548 ], [ 2537675.907999999821186, 1153915.554 ], [ 2537670.166999999899417, 1153933.706 ], [ 2537668.079, 1153938.415 ], [ 2537662.203000000212342, 1153951.67 ], [ 2537653.867999999783933, 1153970.377 ], [ 2537647.015999999828637, 1153984.452 ], [ 2537629.234999999869615, 1154017.419 ], [ 2537617.382000000216067, 1154037.236 ], [ 2537606.824, 1154053.35 ], [ 2537595.528, 1154069.092 ], [ 2537583.858, 1154083.539000000106171 ], [ 2537573.117, 1154095.022000000113621 ], [ 2537564.782999999821186, 1154103.541 ], [ 2537535.0, 1154129.6 ], [ 2537505.886, 1154158.178 ], [ 2537498.293, 1154167.624 ], [ 2537491.44, 1154178.737 ], [ 2537481.25400000018999, 1154195.775 ], [ 2537476.808999999891967, 1154206.703 ], [ 2537475.56900000013411, 1154210.299000000115484 ], [ 2537473.105, 1154217.443 ], [ 2537469.4, 1154229.854 ], [ 2537467.177999999839813, 1154240.041 ], [ 2537465.140999999828637, 1154252.079 ], [ 2537461.69, 1154277.485000000102445 ], [ 2537461.066999999806285, 1154282.082 ], [ 2537455.139, 1154321.717 ], [ 2537450.509, 1154352.460999999893829 ], [ 2537448.102, 1154362.092 ], [ 2537442.545, 1154379.316000000108033 ], [ 2537435.691999999806285, 1154396.541 ], [ 2537429.58, 1154408.396 ], [ 2537423.839000000152737, 1154417.655 ], [ 2537418.467000000178814, 1154426.73 ], [ 2537413.838, 1154433.027 ], [ 2537406.615000000223517, 1154442.473 ], [ 2537396.242999999783933, 1154454.141 ], [ 2537376.58, 1154474.164000000106171 ], [ 2537376.055000000167638, 1154474.699 ], [ 2537361.423, 1154489.887000000104308 ], [ 2537352.719, 1154499.147000000113621 ], [ 2537342.717999999877065, 1154512.482 ], [ 2537329.938, 1154529.707 ], [ 2537323.085, 1154539.893 ], [ 2537316.418, 1154550.819 ], [ 2537309.936000000219792, 1154562.303 ], [ 2537304.935, 1154572.675 ], [ 2537298.822999999858439, 1154585.639 ], [ 2537294.191999999806285, 1154596.567 ], [ 2537285.487999999895692, 1154616.569 ], [ 2537280.302000000141561, 1154628.607 ], [ 2537245.112999999895692, 1154705.099 ], [ 2537236.407000000122935, 1154724.360000000102445 ], [ 2537222.332, 1154756.585999999893829 ], [ 2537221.407000000122935, 1154760.291 ], [ 2537219.923, 1154767.144 ], [ 2537218.998000000137836, 1154776.775 ], [ 2537218.628, 1154784.554 ], [ 2537219.737999999895692, 1154795.110000000102445 ], [ 2537221.961999999824911, 1154806.963 ], [ 2537225.295, 1154816.779 ], [ 2537230.666000000201166, 1154827.707 ], [ 2537238.075000000186265, 1154838.449 ] ], [ [ 2538000.950000000186265, 1153860.547 ], [ 2538005.950000000186265, 1153857.213 ], [ 2538021.691999999806285, 1153846.472 ], [ 2538044.288000000175089, 1153832.395 ], [ 2538081.699, 1153808.874 ], [ 2538097.707, 1153798.585 ], [ 2538105.037, 1153793.872 ], [ 2538117.075000000186265, 1153787.945 ], [ 2538128.927999999839813, 1153783.685 ], [ 2538140.041000000201166, 1153781.463 ], [ 2538154.858, 1153780.538 ], [ 2538165.784, 1153781.834 ], [ 2538176.711999999824911, 1153785.538 ], [ 2538183.379999999888241, 1153788.872 ], [ 2538190.602, 1153792.946 ], [ 2538196.714999999850988, 1153796.835 ], [ 2538209.494, 1153807.948 ], [ 2538215.606999999843538, 1153817.022000000113621 ], [ 2538220.977, 1153827.95 ], [ 2538223.754999999888241, 1153839.987999999895692 ], [ 2538225.793, 1153849.806 ], [ 2538227.46, 1153857.954 ], [ 2538228.015000000130385, 1153864.993 ], [ 2538228.117999999783933, 1153866.796 ], [ 2538228.384999999776483, 1153871.475 ], [ 2538228.757000000216067, 1153880.179 ], [ 2538228.757000000216067, 1153911.48 ], [ 2538226.717999999877065, 1153940.002 ], [ 2538224.311000000219792, 1153984.082 ], [ 2538222.829, 1154022.79 ], [ 2538222.458999999798834, 1154043.162 ], [ 2538222.643999999854714, 1154073.166 ], [ 2538222.458999999798834, 1154105.023 ], [ 2538222.458999999798834, 1154120.395 ], [ 2538222.643999999854714, 1154131.138 ], [ 2538223.842000000178814, 1154150.208000000100583 ], [ 2538224.866, 1154166.512000000104308 ], [ 2538226.163000000175089, 1154180.587 ], [ 2538228.015000000130385, 1154196.886 ], [ 2538230.978999999817461, 1154213.556 ], [ 2538235.794000000227243, 1154232.816000000108033 ], [ 2538250.609999999869615, 1154296.714 ], [ 2538256.538000000175089, 1154328.57 ], [ 2538260.796999999787658, 1154353.017 ], [ 2538263.205999999772757, 1154372.093000000109896 ], [ 2538264.87099999981001, 1154388.393 ], [ 2538265.798, 1154406.541999999899417 ], [ 2538266.05599999986589, 1154416.541999999899417 ], [ 2538266.353999999817461, 1154428.026 ], [ 2538265.798, 1154441.176 ], [ 2538263.021000000182539, 1154469.883 ], [ 2538262.464000000152737, 1154474.329 ], [ 2538260.796999999787658, 1154484.886 ], [ 2538258.204, 1154499.703 ] ], [ [ 2538034.287, 1152925.429 ], [ 2538024.471, 1152929.133 ], [ 2538016.136, 1152935.43 ], [ 2537999.653, 1152950.247 ], [ 2537987.058999999891967, 1152961.358 ], [ 2537978.724, 1152969.694 ], [ 2537968.352, 1152982.102 ], [ 2537958.350999999791384, 1152994.696 ], [ 2537910.012000000104308, 1153055.074 ], [ 2537898.529, 1153069.335 ], [ 2537892.418, 1153077.3 ], [ 2537885.009, 1153085.633 ], [ 2537877.785000000149012, 1153092.486 ], [ 2537865.748000000137836, 1153104.525 ], [ 2537851.856999999843538, 1153117.120000000111759 ], [ 2537849.508, 1153119.007 ], [ 2537841.484999999869615, 1153125.454 ], [ 2537832.964999999850988, 1153131.01 ], [ 2537824.816999999806285, 1153136.011 ], [ 2537795.552000000141561, 1153153.976 ], [ 2537755.177000000141561, 1153175.645 ], [ 2537739.620000000111759, 1153182.683999999891967 ], [ 2537730.477, 1153187.146 ], [ 2537724.063, 1153190.276 ], [ 2537702.021999999880791, 1153199.538 ], [ 2537678.87099999981001, 1153208.798 ], [ 2537664.001999999862164, 1153211.48 ], [ 2537642.941999999806285, 1153215.28 ], [ 2537639.043, 1153216.338 ], [ 2537619.049000000115484, 1153221.763 ], [ 2537607.566000000108033, 1153226.578 ], [ 2537589.787, 1153236.024 ], [ 2537552.188999999780208, 1153257.322 ], [ 2537525.148, 1153272.879999999888241 ], [ 2537496.254999999888241, 1153289.179 ], [ 2537469.279, 1153304.517 ], [ 2537458.473000000230968, 1153310.663 ], [ 2537451.251000000163913, 1153315.662 ], [ 2537412.725999999791384, 1153337.518 ], [ 2537387.353000000119209, 1153352.148 ], [ 2537368.832, 1153364.188 ], [ 2537351.421999999787658, 1153375.671 ], [ 2537334.938999999780208, 1153386.969 ], [ 2537326.179, 1153393.562 ], [ 2537317.713, 1153399.932 ], [ 2537302.987999999895692, 1153411.541 ], [ 2537301.971, 1153412.342 ], [ 2537273.264, 1153436.418 ], [ 2537243.074, 1153461.053 ], [ 2537217.515999999828637, 1153482.537 ], [ 2537205.663000000175089, 1153492.168 ], [ 2537185.846, 1153508.465 ], [ 2537164.176, 1153526.616 ], [ 2537152.693, 1153541.062 ], [ 2537121.76299999980256, 1153566.807 ], [ 2537109.740000000223517, 1153577.156 ], [ 2537107.133, 1153579.4 ], [ 2537094.907999999821186, 1153589.216 ], [ 2537053.978000000119209, 1153625.332 ], [ 2537043.42, 1153635.889 ], [ 2537037.31, 1153644.593000000109896 ], [ 2537031.751999999862164, 1153654.594 ], [ 2537030.04, 1153658.643 ], [ 2537027.677000000141561, 1153664.227 ], [ 2537025.640000000130385, 1153671.449 ], [ 2537022.30599999986589, 1153687.378 ], [ 2537022.676, 1153694.971 ], [ 2537023.603000000119209, 1153702.563 ], [ 2537026.197000000160187, 1153713.306 ], [ 2537029.345000000204891, 1153722.937 ], [ 2537034.714999999850988, 1153736.642 ], [ 2537040.827, 1153749.236 ], [ 2537042.332, 1153751.828 ], [ 2537050.829, 1153766.460999999893829 ], [ 2537061.756, 1153782.389 ], [ 2537069.16399999987334, 1153791.835 ], [ 2537077.498999999836087, 1153803.317 ], [ 2537088.426, 1153815.912 ], [ 2537098.427000000141561, 1153824.987999999895692 ], [ 2537111.392, 1153835.729 ], [ 2537125.282000000122935, 1153845.916999999899417 ], [ 2537153.248999999836087, 1153865.362999999895692 ], [ 2537166.583999999798834, 1153876.291 ], [ 2537174.90282120089978, 1153896.414292910369113 ] ], [ [ 2538034.287, 1152925.429 ], [ 2538048.919000000227243, 1152910.982 ], [ 2538061.844, 1152896.944 ], [ 2538070.403, 1152887.646 ], [ 2538084.108, 1152872.274 ], [ 2538091.146999999880791, 1152864.123 ], [ 2538095.035999999847263, 1152856.531 ], [ 2538097.072999999858439, 1152847.825999999884516 ], [ 2538097.072999999858439, 1152841.899 ], [ 2538093.739, 1152833.195 ], [ 2538083.183000000193715, 1152815.229 ], [ 2538069.660999999847263, 1152792.078 ], [ 2538056.325999999884516, 1152770.224 ], [ 2538049.474, 1152759.296 ], [ 2538038.361, 1152762.074 ], [ 2538028.73, 1152765.038 ], [ 2538020.582, 1152767.075 ], [ 2538012.802999999839813, 1152768.187 ], [ 2537998.171, 1152768.002 ], [ 2537978.169000000227243, 1152768.002 ], [ 2537955.94400000013411, 1152767.629999999888241 ], [ 2537947.793, 1152765.593000000109896 ], [ 2537926.311000000219792, 1152754.295 ], [ 2537921.865000000223517, 1152751.888 ], [ 2537917.42, 1152749.85 ], [ 2537913.346, 1152744.294 ], [ 2537891.86200000019744, 1152701.142 ], [ 2537875.378, 1152670.397000000113621 ], [ 2537868.525, 1152655.95 ], [ 2537854.449, 1152664.099 ], [ 2537783.143999999854714, 1152702.807 ], [ 2537693.133, 1152750.591 ] ], [ [ 2537256.966, 1154860.305 ], [ 2537283.450999999884516, 1154875.676 ], [ 2537293.73700000019744, 1154880.099 ], [ 2537305.943, 1154885.345 ], [ 2537309.946, 1154888.236 ], [ 2537312.171, 1154891.239 ], [ 2537313.058999999891967, 1154893.687 ], [ 2537313.171999999787658, 1154896.578 ], [ 2537311.836999999824911, 1154899.246 ], [ 2537308.611, 1154901.471 ], [ 2537303.332, 1154902.976 ], [ 2537292.154999999795109, 1154903.273 ], [ 2537277.153, 1154884.194 ], [ 2537264.188999999780208, 1154868.824 ], [ 2537256.966, 1154860.305 ], [ 2537238.075000000186265, 1154838.449 ] ], [ [ 2538398.961999999824911, 1156433.466 ], [ 2538401.926, 1156451.431 ], [ 2538402.779999999795109, 1156457.102 ], [ 2538408.796, 1156497.078 ], [ 2538410.259999999776483, 1156506.808999999891967 ], [ 2538410.771999999880791, 1156510.15 ], [ 2538413.409, 1156527.367 ], [ 2538415.392, 1156540.846 ], [ 2538419.890999999828637, 1156571.447 ], [ 2538422.112999999895692, 1156585.152 ], [ 2538426.00400000018999, 1156610.342 ], [ 2538430.386, 1156635.54 ], [ 2538434.153, 1156657.199 ], [ 2538438.041999999899417, 1156679.608 ], [ 2538439.339000000152737, 1156691.278 ], [ 2538443.597, 1156717.761 ], [ 2538443.412, 1156725.912 ], [ 2538441.562, 1156731.468000000109896 ], [ 2538437.955999999772757, 1156738.08 ], [ 2538438.524000000208616, 1156738.362 ], [ 2538439.072000000160187, 1156738.710999999893829 ], [ 2538439.620000000111759, 1156739.145 ], [ 2538440.049999999813735, 1156739.565 ], [ 2538440.466, 1156740.063 ], [ 2538440.830999999772757, 1156740.602 ], [ 2538441.134999999776483, 1156741.175 ], [ 2538441.379999999888241, 1156741.776 ], [ 2538441.572000000160187, 1156742.449 ], [ 2538441.677000000141561, 1156743.04 ], [ 2538441.728000000119209, 1156743.688 ], [ 2538441.708999999798834, 1156744.335999999893829 ], [ 2538441.614, 1156745.03 ], [ 2538441.458999999798834, 1156745.661 ], [ 2538441.237999999895692, 1156746.273 ], [ 2538440.957, 1156746.857 ], [ 2538440.616, 1156747.411 ], [ 2538440.251999999862164, 1156747.887000000104308 ], [ 2538439.773, 1156748.396 ], [ 2538439.279, 1156748.818 ], [ 2538438.744, 1156749.187 ], [ 2538437.691000000108033, 1156749.709 ], [ 2538441.004999999888241, 1156756.841 ], [ 2538443.041999999899417, 1156763.878 ], [ 2538443.597, 1156775.176 ], [ 2538442.486, 1156790.548 ], [ 2538442.37900000018999, 1156791.446 ], [ 2538440.819999999832362, 1156804.44 ], [ 2538439.151999999769032, 1156815.553 ], [ 2538436.930000000167638, 1156829.258 ], [ 2538434.895, 1156841.296 ], [ 2538430.634, 1156858.52 ], [ 2538428.224, 1156865.203 ], [ 2538426.558999999891967, 1156869.819 ], [ 2538422.855, 1156878.709 ], [ 2538419.15, 1156885.746 ], [ 2538415.631, 1156891.857 ], [ 2538412.296999999787658, 1156897.601 ], [ 2538407.298, 1156904.268 ], [ 2538402.666999999899417, 1156910.379 ], [ 2538397.852, 1156916.120000000111759 ], [ 2538390.998999999836087, 1156923.159 ], [ 2538375.99599999981001, 1156940.013 ], [ 2538362.291000000201166, 1156955.754999999888241 ], [ 2538357.477, 1156962.052 ], [ 2538352.105, 1156969.275 ], [ 2538345.992, 1156980.759 ], [ 2538342.845000000204891, 1156987.982 ], [ 2538339.882000000216067, 1156996.501 ], [ 2538337.657999999821186, 1157004.65 ], [ 2538335.80599999986589, 1157012.43 ] ], [ [ 2537814.904, 1152123.370000000111759 ], [ 2537814.957, 1152124.034 ], [ 2537814.890000000130385, 1152124.68 ], [ 2537814.708000000100583, 1152125.304 ], [ 2537814.416000000201166, 1152125.883 ], [ 2537814.024000000208616, 1152126.401 ], [ 2537813.586999999824911, 1152126.81 ], [ 2537813.041999999899417, 1152127.166 ], [ 2537812.396999999880791, 1152127.429 ], [ 2537811.852, 1152127.549000000115484 ], [ 2537811.153, 1152127.578 ], [ 2537810.511, 1152127.482 ], [ 2537809.812, 1152127.234 ], [ 2537809.248000000137836, 1152126.899 ], [ 2537808.794000000227243, 1152126.507 ], [ 2537808.353999999817461, 1152125.964 ], [ 2537808.068, 1152125.438 ], [ 2537807.849, 1152124.773 ], [ 2537807.774000000208616, 1152123.689 ], [ 2537807.873999999836087, 1152123.09 ], [ 2537808.091, 1152122.477999999886379 ], [ 2537808.415, 1152121.916 ], [ 2537808.87099999981001, 1152121.386 ], [ 2537809.336999999824911, 1152121.008 ], [ 2537809.950000000186265, 1152120.675 ], [ 2537810.518999999854714, 1152120.487 ], [ 2537811.21100000012666, 1152120.389999999897555 ], [ 2537811.861, 1152120.421 ], [ 2537812.492999999783933, 1152120.57 ], [ 2537813.088, 1152120.829 ], [ 2537813.586999999824911, 1152121.158 ], [ 2537814.091, 1152121.642 ], [ 2537814.443, 1152122.129 ], [ 2537814.742999999783933, 1152122.76 ], [ 2537814.904, 1152123.370000000111759 ], [ 2537826.83600000012666, 1152120.258 ], [ 2537825.187, 1152113.102 ], [ 2537891.86200000019744, 1152098.842 ], [ 2537904.640999999828637, 1152097.732 ], [ 2537953.906, 1152087.544 ], [ 2537954.455, 1152091.213 ], [ 2537965.401999999769032, 1152089.348 ] ], [ [ 2537954.455, 1152091.213 ], [ 2537955.572999999858439, 1152097.360000000102445 ], [ 2537906.492999999783933, 1152107.361 ], [ 2537903.382000000216067, 1152107.95 ], [ 2537885.936000000219792, 1152111.252 ], [ 2537876.120000000111759, 1152112.177 ], [ 2537874.285000000149012, 1152112.56 ], [ 2537827.224, 1152122.362999999895692 ], [ 2537826.83600000012666, 1152120.258 ] ], [ [ 2538437.691000000108033, 1156749.709 ], [ 2538437.099, 1156749.901 ], [ 2538436.41399999987334, 1156750.048 ], [ 2538435.818, 1156750.111 ], [ 2538435.117, 1156750.114 ], [ 2538434.521000000182539, 1156750.054 ], [ 2538433.910000000149012, 1156749.931 ], [ 2538433.241, 1156749.723 ], [ 2538432.645, 1156749.464 ], [ 2538432.122, 1156749.171 ], [ 2538431.588, 1156748.799000000115484 ], [ 2538431.097, 1156748.375 ], [ 2538430.653, 1156747.902 ], [ 2538430.258, 1156747.385 ], [ 2538429.896999999880791, 1156746.786 ], [ 2538429.642, 1156746.242 ], [ 2538429.423, 1156745.629999999888241 ], [ 2538429.26299999980256, 1156744.95 ], [ 2538429.186000000219792, 1156744.355 ], [ 2538429.165, 1156743.707 ], [ 2538429.219, 1156743.009 ], [ 2538429.336999999824911, 1156742.369 ], [ 2538429.591, 1156741.561 ], [ 2538429.859000000171363, 1156740.966 ], [ 2538430.187, 1156740.405 ], [ 2538430.568, 1156739.881 ], [ 2538431.00400000018999, 1156739.397000000113621 ], [ 2538431.447000000160187, 1156738.993 ], [ 2538432.011, 1156738.58 ], [ 2538432.528, 1156738.276 ], [ 2538433.117999999783933, 1156738.006 ], [ 2538433.782999999821186, 1156737.783 ], [ 2538434.416999999899417, 1156737.643 ], [ 2538435.062, 1156737.568 ], [ 2538435.660999999847263, 1156737.561 ], [ 2538436.359000000171363, 1156737.624 ], [ 2538436.997, 1156737.752 ], [ 2538437.955999999772757, 1156738.08 ] ], [ [ 2537809.812, 1152127.234 ], [ 2537803.703000000212342, 1152137.18 ], [ 2537797.589999999850988, 1152143.106 ], [ 2537790.367999999783933, 1152148.663 ], [ 2537782.774000000208616, 1152153.849 ], [ 2537728.876999999862164, 1152187.186 ], [ 2537638.866, 1152240.341 ], [ 2537591.082, 1152270.161 ], [ 2537546.447000000160187, 1152298.497 ], [ 2537533.833000000100583, 1152306.412 ], [ 2537489.774000000208616, 1152334.058 ], [ 2537474.401999999769032, 1152343.503 ], [ 2537441.619, 1152364.432 ], [ 2537418.467000000178814, 1152378.322 ], [ 2537386.426, 1152398.324 ], [ 2537381.796, 1152402.77 ], [ 2537378.461999999824911, 1152406.844 ], [ 2537376.424999999813735, 1152411.104 ], [ 2537375.128, 1152416.105 ], [ 2537375.128, 1152422.585999999893829 ], [ 2537375.685, 1152429.44 ], [ 2537377.352, 1152437.404 ], [ 2537399.947999999858439, 1152483.705 ], [ 2537404.151, 1152492.933999999891967 ], [ 2537422.727, 1152533.712 ], [ 2537430.904, 1152551.66 ], [ 2537437.046999999787658, 1152564.784 ], [ 2537526.708000000100583, 1152744.314 ], [ 2537538.049000000115484, 1152767.69 ], [ 2537551.884999999776483, 1152796.209 ], [ 2537553.629999999888241, 1152800.775 ], [ 2537562.156, 1152799.06 ], [ 2537584.970000000204891, 1152793.003 ], [ 2537631.829, 1152778.558 ], [ 2537653.498000000137836, 1152770.964 ], [ 2537655.904999999795109, 1152769.852 ], [ 2537693.133, 1152750.591 ] ], [ [ 2538525.369, 1152032.778 ], [ 2538529.904, 1152045.872 ], [ 2538548.241, 1152101.251 ], [ 2538564.353999999817461, 1152152.183 ], [ 2538561.946, 1152153.849 ], [ 2538508.23700000019744, 1152185.891 ], [ 2538461.008, 1152212.376 ], [ 2538420.447999999858439, 1152235.527 ], [ 2538360.470000000204891, 1152271.067 ], [ 2538312.842000000178814, 1152299.053 ], [ 2538278.021000000182539, 1152321.092 ] ], [ [ 2538525.369, 1152032.778 ], [ 2538514.719, 1152035.129999999888241 ], [ 2538478.788000000175089, 1152039.76 ], [ 2538462.674999999813735, 1152041.242 ], [ 2538395.072999999858439, 1152047.169 ], [ 2538319.69400000013411, 1152054.578 ], [ 2538319.008, 1152054.647000000113621 ], [ 2538234.682, 1152063.096 ], [ 2538173.017, 1152070.145 ], [ 2538163.376999999862164, 1152071.247 ], [ 2538112.629999999888241, 1152076.246 ], [ 2538062.254999999888241, 1152081.535 ], [ 2538038.546, 1152084.025 ], [ 2538000.579, 1152086.432 ], [ 2537973.700000000186265, 1152088.352999999886379 ], [ 2537973.631, 1152089.007 ], [ 2537973.464000000152737, 1152089.633 ], [ 2537973.225999999791384, 1152090.183999999891967 ], [ 2537972.853000000119209, 1152090.774 ], [ 2537972.423, 1152091.262000000104308 ], [ 2537971.924999999813735, 1152091.678 ], [ 2537971.41399999987334, 1152091.99 ], [ 2537970.815, 1152092.243 ], [ 2537970.145, 1152092.406 ], [ 2537969.546999999787658, 1152092.459 ], [ 2537968.850999999791384, 1152092.412 ], [ 2537968.217000000178814, 1152092.266 ], [ 2537967.614, 1152092.025 ], [ 2537967.096, 1152091.724 ], [ 2537966.552999999839813, 1152091.283 ], [ 2537966.120000000111759, 1152090.799000000115484 ], [ 2537965.791000000201166, 1152090.298 ], [ 2537965.401999999769032, 1152089.348 ], [ 2537965.284, 1152088.739 ], [ 2537965.259, 1152088.039000000106171 ], [ 2537965.329, 1152087.444 ], [ 2537965.498999999836087, 1152086.817 ], [ 2537965.788000000175089, 1152086.182 ], [ 2537966.145, 1152085.638 ], [ 2537966.546, 1152085.194 ], [ 2537967.089000000152737, 1152084.751 ], [ 2537967.65, 1152084.426 ], [ 2537968.256, 1152084.191000000108033 ], [ 2537968.841, 1152084.058999999891967 ], [ 2537969.48700000019744, 1152084.011 ], [ 2537970.134, 1152084.063 ], [ 2537970.815, 1152084.227999999886379 ], [ 2537971.367999999783933, 1152084.458000000100583 ], [ 2537971.896999999880791, 1152084.773 ], [ 2537972.387000000104308, 1152085.173 ], [ 2537972.853000000119209, 1152085.695 ], [ 2537973.177999999839813, 1152086.199 ], [ 2537973.447999999858439, 1152086.791 ], [ 2537973.631, 1152087.464 ], [ 2537973.700000000186265, 1152088.352999999886379 ] ], [ [ 2538128.188, 1152353.319 ], [ 2538141.523, 1152349.058999999891967 ], [ 2538157.044000000227243, 1152344.435 ], [ 2538158.932, 1152343.873 ], [ 2538165.615000000223517, 1152342.079 ], [ 2538181.713, 1152337.761 ], [ 2538192.169000000227243, 1152335.952 ], [ 2538216.153, 1152331.8 ], [ 2538278.021000000182539, 1152321.092 ] ] ] } },
{ "type": "Feature", "properties": { "CADRE_NO": "10.021", "DDT_URL": null, "ETC_NOM": "Transports publics de la région lausannoise", "ETC_SIGLE": "TL", "ETC_URL": "https://www.t-l.ch", "GO_CENTRE": 0, "HORAIR_URL": "https://www.tableaux-horaires.ch/fileadmin/fap_pdf_fields/2025/10.021.pdf", "LIGNE_NO": "21", "LIGNE_NOM": "Paudex Verrières - Pully port - Lausanne gare - Beaulieu - Blécherette", "LIGNE_SIGL": null, "LIGNE_TYPE": "Trolleybus", "PLAN_URL": "https://prestations.vd.ch/pub/101587/api/download/2_Cartographie_et_geodonnees/2.1_Carte_des_reseaux/Carte_des_lignes_TP/topo/ligne_10.021.pdf", "SHAPE_LEN": 8859.012 }, "geometry": { "type": "MultiLineString", "coordinates": [ [ [ 2537626.086999999824911, 1152951.727 ], [ 2537620.160999999847263, 1152940.616 ], [ 2537591.637000000104308, 1152891.72 ], [ 2537584.415, 1152878.2 ], [ 2537581.852, 1152873.0 ], [ 2537578.117999999783933, 1152865.422 ], [ 2537569.782999999821186, 1152843.011 ], [ 2537560.336999999824911, 1152817.266 ] ], [ [ 2537256.966, 1154860.305 ], [ 2537283.450999999884516, 1154875.676 ], [ 2537293.73700000019744, 1154880.099 ], [ 2537305.943, 1154885.345 ], [ 2537309.946, 1154888.236 ], [ 2537312.171, 1154891.239 ], [ 2537313.058999999891967, 1154893.687 ], [ 2537313.171999999787658, 1154896.578 ], [ 2537311.836999999824911, 1154899.246 ], [ 2537308.611, 1154901.471 ], [ 2537303.332, 1154902.976 ], [ 2537292.154999999795109, 1154903.273 ], [ 2537277.153, 1154884.194 ], [ 2537264.188999999780208, 1154868.824 ], [ 2537256.966, 1154860.305 ], [ 2537238.075000000186265, 1154838.449 ] ], [ [ 2538335.741, 1151237.305 ], [ 2538336.177999999839813, 1151246.575 ], [ 2538337.998999999836087, 1151259.662 ], [ 2538340.501999999862164, 1151273.092 ], [ 2538344.143000000156462, 1151288.455 ], [ 2538348.81, 1151304.812 ], [ 2538353.275, 1151316.947 ], [ 2538358.433999999891967, 1151328.722 ], [ 2538364.123000000137836, 1151338.247 ], [ 2538371.003, 1151347.639 ], [ 2538380.528, 1151358.355 ], [ 2538388.200000000186265, 1151365.764 ], [ 2538397.858, 1151372.378 ], [ 2538402.724, 1151375.24 ], [ 2538410.396999999880791, 1151379.737999999895692 ], [ 2538417.276, 1151382.781 ], [ 2538424.42, 1151385.293 ], [ 2538438.575000000186265, 1151389.793 ], [ 2538463.126000000163913, 1151397.374 ], [ 2538468.023, 1151397.908 ], [ 2538485.350323057267815, 1151405.655920021003112 ] ], [ [ 2538338.521000000182539, 1151232.768 ], [ 2538351.143000000156462, 1151224.218000000109896 ], [ 2538369.91399999987334, 1151212.133 ], [ 2538384.441000000108033, 1151203.775 ], [ 2538443.452, 1151172.406 ], [ 2538464.407000000122935, 1151161.479 ], [ 2538477.776999999769032, 1151153.379 ], [ 2538486.521000000182539, 1151147.465 ], [ 2538495.467999999877065, 1151141.368 ], [ 2538510.383, 1151129.925 ], [ 2538546.221, 1151101.06 ], [ 2538574.438, 1151076.646 ], [ 2538591.671999999787658, 1151062.947 ], [ 2538601.245000000111759, 1151057.497 ], [ 2538615.091, 1151051.459 ], [ 2538620.566999999806285, 1151049.538 ], [ 2538631.883, 1151045.566000000108033 ], [ 2538647.938999999780208, 1151039.822 ], [ 2538658.396000000182539, 1151035.257 ], [ 2538667.676, 1151029.806 ], [ 2538677.160999999847263, 1151022.078 ], [ 2538679.608, 1151020.085 ], [ 2538690.508, 1151008.447 ], [ 2538729.174000000115484, 1150964.248 ], [ 2538739.299000000115484, 1150953.652 ], [ 2538746.575000000186265, 1150946.906 ], [ 2538761.259, 1150935.662 ], [ 2538777.532000000122935, 1150926.797 ], [ 2538791.555000000167638, 1150919.918 ], [ 2538809.148, 1150913.832 ], [ 2538832.563, 1150906.159 ], [ 2538851.483, 1150901.795 ], [ 2538865.637000000104308, 1150899.149 ], [ 2538881.645, 1150897.296 ], [ 2538897.29, 1150896.259 ], [ 2538899.776, 1150896.203 ], [ 2538910.211999999824911, 1150895.973 ], [ 2539025.771000000182539, 1150891.602 ], [ 2539092.137000000104308, 1150889.09 ], [ 2539109.878, 1150888.415 ], [ 2539183.707, 1150885.602999999886379 ], [ 2539192.785999999847263, 1150885.259 ], [ 2539240.475999999791384, 1150883.678 ], [ 2539371.552999999839813, 1150879.335999999893829 ], [ 2539423.656, 1150877.377 ], [ 2539453.99599999981001, 1150876.234 ], [ 2539461.119, 1150876.138 ], [ 2539500.508, 1150874.642 ], [ 2539525.758, 1150873.685 ], [ 2539637.364, 1150869.756 ], [ 2539673.176, 1150868.856 ], [ 2539721.969, 1150867.629 ], [ 2539755.352, 1150867.957 ], [ 2539768.910999999847263, 1150868.381 ], [ 2539806.35, 1150871.687 ], [ 2539838.832, 1150875.298 ], [ 2539850.403, 1150876.583000000100583 ], [ 2539914.338, 1150883.955 ], [ 2539943.711999999824911, 1150887.034 ], [ 2539985.353000000119209, 1150891.398 ], [ 2540017.87900000018999, 1150895.422 ], [ 2540045.159, 1150898.689 ], [ 2540047.345000000204891, 1150898.950999999884516 ], [ 2540106.120000000111759, 1150904.831 ], [ 2540145.881, 1150908.807 ], [ 2540165.072000000160187, 1150909.843000000109896 ], [ 2540182.01299999980256, 1150909.497 ], [ 2540197.225999999791384, 1150908.46 ], [ 2540218.66399999987334, 1150904.656 ], [ 2540277.615000000223517, 1150894.284 ], [ 2540302.509999999776483, 1150890.999 ], [ 2540319.279, 1150890.481 ], [ 2540328.614, 1150890.653 ] ], [ [ 2538468.023, 1151397.908 ], [ 2538463.126000000163913, 1151397.374 ] ], [ [ 2537814.904, 1152123.370000000111759 ], [ 2537814.957, 1152124.034 ], [ 2537814.890000000130385, 1152124.68 ], [ 2537814.708000000100583, 1152125.304 ], [ 2537814.416000000201166, 1152125.883 ], [ 2537814.024000000208616, 1152126.401 ], [ 2537813.586999999824911, 1152126.81 ], [ 2537813.041999999899417, 1152127.166 ], [ 2537812.396999999880791, 1152127.429 ], [ 2537811.852, 1152127.549000000115484 ], [ 2537811.153, 1152127.578 ], [ 2537810.511, 1152127.482 ], [ 2537809.812, 1152127.234 ], [ 2537809.248000000137836, 1152126.899 ], [ 2537808.794000000227243, 1152126.507 ], [ 2537808.353999999817461, 1152125.964 ], [ 2537808.068, 1152125.438 ], [ 2537807.849, 1152124.773 ], [ 2537807.774000000208616, 1152123.689 ], [ 2537807.873999999836087, 1152123.09 ], [ 2537808.091, 1152122.477999999886379 ], [ 2537808.415, 1152121.916 ], [ 2537808.87099999981001, 1152121.386 ], [ 2537809.336999999824911, 1152121.008 ], [ 2537809.950000000186265, 1152120.675 ], [ 2537810.518999999854714, 1152120.487 ], [ 2537811.21100000012666, 1152120.389999999897555 ], [ 2537811.861, 1152120.421 ], [ 2537812.492999999783933, 1152120.57 ], [ 2537813.088, 1152120.829 ], [ 2537813.586999999824911, 1152121.158 ], [ 2537814.091, 1152121.642 ], [ 2537814.443, 1152122.129 ], [ 2537814.742999999783933, 1152122.76 ], [ 2537814.904, 1152123.370000000111759 ], [ 2537826.83600000012666, 1152120.258 ], [ 2537825.187, 1152113.102 ], [ 2537891.86200000019744, 1152098.842 ], [ 2537904.640999999828637, 1152097.732 ], [ 2537953.906, 1152087.544 ], [ 2537954.455, 1152091.213 ], [ 2537965.401999999769032, 1152089.348 ] ], [ [ 2537954.455, 1152091.213 ], [ 2537955.572999999858439, 1152097.360000000102445 ], [ 2537906.492999999783933, 1152107.361 ], [ 2537903.382000000216067, 1152107.95 ], [ 2537885.936000000219792, 1152111.252 ], [ 2537876.120000000111759, 1152112.177 ], [ 2537874.285000000149012, 1152112.56 ], [ 2537827.224, 1152122.362999999895692 ], [ 2537826.83600000012666, 1152120.258 ] ], [ [ 2537809.812, 1152127.234 ], [ 2537803.703000000212342, 1152137.18 ], [ 2537797.589999999850988, 1152143.106 ], [ 2537790.367999999783933, 1152148.663 ], [ 2537782.774000000208616, 1152153.849 ], [ 2537728.876999999862164, 1152187.186 ], [ 2537638.866, 1152240.341 ], [ 2537591.082, 1152270.161 ], [ 2537546.447000000160187, 1152298.497 ], [ 2537533.833000000100583, 1152306.412 ], [ 2537489.774000000208616, 1152334.058 ], [ 2537474.401999999769032, 1152343.503 ], [ 2537441.619, 1152364.432 ], [ 2537418.467000000178814, 1152378.322 ], [ 2537386.426, 1152398.324 ], [ 2537381.796, 1152402.77 ], [ 2537378.461999999824911, 1152406.844 ], [ 2537376.424999999813735, 1152411.104 ], [ 2537375.128, 1152416.105 ], [ 2537375.128, 1152422.585999999893829 ], [ 2537375.685, 1152429.44 ], [ 2537377.352, 1152437.404 ], [ 2537399.947999999858439, 1152483.705 ], [ 2537404.151, 1152492.933999999891967 ], [ 2537422.727, 1152533.712 ], [ 2537430.904, 1152551.66 ], [ 2537437.046999999787658, 1152564.784 ], [ 2537526.708000000100583, 1152744.314 ], [ 2537538.049000000115484, 1152767.69 ], [ 2537551.884999999776483, 1152796.209 ], [ 2537553.629999999888241, 1152800.775 ], [ 2537554.231000000145286, 1152802.347 ], [ 2537554.410999999847263, 1152802.819 ], [ 2537555.83, 1152806.279 ], [ 2537560.336999999824911, 1152817.266 ] ], [ [ 2538488.447999999858439, 1151417.971 ], [ 2538488.846, 1151447.339 ], [ 2538488.052000000141561, 1151486.497 ], [ 2538486.86200000019744, 1151505.283 ], [ 2538485.142, 1151517.188 ], [ 2538482.62900000018999, 1151526.183999999891967 ], [ 2538478.526999999769032, 1151537.297 ], [ 2538472.574, 1151550.262000000104308 ], [ 2538466.356999999843538, 1151561.639999999897555 ], [ 2538459.345000000204891, 1151571.825999999884516 ], [ 2538455.049999999813735, 1151576.574 ], [ 2538451.805000000167638, 1151580.159 ], [ 2538442.717000000178814, 1151587.335 ], [ 2538441.742999999783933, 1151588.054 ], [ 2538415.006, 1151607.772000000113621 ], [ 2538397.048, 1151622.456 ], [ 2538391.839999999850988, 1151628.531999999890104 ], [ 2538388.862999999895692, 1151634.236 ], [ 2538387.5, 1151637.707 ], [ 2538387.00400000018999, 1151642.791 ], [ 2538387.376000000163913, 1151648.371 ], [ 2538389.35, 1151657.052 ], [ 2538393.541999999899417, 1151668.139999999897555 ], [ 2538405.918, 1151700.32 ], [ 2538418.943, 1151734.365 ], [ 2538441.166999999899417, 1151793.367 ], [ 2538456.077, 1151834.44 ], [ 2538456.452, 1151835.47 ], [ 2538504.910000000149012, 1151960.316000000108033 ], [ 2538524.904999999795109, 1152014.202 ], [ 2538526.702, 1152019.465 ], [ 2538530.46100000012666, 1152031.426 ], [ 2538525.369, 1152032.778 ], [ 2538514.719, 1152035.129999999888241 ], [ 2538478.788000000175089, 1152039.76 ], [ 2538462.674999999813735, 1152041.242 ], [ 2538395.072999999858439, 1152047.169 ], [ 2538319.69400000013411, 1152054.578 ], [ 2538319.008, 1152054.647000000113621 ], [ 2538234.682, 1152063.096 ], [ 2538173.017, 1152070.145 ], [ 2538163.376999999862164, 1152071.247 ], [ 2538112.629999999888241, 1152076.246 ], [ 2538062.254999999888241, 1152081.535 ], [ 2538038.546, 1152084.025 ], [ 2538000.579, 1152086.432 ], [ 2537973.700000000186265, 1152088.352999999886379 ], [ 2537973.631, 1152089.007 ], [ 2537973.464000000152737, 1152089.633 ], [ 2537973.225999999791384, 1152090.183999999891967 ], [ 2537972.853000000119209, 1152090.774 ], [ 2537972.423, 1152091.262000000104308 ], [ 2537971.924999999813735, 1152091.678 ], [ 2537971.41399999987334, 1152091.99 ], [ 2537970.815, 1152092.243 ], [ 2537970.145, 1152092.406 ], [ 2537969.546999999787658, 1152092.459 ], [ 2537968.850999999791384, 1152092.412 ], [ 2537968.217000000178814, 1152092.266 ], [ 2537967.614, 1152092.025 ], [ 2537967.096, 1152091.724 ], [ 2537966.552999999839813, 1152091.283 ], [ 2537966.120000000111759, 1152090.799000000115484 ], [ 2537965.791000000201166, 1152090.298 ], [ 2537965.401999999769032, 1152089.348 ], [ 2537965.284, 1152088.739 ], [ 2537965.259, 1152088.039000000106171 ], [ 2537965.329, 1152087.444 ], [ 2537965.498999999836087, 1152086.817 ], [ 2537965.788000000175089, 1152086.182 ], [ 2537966.145, 1152085.638 ], [ 2537966.546, 1152085.194 ], [ 2537967.089000000152737, 1152084.751 ], [ 2537967.65, 1152084.426 ], [ 2537968.256, 1152084.191000000108033 ], [ 2537968.841, 1152084.058999999891967 ], [ 2537969.48700000019744, 1152084.011 ], [ 2537970.134, 1152084.063 ], [ 2537970.815, 1152084.227999999886379 ], [ 2537971.367999999783933, 1152084.458000000100583 ], [ 2537971.896999999880791, 1152084.773 ], [ 2537972.387000000104308, 1152085.173 ], [ 2537972.853000000119209, 1152085.695 ], [ 2537973.177999999839813, 1152086.199 ], [ 2537973.447999999858439, 1152086.791 ], [ 2537973.631, 1152087.464 ], [ 2537973.700000000186265, 1152088.352999999886379 ] ], [ [ 2537626.086999999824911, 1152951.727 ], [ 2537646.46100000012666, 1152993.77 ], [ 2537659.609999999869615, 1153020.07 ], [ 2537676.279, 1153052.296 ], [ 2537687.946, 1153076.744 ], [ 2537711.265999999828637, 1153124.554 ], [ 2537739.620000000111759, 1153182.683999999891967 ], [ 2537730.477, 1153187.146 ], [ 2537724.063, 1153190.276 ], [ 2537702.021999999880791, 1153199.538 ], [ 2537678.87099999981001, 1153208.798 ], [ 2537664.001999999862164, 1153211.48 ], [ 2537642.941999999806285, 1153215.28 ], [ 2537639.043, 1153216.338 ], [ 2537619.049000000115484, 1153221.763 ], [ 2537607.566000000108033, 1153226.578 ], [ 2537589.787, 1153236.024 ], [ 2537552.188999999780208, 1153257.322 ], [ 2537525.148, 1153272.879999999888241 ], [ 2537496.254999999888241, 1153289.179 ], [ 2537469.279, 1153304.517 ], [ 2537458.473000000230968, 1153310.663 ], [ 2537451.251000000163913, 1153315.662 ], [ 2537412.725999999791384, 1153337.518 ], [ 2537387.353000000119209, 1153352.148 ], [ 2537368.832, 1153364.188 ], [ 2537351.421999999787658, 1153375.671 ], [ 2537334.938999999780208, 1153386.969 ], [ 2537326.179, 1153393.562 ], [ 2537317.713, 1153399.932 ], [ 2537302.987999999895692, 1153411.541 ], [ 2537301.971, 1153412.342 ], [ 2537273.264, 1153436.418 ], [ 2537243.074, 1153461.053 ], [ 2537217.515999999828637, 1153482.537 ], [ 2537205.663000000175089, 1153492.168 ], [ 2537185.846, 1153508.465 ], [ 2537164.176, 1153526.616 ], [ 2537152.693, 1153541.062 ], [ 2537121.76299999980256, 1153566.807 ], [ 2537109.740000000223517, 1153577.156 ], [ 2537107.133, 1153579.4 ], [ 2537094.907999999821186, 1153589.216 ], [ 2537053.978000000119209, 1153625.332 ], [ 2537043.42, 1153635.889 ], [ 2537037.31, 1153644.593000000109896 ], [ 2537031.751999999862164, 1153654.594 ], [ 2537030.04, 1153658.643 ], [ 2537027.677000000141561, 1153664.227 ], [ 2537025.640000000130385, 1153671.449 ], [ 2537022.30599999986589, 1153687.378 ], [ 2537022.676, 1153694.971 ], [ 2537023.603000000119209, 1153702.563 ], [ 2537026.197000000160187, 1153713.306 ], [ 2537029.345000000204891, 1153722.937 ], [ 2537034.714999999850988, 1153736.642 ], [ 2537040.827, 1153749.236 ], [ 2537042.332, 1153751.828 ], [ 2537050.829, 1153766.460999999893829 ], [ 2537061.756, 1153782.389 ], [ 2537069.16399999987334, 1153791.835 ], [ 2537077.498999999836087, 1153803.317 ], [ 2537088.426, 1153815.912 ], [ 2537098.427000000141561, 1153824.987999999895692 ], [ 2537111.392, 1153835.729 ], [ 2537125.282000000122935, 1153845.916999999899417 ], [ 2537153.248999999836087, 1153865.362999999895692 ], [ 2537166.583999999798834, 1153876.291 ] ] ] } },
{ "type": "Feature", "properties": { "CADRE_NO": "10.047", "DDT_URL": null, "ETC_NOM": "Transports publics de la région lausannoise", "ETC_SIGLE": "TL", "ETC_URL": "https://www.t-l.ch", "GO_CENTRE": 0, "HORAIR_URL": "https://www.tableaux-horaires.ch/fileadmin/fap_pdf_fields/2025/10.047.pdf", "LIGNE_NO": "47", "LIGNE_NOM": "Pully - Belmont-sur-Lausanne - Grandvaux", "LIGNE_SIGL": null, "LIGNE_TYPE": "Bus urbain", "PLAN_URL": "https://prestations.vd.ch/pub/101587/api/download/2_Cartographie_et_geodonnees/2.1_Carte_des_reseaux/Carte_des_lignes_TP/topo/ligne_10.047.pdf", "SHAPE_LEN": 10119.536 }, "geometry": { "type": "MultiLineString", "coordinates": [ [ [ 2540807.805000000167638, 1152576.044 ], [ 2540808.526, 1152578.604 ], [ 2540813.528, 1152600.202 ], [ 2540815.21, 1152608.294 ] ], [ [ 2541554.626999999862164, 1152832.736 ], [ 2541561.569999999832362, 1152845.266 ], [ 2541570.375, 1152858.305 ], [ 2541577.318, 1152866.941000000108033 ], [ 2541588.324, 1152878.964 ], [ 2541602.549000000115484, 1152891.663 ], [ 2541622.870000000111759, 1152905.209 ], [ 2541644.02, 1152916.592 ], [ 2541680.200000000186265, 1152940.4 ], [ 2541727.696, 1152976.319 ], [ 2541737.169000000227243, 1152986.49 ], [ 2541741.910999999847263, 1152993.602999999886379 ], [ 2541745.128, 1153003.592 ], [ 2541745.805000000167638, 1153010.537 ], [ 2541744.111, 1153019.849 ], [ 2541740.387000000104308, 1153026.791999999899417 ], [ 2541735.645, 1153031.702 ], [ 2541730.227, 1153035.09 ], [ 2541719.896000000182539, 1153037.798 ], [ 2541703.471, 1153038.138 ], [ 2541692.973000000230968, 1153038.645 ], [ 2541685.708000000100583, 1153040.055 ], [ 2541681.628, 1153040.846 ], [ 2541670.282000000122935, 1153044.232 ], [ 2541661.815, 1153044.91 ], [ 2541653.887000000104308, 1153043.905 ], [ 2541653.12099999981001, 1153043.808 ], [ 2541649.793, 1153043.386 ], [ 2541644.562, 1153040.992 ], [ 2541635.737999999895692, 1153036.952 ], [ 2541625.409, 1153030.857 ], [ 2541616.603000000119209, 1153026.452 ], [ 2541607.120000000111759, 1153025.438 ], [ 2541583.583000000100583, 1153027.638 ], [ 2541570.204, 1153031.364 ], [ 2541559.029999999795109, 1153033.734 ], [ 2541546.160000000149012, 1153034.412 ], [ 2541529.396999999880791, 1153032.379 ], [ 2541512.971, 1153030.009 ], [ 2541501.188, 1153028.879999999888241 ], [ 2541500.609999999869615, 1153028.824 ], [ 2541488.079, 1153030.348 ], [ 2541478.597, 1153034.072 ], [ 2541472.836999999824911, 1153037.939 ], [ 2541471.890000000130385, 1153038.575 ], [ 2541466.742, 1153042.031 ], [ 2541456.41399999987334, 1153053.377 ], [ 2541450.486, 1153063.199 ], [ 2541446.762000000104308, 1153075.221 ], [ 2541444.390999999828637, 1153090.8 ], [ 2541441.174000000115484, 1153103.162 ], [ 2541437.447999999858439, 1153112.137000000104308 ], [ 2541433.045, 1153118.909 ], [ 2541427.457, 1153125.852 ], [ 2541420.683000000193715, 1153130.593000000109896 ], [ 2541411.37099999981001, 1153135.843000000109896 ], [ 2541370.813, 1153153.476 ], [ 2541364.634999999776483, 1153156.163 ], [ 2541355.490000000223517, 1153158.872 ], [ 2541349.05599999986589, 1153159.887000000104308 ], [ 2541338.558000000193715, 1153159.041 ], [ 2541326.026, 1153156.163 ], [ 2541324.563999999780208, 1153155.703 ], [ 2541307.737999999895692, 1153150.405 ], [ 2541296.901, 1153147.358 ], [ 2541289.78899999987334, 1153146.341 ], [ 2541282.508, 1153146.172 ], [ 2541268.452, 1153147.526 ], [ 2541249.48700000019744, 1153148.374 ], [ 2541244.646999999880791, 1153148.639999999897555 ], [ 2541235.248999999836087, 1153149.161 ], [ 2541220.617, 1153149.716 ], [ 2541201.599, 1153148.9 ], [ 2541193.793, 1153147.999 ], [ 2541177.666999999899417, 1153143.909 ], [ 2541163.887000000104308, 1153137.766 ], [ 2541151.617999999783933, 1153130.391 ], [ 2541141.273, 1153122.346 ], [ 2541130.791000000201166, 1153111.008 ], [ 2541123.197000000160187, 1153101.748 ], [ 2541116.529, 1153091.375 ], [ 2541109.492, 1153076.744 ], [ 2541105.048, 1153065.446 ], [ 2541102.454, 1153056.0 ], [ 2541099.491, 1153039.518 ], [ 2541098.379999999888241, 1153029.886 ], [ 2541097.083999999798834, 1153008.216 ], [ 2541094.305000000167638, 1152974.139999999897555 ], [ 2541088.563999999780208, 1152931.911 ], [ 2541085.785999999847263, 1152919.317 ], [ 2541083.376999999862164, 1152912.649 ], [ 2541079.487999999895692, 1152906.352999999886379 ], [ 2541074.858, 1152900.795 ], [ 2541046.33600000012666, 1152876.903 ], [ 2541037.816999999806285, 1152871.162 ], [ 2541031.518999999854714, 1152865.422 ], [ 2541027.815, 1152860.05 ], [ 2541026.518999999854714, 1152854.308999999891967 ], [ 2541025.037, 1152844.308 ], [ 2541025.407000000122935, 1152837.083000000100583 ], [ 2541026.518999999854714, 1152830.231 ], [ 2541030.037, 1152821.156 ], [ 2541035.225, 1152812.452 ], [ 2541038.742, 1152803.746 ], [ 2541043.001999999862164, 1152794.487 ], [ 2541044.669000000227243, 1152786.892 ], [ 2541045.594, 1152778.743 ], [ 2541045.594, 1152770.779 ], [ 2541043.742, 1152762.259 ], [ 2541040.779999999795109, 1152754.852 ], [ 2541036.705, 1152747.073 ], [ 2541032.074, 1152740.96 ], [ 2541025.592000000178814, 1152735.59 ], [ 2541018.924999999813735, 1152731.516 ], [ 2541010.220000000204891, 1152726.514 ], [ 2540993.923, 1152718.921 ], [ 2540977.808999999891967, 1152711.882 ], [ 2540952.805000000167638, 1152700.77 ], [ 2540950.140000000130385, 1152699.391 ], [ 2540881.507000000216067, 1152663.862 ], [ 2540863.719, 1152654.653 ], [ 2540845.384999999776483, 1152644.281999999890104 ], [ 2540833.554, 1152636.146 ], [ 2540825.75400000018999, 1152630.063 ], [ 2540821.697999999858439, 1152625.537 ], [ 2540818.296, 1152619.873 ] ], [ [ 2540393.547604569699615, 1152564.229632911970839 ], [ 2540305.481900304555893, 1152323.95227475464344 ], [ 2540300.300858960021287, 1152309.768802513834089 ], [ 2540300.126170419156551, 1152292.18614781065844 ], [ 2540326.9211769066751, 1152283.546454907627776 ], [ 2540577.249234379269183, 1152283.577764331595972 ], [ 2540599.985646998044103, 1152289.214434241876006 ], [ 2540639.446413543075323, 1152287.149771419120952 ], [ 2540789.117999999783933, 1152273.107 ], [ 2540789.095000000204891, 1152270.583000000100583 ] ], [ [ 2540789.095000000204891, 1152270.583000000100583 ], [ 2540789.082, 1152269.049000000115484 ], [ 2540790.562, 1152233.120000000111759 ], [ 2540792.600999999791384, 1152194.78 ], [ 2540792.93099999986589, 1152184.02 ], [ 2540793.341, 1152170.702 ] ], [ [ 2540792.420986079145223, 1152168.409989196108654 ], [ 2540756.66079235682264, 1152162.482179177459329 ], [ 2540697.052527325693518, 1152166.000957206822932 ], [ 2540660.90944681270048, 1152163.845656157005578 ], [ 2540627.61106140492484, 1152152.032696940936148 ], [ 2540520.542966201901436, 1152092.17244626255706 ], [ 2540424.088291038293391, 1152065.075652479194105 ], [ 2540366.319399240426719, 1152052.983217598171905 ], [ 2540333.198591283988208, 1152048.601697285426781 ], [ 2540333.072843241039664, 1152035.937458441359922 ], [ 2540336.372482937760651, 1152029.833626507548615 ], [ 2540347.211167561355978, 1152021.561469767475501 ], [ 2540375.196802038699389, 1152005.791979316389188 ], [ 2540403.573510169051588, 1151987.087820397224277 ], [ 2540548.547132529318333, 1151950.899793816264719 ], [ 2540601.005123623181134, 1151946.194033870240673 ], [ 2540662.974267824552953, 1151926.321574416011572 ], [ 2540633.620000000111759, 1151883.327 ], [ 2540625.228000000119209, 1151871.75 ], [ 2540616.111, 1151859.74 ], [ 2540610.034, 1151852.65 ], [ 2540602.654, 1151845.27 ], [ 2540590.21, 1151834.708000000100583 ], [ 2540583.552999999839813, 1151829.643 ], [ 2540573.279, 1151823.566000000108033 ], [ 2540551.140999999828637, 1151811.121 ], [ 2540537.395, 1151803.308 ], [ 2540531.608, 1151797.808999999891967 ], [ 2540519.307, 1151781.893 ], [ 2540515.111, 1151775.091 ], [ 2540511.782999999821186, 1151768.725 ], [ 2540509.571, 1151761.700999999884516 ], [ 2540507.063999999780208, 1151752.173 ], [ 2540505.225, 1151741.139 ], [ 2540503.720000000204891, 1151728.267 ], [ 2540503.35, 1151720.492 ], [ 2540502.883, 1151710.714 ], [ 2540503.552000000141561, 1151693.83 ], [ 2540505.390999999828637, 1151677.781999999890104 ], [ 2540508.734999999869615, 1151662.403 ], [ 2540514.085, 1151645.351 ], [ 2540520.103000000119209, 1151630.305 ], [ 2540530.133, 1151612.416999999899417 ], [ 2540534.312, 1151605.898 ], [ 2540540.984999999869615, 1151592.098 ], [ 2540542.992, 1151587.752 ], [ 2540544.830999999772757, 1151582.236 ], [ 2540546.33600000012666, 1151574.379 ], [ 2540546.669000000227243, 1151563.179 ], [ 2540545.498999999836087, 1151550.975 ], [ 2540542.824, 1151537.268 ], [ 2540539.313999999780208, 1151526.401 ], [ 2540534.467000000178814, 1151515.200999999884516 ], [ 2540527.779, 1151504.669 ], [ 2540517.413000000175089, 1151492.467 ], [ 2540510.469, 1151485.57 ], [ 2540493.341, 1151468.558999999891967 ], [ 2540481.973000000230968, 1151459.367 ], [ 2540473.949, 1151454.352 ], [ 2540462.75, 1151448.333000000100583 ], [ 2540448.802000000141561, 1151442.652 ], [ 2540433.997, 1151436.296 ], [ 2540427.643999999854714, 1151432.618 ], [ 2540424.430000000167638, 1151430.323 ], [ 2540420.623000000137836, 1151427.602999999886379 ], [ 2540412.599, 1151420.583000000100583 ], [ 2540401.231000000145286, 1151407.041 ], [ 2540390.312, 1151392.074 ] ], [ [ 2543282.700000000186265, 1152208.399 ], [ 2543277.200000000186265, 1152208.567 ] ], [ [ 2540086.461999999824911, 1151531.31 ], [ 2540100.707, 1151532.161 ], [ 2540113.992, 1151532.268 ], [ 2540130.785999999847263, 1151531.416999999899417 ], [ 2540147.793, 1151529.291 ], [ 2540182.123999999836087, 1151522.807 ], [ 2540193.815, 1151520.257 ], [ 2540205.626000000163913, 1151516.695 ], [ 2540216.909, 1151512.718000000109896 ], [ 2540226.404999999795109, 1151508.497 ], [ 2540236.957, 1151503.045 ], [ 2540248.213, 1151495.659 ], [ 2540373.253, 1151404.737999999895692 ], [ 2540390.312, 1151392.074 ] ], [ [ 2539806.35, 1150871.687 ], [ 2539838.832, 1150875.298 ], [ 2539850.403, 1150876.583000000100583 ], [ 2539914.338, 1150883.955 ], [ 2539943.711999999824911, 1150887.034 ], [ 2539985.353000000119209, 1150891.398 ], [ 2540017.87900000018999, 1150895.422 ], [ 2540045.159, 1150898.689 ], [ 2540047.345000000204891, 1150898.950999999884516 ], [ 2540106.120000000111759, 1150904.831 ], [ 2540145.881, 1150908.807 ], [ 2540165.072000000160187, 1150909.843000000109896 ], [ 2540182.01299999980256, 1150909.497 ], [ 2540197.225999999791384, 1150908.46 ], [ 2540218.66399999987334, 1150904.656 ], [ 2540277.615000000223517, 1150894.284 ], [ 2540302.509999999776483, 1150890.999 ], [ 2540319.279, 1150890.481 ], [ 2540328.614, 1150890.653 ], [ 2540330.514, 1150857.929 ], [ 2540332.384, 1150835.651 ], [ 2540334.097, 1150827.862999999895692 ], [ 2540337.83600000012666, 1150822.565 ], [ 2540344.068, 1150819.762000000104308 ], [ 2540354.504999999888241, 1150818.047 ], [ 2540375.947999999858439, 1150816.398 ], [ 2540379.898, 1150811.037 ], [ 2540380.208000000100583, 1150806.364 ], [ 2540379.119, 1150802.781999999890104 ], [ 2540375.224, 1150799.043 ], [ 2540368.524000000208616, 1150798.263 ], [ 2540363.54, 1150799.355 ], [ 2540356.711999999824911, 1150805.304 ], [ 2540352.634999999776483, 1150808.856 ], [ 2540344.068, 1150819.762000000104308 ] ] ] } }
]
}
